entry_datetime,exit_datetime,direction,entry_price,exit_price,stop_loss,take_profit,lot_size,pnl_usd,pnl_points,r_multiple,exit_reason,duration_minutes,mfe_usd,mae_usd
2021-09-08 10:20:00+00:00,2021-09-08 11:02:00+00:00,SELL,1797.485,1799.087,1799.087,1794.2809999999997,0.5,-95.1,-1.902,-1.0,SL,215.0,38.05,-78.5
2021-09-09 09:35:00+00:00,2021-09-09 11:23:00+00:00,BUY,1793.938,1797.7600000000002,1792.027,1797.7600000000002,0.42,147.92,3.522,2.0,TP,545.0,165.73,0.0
2021-09-10 10:00:00+00:00,2021-09-10 10:05:00+00:00,SELL,1799.838,1795.026,1802.244,1795.026,0.33,148.9,4.512,2.0,TP,30.0,175.23,0.0
2021-09-13 09:35:00+00:00,2021-09-13 10:08:00+00:00,SELL,1789.098,1790.418,1790.418,1786.458,0.61,-98.82,-1.62,-1.0,SL,170.0,75.03,-63.38
2021-09-14 09:37:00+00:00,2021-09-14 11:29:00+00:00,SELL,1788.034,1787.734,1790.668,1782.7660000000005,0.3,0.0,0.0,0.114,TIME,565.0,82.5,-17.52
2021-09-15 09:20:00+00:00,2021-09-15 09:45:00+00:00,SELL,1801.385,1802.628,1802.628,1798.8990000000001,0.64,-98.75,-1.543,-1.0,SL,130.0,41.02,-65.47
2021-09-16 09:35:00+00:00,2021-09-16 09:40:00+00:00,SELL,1785.258,1782.86,1786.457,1782.86,0.67,140.57,2.098,2.0,TP,30.0,207.7,0.0
2021-09-17 08:30:00+00:00,2021-09-17 08:38:00+00:00,BUY,1762.324,1764.8160000000003,1761.078,1764.8160000000003,0.64,140.29,2.192,2.0,TP,45.0,169.86,-25.6
2021-09-20 08:45:00+00:00,2021-09-20 09:01:00+00:00,BUY,1754.734,1758.174,1753.014,1758.174,0.47,147.58,3.14,2.0,TP,85.0,165.11,0.0
2021-09-21 09:35:00+00:00,2021-09-21 09:48:00+00:00,BUY,1761.728,1766.788,1759.198,1766.788,0.32,152.32,4.76,2.0,TP,70.0,165.12,0.0
2021-09-22 10:45:00+00:00,2021-09-22 11:29:00+00:00,SELL,1774.704,1773.348,1777.898,1768.316,0.25,26.4,1.056,0.425,TIME,225.0,57.9,-15.58
2021-09-23 09:20:00+00:00,2021-09-23 09:20:00+00:00,BUY,1767.307,1770.907,1765.507,1770.907,0.44,145.2,3.3,2.0,TP,5.0,222.2,0.0
2021-09-24 08:15:00+00:00,2021-09-24 11:16:00+00:00,BUY,1755.837,1753.248,1753.248,1761.0149999999999,0.31,-89.56,-2.889,-1.0,SL,910.0,53.32,-101.34
2021-09-27 09:35:00+00:00,2021-09-27 09:35:00+00:00,SELL,1753.448,1750.2480000000003,1755.048,1750.2480000000003,0.5,145.0,2.9,2.0,TP,5.0,183.7,0.0
2021-09-28 09:35:00+00:00,2021-09-28 11:07:00+00:00,SELL,1740.388,1732.116,1744.524,1732.116,0.19,151.47,7.972,2.0,TP,465.0,165.11,-3.04
2021-09-29 08:24:00+00:00,2021-09-29 11:29:00+00:00,BUY,1741.058,1741.255,1738.478,1746.2179999999998,0.31,-3.19,-0.103,0.076,TIME,930.0,135.16,-44.02
2021-09-30 09:10:00+00:00,2021-09-30 10:31:00+00:00,SELL,1731.398,1726.2579999999996,1733.968,1726.2579999999996,0.31,150.04,4.84,2.0,TP,410.0,171.74,-10.23
2021-10-04 08:30:00+00:00,2021-10-04 11:03:00+00:00,SELL,1753.055,1748.4490000000003,1755.358,1748.4490000000003,0.35,150.71,4.306,2.0,TP,770.0,176.58,0.0
2021-10-05 10:35:00+00:00,2021-10-05 10:35:00+00:00,SELL,1758.708,1756.0280000000002,1760.048,1756.0280000000002,0.6,142.8,2.38,2.0,TP,5.0,180.18,0.0
2021-10-06 10:30:00+00:00,2021-10-06 11:23:00+00:00,BUY,1749.128,1755.588,1745.898,1755.588,0.25,154.0,6.16,2.0,TP,270.0,176.5,-16.33
2021-10-08 09:05:00+00:00,2021-10-08 09:40:00+00:00,BUY,1756.328,1758.694,1755.145,1758.694,0.68,140.49,2.066,2.0,TP,180.0,167.28,-3.4
2021-10-11 11:05:00+00:00,2021-10-11 11:29:00+00:00,SELL,1755.888,1754.398,1757.083,1753.4979999999996,0.67,79.73,1.19,1.247,TIME,125.0,166.16,0.0
2021-10-12 09:30:00+00:00,2021-10-12 10:39:00+00:00,BUY,1758.168,1761.3879999999997,1756.558,1761.3879999999997,0.5,146.0,2.92,2.0,TP,350.0,169.5,0.0
2021-10-13 10:10:00+00:00,2021-10-13 11:29:00+00:00,BUY,1767.808,1771.768,1764.905,1773.614,0.28,102.48,3.66,1.364,TIME,400.0,155.4,0.0
2021-10-14 10:05:00+00:00,2021-10-14 11:04:00+00:00,BUY,1795.828,1800.156,1793.664,1800.156,0.37,149.04,4.028,2.0,TP,300.0,161.32,0.0
2021-10-15 09:10:00+00:00,2021-10-15 09:39:00+00:00,SELL,1786.608,1781.128,1789.348,1781.128,0.29,150.22,5.18,2.0,TP,150.0,171.22,0.0
2021-10-18 08:25:00+00:00,2021-10-18 11:29:00+00:00,SELL,1764.044,1763.398,1766.808,1758.5160000000003,0.29,10.03,0.346,0.234,TIME,925.0,111.94,-43.5
2021-10-19 09:10:00+00:00,2021-10-19 10:43:00+00:00,SELL,1780.824,1777.6240000000003,1782.424,1777.6240000000003,0.5,145.0,2.9,2.0,TP,470.0,180.0,-27.5
2021-10-20 11:00:00+00:00,2021-10-20 11:00:00+00:00,BUY,1777.634,1780.094,1776.404,1780.094,0.65,140.4,2.16,2.0,TP,5.0,180.96,0.0
2021-10-21 10:25:00+00:00,2021-10-21 10:25:00+00:00,BUY,1783.188,1785.996,1781.784,1785.996,0.57,142.96,2.508,2.0,TP,5.0,185.59,0.0
2021-10-22 09:10:00+00:00,2021-10-22 11:21:00+00:00,SELL,1792.594,1794.618,1794.618,1788.5460000000003,0.4,-92.96,-2.324,-1.0,SL,660.0,66.4,-95.36
2021-10-25 08:25:00+00:00,2021-10-25 09:37:00+00:00,BUY,1800.794,1798.504,1798.504,1805.3740000000005,0.35,-90.65,-2.59,-1.0,SL,365.0,97.09,-80.5
2021-10-26 11:15:00+00:00,2021-10-26 11:29:00+00:00,BUY,1802.018,1803.518,1799.832,1806.3899999999999,0.37,44.4,1.2,0.686,TIME,75.0,74.96,0.0
2021-10-27 08:35:00+00:00,2021-10-27 09:10:00+00:00,SELL,1786.118,1788.148,1788.148,1782.058,0.39,-90.87,-2.33,-1.0,SL,180.0,80.73,-68.25
2021-10-28 08:55:00+00:00,2021-10-28 09:47:00+00:00,SELL,1801.188,1797.6680000000001,1802.948,1797.6680000000001,0.45,144.9,3.22,2.0,TP,265.0,199.8,-0.9
2021-10-29 08:30:00+00:00,2021-10-29 09:29:00+00:00,SELL,1794.394,1796.244,1796.244,1790.6940000000002,0.43,-92.45,-2.15,-1.0,SL,300.0,154.63,-67.68
2021-11-01 11:10:00+00:00,2021-11-01 11:29:00+00:00,BUY,1783.628,1783.208,1781.348,1788.1879999999999,0.35,-25.2,-0.72,-0.184,TIME,100.0,73.36,-40.04
2021-11-02 08:48:00+00:00,2021-11-02 11:17:00+00:00,BUY,1794.458,1791.218,1791.218,1800.938,0.25,-88.5,-3.54,-1.0,SL,750.0,26.0,-91.85
2021-11-03 09:40:00+00:00,2021-11-03 10:12:00+00:00,BUY,1782.308,1780.918,1780.918,1785.0880000000002,0.58,-98.02,-1.69,-1.0,SL,165.0,42.92,-110.78
2021-11-04 08:25:00+00:00,2021-11-04 11:08:00+00:00,BUY,1774.724,1779.8439999999998,1772.164,1779.8439999999998,0.31,149.42,4.82,2.0,TP,820.0,164.3,-32.55
2021-11-05 08:16:00+00:00,2021-11-05 09:21:00+00:00,BUY,1797.058,1794.794,1794.794,1801.5859999999998,0.35,-89.74,-2.564,-1.0,SL,330.0,103.81,-87.15
2021-11-08 09:00:00+00:00,2021-11-08 10:02:00+00:00,SELL,1815.618,1818.033,1818.033,1810.788,0.33,-89.59,-2.715,-1.0,SL,315.0,96.36,-88.44
2021-11-09 08:15:00+00:00,2021-11-09 11:29:00+00:00,BUY,1823.018,1825.838,1819.978,1829.098,0.26,65.52,2.52,0.928,TIME,975.0,95.29,-12.48
2021-11-10 10:20:00+00:00,2021-11-10 11:23:00+00:00,BUY,1825.938,1822.963,1822.963,1831.8880000000004,0.27,-88.43,-3.275,-1.0,SL,320.0,10.93,-81.0
2021-11-11 09:00:00+00:00,2021-11-11 11:29:00+00:00,BUY,1858.108,1862.118,1855.288,1863.7479999999998,0.28,103.88,3.71,1.422,TIME,750.0,143.36,0.0
2021-11-12 08:20:00+00:00,2021-11-12 10:35:00+00:00,SELL,1855.258,1848.586,1858.594,1848.586,0.24,152.93,6.372,2.0,TP,680.0,190.56,-19.44
2021-11-15 08:25:00+00:00,2021-11-15 08:43:00+00:00,BUY,1862.178,1860.328,1860.328,1865.8780000000004,0.43,-92.45,-2.15,-1.0,SL,95.0,54.18,-108.79
2021-11-16 08:20:00+00:00,2021-11-16 08:52:00+00:00,BUY,1865.678,1869.5060000000005,1863.764,1869.5060000000005,0.42,148.18,3.528,2.0,TP,165.0,183.54,-54.6
2021-11-17 10:05:00+00:00,2021-11-17 11:29:00+00:00,BUY,1857.778,1860.958,1855.714,1861.9060000000002,0.39,112.32,2.88,1.541,TIME,425.0,138.45,0.0
2021-11-18 08:35:00+00:00,2021-11-18 10:25:00+00:00,SELL,1866.938,1861.5380000000005,1869.638,1861.5380000000005,0.3,153.0,5.1,2.0,TP,555.0,180.0,0.0
2021-11-19 08:15:00+00:00,2021-11-19 08:21:00+00:00,BUY,1859.068,1857.198,1857.198,1862.8079999999998,0.43,-93.31,-2.17,-1.0,SL,35.0,8.17,-89.01
2021-11-22 10:45:00+00:00,2021-11-22 11:29:00+00:00,SELL,1842.628,1838.578,1846.378,1835.128,0.21,78.75,3.75,1.08,TIME,225.0,114.03,0.0
2021-11-23 08:30:00+00:00,2021-11-23 09:29:00+00:00,SELL,1805.018,1798.4180000000001,1808.318,1798.4180000000001,0.24,151.2,6.3,2.0,TP,300.0,166.66,-15.6
2021-11-24 09:55:00+00:00,2021-11-24 11:05:00+00:00,SELL,1792.278,1787.9379999999999,1794.448,1787.9379999999999,0.37,149.48,4.04,2.0,TP,355.0,173.16,-27.38
2021-11-25 08:20:00+00:00,2021-11-25 09:07:00+00:00,BUY,1793.675,1793.015,1793.015,1794.9949999999997,1.21,-116.16,-0.96,-1.0,SL,240.0,156.45,-110.35
2021-11-26 08:20:00+00:00,2021-11-26 08:25:00+00:00,BUY,1808.205,1806.208,1806.208,1812.1989999999996,0.4,-91.88,-2.297,-1.0,SL,30.0,26.12,-103.2
2021-11-30 10:35:00+00:00,2021-11-30 11:29:00+00:00,BUY,1794.769,1794.058,1791.469,1801.369,0.24,-24.26,-1.011,-0.215,TIME,275.0,69.1,-20.02
2021-12-01 10:35:00+00:00,2021-12-01 11:29:00+00:00,BUY,1785.008,1786.288,1779.498,1796.028,0.15,14.7,0.98,0.232,TIME,275.0,38.25,-15.71
2021-12-02 08:30:00+00:00,2021-12-02 11:00:00+00:00,SELL,1772.528,1776.428,1776.428,1764.7279999999998,0.21,-88.2,-4.2,-1.0,SL,755.0,59.85,-98.07
2021-12-03 10:14:00+00:00,2021-12-03 11:29:00+00:00,BUY,1770.748,1772.275,1767.498,1777.248,0.25,30.68,1.227,0.47,TIME,380.0,65.5,-18.0
2021-12-06 08:45:00+00:00,2021-12-06 09:46:00+00:00,SELL,1781.238,1778.0980000000002,1782.808,1778.0980000000002,0.51,144.84,2.84,2.0,TP,310.0,182.58,-55.08
2021-12-07 09:02:00+00:00,2021-12-07 11:29:00+00:00,SELL,1780.945,1781.858,1783.138,1776.559,0.36,-43.67,-1.213,-0.416,TIME,740.0,131.29,-42.23
2021-12-08 08:20:00+00:00,2021-12-08 09:33:00+00:00,SELL,1787.898,1790.098,1790.098,1783.4979999999998,0.36,-90.0,-2.5,-1.0,SL,370.0,79.2,-70.92
2021-12-09 10:35:00+00:00,2021-12-09 11:29:00+00:00,SELL,1785.298,1782.525,1787.505,1780.8839999999998,0.36,89.03,2.473,1.256,TIME,275.0,112.32,0.0
2021-12-10 08:20:00+00:00,2021-12-10 08:35:00+00:00,SELL,1771.965,1773.245,1773.245,1769.405,0.63,-99.54,-1.58,-1.0,SL,80.0,94.5,-69.49
2021-12-13 10:35:00+00:00,2021-12-13 10:50:00+00:00,SELL,1785.315,1786.885,1786.885,1782.1750000000002,0.51,-95.37,-1.87,-1.0,SL,80.0,48.96,-79.56
2021-12-14 08:30:00+00:00,2021-12-14 08:42:00+00:00,SELL,1782.708,1784.538,1784.538,1779.0480000000002,0.44,-93.72,-2.13,-1.0,SL,65.0,26.4,-67.76
2021-12-16 10:35:00+00:00,2021-12-16 11:29:00+00:00,BUY,1786.188,1787.408,1784.435,1789.6940000000004,0.46,42.32,0.92,0.696,TIME,275.0,94.76,-19.46
2021-12-17 09:40:00+00:00,2021-12-17 11:25:00+00:00,SELL,1807.798,1809.865,1809.865,1803.664,0.39,-92.31,-2.367,-1.0,SL,530.0,78.12,-77.49
2021-12-20 08:40:00+00:00,2021-12-20 09:01:00+00:00,BUY,1799.235,1801.8549999999998,1797.925,1801.8549999999998,0.61,141.52,2.32,2.0,TP,110.0,165.49,-26.05
2021-12-21 10:15:00+00:00,2021-12-21 11:29:00+00:00,BUY,1795.388,1796.948,1792.238,1801.6879999999996,0.25,31.5,1.26,0.495,TIME,375.0,57.5,-0.75
2021-12-22 09:00:00+00:00,2021-12-22 10:23:00+00:00,SELL,1786.739,1789.668,1789.668,1780.8810000000003,0.27,-87.18,-3.229,-1.0,SL,420.0,2.73,-77.65
2021-12-23 08:15:00+00:00,2021-12-23 10:28:00+00:00,BUY,1807.588,1805.695,1805.695,1811.374,0.42,-92.11,-2.193,-1.0,SL,670.0,13.9,-85.39
2021-12-27 09:50:00+00:00,2021-12-27 09:50:00+00:00,SELL,1808.088,1805.8479999999997,1809.208,1805.8479999999997,0.71,137.74,1.94,2.0,TP,5.0,187.01,0.0
2021-12-28 10:40:00+00:00,2021-12-28 11:00:00+00:00,BUY,1814.898,1817.8059999999998,1813.444,1817.8059999999998,0.55,143.44,2.608,2.0,TP,105.0,165.88,0.0
2021-12-29 10:20:00+00:00,2021-12-29 10:51:00+00:00,SELL,1802.145,1796.085,1805.175,1796.085,0.26,149.76,5.76,2.0,TP,160.0,169.26,0.0
2021-12-30 09:25:00+00:00,2021-12-30 11:23:00+00:00,BUY,1799.548,1802.588,1798.028,1802.588,0.53,145.22,2.74,2.0,TP,595.0,174.37,-27.56
2021-12-31 08:25:00+00:00,2021-12-31 11:29:00+00:00,BUY,1817.298,1818.778,1814.968,1821.9579999999999,0.34,40.12,1.18,0.635,TIME,925.0,98.46,-0.34
2022-01-03 09:15:00+00:00,2022-01-03 11:29:00+00:00,BUY,1824.238,1824.104,1822.638,1827.4380000000003,0.5,-21.7,-0.434,-0.084,TIME,675.0,158.8,-12.5
2022-01-04 08:28:00+00:00,2022-01-04 08:46:00+00:00,BUY,1806.368,1804.078,1804.078,1810.9479999999999,0.35,-90.65,-2.59,-1.0,SL,95.0,12.49,-85.05
2022-01-05 08:25:00+00:00,2022-01-05 11:29:00+00:00,BUY,1816.034,1820.384,1813.218,1821.6660000000002,0.28,113.4,4.05,1.545,TIME,925.0,129.08,-4.48
2022-01-06 08:30:00+00:00,2022-01-06 08:54:00+00:00,SELL,1799.978,1796.0660000000003,1801.934,1796.0660000000003,0.41,148.09,3.612,2.0,TP,125.0,180.81,0.0
2022-01-07 09:45:00+00:00,2022-01-07 11:29:00+00:00,BUY,1790.098,1790.848,1787.688,1794.9179999999997,0.33,14.85,0.45,0.311,TIME,525.0,123.09,-16.83
2022-01-10 08:30:00+00:00,2022-01-10 09:00:00+00:00,BUY,1793.708,1796.5460000000003,1792.289,1796.5460000000003,0.56,142.13,2.538,2.0,TP,155.0,173.6,-56.17
2022-01-11 09:40:00+00:00,2022-01-11 11:29:00+00:00,SELL,1808.099,1805.498,1809.948,1804.4009999999996,0.43,98.94,2.301,1.407,TIME,550.0,164.0,-1.33
2022-01-13 08:25:00+00:00,2022-01-13 09:02:00+00:00,SELL,1825.088,1820.3279999999997,1827.468,1820.3279999999997,0.34,151.64,4.46,2.0,TP,190.0,201.62,-7.48
2022-01-14 08:29:00+00:00,2022-01-14 09:28:00+00:00,SELL,1826.428,1821.9480000000005,1828.668,1821.9480000000005,0.36,150.48,4.18,2.0,TP,300.0,177.62,-25.92
2022-01-17 08:17:00+00:00,2022-01-17 09:31:00+00:00,BUY,1822.458,1820.958,1820.958,1825.458,0.53,-95.4,-1.8,-1.0,SL,375.0,33.39,-84.06
2022-01-20 10:35:00+00:00,2022-01-20 11:29:00+00:00,SELL,1838.348,1837.208,1841.508,1832.0279999999998,0.25,21.0,0.84,0.361,TIME,275.0,43.5,0.0
2022-01-21 08:20:00+00:00,2022-01-21 08:52:00+00:00,SELL,1836.548,1831.7679999999998,1838.938,1831.7679999999998,0.33,147.84,4.48,2.0,TP,165.0,177.87,0.0
2022-01-24 09:15:00+00:00,2022-01-24 10:35:00+00:00,BUY,1841.248,1837.578,1837.578,1848.5880000000002,0.22,-87.34,-3.97,-1.0,SL,405.0,53.37,-83.16
2022-01-25 08:25:00+00:00,2022-01-25 08:28:00+00:00,BUY,1841.318,1840.278,1840.278,1843.398,0.77,-103.18,-1.34,-1.0,SL,20.0,55.9,-136.29
2022-01-26 08:20:00+00:00,2022-01-26 08:45:00+00:00,BUY,1845.318,1843.838,1843.838,1848.278,0.54,-96.12,-1.78,-1.0,SL,130.0,42.66,-79.92
2022-01-27 08:28:00+00:00,2022-01-27 10:08:00+00:00,BUY,1811.958,1816.6180000000004,1809.628,1816.6180000000004,0.34,148.24,4.36,2.0,TP,505.0,163.74,-39.78
2022-01-28 08:30:00+00:00,2022-01-28 10:38:00+00:00,SELL,1793.558,1788.8980000000001,1795.888,1788.8980000000001,0.34,148.24,4.36,2.0,TP,645.0,172.72,-16.69
2022-01-31 08:25:00+00:00,2022-01-31 11:29:00+00:00,BUY,1789.578,1791.398,1786.938,1794.8579999999997,0.3,45.6,1.52,0.689,TIME,925.0,83.91,-38.4
2022-02-01 10:40:00+00:00,2022-02-01 10:40:00+00:00,BUY,1803.978,1807.1780000000003,1802.378,1807.1780000000003,0.5,145.0,2.9,2.0,TP,5.0,170.5,0.0
2022-02-02 08:20:00+00:00,2022-02-02 09:20:00+00:00,BUY,1797.618,1800.3379999999997,1796.258,1800.3379999999997,0.59,142.78,2.42,2.0,TP,305.0,172.1,0.0
2022-02-04 10:00:00+00:00,2022-02-04 10:13:00+00:00,BUY,1808.438,1813.1180000000004,1806.098,1813.1180000000004,0.34,148.92,4.38,2.0,TP,70.0,163.54,0.0
2022-02-08 08:30:00+00:00,2022-02-08 11:29:00+00:00,BUY,1819.024,1817.498,1817.048,1822.9759999999997,0.4,-73.04,-1.826,-0.772,TIME,900.0,77.36,-69.44
2022-02-09 11:15:00+00:00,2022-02-09 11:29:00+00:00,SELL,1826.268,1826.454,1828.118,1822.5680000000002,0.43,-20.9,-0.486,-0.101,TIME,75.0,16.34,-18.49
2022-02-10 08:35:00+00:00,2022-02-10 11:29:00+00:00,SELL,1832.168,1833.008,1834.748,1827.0079999999996,0.31,-35.34,-1.14,-0.326,TIME,875.0,58.59,-43.9
2022-02-11 10:40:00+00:00,2022-02-11 11:13:00+00:00,BUY,1827.498,1825.188,1825.188,1832.118,0.35,-91.35,-2.61,-1.0,SL,170.0,3.01,-82.04
2022-02-14 08:20:00+00:00,2022-02-14 11:29:00+00:00,BUY,1854.568,1855.918,1852.088,1859.528,0.32,33.6,1.05,0.544,TIME,950.0,123.52,-36.48
2022-02-15 08:25:00+00:00,2022-02-15 11:29:00+00:00,SELL,1868.554,1854.758,1877.098,1851.4660000000003,0.09,121.46,13.496,1.615,TIME,925.0,145.67,-14.26
2022-02-16 08:18:00+00:00,2022-02-16 10:28:00+00:00,BUY,1856.968,1854.918,1854.918,1861.0680000000004,0.39,-91.65,-2.35,-1.0,SL,655.0,99.84,-88.14
2022-02-17 08:30:00+00:00,2022-02-17 08:30:00+00:00,BUY,1876.848,1880.112,1875.216,1880.112,0.49,145.24,2.964,2.0,TP,5.0,399.35,0.0
2022-02-18 10:25:00+00:00,2022-02-18 11:29:00+00:00,SELL,1891.558,1888.708,1895.618,1883.438,0.2,51.0,2.55,0.702,TIME,325.0,101.6,0.0
2022-02-21 08:40:00+00:00,2022-02-21 11:29:00+00:00,BUY,1894.221,1896.838,1891.168,1900.3270000000002,0.26,60.24,2.317,0.857,TIME,850.0,104.7,0.0
2022-02-22 08:20:00+00:00,2022-02-22 08:58:00+00:00,SELL,1907.038,1897.9279999999999,1911.593,1897.9279999999999,0.18,158.58,8.81,2.0,TP,195.0,169.38,-17.1
2022-02-23 08:35:00+00:00,2022-02-23 08:44:00+00:00,BUY,1896.843,1894.538,1894.538,1901.4530000000002,0.35,-91.18,-2.605,-1.0,SL,50.0,4.38,-92.57
2022-02-24 10:00:00+00:00,2022-02-24 10:00:00+00:00,BUY,1945.298,1953.5379999999998,1941.178,1953.5379999999998,0.19,150.86,7.94,2.0,TP,5.0,165.58,0.0
2022-02-25 08:20:00+00:00,2022-02-25 08:37:00+00:00,SELL,1911.108,1915.448,1915.448,1902.4279999999997,0.18,-83.52,-4.64,-1.0,SL,90.0,13.68,-77.22
2022-02-28 10:55:00+00:00,2022-02-28 10:55:00+00:00,BUY,1898.65,1906.5140000000001,1894.718,1906.5140000000001,0.2,151.28,7.564,2.0,TP,5.0,204.82,0.0
2022-03-01 08:15:00+00:00,2022-03-01 10:30:00+00:00,BUY,1911.926,1921.6019999999999,1907.088,1921.6019999999999,0.17,159.39,9.376,2.0,TP,680.0,165.95,-15.1
2022-03-02 09:35:00+00:00,2022-03-02 10:25:00+00:00,SELL,1940.098,1931.002,1944.646,1931.002,0.18,158.33,8.796,2.0,TP,255.0,171.18,0.0
2022-03-03 09:05:00+00:00,2022-03-03 10:30:00+00:00,SELL,1929.098,1934.515,1934.515,1918.2639999999997,0.15,-85.76,-5.717,-1.0,SL,430.0,83.01,-94.88
2022-03-04 08:18:00+00:00,2022-03-04 08:37:00+00:00,SELL,1934.198,1937.948,1937.948,1926.698,0.21,-85.05,-4.05,-1.0,SL,100.0,5.88,-74.84
2022-03-07 08:15:00+00:00,2022-03-07 11:29:00+00:00,BUY,1994.208,1994.808,1989.108,2004.4080000000004,0.16,4.8,0.3,0.118,TIME,975.0,132.96,-21.12
2022-03-08 08:15:00+00:00,2022-03-08 11:29:00+00:00,SELL,2011.14,2005.728,2019.968,1993.4840000000002,0.09,46.01,5.112,0.613,TIME,975.0,106.85,-9.15
2022-03-09 09:05:00+00:00,2022-03-09 09:05:00+00:00,SELL,2043.068,2034.264,2047.47,2034.264,0.18,153.07,8.504,2.0,TP,5.0,223.92,0.0
2022-03-10 09:55:00+00:00,2022-03-10 11:06:00+00:00,BUY,1983.982,2002.4699999999998,1974.738,2002.4699999999998,0.09,163.69,18.188,2.0,TP,360.0,167.72,-14.53
2022-03-11 08:40:00+00:00,2022-03-11 11:23:00+00:00,BUY,1991.448,1987.932,1987.932,1998.4800000000002,0.23,-87.77,-3.816,-1.0,SL,820.0,78.06,-145.5
2022-03-14 10:00:00+00:00,2022-03-14 11:24:00+00:00,SELL,1967.668,1956.3199999999995,1973.342,1956.3199999999995,0.14,154.67,11.048,2.0,TP,425.0,181.26,0.0
2022-03-15 08:25:00+00:00,2022-03-15 10:56:00+00:00,BUY,1930.373,1926.309,1926.309,1938.5010000000002,0.2,-87.28,-4.364,-1.0,SL,760.0,97.12,-135.3
2022-03-16 08:20:00+00:00,2022-03-16 08:29:00+00:00,SELL,1914.328,1916.188,1916.188,1910.6079999999997,0.43,-92.88,-2.16,-1.0,SL,50.0,118.68,-68.8
2022-03-17 09:05:00+00:00,2022-03-17 09:22:00+00:00,BUY,1937.208,1934.838,1934.838,1941.9480000000003,0.34,-90.78,-2.67,-1.0,SL,90.0,85.34,-88.23
2022-03-18 08:15:00+00:00,2022-03-18 08:30:00+00:00,SELL,1932.433,1935.448,1935.448,1926.4029999999998,0.27,-89.51,-3.315,-1.0,SL,80.0,5.26,-78.03
2022-03-21 08:45:00+00:00,2022-03-21 09:19:00+00:00,BUY,1925.628,1923.498,1923.498,1929.8879999999997,0.38,-92.34,-2.43,-1.0,SL,175.0,60.99,-88.92
2022-03-22 08:45:00+00:00,2022-03-22 11:29:00+00:00,SELL,1925.79,1928.128,1933.338,1910.694,0.11,-29.02,-2.638,-0.31,TIME,825.0,34.55,-47.99
2022-03-23 08:30:00+00:00,2022-03-23 08:38:00+00:00,SELL,1920.285,1922.838,1922.838,1915.1790000000003,0.31,-88.44,-2.853,-1.0,SL,45.0,1.92,-75.11
2022-03-24 08:24:00+00:00,2022-03-24 10:22:00+00:00,SELL,1942.878,1945.809,1945.809,1937.0159999999998,0.27,-87.24,-3.231,-1.0,SL,595.0,137.05,-79.65
2022-03-25 08:20:00+00:00,2022-03-25 09:00:00+00:00,BUY,1957.068,1954.689,1954.689,1961.8259999999998,0.34,-91.09,-2.679,-1.0,SL,205.0,117.27,-89.76
2022-03-28 08:30:00+00:00,2022-03-28 08:38:00+00:00,SELL,1932.143,1928.0030000000002,1934.213,1928.0030000000002,0.39,149.76,3.84,2.0,TP,45.0,188.18,0.0
2022-03-29 08:30:00+00:00,2022-03-29 08:40:00+00:00,SELL,1917.664,1911.6159999999998,1920.688,1911.6159999999998,0.26,149.45,5.748,2.0,TP,55.0,198.8,0.0
2022-03-30 10:05:00+00:00,2022-03-30 11:19:00+00:00,SELL,1920.537,1923.903,1923.903,1913.805,0.24,-87.98,-3.666,-1.0,SL,375.0,33.79,-79.82
2022-03-31 08:20:00+00:00,2022-03-31 11:29:00+00:00,SELL,1928.928,1929.843,1932.608,1921.5680000000004,0.22,-26.73,-1.215,-0.249,TIME,950.0,144.32,-52.25
2022-04-01 09:05:00+00:00,2022-04-01 10:49:00+00:00,BUY,1932.738,1929.56,1929.56,1939.0940000000003,0.25,-86.95,-3.478,-1.0,SL,525.0,90.52,-80.25
2022-04-05 08:45:00+00:00,2022-04-05 11:29:00+00:00,BUY,1927.898,1928.638,1925.338,1933.0179999999998,0.31,13.64,0.44,0.289,TIME,825.0,136.71,-66.53
2022-04-06 09:10:00+00:00,2022-04-06 09:10:00+00:00,BUY,1923.158,1926.4379999999996,1921.518,1926.4379999999996,0.49,146.02,2.98,2.0,TP,5.0,272.93,0.0
2022-04-07 08:57:00+00:00,2022-04-07 11:08:00+00:00,BUY,1926.438,1924.812,1924.812,1929.6900000000005,0.49,-94.37,-1.926,-1.0,SL,660.0,109.76,-145.53
2022-04-08 11:10:00+00:00,2022-04-08 11:29:00+00:00,SELL,1930.252,1932.518,1933.228,1924.2999999999997,0.27,-69.28,-2.566,-0.761,TIME,100.0,3.78,-65.23
2022-04-11 08:25:00+00:00,2022-04-11 08:44:00+00:00,BUY,1949.022,1956.75,1945.158,1956.75,0.21,155.99,7.428,2.0,TP,100.0,176.95,0.0
2022-04-12 11:25:00+00:00,2022-04-12 11:29:00+00:00,BUY,1955.098,1954.808,1952.738,1959.8179999999998,0.34,-20.06,-0.59,-0.123,TIME,25.0,22.1,-56.1
2022-04-13 08:20:00+00:00,2022-04-13 09:46:00+00:00,BUY,1972.658,1978.1979999999999,1969.888,1978.1979999999999,0.29,151.96,5.24,2.0,TP,435.0,185.63,0.0
2022-04-14 09:05:00+00:00,2022-04-14 09:05:00+00:00,SELL,1973.918,1970.6179999999997,1975.568,1970.6179999999997,0.48,144.0,3.0,2.0,TP,5.0,242.74,0.0
2022-04-18 08:20:00+00:00,2022-04-18 08:57:00+00:00,SELL,1990.962,1993.028,1993.028,1986.83,0.39,-92.27,-2.366,-1.0,SL,190.0,44.62,-70.82
2022-04-19 09:20:00+00:00,2022-04-19 11:29:00+00:00,SELL,1977.408,1978.862,1980.422,1971.3799999999997,0.27,-47.36,-1.754,-0.482,TIME,650.0,75.38,-43.2
2022-04-20 09:45:00+00:00,2022-04-20 10:04:00+00:00,BUY,1943.852,1949.9400000000003,1940.808,1949.9400000000003,0.26,150.49,5.788,2.0,TP,100.0,170.72,0.0
2022-04-21 08:35:00+00:00,2022-04-21 11:29:00+00:00,SELL,1946.438,1943.622,1949.802,1939.7100000000005,0.24,60.38,2.516,0.837,TIME,875.0,167.83,-35.62
2022-04-22 08:25:00+00:00,2022-04-22 08:52:00+00:00,SELL,1949.208,1945.8280000000004,1950.898,1945.8280000000004,0.47,144.76,3.08,2.0,TP,140.0,206.33,0.0
2022-04-25 09:50:00+00:00,2022-04-25 10:15:00+00:00,BUY,1916.381,1914.143,1914.143,1920.8570000000002,0.36,-91.37,-2.538,-1.0,SL,130.0,60.55,-82.37
2022-04-26 10:10:00+00:00,2022-04-26 11:29:00+00:00,BUY,1902.063,1906.423,1896.028,1914.1330000000003,0.13,52.78,4.06,0.722,TIME,400.0,96.98,0.0
2022-04-27 11:15:00+00:00,2022-04-27 11:29:00+00:00,BUY,1897.898,1899.663,1886.468,1920.7579999999996,0.07,10.26,1.465,0.154,TIME,75.0,20.44,-2.83
2022-04-28 08:30:00+00:00,2022-04-28 08:41:00+00:00,SELL,1882.585,1886.178,1886.178,1875.399,0.22,-85.65,-3.893,-1.0,SL,60.0,43.27,-77.95
2022-05-02 08:45:00+00:00,2022-05-02 09:02:00+00:00,SELL,1883.325,1879.1790000000003,1885.398,1879.1790000000003,0.39,149.99,3.846,2.0,TP,90.0,258.06,0.0
2022-05-03 08:50:00+00:00,2022-05-03 09:22:00+00:00,SELL,1854.488,1856.548,1856.548,1850.3680000000002,0.39,-92.04,-2.36,-1.0,SL,165.0,74.88,-107.25
2022-05-04 09:35:00+00:00,2022-05-04 11:29:00+00:00,SELL,1869.808,1868.048,1872.008,1865.408,0.36,52.56,1.46,0.8,TIME,575.0,142.56,-66.89
2022-05-05 09:55:00+00:00,2022-05-05 11:29:00+00:00,BUY,1895.208,1895.573,1890.913,1903.7980000000002,0.19,1.24,0.065,0.085,TIME,475.0,94.24,-3.04
2022-05-06 08:35:00+00:00,2022-05-06 08:53:00+00:00,BUY,1875.698,1881.0780000000002,1873.008,1881.0780000000002,0.3,152.4,5.08,2.0,TP,95.0,166.5,0.0
2022-05-09 08:40:00+00:00,2022-05-09 10:24:00+00:00,SELL,1867.688,1859.4280000000003,1871.818,1859.4280000000003,0.19,151.24,7.96,2.0,TP,525.0,177.46,0.0
2022-05-10 08:50:00+00:00,2022-05-10 08:50:00+00:00,BUY,1859.963,1862.633,1858.628,1862.633,0.6,142.2,2.37,2.0,TP,5.0,231.6,0.0
2022-05-11 09:15:00+00:00,2022-05-11 11:29:00+00:00,BUY,1850.772,1852.688,1848.122,1856.0719999999997,0.3,48.48,1.616,0.723,TIME,675.0,105.0,-5.1
2022-05-12 09:05:00+00:00,2022-05-12 10:37:00+00:00,SELL,1848.866,1851.988,1851.988,1842.6219999999998,0.26,-88.97,-3.422,-1.0,SL,465.0,33.62,-80.37
2022-05-13 08:40:00+00:00,2022-05-13 10:32:00+00:00,SELL,1823.488,1817.468,1826.498,1817.468,0.27,154.44,5.72,2.0,TP,565.0,182.52,-27.97
2022-05-16 09:30:00+00:00,2022-05-16 11:29:00+00:00,BUY,1799.378,1802.264,1792.538,1813.0579999999998,0.12,31.03,2.586,0.422,TIME,600.0,93.86,-2.16
2022-05-17 08:45:00+00:00,2022-05-17 11:29:00+00:00,BUY,1826.73,1830.038,1823.578,1833.034,0.25,75.2,3.008,1.049,TIME,825.0,89.45,-19.18
2022-05-18 09:35:00+00:00,2022-05-18 11:14:00+00:00,BUY,1816.768,1814.773,1814.773,1820.7580000000003,0.4,-91.8,-2.295,-1.0,SL,500.0,143.0,-99.2
2022-05-19 08:45:00+00:00,2022-05-19 08:45:00+00:00,BUY,1813.798,1818.258,1811.568,1818.258,0.36,149.76,4.16,2.0,TP,5.0,248.04,0.0
2022-05-20 09:25:00+00:00,2022-05-20 11:27:00+00:00,BUY,1845.168,1843.068,1843.068,1849.3679999999997,0.38,-91.2,-2.4,-1.0,SL,615.0,95.95,-87.89
2022-05-23 08:20:00+00:00,2022-05-23 09:23:00+00:00,BUY,1858.378,1863.338,1855.898,1863.338,0.32,149.12,4.66,2.0,TP,320.0,173.44,-13.28
2022-05-24 11:05:00+00:00,2022-05-24 11:29:00+00:00,SELL,1858.688,1858.044,1860.598,1854.8680000000004,0.42,14.45,0.344,0.337,TIME,125.0,88.37,0.0
2022-05-25 08:20:00+00:00,2022-05-25 08:25:00+00:00,BUY,1858.503,1856.788,1856.788,1861.9329999999998,0.47,-94.7,-2.015,-1.0,SL,30.0,55.23,-81.31
2022-05-26 09:45:00+00:00,2022-05-26 11:29:00+00:00,SELL,1846.388,1842.668,1849.708,1839.7479999999996,0.24,82.08,3.42,1.12,TIME,525.0,134.16,-32.76
2022-05-27 08:53:00+00:00,2022-05-27 09:17:00+00:00,SELL,1857.633,1859.308,1859.308,1854.2830000000001,0.48,-94.8,-1.975,-1.0,SL,125.0,51.6,-76.46
2022-05-30 08:25:00+00:00,2022-05-30 08:38:00+00:00,SELL,1858.343,1859.746,1859.746,1855.537,0.57,-97.07,-1.703,-1.0,SL,70.0,117.99,-62.99
2022-05-31 08:50:00+00:00,2022-05-31 09:43:00+00:00,SELL,1854.248,1850.938,1855.903,1850.938,0.48,144.48,3.01,2.0,TP,270.0,181.44,0.0
2022-06-01 09:00:00+00:00,2022-06-01 11:29:00+00:00,SELL,1832.614,1830.807,1836.863,1824.116,0.19,28.63,1.507,0.425,TIME,750.0,80.86,-11.67
2022-06-02 10:25:00+00:00,2022-06-02 10:25:00+00:00,BUY,1852.378,1855.0179999999998,1851.058,1855.0179999999998,0.61,142.74,2.34,2.0,TP,5.0,255.59,0.0
2022-06-03 09:05:00+00:00,2022-06-03 10:05:00+00:00,SELL,1864.243,1865.973,1865.973,1860.783,0.46,-93.38,-2.03,-1.0,SL,305.0,47.61,-89.84
2022-06-06 10:20:00+00:00,2022-06-06 11:29:00+00:00,BUY,1852.648,1853.258,1850.898,1856.148,0.46,14.26,0.31,0.349,TIME,350.0,130.41,-42.78
2022-06-07 08:40:00+00:00,2022-06-07 11:29:00+00:00,BUY,1845.538,1848.955,1842.008,1852.598,0.23,71.69,3.117,0.968,TIME,850.0,144.9,0.0
2022-06-08 08:20:00+00:00,2022-06-08 10:03:00+00:00,SELL,1849.168,1850.418,1850.418,1846.668,0.64,-99.2,-1.55,-1.0,SL,520.0,165.44,-79.36
2022-06-09 09:40:00+00:00,2022-06-09 10:15:00+00:00,SELL,1849.308,1850.468,1850.468,1846.9879999999998,0.69,-100.74,-1.46,-1.0,SL,180.0,82.11,-60.72
2022-06-10 09:30:00+00:00,2022-06-10 10:00:00+00:00,SELL,1845.294,1842.2660000000003,1846.808,1842.2660000000003,0.53,144.58,2.728,2.0,TP,155.0,177.55,0.0
2022-06-13 09:55:00+00:00,2022-06-13 10:52:00+00:00,SELL,1855.863,1858.583,1858.583,1850.423,0.29,-87.58,-3.02,-1.0,SL,290.0,68.44,-72.27
2022-06-14 08:50:00+00:00,2022-06-14 10:14:00+00:00,SELL,1827.283,1821.7129999999997,1830.068,1821.7129999999997,0.29,152.83,5.27,2.0,TP,425.0,174.87,0.0
2022-06-15 10:40:00+00:00,2022-06-15 11:19:00+00:00,BUY,1821.702,1828.4219999999998,1818.342,1828.4219999999998,0.24,154.08,6.42,2.0,TP,200.0,192.38,0.0
2022-06-16 09:15:00+00:00,2022-06-16 10:08:00+00:00,BUY,1830.828,1828.248,1828.248,1835.9879999999998,0.31,-89.28,-2.88,-1.0,SL,270.0,152.83,-107.88
2022-06-17 10:10:00+00:00,2022-06-17 11:29:00+00:00,SELL,1847.808,1845.758,1850.778,1841.868,0.27,47.25,1.75,0.69,TIME,400.0,91.85,-2.73
2022-06-20 10:05:00+00:00,2022-06-20 11:29:00+00:00,SELL,1838.808,1837.678,1840.498,1835.4279999999999,0.47,39.01,0.83,0.669,TIME,425.0,117.73,-38.78
2022-06-21 08:30:00+00:00,2022-06-21 09:48:00+00:00,SELL,1836.484,1838.378,1838.378,1832.696,0.42,-92.15,-2.194,-1.0,SL,395.0,98.53,-69.38
2022-06-22 09:30:00+00:00,2022-06-22 11:03:00+00:00,BUY,1826.723,1833.5929999999998,1823.288,1833.5929999999998,0.23,151.11,6.57,2.0,TP,470.0,181.12,-20.45
2022-06-23 09:35:00+00:00,2022-06-23 10:02:00+00:00,SELL,1835.148,1829.6179999999997,1837.913,1829.6179999999997,0.29,151.67,5.23,2.0,TP,140.0,196.04,0.0
2022-06-27 08:25:00+00:00,2022-06-27 08:30:00+00:00,BUY,1835.933,1838.993,1834.403,1838.993,0.52,143.52,2.76,2.0,TP,30.0,197.08,0.0
2022-06-28 09:00:00+00:00,2022-06-28 10:52:00+00:00,SELL,1826.398,1822.7579999999996,1828.218,1822.7579999999996,0.44,146.96,3.34,2.0,TP,565.0,183.92,-59.4
2022-06-29 09:35:00+00:00,2022-06-29 10:15:00+00:00,SELL,1815.828,1817.498,1817.498,1812.4879999999998,0.48,-94.56,-1.97,-1.0,SL,205.0,107.04,-75.12
2022-06-30 08:40:00+00:00,2022-06-30 08:45:00+00:00,SELL,1814.303,1815.613,1815.613,1811.6830000000002,0.61,-98.21,-1.61,-1.0,SL,30.0,112.24,-69.54
2022-07-01 09:04:00+00:00,2022-07-01 10:11:00+00:00,BUY,1795.01,1792.994,1792.994,1799.0420000000001,0.4,-92.64,-2.316,-1.0,SL,340.0,78.32,-90.88
2022-07-04 08:45:00+00:00,2022-07-04 09:29:00+00:00,SELL,1807.618,1808.704,1808.704,1805.446,0.74,-102.56,-1.386,-1.0,SL,225.0,91.32,-58.16
2022-07-05 11:05:00+00:00,2022-07-05 11:29:00+00:00,SELL,1802.218,1798.558,1805.938,1794.778,0.22,73.92,3.36,0.984,TIME,125.0,84.57,-9.81
2022-07-06 08:40:00+00:00,2022-07-06 11:29:00+00:00,SELL,1767.334,1761.268,1771.684,1758.6340000000002,0.18,103.79,5.766,1.394,TIME,850.0,133.2,-3.67
2022-07-07 08:55:00+00:00,2022-07-07 09:27:00+00:00,SELL,1741.824,1744.554,1744.554,1736.364,0.29,-87.87,-3.03,-1.0,SL,165.0,53.65,-76.1
2022-07-08 08:25:00+00:00,2022-07-08 10:44:00+00:00,SELL,1736.089,1743.248,1743.248,1721.7709999999997,0.11,-82.05,-7.459,-1.0,SL,700.0,15.19,-75.78
2022-07-11 09:32:00+00:00,2022-07-11 11:10:00+00:00,SELL,1736.378,1738.018,1738.018,1733.0979999999997,0.49,-95.06,-1.94,-1.0,SL,495.0,115.69,-78.69
2022-07-12 08:35:00+00:00,2022-07-12 08:38:00+00:00,BUY,1734.557,1738.843,1732.414,1738.843,0.37,147.48,3.986,2.0,TP,20.0,165.28,0.0
2022-07-13 09:15:00+00:00,2022-07-13 11:29:00+00:00,BUY,1727.759,1730.038,1725.678,1731.9209999999998,0.38,75.2,1.979,1.095,TIME,675.0,151.96,-31.35
2022-07-14 09:35:00+00:00,2022-07-14 09:35:00+00:00,SELL,1716.864,1713.056,1718.768,1713.056,0.42,147.34,3.508,2.0,TP,5.0,193.45,0.0
2022-07-15 10:40:00+00:00,2022-07-15 10:56:00+00:00,BUY,1703.708,1706.7880000000005,1702.168,1706.7880000000005,0.52,144.56,2.78,2.0,TP,85.0,167.96,0.0
2022-07-18 09:25:00+00:00,2022-07-18 09:30:00+00:00,BUY,1719.618,1722.1859999999997,1718.334,1722.1859999999997,0.62,140.62,2.268,2.0,TP,30.0,242.42,0.0
2022-07-19 11:10:00+00:00,2022-07-19 11:10:00+00:00,BUY,1712.178,1715.1580000000001,1710.688,1715.1580000000001,0.54,144.72,2.68,2.0,TP,5.0,271.78,0.0
2022-07-20 08:50:00+00:00,2022-07-20 09:30:00+00:00,BUY,1708.626,1711.742,1707.068,1711.742,0.51,143.62,2.816,2.0,TP,205.0,191.35,-52.43
2022-07-21 09:05:00+00:00,2022-07-21 09:05:00+00:00,SELL,1687.818,1684.4379999999999,1689.508,1684.4379999999999,0.47,144.76,3.08,2.0,TP,5.0,253.33,0.0
2022-07-22 09:30:00+00:00,2022-07-22 09:31:00+00:00,BUY,1718.908,1724.888,1715.918,1724.888,0.27,153.36,5.68,2.0,TP,10.0,169.29,0.0
2022-07-25 08:35:00+00:00,2022-07-25 09:18:00+00:00,BUY,1727.194,1731.114,1725.234,1731.114,0.41,148.42,3.62,2.0,TP,220.0,161.13,0.0
2022-07-26 09:25:00+00:00,2022-07-26 09:30:00+00:00,SELL,1723.714,1719.774,1725.684,1719.774,0.41,149.24,3.64,2.0,TP,30.0,187.62,0.0
2022-07-27 08:20:00+00:00,2022-07-27 11:29:00+00:00,BUY,1722.738,1721.824,1719.518,1729.178,0.25,-30.35,-1.214,-0.284,TIME,950.0,57.75,-74.75
2022-07-28 08:15:00+00:00,2022-07-28 09:51:00+00:00,BUY,1747.524,1743.205,1743.205,1756.1619999999998,0.19,-87.76,-4.619,-1.0,SL,485.0,17.56,-82.63
2022-07-29 09:20:00+00:00,2022-07-29 11:29:00+00:00,SELL,1761.884,1759.559,1766.369,1752.9140000000002,0.18,36.45,2.025,0.518,TIME,650.0,102.24,-24.73
2022-08-01 09:40:00+00:00,2022-08-01 09:43:00+00:00,BUY,1764.965,1770.639,1762.128,1770.639,0.28,150.47,5.374,2.0,TP,20.0,166.4,0.0
2022-08-02 08:20:00+00:00,2022-08-02 11:10:00+00:00,BUY,1772.57,1776.6579999999997,1770.526,1776.6579999999997,0.39,147.73,3.788,2.0,TP,855.0,163.72,-75.66
2022-08-03 09:40:00+00:00,2022-08-03 10:24:00+00:00,SELL,1765.974,1761.4079999999997,1768.257,1761.4079999999997,0.35,149.31,4.266,2.0,TP,225.0,173.6,-23.73
2022-08-04 09:05:00+00:00,2022-08-04 09:08:00+00:00,BUY,1774.572,1778.2879999999998,1772.714,1778.2879999999998,0.43,146.89,3.416,2.0,TP,20.0,164.35,0.0
2022-08-05 11:00:00+00:00,2022-08-05 11:29:00+00:00,SELL,1787.338,1786.36,1790.667,1780.68,0.24,16.27,0.678,0.294,TIME,150.0,84.24,0.0
2022-08-08 10:35:00+00:00,2022-08-08 11:07:00+00:00,BUY,1777.634,1781.638,1775.632,1781.638,0.4,148.16,3.704,2.0,TP,165.0,165.6,0.0
2022-08-09 08:19:00+00:00,2022-08-09 11:29:00+00:00,BUY,1791.462,1791.514,1786.332,1801.7219999999998,0.16,-3.97,-0.248,0.01,TIME,955.0,49.86,-53.36
2022-08-10 10:40:00+00:00,2022-08-10 11:29:00+00:00,BUY,1791.108,1790.382,1788.978,1795.3679999999997,0.38,-38.99,-1.026,-0.341,TIME,250.0,22.27,-74.25
2022-08-11 09:00:00+00:00,2022-08-11 11:29:00+00:00,BUY,1788.024,1791.614,1785.737,1792.5979999999995,0.35,115.15,3.29,1.57,TIME,750.0,140.14,-9.66
2022-08-12 09:25:00+00:00,2022-08-12 11:13:00+00:00,SELL,1787.884,1789.684,1789.684,1784.284,0.44,-92.4,-2.1,-1.0,SL,545.0,95.48,-66.18
2022-08-15 08:50:00+00:00,2022-08-15 08:51:00+00:00,SELL,1786.678,1784.0920000000003,1787.971,1784.0920000000003,0.62,141.73,2.286,2.0,TP,10.0,230.02,0.0
2022-08-16 08:39:00+00:00,2022-08-16 10:28:00+00:00,BUY,1775.934,1773.918,1773.918,1779.9660000000001,0.4,-92.64,-2.316,-1.0,SL,550.0,61.36,-87.6
2022-08-17 08:35:00+00:00,2022-08-17 08:41:00+00:00,BUY,1773.444,1776.5639999999999,1771.884,1776.5639999999999,0.51,143.82,2.82,2.0,TP,35.0,173.6,0.0
2022-08-18 10:00:00+00:00,2022-08-18 10:06:00+00:00,BUY,1764.904,1769.7559999999999,1762.478,1769.7559999999999,0.33,150.22,4.552,2.0,TP,35.0,166.35,0.0
2022-08-19 09:18:00+00:00,2022-08-19 10:02:00+00:00,BUY,1753.928,1751.768,1751.768,1758.2480000000003,0.37,-91.02,-2.46,-1.0,SL,225.0,9.99,-93.61
2022-08-22 08:20:00+00:00,2022-08-22 08:51:00+00:00,SELL,1736.036,1732.924,1737.592,1732.924,0.51,143.41,2.812,2.0,TP,160.0,177.89,-11.32
2022-08-23 08:20:00+00:00,2022-08-23 10:06:00+00:00,BUY,1740.118,1737.548,1737.548,1745.2579999999998,0.31,-88.97,-2.87,-1.0,SL,535.0,113.03,-80.91
2022-08-24 10:25:00+00:00,2022-08-24 11:29:00+00:00,SELL,1747.244,1744.614,1749.918,1741.896,0.3,69.9,2.33,0.984,TIME,325.0,117.9,0.0
2022-08-25 09:05:00+00:00,2022-08-25 11:29:00+00:00,BUY,1763.038,1763.984,1761.694,1765.726,0.6,38.76,0.646,0.704,TIME,725.0,139.8,-78.84
2022-08-26 11:20:00+00:00,2022-08-26 11:23:00+00:00,SELL,1750.858,1746.4059999999997,1753.084,1746.4059999999997,0.36,149.47,4.152,2.0,TP,20.0,174.02,0.0
2022-08-29 09:15:00+00:00,2022-08-29 10:48:00+00:00,BUY,1723.137,1728.9949999999997,1720.208,1728.9949999999997,0.27,150.07,5.558,2.0,TP,470.0,163.92,-45.33
2022-08-31 08:20:00+00:00,2022-08-31 08:23:00+00:00,SELL,1719.768,1715.788,1721.758,1715.788,0.4,147.2,3.68,2.0,TP,20.0,183.6,0.0
2022-09-01 08:20:00+00:00,2022-09-01 09:03:00+00:00,SELL,1702.598,1704.998,1704.998,1697.7979999999998,0.33,-89.1,-2.7,-1.0,SL,220.0,70.62,-69.96
2022-09-02 09:30:00+00:00,2022-09-02 10:01:00+00:00,BUY,1703.754,1707.254,1702.004,1707.254,0.46,147.2,3.2,2.0,TP,160.0,161.05,0.0
2022-09-05 10:35:00+00:00,2022-09-05 11:29:00+00:00,BUY,1712.324,1713.284,1710.601,1715.77,0.46,30.36,0.66,0.557,TIME,275.0,148.63,0.0
2022-09-06 11:00:00+00:00,2022-09-06 11:24:00+00:00,SELL,1714.869,1712.5509999999997,1716.028,1712.5509999999997,0.69,139.24,2.018,2.0,TP,125.0,206.65,0.0
2022-09-08 08:33:00+00:00,2022-09-08 08:36:00+00:00,BUY,1717.868,1716.121,1716.121,1721.3619999999996,0.46,-94.16,-2.047,-1.0,SL,20.0,0.46,-81.88
2022-09-09 09:10:00+00:00,2022-09-09 09:23:00+00:00,SELL,1726.444,1728.698,1728.698,1721.9359999999997,0.35,-89.39,-2.554,-1.0,SL,70.0,45.29,-79.45
2022-09-13 08:50:00+00:00,2022-09-13 09:32:00+00:00,BUY,1724.504,1727.216,1723.148,1727.216,0.59,142.31,2.412,2.0,TP,215.0,166.97,0.0
2022-09-14 11:05:00+00:00,2022-09-14 11:29:00+00:00,SELL,1702.894,1703.548,1705.888,1696.9060000000002,0.27,-25.76,-0.954,-0.218,TIME,125.0,0.62,-48.98
2022-09-15 08:20:00+00:00,2022-09-15 09:32:00+00:00,SELL,1687.988,1689.864,1689.864,1684.236,0.43,-93.57,-2.176,-1.0,SL,365.0,80.58,-68.8
2022-09-16 09:10:00+00:00,2022-09-16 09:10:00+00:00,BUY,1656.755,1661.1490000000003,1654.558,1661.1490000000003,0.36,147.38,4.094,2.0,TP,5.0,208.19,0.0
2022-09-19 08:30:00+00:00,2022-09-19 08:38:00+00:00,BUY,1662.718,1666.4780000000003,1660.838,1666.4780000000003,0.43,148.78,3.46,2.0,TP,45.0,169.85,0.0
2022-09-20 10:25:00+00:00,2022-09-20 11:29:00+00:00,SELL,1669.126,1669.068,1672.492,1662.394,0.24,-5.81,-0.242,0.017,TIME,325.0,42.43,-25.18
2022-09-21 09:10:00+00:00,2022-09-21 10:25:00+00:00,BUY,1671.298,1675.258,1669.318,1675.258,0.4,146.4,3.66,2.0,TP,380.0,160.68,0.0
2022-09-22 08:15:00+00:00,2022-09-22 11:29:00+00:00,BUY,1666.828,1666.338,1657.815,1684.8539999999998,0.09,-7.11,-0.79,-0.054,TIME,975.0,100.77,-19.53
2022-09-23 09:00:00+00:00,2022-09-23 09:39:00+00:00,SELL,1665.075,1658.7190000000003,1668.253,1658.7190000000003,0.25,151.4,6.056,2.0,TP,200.0,178.42,0.0
2022-09-26 10:15:00+00:00,2022-09-26 11:29:00+00:00,SELL,1642.631,1639.418,1646.648,1634.5970000000004,0.2,58.26,2.913,0.8,TIME,375.0,130.12,0.0
2022-09-27 08:30:00+00:00,2022-09-27 09:27:00+00:00,BUY,1637.335,1634.045,1634.045,1643.915,0.24,-86.16,-3.59,-1.0,SL,290.0,15.91,-80.59
2022-09-28 08:30:00+00:00,2022-09-28 10:02:00+00:00,SELL,1620.219,1622.948,1622.948,1614.761,0.29,-87.84,-3.029,-1.0,SL,465.0,128.09,-151.26
2022-09-29 09:30:00+00:00,2022-09-29 11:29:00+00:00,BUY,1647.945,1649.429,1644.058,1655.7189999999998,0.21,24.86,1.184,0.382,TIME,600.0,75.39,-41.73
2022-09-30 10:15:00+00:00,2022-09-30 10:30:00+00:00,SELL,1671.182,1665.436,1674.055,1665.436,0.28,152.49,5.446,2.0,TP,80.0,176.88,0.0
2022-10-03 09:30:00+00:00,2022-10-03 10:09:00+00:00,SELL,1661.036,1663.658,1663.658,1655.7920000000004,0.31,-90.58,-2.922,-1.0,SL,200.0,44.67,-109.89
2022-10-04 10:25:00+00:00,2022-10-04 10:57:00+00:00,BUY,1710.144,1707.064,1707.064,1716.3039999999999,0.26,-87.88,-3.38,-1.0,SL,165.0,41.6,-103.56
2022-10-05 08:25:00+00:00,2022-10-05 10:14:00+00:00,SELL,1712.868,1705.788,1716.408,1705.788,0.23,155.94,6.78,2.0,TP,550.0,193.29,-64.86
2022-10-06 08:25:00+00:00,2022-10-06 11:29:00+00:00,SELL,1720.008,1712.557,1724.734,1710.5560000000003,0.17,121.57,7.151,1.577,TIME,925.0,157.08,0.0
2022-10-07 09:05:00+00:00,2022-10-07 10:12:00+00:00,BUY,1712.054,1709.348,1709.348,1717.4660000000003,0.3,-90.18,-3.006,-1.0,SL,340.0,80.1,-86.1
2022-10-10 09:05:00+00:00,2022-10-10 09:22:00+00:00,BUY,1683.708,1681.056,1681.056,1689.0120000000002,0.3,-88.56,-2.952,-1.0,SL,90.0,22.11,-80.7
2022-10-11 10:05:00+00:00,2022-10-11 11:24:00+00:00,SELL,1664.368,1669.745,1669.745,1653.614,0.15,-85.15,-5.677,-1.0,SL,400.0,51.87,-87.85
2022-10-13 11:20:00+00:00,2022-10-13 11:28:00+00:00,BUY,1672.448,1675.8540000000005,1670.745,1675.8540000000005,0.47,145.98,3.106,2.0,TP,45.0,174.6,0.0
2022-10-14 09:05:00+00:00,2022-10-14 09:05:00+00:00,SELL,1664.678,1659.9040000000002,1667.065,1659.9040000000002,0.34,152.12,4.474,2.0,TP,5.0,220.66,0.0
2022-10-17 08:30:00+00:00,2022-10-17 09:29:00+00:00,SELL,1654.948,1657.088,1657.088,1650.6680000000003,0.37,-90.28,-2.44,-1.0,SL,300.0,79.55,-76.03
2022-10-18 09:00:00+00:00,2022-10-18 09:00:00+00:00,SELL,1655.828,1652.5679999999998,1657.458,1652.5679999999998,0.49,145.04,2.96,2.0,TP,5.0,358.19,0.0
2022-10-19 10:01:00+00:00,2022-10-19 10:40:00+00:00,SELL,1641.068,1633.8079999999998,1644.698,1633.8079999999998,0.22,153.12,6.96,2.0,TP,200.0,182.6,-8.51
2022-10-20 09:40:00+00:00,2022-10-20 10:40:00+00:00,BUY,1633.238,1636.6200000000001,1631.547,1636.6200000000001,0.47,144.85,3.082,2.0,TP,305.0,179.54,-23.97
2022-10-21 09:05:00+00:00,2022-10-21 09:26:00+00:00,SELL,1621.987,1623.588,1623.588,1618.7850000000003,0.5,-95.05,-1.901,-1.0,SL,110.0,78.45,-86.55
2022-10-24 09:20:00+00:00,2022-10-24 09:57:00+00:00,SELL,1647.757,1649.908,1649.908,1643.4550000000004,0.37,-90.69,-2.451,-1.0,SL,190.0,92.5,-70.34
2022-10-25 09:00:00+00:00,2022-10-25 11:29:00+00:00,SELL,1644.877,1643.517,1648.167,1638.297,0.24,25.44,1.06,0.413,TIME,750.0,162.7,0.0
2022-10-26 08:16:00+00:00,2022-10-26 08:38:00+00:00,SELL,1669.807,1673.347,1673.347,1662.727,0.23,-88.32,-3.84,-1.0,SL,115.0,15.85,-74.54
2022-10-27 08:15:00+00:00,2022-10-27 09:05:00+00:00,BUY,1664.908,1662.208,1662.208,1670.3079999999995,0.3,-90.0,-3.0,-1.0,SL,255.0,49.5,-84.9
2022-10-28 08:35:00+00:00,2022-10-28 11:29:00+00:00,SELL,1650.278,1651.248,1653.668,1643.4980000000003,0.24,-30.48,-1.27,-0.286,TIME,875.0,98.88,-37.42
2022-10-31 08:20:00+00:00,2022-10-31 11:02:00+00:00,SELL,1638.478,1641.357,1641.357,1632.7200000000003,0.28,-89.01,-3.179,-1.0,SL,815.0,85.71,-75.32
2022-11-01 09:39:00+00:00,2022-11-01 11:29:00+00:00,BUY,1648.487,1654.288,1645.058,1655.3450000000003,0.23,126.52,5.501,1.692,TIME,555.0,143.08,-11.96
2022-11-03 10:00:00+00:00,2022-11-03 11:23:00+00:00,SELL,1626.498,1619.7800000000002,1629.857,1619.7800000000002,0.24,154.03,6.418,2.0,TP,420.0,183.84,0.0
2022-11-04 09:20:00+00:00,2022-11-04 09:45:00+00:00,BUY,1649.408,1644.748,1644.748,1658.7279999999996,0.17,-84.32,-4.96,-1.0,SL,130.0,48.43,-90.27
2022-11-07 08:20:00+00:00,2022-11-07 09:28:00+00:00,BUY,1671.018,1679.38,1666.837,1679.38,0.19,153.18,8.062,2.0,TP,345.0,166.25,0.0
2022-11-08 08:50:00+00:00,2022-11-08 09:40:00+00:00,SELL,1668.848,1670.977,1670.977,1664.5899999999997,0.38,-92.3,-2.429,-1.0,SL,255.0,163.06,-94.24
2022-11-09 10:00:00+00:00,2022-11-09 11:29:00+00:00,SELL,1711.257,1708.258,1715.498,1702.775,0.19,51.28,2.699,0.707,TIME,450.0,142.12,0.0
2022-11-10 11:02:00+00:00,2022-11-10 11:29:00+00:00,SELL,1705.468,1707.318,1710.058,1696.2880000000002,0.17,-36.55,-2.15,-0.403,TIME,140.0,1.53,-38.59
2022-11-11 10:05:00+00:00,2022-11-11 11:02:00+00:00,BUY,1761.107,1755.337,1755.337,1772.647,0.14,-84.98,-6.07,-1.0,SL,290.0,72.53,-83.01
2022-11-14 08:28:00+00:00,2022-11-14 11:29:00+00:00,SELL,1761.917,1755.478,1766.048,1753.6549999999997,0.19,116.64,6.139,1.559,TIME,910.0,147.42,-25.29
2022-11-15 09:55:00+00:00,2022-11-15 11:29:00+00:00,SELL,1778.617,1776.198,1782.908,1770.035,0.19,40.26,2.119,0.564,TIME,475.0,95.17,0.0
2022-11-17 08:20:00+00:00,2022-11-17 09:02:00+00:00,BUY,1769.218,1766.797,1766.797,1774.0600000000002,0.33,-89.79,-2.721,-1.0,SL,215.0,54.75,-87.78
2022-11-18 08:17:00+00:00,2022-11-18 09:27:00+00:00,SELL,1762.317,1765.728,1765.728,1755.495,0.23,-85.35,-3.711,-1.0,SL,355.0,40.92,-71.78
2022-11-21 09:45:00+00:00,2022-11-21 11:29:00+00:00,SELL,1741.528,1739.918,1744.018,1736.548,0.32,41.92,1.31,0.647,TIME,525.0,150.4,-18.24
2022-11-22 08:20:00+00:00,2022-11-22 11:29:00+00:00,BUY,1744.308,1748.108,1741.838,1749.248,0.32,112.0,3.5,1.538,TIME,950.0,126.72,-41.28
2022-11-23 08:45:00+00:00,2022-11-23 09:03:00+00:00,SELL,1742.518,1738.4180000000001,1744.568,1738.4180000000001,0.39,148.2,3.8,2.0,TP,95.0,176.2,0.0
2022-11-24 08:16:00+00:00,2022-11-24 11:29:00+00:00,BUY,1754.408,1755.948,1752.308,1758.6079999999997,0.38,47.12,1.24,0.733,TIME,970.0,152.72,-46.36
2022-11-25 09:41:00+00:00,2022-11-25 09:43:00+00:00,BUY,1752.125,1749.928,1749.928,1756.5189999999998,0.36,-89.89,-2.497,-1.0,SL,15.0,4.03,-81.97
2022-11-28 09:05:00+00:00,2022-11-28 09:38:00+00:00,BUY,1753.978,1762.438,1749.748,1762.438,0.19,155.04,8.16,2.0,TP,170.0,161.5,0.0
2022-11-29 08:50:00+00:00,2022-11-29 09:47:00+00:00,BUY,1755.418,1752.468,1752.468,1761.3179999999995,0.27,-87.75,-3.25,-1.0,SL,290.0,93.96,-80.46
2022-11-30 08:45:00+00:00,2022-11-30 09:03:00+00:00,BUY,1756.708,1760.2500000000005,1754.937,1760.2500000000005,0.45,145.89,3.242,2.0,TP,95.0,175.05,0.0
2022-12-01 08:15:00+00:00,2022-12-01 11:29:00+00:00,BUY,1777.528,1780.018,1774.617,1783.3500000000001,0.27,59.13,2.19,0.855,TIME,975.0,68.31,-70.47
2022-12-02 10:00:00+00:00,2022-12-02 10:07:00+00:00,BUY,1801.598,1799.168,1799.168,1806.458,0.33,-90.09,-2.73,-1.0,SL,40.0,3.3,-80.19
2022-12-05 08:15:00+00:00,2022-12-05 11:29:00+00:00,SELL,1797.687,1794.778,1800.418,1792.225,0.29,75.66,2.609,1.065,TIME,975.0,130.18,-45.56
2022-12-06 08:45:00+00:00,2022-12-06 09:14:00+00:00,BUY,1772.808,1770.948,1770.948,1776.5279999999998,0.43,-92.88,-2.16,-1.0,SL,150.0,37.37,-104.06
2022-12-07 08:50:00+00:00,2022-12-07 11:29:00+00:00,BUY,1772.908,1773.868,1771.007,1776.7099999999996,0.42,27.72,0.66,0.505,TIME,800.0,120.96,-70.14
2022-12-08 08:15:00+00:00,2022-12-08 11:29:00+00:00,SELL,1783.848,1783.358,1785.838,1779.868,0.4,7.6,0.19,0.246,TIME,975.0,95.64,-44.8
2022-12-09 09:35:00+00:00,2022-12-09 09:55:00+00:00,SELL,1790.557,1792.628,1792.628,1786.4150000000002,0.39,-92.47,-2.371,-1.0,SL,105.0,69.77,-76.87
2022-12-12 10:00:00+00:00,2022-12-12 10:39:00+00:00,BUY,1791.668,1789.597,1789.597,1795.8099999999997,0.39,-92.47,-2.371,-1.0,SL,200.0,37.44,-81.9
2022-12-13 08:25:00+00:00,2022-12-13 11:29:00+00:00,SELL,1786.015,1787.545,1788.265,1781.515,0.36,-65.88,-1.83,-0.68,TIME,925.0,126.97,-58.79
2022-12-14 08:15:00+00:00,2022-12-14 11:29:00+00:00,BUY,1809.308,1808.525,1806.368,1815.188,0.27,-29.24,-1.083,-0.266,TIME,975.0,23.41,-71.09
2022-12-15 08:21:00+00:00,2022-12-15 11:29:00+00:00,SELL,1780.408,1779.265,1789.735,1761.754,0.09,7.59,0.843,0.123,TIME,945.0,61.2,-15.99
2022-12-16 08:20:00+00:00,2022-12-16 09:22:00+00:00,SELL,1776.715,1778.965,1778.965,1772.215,0.36,-91.8,-2.55,-1.0,SL,315.0,90.36,-92.88
2022-12-19 08:17:00+00:00,2022-12-19 11:29:00+00:00,BUY,1795.775,1796.018,1793.235,1800.8550000000005,0.31,-1.77,-0.057,0.096,TIME,965.0,88.72,-49.54
2022-12-20 08:45:00+00:00,2022-12-20 08:49:00+00:00,BUY,1797.725,1805.3849999999998,1793.895,1805.3849999999998,0.21,154.56,7.36,2.0,TP,25.0,160.86,0.0
2022-12-21 11:05:00+00:00,2022-12-21 11:29:00+00:00,SELL,1814.065,1812.335,1816.625,1808.9450000000002,0.31,44.33,1.43,0.676,TIME,125.0,73.16,0.0
2022-12-22 08:20:00+00:00,2022-12-22 09:26:00+00:00,BUY,1817.315,1815.928,1815.928,1820.089,0.58,-97.85,-1.687,-1.0,SL,335.0,107.88,-83.52
2022-12-23 08:20:00+00:00,2022-12-23 08:56:00+00:00,SELL,1796.765,1797.995,1797.995,1794.3050000000005,0.65,-99.45,-1.53,-1.0,SL,185.0,114.4,-61.1
2022-12-27 10:05:00+00:00,2022-12-27 11:29:00+00:00,BUY,1807.045,1809.058,1805.535,1810.065,0.53,90.79,1.713,1.333,TIME,425.0,140.98,0.0
2022-12-28 08:16:00+00:00,2022-12-28 11:29:00+00:00,SELL,1805.915,1802.965,1811.248,1795.2489999999998,0.15,39.75,2.65,0.553,TIME,970.0,102.0,-14.14
2022-12-29 09:30:00+00:00,2022-12-29 10:30:00+00:00,BUY,1809.285,1806.215,1806.215,1815.4250000000004,0.26,-87.62,-3.37,-1.0,SL,305.0,36.14,-105.22
2022-12-30 09:40:00+00:00,2022-12-30 11:26:00+00:00,SELL,1816.215,1818.345,1818.345,1811.9549999999997,0.38,-92.34,-2.43,-1.0,SL,535.0,115.52,-70.03
2023-01-03 08:20:00+00:00,2023-01-03 11:29:00+00:00,SELL,1842.218,1833.058,1847.855,1830.9440000000002,0.14,124.04,8.86,1.625,TIME,950.0,149.42,-7.28
2023-01-04 08:20:00+00:00,2023-01-04 11:29:00+00:00,BUY,1859.958,1860.128,1856.848,1866.1780000000003,0.26,-3.38,-0.13,0.055,TIME,950.0,132.0,-62.48
2023-01-05 10:33:00+00:00,2023-01-05 11:29:00+00:00,BUY,1850.335,1848.145,1844.975,1861.0550000000003,0.15,-37.35,-2.49,-0.409,TIME,285.0,10.69,-42.75
2023-01-06 08:20:00+00:00,2023-01-06 08:29:00+00:00,BUY,1839.708,1837.765,1837.765,1843.594,0.41,-91.96,-2.243,-1.0,SL,50.0,17.51,-87.86
2023-01-10 08:35:00+00:00,2023-01-10 11:29:00+00:00,BUY,1873.595,1876.365,1871.555,1877.675,0.39,96.33,2.47,1.358,TIME,875.0,141.18,-11.31
2023-01-11 08:50:00+00:00,2023-01-11 11:29:00+00:00,BUY,1882.925,1884.338,1880.825,1887.1249999999998,0.38,42.29,1.113,0.673,TIME,800.0,137.67,-22.72
2023-01-13 08:18:00+00:00,2023-01-13 11:29:00+00:00,BUY,1904.375,1903.565,1897.885,1917.355,0.12,-13.32,-1.11,-0.125,TIME,960.0,61.96,-20.64
2023-01-16 09:43:00+00:00,2023-01-16 11:29:00+00:00,BUY,1916.978,1917.665,1913.145,1924.6440000000002,0.21,8.13,0.387,0.179,TIME,535.0,19.89,-48.93
2023-01-18 08:20:00+00:00,2023-01-18 11:29:00+00:00,BUY,1912.285,1914.345,1907.675,1921.5050000000003,0.17,29.92,1.76,0.447,TIME,950.0,60.06,-37.4
2023-01-19 08:15:00+00:00,2023-01-19 09:09:00+00:00,BUY,1913.805,1910.278,1910.278,1920.8590000000002,0.23,-88.02,-3.827,-1.0,SL,275.0,65.78,-85.72
2023-01-20 09:20:00+00:00,2023-01-20 11:29:00+00:00,SELL,1931.488,1928.715,1937.435,1919.5940000000003,0.13,32.15,2.473,0.466,TIME,650.0,51.65,-12.57
2023-01-23 08:40:00+00:00,2023-01-23 08:40:00+00:00,BUY,1920.395,1923.185,1919.0,1923.185,0.57,141.93,2.49,2.0,TP,5.0,370.1,0.0
2023-01-24 08:35:00+00:00,2023-01-24 11:29:00+00:00,SELL,1938.058,1935.975,1942.348,1929.478,0.19,33.88,1.783,0.486,TIME,875.0,72.26,-29.45
2023-01-25 10:10:00+00:00,2023-01-25 11:29:00+00:00,SELL,1927.895,1924.745,1931.005,1921.6749999999997,0.26,74.1,2.85,1.013,TIME,400.0,137.54,0.0
2023-01-26 09:20:00+00:00,2023-01-26 11:29:00+00:00,SELL,1939.785,1934.545,1943.015,1933.325,0.25,123.5,4.94,1.622,TIME,650.0,150.0,0.0
2023-01-27 09:50:00+00:00,2023-01-27 11:15:00+00:00,BUY,1925.265,1929.939,1922.928,1929.939,0.34,148.72,4.374,2.0,TP,430.0,160.89,-14.28
2023-01-30 10:10:00+00:00,2023-01-30 10:34:00+00:00,BUY,1924.475,1928.6309999999999,1922.397,1928.6309999999999,0.38,146.53,3.856,2.0,TP,125.0,162.64,0.0
2023-01-31 09:35:00+00:00,2023-01-31 11:29:00+00:00,SELL,1907.235,1902.925,1914.845,1892.0149999999996,0.11,44.11,4.01,0.566,TIME,575.0,56.1,0.0
2023-02-01 09:50:00+00:00,2023-02-01 11:25:00+00:00,BUY,1924.935,1928.2749999999996,1923.265,1928.2749999999996,0.48,145.92,3.04,2.0,TP,480.0,178.08,-61.44
2023-02-02 10:50:00+00:00,2023-02-02 11:29:00+00:00,SELL,1954.885,1955.065,1958.645,1947.365,0.21,-10.08,-0.48,-0.048,TIME,200.0,70.14,-5.04
2023-02-03 08:25:00+00:00,2023-02-03 08:28:00+00:00,SELL,1912.065,1914.005,1914.005,1908.185,0.41,-91.84,-2.24,-1.0,SL,20.0,41.0,-74.62
2023-02-06 08:20:00+00:00,2023-02-06 09:09:00+00:00,BUY,1879.075,1875.425,1875.425,1886.3750000000002,0.22,-86.9,-3.95,-1.0,SL,250.0,45.76,-88.15
2023-02-07 11:00:00+00:00,2023-02-07 11:29:00+00:00,SELL,1872.328,1868.595,1877.645,1861.694,0.15,51.49,3.433,0.702,TIME,150.0,71.44,0.0
2023-02-09 09:29:00+00:00,2023-02-09 09:58:00+00:00,SELL,1879.825,1883.295,1883.295,1872.885,0.23,-86.71,-3.77,-1.0,SL,150.0,1.61,-73.6
2023-02-10 09:20:00+00:00,2023-02-10 11:29:00+00:00,SELL,1865.765,1861.798,1871.165,1854.9650000000004,0.15,55.01,3.667,0.735,TIME,650.0,80.52,0.0
2023-02-13 08:25:00+00:00,2023-02-13 09:13:00+00:00,SELL,1862.335,1859.295,1863.855,1859.295,0.53,145.22,2.74,2.0,TP,245.0,179.14,-62.01
2023-02-14 10:00:00+00:00,2023-02-14 11:12:00+00:00,BUY,1860.215,1857.885,1857.885,1864.8749999999998,0.34,-89.42,-2.63,-1.0,SL,365.0,93.84,-82.28
2023-02-15 08:30:00+00:00,2023-02-15 11:29:00+00:00,BUY,1835.655,1834.5,1832.095,1842.7749999999999,0.22,-32.01,-1.455,-0.324,TIME,900.0,43.56,-66.44
2023-02-16 08:20:00+00:00,2023-02-16 08:34:00+00:00,BUY,1843.155,1840.185,1840.185,1849.095,0.27,-88.29,-3.27,-1.0,SL,75.0,12.96,-87.13
2023-02-17 09:05:00+00:00,2023-02-17 09:34:00+00:00,SELL,1819.795,1823.968,1823.968,1811.449,0.19,-84.99,-4.473,-1.0,SL,150.0,4.56,-85.69
2023-02-20 08:17:00+00:00,2023-02-20 11:29:00+00:00,SELL,1845.208,1844.275,1847.405,1840.8140000000003,0.36,22.79,0.633,0.425,TIME,965.0,151.67,-29.77
2023-02-21 08:30:00+00:00,2023-02-21 08:56:00+00:00,SELL,1832.325,1834.668,1834.668,1827.6390000000004,0.34,-89.86,-2.643,-1.0,SL,135.0,45.22,-80.92
2023-02-22 08:25:00+00:00,2023-02-22 08:44:00+00:00,SELL,1838.598,1833.6639999999998,1841.065,1833.6639999999998,0.32,148.29,4.634,2.0,TP,100.0,186.24,0.0
2023-02-23 11:20:00+00:00,2023-02-23 11:29:00+00:00,SELL,1826.715,1824.865,1829.695,1820.7549999999999,0.27,41.85,1.55,0.621,TIME,50.0,76.06,0.0
2023-02-24 08:25:00+00:00,2023-02-24 11:29:00+00:00,BUY,1821.995,1820.915,1819.635,1826.7149999999997,0.34,-46.92,-1.38,-0.458,TIME,925.0,119.0,-39.1
2023-02-27 10:50:00+00:00,2023-02-27 11:29:00+00:00,SELL,1810.395,1811.178,1812.685,1805.815,0.35,-37.91,-1.083,-0.342,TIME,200.0,9.1,-53.55
2023-02-28 08:20:00+00:00,2023-02-28 08:53:00+00:00,SELL,1806.975,1810.715,1810.715,1799.495,0.21,-84.84,-4.04,-1.0,SL,170.0,22.2,-104.79
2023-03-01 09:05:00+00:00,2023-03-01 09:16:00+00:00,BUY,1835.705,1832.375,1832.375,1842.3649999999998,0.24,-87.12,-3.63,-1.0,SL,60.0,37.2,-82.08
2023-03-02 08:45:00+00:00,2023-03-02 11:29:00+00:00,BUY,1832.095,1834.905,1829.854,1836.577,0.36,90.36,2.51,1.254,TIME,825.0,114.84,-63.25
2023-03-03 09:10:00+00:00,2023-03-03 11:16:00+00:00,BUY,1844.735,1848.8949999999998,1842.655,1848.8949999999998,0.38,146.68,3.86,2.0,TP,635.0,162.64,0.0
2023-03-06 11:10:00+00:00,2023-03-06 11:10:00+00:00,SELL,1855.385,1851.965,1857.095,1851.965,0.47,146.64,3.12,2.0,TP,5.0,294.22,0.0
2023-03-07 08:15:00+00:00,2023-03-07 11:29:00+00:00,SELL,1846.035,1842.605,1849.545,1839.015,0.23,71.99,3.13,0.977,TIME,975.0,90.39,-51.29
2023-03-08 08:16:00+00:00,2023-03-08 08:32:00+00:00,SELL,1813.435,1815.108,1815.108,1810.089,0.48,-94.7,-1.973,-1.0,SL,85.0,14.88,-68.16
2023-03-09 08:26:00+00:00,2023-03-09 11:25:00+00:00,BUY,1815.665,1819.8049999999998,1813.595,1819.8049999999998,0.39,149.76,3.84,2.0,TP,900.0,167.31,-46.41
2023-03-10 08:19:00+00:00,2023-03-10 11:29:00+00:00,SELL,1833.405,1835.905,1837.245,1825.7250000000001,0.21,-58.8,-2.8,-0.651,TIME,955.0,55.17,-70.41
2023-03-13 08:55:00+00:00,2023-03-13 09:24:00+00:00,BUY,1879.355,1887.315,1875.375,1887.315,0.2,153.2,7.66,2.0,TP,150.0,180.0,0.0
2023-03-14 08:40:00+00:00,2023-03-14 11:29:00+00:00,SELL,1908.155,1904.048,1913.235,1897.9950000000001,0.16,60.91,3.807,0.808,TIME,850.0,120.0,0.0
2023-03-15 08:15:00+00:00,2023-03-15 09:40:00+00:00,SELL,1888.935,1896.675,1896.675,1873.455,0.1,-80.4,-8.04,-1.0,SL,430.0,33.7,-75.5
2023-03-16 08:15:00+00:00,2023-03-16 11:29:00+00:00,BUY,1919.795,1923.675,1915.645,1928.0950000000003,0.19,68.02,3.58,0.935,TIME,975.0,93.1,-65.36
2023-03-17 08:15:00+00:00,2023-03-17 08:28:00+00:00,SELL,1927.605,1931.055,1931.055,1920.705,0.23,-86.25,-3.75,-1.0,SL,70.0,9.43,-75.21
2023-03-20 09:19:00+00:00,2023-03-20 10:34:00+00:00,SELL,1995.415,1978.1949999999997,2004.025,1978.1949999999997,0.09,152.28,16.92,2.0,TP,380.0,177.75,-4.5
2023-03-24 08:23:00+00:00,2023-03-24 09:38:00+00:00,SELL,1988.285,1992.765,1992.765,1979.325,0.18,-86.04,-4.78,-1.0,SL,380.0,128.7,-83.7
2023-03-27 09:25:00+00:00,2023-03-27 09:25:00+00:00,SELL,1969.595,1964.535,1972.125,1964.535,0.32,152.32,4.76,2.0,TP,5.0,237.44,0.0
2023-03-28 09:35:00+00:00,2023-03-28 10:01:00+00:00,SELL,1952.925,1955.055,1955.055,1948.6649999999997,0.38,-92.34,-2.43,-1.0,SL,135.0,58.79,-70.3
2023-03-29 09:35:00+00:00,2023-03-29 09:35:00+00:00,BUY,1962.775,1966.949,1960.688,1966.949,0.38,147.21,3.874,2.0,TP,5.0,165.3,0.0
2023-03-30 10:35:00+00:00,2023-03-30 11:29:00+00:00,BUY,1968.105,1969.055,1965.355,1973.605,0.29,18.85,0.65,0.345,TIME,275.0,86.51,0.0
2023-04-03 10:00:00+00:00,2023-04-03 10:15:00+00:00,BUY,1964.255,1970.5890000000004,1961.088,1970.5890000000004,0.25,150.85,6.034,2.0,TP,80.0,162.25,0.0
2023-04-04 10:30:00+00:00,2023-04-04 10:46:00+00:00,BUY,1983.475,1981.565,1981.565,1987.2949999999996,0.42,-92.82,-2.21,-1.0,SL,85.0,26.04,-91.14
2023-04-05 09:50:00+00:00,2023-04-05 11:29:00+00:00,SELL,2024.278,2024.065,2026.075,2020.684,0.45,-3.92,-0.087,0.119,TIME,500.0,130.23,-35.87
2023-04-06 10:45:00+00:00,2023-04-06 11:29:00+00:00,BUY,2016.745,2018.358,2014.685,2020.8649999999998,0.39,51.21,1.313,0.783,TIME,225.0,158.3,0.0
2023-04-10 08:35:00+00:00,2023-04-10 10:46:00+00:00,BUY,1997.885,2002.059,1995.798,2002.059,0.38,147.21,3.874,2.0,TP,660.0,181.64,-44.08
2023-04-11 08:25:00+00:00,2023-04-11 11:20:00+00:00,BUY,2003.278,2001.125,2001.125,2007.584,0.37,-90.76,-2.453,-1.0,SL,880.0,150.59,-97.42
2023-04-12 10:05:00+00:00,2023-04-12 11:29:00+00:00,SELL,2010.125,2009.855,2013.534,2003.3069999999998,0.23,-0.69,-0.03,0.079,TIME,425.0,66.63,-19.78
2023-04-13 08:20:00+00:00,2023-04-13 11:29:00+00:00,BUY,2026.334,2026.018,2024.318,2030.3660000000002,0.4,-24.64,-0.616,-0.157,TIME,950.0,108.84,-59.56
2023-04-14 08:25:00+00:00,2023-04-14 10:00:00+00:00,SELL,2033.755,2039.245,2039.245,2022.7750000000005,0.15,-86.85,-5.79,-1.0,SL,480.0,30.45,-80.7
2023-04-17 10:15:00+00:00,2023-04-17 11:29:00+00:00,SELL,2009.275,2008.375,2012.665,2002.4950000000003,0.24,14.4,0.6,0.265,TIME,375.0,107.04,0.0
2023-04-18 09:30:00+00:00,2023-04-18 11:29:00+00:00,SELL,2002.055,2003.888,2005.085,1995.9950000000001,0.26,-55.46,-2.133,-0.605,TIME,600.0,79.56,-67.6
2023-04-19 08:40:00+00:00,2023-04-19 11:09:00+00:00,SELL,1984.278,1970.104,1991.365,1970.104,0.11,152.61,13.874,2.0,TP,750.0,159.42,0.0
2023-04-20 08:15:00+00:00,2023-04-20 09:11:00+00:00,BUY,1997.905,1994.374,1994.374,2004.9669999999999,0.23,-88.11,-3.831,-1.0,SL,285.0,25.07,-103.52
2023-04-21 10:40:00+00:00,2023-04-21 11:03:00+00:00,BUY,1989.475,1986.425,1986.425,1995.5749999999998,0.26,-87.1,-3.35,-1.0,SL,120.0,62.74,-79.3
2023-04-24 09:25:00+00:00,2023-04-24 11:29:00+00:00,BUY,1983.035,1984.744,1980.845,1987.4150000000002,0.37,52.13,1.409,0.78,TIME,625.0,139.49,-8.14
2023-04-25 09:51:00+00:00,2023-04-25 10:30:00+00:00,SELL,1988.395,1983.7150000000001,1990.735,1983.7150000000001,0.34,148.92,4.38,2.0,TP,200.0,169.66,-20.74
2023-04-26 09:25:00+00:00,2023-04-26 11:29:00+00:00,BUY,1998.195,2000.555,1996.235,2002.115,0.41,84.46,2.06,1.204,TIME,625.0,140.63,-52.07
2023-04-27 09:35:00+00:00,2023-04-27 10:16:00+00:00,SELL,1997.885,1999.585,1999.585,1994.485,0.47,-94.0,-2.0,-1.0,SL,210.0,98.56,-88.83
2023-05-01 09:20:00+00:00,2023-05-01 09:47:00+00:00,BUY,1981.165,1984.3649999999998,1979.565,1984.3649999999998,0.5,145.0,2.9,2.0,TP,140.0,162.0,-1.05
2023-05-02 09:50:00+00:00,2023-05-02 10:44:00+00:00,BUY,1981.595,1987.6290000000001,1978.578,1987.6290000000001,0.27,154.82,5.734,2.0,TP,275.0,163.89,0.0
2023-05-03 10:15:00+00:00,2023-05-03 11:29:00+00:00,BUY,2015.498,2015.515,2014.318,2017.8580000000002,0.68,-19.24,-0.283,0.014,TIME,375.0,99.08,-10.47
2023-05-04 10:15:00+00:00,2023-05-04 10:15:00+00:00,BUY,2035.424,2038.516,2033.878,2038.516,0.52,145.18,2.792,2.0,TP,5.0,212.21,0.0
2023-05-05 09:45:00+00:00,2023-05-05 11:29:00+00:00,SELL,2038.735,2037.935,2041.355,2033.4949999999997,0.31,15.5,0.5,0.305,TIME,525.0,80.6,-14.66
2023-05-08 10:15:00+00:00,2023-05-08 11:29:00+00:00,BUY,2022.554,2024.834,2019.904,2027.8540000000003,0.3,59.4,1.98,0.86,TIME,375.0,85.8,0.0
2023-05-09 08:40:00+00:00,2023-05-09 09:43:00+00:00,BUY,2025.254,2027.772,2023.995,2027.772,0.64,141.95,2.218,2.0,TP,320.0,162.56,-24.96
2023-05-10 08:35:00+00:00,2023-05-10 10:28:00+00:00,SELL,2029.784,2031.774,2031.774,2025.8040000000005,0.4,-91.6,-2.29,-1.0,SL,570.0,145.84,-70.4
2023-05-11 11:10:00+00:00,2023-05-11 11:14:00+00:00,BUY,2025.544,2032.2620000000004,2022.185,2032.2620000000004,0.24,154.03,6.418,2.0,TP,25.0,222.24,0.0
2023-05-12 09:35:00+00:00,2023-05-12 09:43:00+00:00,SELL,2007.505,2003.2670000000003,2009.624,2003.2670000000003,0.38,149.64,3.938,2.0,TP,45.0,231.08,0.0
2023-05-15 11:05:00+00:00,2023-05-15 11:05:00+00:00,SELL,2017.565,2014.085,2019.305,2014.085,0.46,146.28,3.18,2.0,TP,5.0,228.16,0.0
2023-05-16 10:20:00+00:00,2023-05-16 11:29:00+00:00,SELL,2009.228,2007.625,2010.224,2007.2360000000003,0.8,104.24,1.303,1.609,TIME,350.0,168.32,-2.96
2023-05-17 08:20:00+00:00,2023-05-17 10:39:00+00:00,SELL,1986.534,1989.034,1989.034,1981.534,0.32,-89.6,-2.8,-1.0,SL,700.0,92.8,-72.96
2023-05-18 08:30:00+00:00,2023-05-18 09:36:00+00:00,BUY,1974.644,1977.7839999999999,1973.074,1977.7839999999999,0.51,144.84,2.84,2.0,TP,335.0,163.2,-31.57
2023-05-19 08:55:00+00:00,2023-05-19 09:36:00+00:00,SELL,1964.958,1966.865,1966.865,1961.1440000000002,0.42,-92.69,-2.207,-1.0,SL,210.0,28.73,-72.53
2023-05-22 11:15:00+00:00,2023-05-22 11:29:00+00:00,BUY,1976.875,1976.515,1975.195,1980.2350000000001,0.48,-31.68,-0.66,-0.214,TIME,75.0,36.96,-27.84
2023-05-23 11:20:00+00:00,2023-05-23 11:29:00+00:00,BUY,1957.115,1958.235,1954.084,1963.177,0.26,21.32,0.82,0.37,TIME,50.0,63.44,0.0
2023-05-24 11:05:00+00:00,2023-05-24 11:29:00+00:00,BUY,1976.075,1978.715,1973.485,1981.2550000000003,0.31,72.54,2.34,1.019,TIME,125.0,82.46,0.0
2023-05-25 08:30:00+00:00,2023-05-25 11:29:00+00:00,BUY,1961.784,1961.245,1959.155,1967.0420000000004,0.3,-25.17,-0.839,-0.205,TIME,900.0,85.23,-44.07
2023-05-29 11:00:00+00:00,2023-05-29 11:29:00+00:00,BUY,1944.515,1946.185,1940.755,1952.035,0.21,28.77,1.37,0.444,TIME,150.0,39.9,0.0
2023-05-30 09:25:00+00:00,2023-05-30 09:31:00+00:00,BUY,1944.095,1949.115,1941.585,1949.115,0.32,151.04,4.72,2.0,TP,35.0,176.93,0.0
2023-05-31 09:35:00+00:00,2023-05-31 10:21:00+00:00,BUY,1958.165,1955.454,1955.454,1963.587,0.3,-90.33,-3.011,-1.0,SL,235.0,51.69,-100.2
2023-06-01 09:35:00+00:00,2023-06-01 10:03:00+00:00,BUY,1956.665,1960.625,1954.685,1960.625,0.4,146.4,3.66,2.0,TP,145.0,168.0,0.0
2023-06-02 09:35:00+00:00,2023-06-02 09:35:00+00:00,BUY,1975.925,1977.965,1974.905,1977.965,0.78,135.72,1.74,2.0,TP,5.0,364.26,0.0
2023-06-05 08:17:00+00:00,2023-06-05 11:29:00+00:00,BUY,1943.445,1940.025,1938.525,1953.2849999999996,0.16,-59.52,-3.72,-0.695,TIME,965.0,38.72,-67.31
2023-06-06 08:19:00+00:00,2023-06-06 08:53:00+00:00,SELL,1957.395,1960.245,1960.245,1951.6950000000002,0.28,-88.2,-3.15,-1.0,SL,175.0,5.6,-84.36
2023-06-07 09:50:00+00:00,2023-06-07 11:29:00+00:00,BUY,1959.335,1962.695,1955.705,1966.5950000000003,0.22,67.32,3.06,0.926,TIME,500.0,152.97,0.0
2023-06-08 11:10:00+00:00,2023-06-08 11:29:00+00:00,SELL,1946.644,1945.915,1948.274,1943.3840000000002,0.49,21.02,0.429,0.447,TIME,100.0,72.47,0.0
2023-06-12 08:25:00+00:00,2023-06-12 11:29:00+00:00,BUY,1964.015,1963.355,1960.115,1971.8150000000003,0.21,-20.16,-0.96,-0.169,TIME,925.0,59.85,-51.03
2023-06-13 10:00:00+00:00,2023-06-13 10:55:00+00:00,BUY,1962.755,1965.5350000000003,1961.365,1965.5350000000003,0.58,143.84,2.48,2.0,TP,280.0,184.44,-48.14
2023-06-15 09:20:00+00:00,2023-06-15 11:03:00+00:00,BUY,1934.485,1932.724,1932.724,1938.0069999999998,0.45,-92.74,-2.061,-1.0,SL,520.0,98.1,-81.45
2023-06-16 08:30:00+00:00,2023-06-16 10:54:00+00:00,BUY,1961.805,1965.1450000000002,1960.135,1965.1450000000002,0.48,145.92,3.04,2.0,TP,725.0,174.72,-43.68
2023-06-19 08:20:00+00:00,2023-06-19 08:24:00+00:00,BUY,1956.125,1958.4050000000002,1954.985,1958.4050000000002,0.7,138.6,1.98,2.0,TP,25.0,163.1,0.0
2023-06-20 10:20:00+00:00,2023-06-20 11:29:00+00:00,SELL,1953.445,1951.675,1955.505,1949.3249999999996,0.39,57.33,1.47,0.859,TIME,350.0,138.84,-1.29
2023-06-21 10:26:00+00:00,2023-06-21 10:36:00+00:00,SELL,1934.145,1935.435,1935.435,1931.565,0.62,-98.58,-1.59,-1.0,SL,55.0,21.7,-68.2
2023-06-22 08:25:00+00:00,2023-06-22 11:29:00+00:00,SELL,1929.028,1927.495,1931.375,1924.334,0.34,41.92,1.233,0.653,TIME,925.0,144.98,-20.64
2023-06-26 08:30:00+00:00,2023-06-26 08:49:00+00:00,BUY,1930.115,1932.8349999999998,1928.755,1932.8349999999998,0.59,142.78,2.42,2.0,TP,100.0,174.05,0.0
2023-06-27 08:15:00+00:00,2023-06-27 11:18:00+00:00,SELL,1926.175,1921.4349999999997,1928.545,1921.4349999999997,0.34,150.96,4.44,2.0,TP,920.0,171.6,-20.06
2023-06-28 09:36:00+00:00,2023-06-28 09:45:00+00:00,BUY,1911.558,1908.748,1908.748,1917.1779999999999,0.28,-87.08,-3.11,-1.0,SL,50.0,8.32,-79.88
2023-06-29 08:20:00+00:00,2023-06-29 09:22:00+00:00,BUY,1906.055,1904.355,1904.355,1909.4550000000002,0.47,-94.0,-2.0,-1.0,SL,315.0,81.31,-86.01
2023-06-30 08:25:00+00:00,2023-06-30 09:58:00+00:00,SELL,1903.585,1905.425,1905.425,1899.9050000000002,0.43,-92.02,-2.14,-1.0,SL,470.0,134.16,-69.23
2023-07-03 08:28:00+00:00,2023-07-03 11:29:00+00:00,BUY,1912.255,1912.385,1910.715,1915.3350000000005,0.52,-8.84,-0.17,0.084,TIME,910.0,106.08,-44.2
2023-07-04 08:35:00+00:00,2023-07-04 08:47:00+00:00,SELL,1927.048,1928.178,1928.178,1924.7879999999998,0.71,-101.53,-1.43,-1.0,SL,65.0,24.85,-68.66
2023-07-05 09:10:00+00:00,2023-07-05 10:53:00+00:00,BUY,1927.948,1926.838,1926.838,1930.1680000000003,0.72,-101.52,-1.41,-1.0,SL,520.0,106.56,-86.4
2023-07-06 08:20:00+00:00,2023-07-06 09:31:00+00:00,SELL,1918.085,1919.648,1919.648,1914.9590000000003,0.51,-95.01,-1.863,-1.0,SL,360.0,100.83,-64.77
2023-07-10 08:47:00+00:00,2023-07-10 09:43:00+00:00,BUY,1924.788,1923.314,1923.314,1927.7359999999999,0.54,-95.8,-1.774,-1.0,SL,285.0,72.74,-86.62
2023-07-11 09:55:00+00:00,2023-07-11 11:29:00+00:00,BUY,1934.265,1936.578,1931.915,1938.9650000000004,0.34,68.44,2.013,0.984,TIME,475.0,136.31,0.0
2023-07-12 08:45:00+00:00,2023-07-12 11:20:00+00:00,BUY,1934.635,1933.635,1933.635,1936.635,0.8,-104.0,-1.3,-1.0,SL,780.0,140.0,-96.0
2023-07-13 10:15:00+00:00,2023-07-13 11:29:00+00:00,SELL,1961.035,1958.825,1962.635,1957.8350000000003,0.5,95.5,1.91,1.381,TIME,375.0,146.0,0.0
2023-07-17 08:25:00+00:00,2023-07-17 09:57:00+00:00,BUY,1954.235,1958.9549999999997,1951.875,1958.9549999999997,0.34,150.28,4.42,2.0,TP,465.0,163.88,-1.02
2023-07-18 10:50:00+00:00,2023-07-18 11:16:00+00:00,BUY,1962.925,1967.2049999999997,1960.785,1967.2049999999997,0.37,147.26,3.98,2.0,TP,135.0,333.11,-49.95
2023-07-19 08:50:00+00:00,2023-07-19 09:22:00+00:00,SELL,1977.388,1978.935,1978.935,1974.2939999999999,0.52,-96.04,-1.847,-1.0,SL,165.0,33.44,-74.2
2023-07-20 08:15:00+00:00,2023-07-20 11:29:00+00:00,BUY,1981.135,1981.295,1978.095,1987.215,0.26,-3.64,-0.14,0.053,TIME,975.0,66.3,-49.84
2023-07-21 08:26:00+00:00,2023-07-21 08:32:00+00:00,SELL,1962.715,1965.015,1965.015,1958.1149999999996,0.35,-91.0,-2.6,-1.0,SL,35.0,1.05,-77.35
2023-07-24 09:10:00+00:00,2023-07-24 09:16:00+00:00,SELL,1962.598,1963.718,1963.718,1960.3579999999997,0.71,-100.82,-1.42,-1.0,SL,35.0,76.89,-62.98
2023-07-25 11:05:00+00:00,2023-07-25 11:29:00+00:00,SELL,1959.295,1953.855,1962.345,1953.1950000000002,0.26,133.64,5.14,1.784,TIME,125.0,160.94,0.0
2023-07-26 10:25:00+00:00,2023-07-26 10:51:00+00:00,SELL,1970.005,1971.525,1971.525,1966.9650000000001,0.53,-96.46,-1.82,-1.0,SL,135.0,26.5,-65.72
2023-07-27 09:25:00+00:00,2023-07-27 11:29:00+00:00,SELL,1978.588,1976.688,1981.035,1973.6939999999997,0.33,52.8,1.6,0.776,TIME,625.0,169.72,0.0
2023-07-28 09:35:00+00:00,2023-07-28 10:26:00+00:00,BUY,1949.784,1953.6640000000002,1947.844,1953.6640000000002,0.41,146.78,3.58,2.0,TP,260.0,161.99,0.0
2023-07-31 08:55:00+00:00,2023-07-31 09:29:00+00:00,SELL,1954.505,1955.845,1955.845,1951.8250000000003,0.6,-98.4,-1.64,-1.0,SL,175.0,105.0,-63.0
2023-08-01 09:35:00+00:00,2023-08-01 10:35:00+00:00,BUY,1955.975,1954.625,1954.625,1958.6749999999997,0.59,-97.35,-1.65,-1.0,SL,305.0,87.5,-80.24
2023-08-02 11:05:00+00:00,2023-08-02 11:05:00+00:00,BUY,1949.964,1953.444,1948.224,1953.444,0.46,146.28,3.18,2.0,TP,5.0,173.6,0.0
2023-08-03 10:35:00+00:00,2023-08-03 11:29:00+00:00,SELL,1935.928,1935.435,1938.315,1931.1540000000002,0.34,6.56,0.193,0.207,TIME,275.0,106.86,-36.96
2023-08-04 09:30:00+00:00,2023-08-04 09:36:00+00:00,BUY,1933.345,1932.145,1932.145,1935.7450000000001,0.67,-100.5,-1.5,-1.0,SL,35.0,49.58,-84.42
2023-08-07 10:06:00+00:00,2023-08-07 11:29:00+00:00,SELL,1934.535,1934.235,1936.705,1930.1950000000004,0.37,0.0,0.0,0.138,TIME,420.0,46.51,-37.0
2023-08-08 09:05:00+00:00,2023-08-08 10:59:00+00:00,BUY,1932.625,1930.435,1930.435,1937.005,0.37,-92.13,-2.49,-1.0,SL,575.0,99.53,-86.84
2023-08-09 08:20:00+00:00,2023-08-09 08:50:00+00:00,SELL,1929.705,1927.7849999999999,1930.665,1927.7849999999999,0.83,134.46,1.62,2.0,TP,155.0,193.39,0.0
2023-08-10 08:37:00+00:00,2023-08-10 08:39:00+00:00,SELL,1918.835,1919.995,1919.995,1916.5150000000003,0.69,-100.74,-1.46,-1.0,SL,15.0,18.63,-64.17
2023-08-11 08:35:00+00:00,2023-08-11 08:44:00+00:00,SELL,1917.385,1918.585,1918.585,1914.985,0.67,-100.5,-1.5,-1.0,SL,50.0,1.34,-84.42
2023-08-14 09:35:00+00:00,2023-08-14 11:29:00+00:00,SELL,1914.225,1913.735,1915.315,1912.0449999999996,0.73,13.87,0.19,0.45,TIME,575.0,127.02,-46.72
2023-08-15 11:05:00+00:00,2023-08-15 11:29:00+00:00,SELL,1903.545,1903.365,1904.868,1900.8990000000003,0.6,-7.2,-0.12,0.136,TIME,125.0,101.4,0.0
2023-08-16 09:10:00+00:00,2023-08-16 09:10:00+00:00,BUY,1904.615,1906.4550000000002,1903.695,1906.4550000000002,0.87,133.98,1.54,2.0,TP,5.0,179.22,0.0
2023-08-17 10:05:00+00:00,2023-08-17 10:21:00+00:00,BUY,1896.375,1898.495,1895.315,1898.495,0.75,136.5,1.82,2.0,TP,85.0,180.75,-22.5
2023-08-18 10:10:00+00:00,2023-08-18 10:14:00+00:00,BUY,1893.385,1895.265,1892.445,1895.265,0.85,134.3,1.58,2.0,TP,25.0,161.5,0.0
2023-08-21 09:25:00+00:00,2023-08-21 10:22:00+00:00,BUY,1889.305,1887.475,1887.475,1892.9650000000004,0.44,-93.72,-2.13,-1.0,SL,290.0,66.88,-92.84
2023-08-22 08:25:00+00:00,2023-08-22 09:37:00+00:00,SELL,1900.485,1902.165,1902.165,1897.1249999999998,0.48,-95.04,-1.98,-1.0,SL,365.0,105.6,-67.2
2023-08-23 10:55:00+00:00,2023-08-23 11:29:00+00:00,SELL,1903.425,1902.885,1904.935,1900.405,0.53,12.72,0.24,0.358,TIME,175.0,40.12,-37.63
2023-08-25 08:20:00+00:00,2023-08-25 09:28:00+00:00,BUY,1914.645,1917.545,1913.195,1917.545,0.55,143.0,2.6,2.0,TP,345.0,164.45,-66.38
2023-08-28 11:05:00+00:00,2023-08-28 11:29:00+00:00,BUY,1914.655,1914.625,1913.378,1917.209,0.63,-20.79,-0.33,-0.023,TIME,125.0,37.17,-23.75
2023-08-29 09:04:00+00:00,2023-08-29 10:25:00+00:00,BUY,1923.395,1922.098,1922.098,1925.989,0.62,-99.01,-1.597,-1.0,SL,410.0,62.62,-86.8
2023-08-30 11:15:00+00:00,2023-08-30 11:29:00+00:00,BUY,1936.855,1938.625,1935.365,1939.835,0.54,79.38,1.47,1.188,TIME,75.0,102.6,0.0
2023-08-31 09:05:00+00:00,2023-08-31 10:29:00+00:00,SELL,1944.795,1945.425,1945.425,1943.5350000000003,1.27,-118.11,-0.93,-1.0,SL,425.0,156.21,-52.45
2023-09-01 10:25:00+00:00,2023-09-01 11:29:00+00:00,BUY,1943.685,1944.855,1942.865,1945.3249999999998,0.98,85.26,0.87,1.427,TIME,325.0,158.76,-29.4
2023-09-04 09:25:00+00:00,2023-09-04 09:32:00+00:00,SELL,1943.445,1942.1989999999998,1944.068,1942.1989999999998,1.28,121.09,0.946,2.0,TP,40.0,203.52,0.0
2023-09-05 08:40:00+00:00,2023-09-05 09:28:00+00:00,SELL,1934.215,1931.4749999999997,1935.585,1931.4749999999997,0.58,141.52,2.44,2.0,TP,245.0,185.6,0.0
2023-09-06 09:55:00+00:00,2023-09-06 10:10:00+00:00,BUY,1924.005,1926.8150000000005,1922.6,1926.8150000000005,0.57,143.07,2.51,2.0,TP,80.0,203.49,0.0
2023-09-07 08:35:00+00:00,2023-09-07 09:32:00+00:00,BUY,1918.228,1920.134,1917.275,1920.134,0.84,134.9,1.606,2.0,TP,290.0,174.47,-3.61
2023-09-08 09:25:00+00:00,2023-09-08 10:37:00+00:00,BUY,1924.705,1923.755,1923.755,1926.6049999999996,0.84,-105.0,-1.25,-1.0,SL,365.0,66.36,-84.0
2023-09-11 09:00:00+00:00,2023-09-11 09:52:00+00:00,BUY,1926.745,1925.275,1925.275,1929.6849999999995,0.54,-95.58,-1.77,-1.0,SL,265.0,63.72,-79.92
2023-09-12 08:15:00+00:00,2023-09-12 09:35:00+00:00,BUY,1920.445,1918.528,1918.528,1924.2789999999998,0.42,-93.11,-2.217,-1.0,SL,405.0,34.86,-81.48
2023-09-13 09:35:00+00:00,2023-09-13 09:45:00+00:00,BUY,1912.205,1911.068,1911.068,1914.4789999999998,0.7,-100.59,-1.437,-1.0,SL,55.0,12.6,-89.6
2023-09-14 10:25:00+00:00,2023-09-14 10:53:00+00:00,BUY,1906.385,1908.2989999999998,1905.428,1908.2989999999998,0.84,135.58,1.614,2.0,TP,145.0,171.36,0.0
2023-09-15 11:19:00+00:00,2023-09-15 11:29:00+00:00,BUY,1918.158,1918.478,1916.695,1921.0839999999998,0.55,1.1,0.02,0.219,TIME,55.0,31.19,-5.11
2023-09-19 10:30:00+00:00,2023-09-19 10:39:00+00:00,BUY,1934.815,1936.489,1933.978,1936.489,0.96,131.9,1.374,2.0,TP,50.0,169.25,0.0
2023-09-20 09:05:00+00:00,2023-09-20 09:53:00+00:00,BUY,1929.365,1930.845,1928.625,1930.845,1.08,127.44,1.18,2.0,TP,245.0,170.64,0.0
2023-09-21 08:55:00+00:00,2023-09-21 08:55:00+00:00,SELL,1926.125,1923.725,1927.325,1923.725,0.67,140.7,2.1,2.0,TP,5.0,205.02,0.0
2023-09-22 09:15:00+00:00,2023-09-22 11:29:00+00:00,SELL,1926.595,1925.505,1927.905,1923.9750000000001,0.61,48.19,0.79,0.832,TIME,675.0,145.18,0.0
2023-09-25 08:20:00+00:00,2023-09-25 08:39:00+00:00,SELL,1922.618,1923.665,1923.665,1920.524,0.76,-102.37,-1.347,-1.0,SL,100.0,137.56,-59.81
2023-09-26 09:35:00+00:00,2023-09-26 11:29:00+00:00,SELL,1913.475,1912.875,1915.365,1909.6949999999997,0.42,12.6,0.3,0.317,TIME,575.0,127.55,-2.94
2023-09-27 09:55:00+00:00,2023-09-27 11:15:00+00:00,SELL,1896.228,1893.174,1897.755,1893.174,0.52,143.21,2.754,2.0,TP,405.0,183.2,-2.96
2023-09-28 09:45:00+00:00,2023-09-28 10:17:00+00:00,BUY,1876.155,1874.925,1874.925,1878.615,0.65,-99.45,-1.53,-1.0,SL,165.0,63.7,-87.75
2023-09-29 11:10:00+00:00,2023-09-29 11:26:00+00:00,SELL,1871.815,1868.1150000000002,1873.665,1868.1150000000002,0.43,146.2,3.4,2.0,TP,85.0,172.0,0.0
2023-10-02 09:25:00+00:00,2023-10-02 09:30:00+00:00,SELL,1839.625,1833.4250000000002,1842.725,1833.4250000000002,0.26,153.4,5.9,2.0,TP,30.0,223.89,0.0
2023-10-03 08:20:00+00:00,2023-10-03 09:10:00+00:00,BUY,1828.065,1823.905,1823.905,1836.3850000000002,0.19,-84.74,-4.46,-1.0,SL,255.0,19.0,-82.84
2023-10-04 11:15:00+00:00,2023-10-04 11:15:00+00:00,BUY,1823.355,1825.795,1822.135,1825.795,0.66,141.24,2.14,2.0,TP,5.0,246.84,0.0
2023-10-05 09:50:00+00:00,2023-10-05 11:29:00+00:00,BUY,1822.285,1821.065,1820.555,1825.7450000000001,0.46,-69.92,-1.52,-0.705,TIME,500.0,71.76,-74.98
2023-10-06 10:05:00+00:00,2023-10-06 10:12:00+00:00,BUY,1821.665,1824.185,1820.405,1824.185,0.63,139.86,2.22,2.0,TP,40.0,172.62,-25.64
2023-10-09 09:20:00+00:00,2023-10-09 11:00:00+00:00,BUY,1850.555,1849.685,1849.685,1852.2950000000003,0.92,-107.64,-1.17,-1.0,SL,505.0,156.4,-81.97
2023-10-10 11:25:00+00:00,2023-10-10 11:29:00+00:00,SELL,1855.295,1855.705,1858.198,1849.489,0.28,-19.88,-0.71,-0.141,TIME,25.0,14.84,-14.0
2023-10-11 10:25:00+00:00,2023-10-11 10:25:00+00:00,BUY,1868.475,1871.7949999999996,1866.815,1871.7949999999996,0.48,144.96,3.02,2.0,TP,5.0,224.78,0.0
2023-10-12 10:35:00+00:00,2023-10-12 11:29:00+00:00,BUY,1880.265,1881.938,1878.555,1883.6850000000002,0.47,64.53,1.373,0.978,TIME,275.0,134.42,0.0
2023-10-13 09:30:00+00:00,2023-10-13 09:38:00+00:00,BUY,1883.675,1887.195,1881.915,1887.195,0.45,144.9,3.22,2.0,TP,45.0,193.5,0.0
2023-10-16 09:40:00+00:00,2023-10-16 10:59:00+00:00,BUY,1913.445,1917.6849999999997,1911.325,1917.6849999999997,0.38,149.72,3.94,2.0,TP,400.0,182.78,0.0
2023-10-17 09:05:00+00:00,2023-10-17 10:13:00+00:00,BUY,1920.285,1923.765,1918.545,1923.765,0.46,146.28,3.18,2.0,TP,345.0,243.8,0.0
2023-10-18 09:35:00+00:00,2023-10-18 09:35:00+00:00,BUY,1939.655,1944.735,1937.115,1944.735,0.31,148.18,4.78,2.0,TP,5.0,161.51,0.0
2023-10-20 08:50:00+00:00,2023-10-20 11:29:00+00:00,BUY,1982.205,1982.765,1979.935,1986.745,0.35,9.1,0.26,0.247,TIME,800.0,125.65,-72.45
2023-10-24 08:50:00+00:00,2023-10-24 09:18:00+00:00,SELL,1973.615,1969.155,1975.845,1969.155,0.36,149.76,4.16,2.0,TP,145.0,226.8,0.0
2023-10-25 08:25:00+00:00,2023-10-25 08:35:00+00:00,BUY,1971.575,1973.555,1970.585,1973.555,0.81,136.08,1.68,2.0,TP,55.0,192.78,0.0
2023-10-26 10:40:00+00:00,2023-10-26 11:29:00+00:00,SELL,1988.558,1987.065,1990.805,1984.0639999999999,0.36,42.95,1.193,0.664,TIME,250.0,95.18,0.0
2023-10-27 08:20:00+00:00,2023-10-27 09:53:00+00:00,BUY,1987.255,1985.415,1985.415,1990.9350000000004,0.43,-92.02,-2.14,-1.0,SL,470.0,24.08,-91.16
2023-10-30 09:20:00+00:00,2023-10-30 11:29:00+00:00,BUY,1994.295,1994.445,1990.835,2001.2150000000001,0.23,-3.45,-0.15,0.043,TIME,650.0,69.23,-39.33
2023-10-31 08:20:00+00:00,2023-10-31 10:47:00+00:00,BUY,1996.235,1998.8769999999997,1994.914,1998.8769999999997,0.61,142.86,2.342,2.0,TP,740.0,165.31,-54.9
2023-11-01 08:50:00+00:00,2023-11-01 08:51:00+00:00,BUY,1978.505,1981.5450000000005,1976.985,1981.5450000000005,0.53,145.22,2.74,2.0,TP,10.0,193.45,0.0
2023-11-02 08:40:00+00:00,2023-11-02 08:40:00+00:00,BUY,1985.595,1988.0490000000002,1984.368,1988.0490000000002,0.65,140.01,2.154,2.0,TP,5.0,172.25,0.0
2023-11-06 08:20:00+00:00,2023-11-06 11:29:00+00:00,BUY,1986.038,1987.045,1982.685,1992.7440000000001,0.24,16.97,0.707,0.3,TIME,950.0,53.21,-18.55
2023-11-07 08:25:00+00:00,2023-11-07 11:29:00+00:00,SELL,1968.138,1964.515,1970.155,1964.1039999999998,0.4,132.92,3.323,1.796,TIME,925.0,163.2,-31.88
2023-11-08 08:19:00+00:00,2023-11-08 10:14:00+00:00,SELL,1967.035,1963.2750000000003,1968.915,1963.2750000000003,0.43,148.78,3.46,2.0,TP,580.0,184.04,-58.05
2023-11-09 08:15:00+00:00,2023-11-09 08:44:00+00:00,SELL,1946.475,1949.485,1949.485,1940.455,0.27,-89.37,-3.31,-1.0,SL,150.0,51.3,-73.44
2023-11-10 08:44:00+00:00,2023-11-10 09:00:00+00:00,BUY,1956.015,1954.585,1954.585,1958.8750000000002,0.56,-96.88,-1.73,-1.0,SL,85.0,9.52,-112.0
2023-11-13 09:35:00+00:00,2023-11-13 10:25:00+00:00,BUY,1939.215,1937.145,1937.145,1943.3549999999998,0.39,-92.43,-2.37,-1.0,SL,255.0,45.63,-88.02
2023-11-14 08:35:00+00:00,2023-11-14 08:45:00+00:00,BUY,1945.845,1944.295,1944.295,1948.945,0.52,-96.2,-1.85,-1.0,SL,55.0,3.64,-82.68
2023-11-15 08:25:00+00:00,2023-11-15 10:23:00+00:00,BUY,1970.955,1973.435,1969.715,1973.435,0.65,141.7,2.18,2.0,TP,595.0,187.85,-66.95
2023-11-16 09:10:00+00:00,2023-11-16 10:34:00+00:00,BUY,1966.885,1964.988,1964.988,1970.6789999999999,0.42,-92.27,-2.197,-1.0,SL,425.0,64.68,-80.68
2023-11-17 08:35:00+00:00,2023-11-17 11:29:00+00:00,BUY,1987.585,1990.905,1984.558,1993.6390000000001,0.26,78.52,3.02,1.097,TIME,875.0,149.5,-37.44
2023-11-20 08:20:00+00:00,2023-11-20 09:32:00+00:00,SELL,1978.135,1979.905,1979.905,1974.595,0.45,-93.15,-2.07,-1.0,SL,365.0,96.07,-76.05
2023-11-21 08:45:00+00:00,2023-11-21 08:50:00+00:00,SELL,1991.978,1987.5040000000004,1994.215,1987.5040000000004,0.36,150.26,4.174,2.0,TP,30.0,198.83,0.0
2023-11-22 08:30:00+00:00,2023-11-22 11:29:00+00:00,SELL,2003.225,2002.755,2006.318,1997.0389999999998,0.26,4.42,0.17,0.152,TIME,900.0,109.46,-7.28
2023-11-23 08:22:00+00:00,2023-11-23 11:29:00+00:00,SELL,1994.425,1993.695,1996.305,1990.6649999999997,0.43,18.49,0.43,0.388,TIME,940.0,100.19,-64.5
2023-11-24 09:55:00+00:00,2023-11-24 11:29:00+00:00,BUY,1994.205,1995.225,1992.125,1998.3649999999998,0.38,27.36,0.72,0.49,TIME,475.0,75.24,-6.08
2023-11-27 08:50:00+00:00,2023-11-27 11:29:00+00:00,BUY,2013.305,2013.165,2010.445,2019.0250000000003,0.28,-12.32,-0.44,-0.049,TIME,800.0,58.52,-47.04
2023-11-28 08:30:00+00:00,2023-11-28 08:49:00+00:00,SELL,2013.115,2014.645,2014.645,2010.055,0.52,-95.16,-1.83,-1.0,SL,100.0,6.76,-70.72
2023-11-29 08:19:00+00:00,2023-11-29 09:31:00+00:00,SELL,2042.035,2038.1350000000004,2043.985,2038.1350000000004,0.41,147.6,3.6,2.0,TP,365.0,177.94,-60.68
2023-11-30 08:25:00+00:00,2023-11-30 08:32:00+00:00,SELL,2044.358,2042.704,2045.185,2042.704,0.97,131.34,1.354,2.0,TP,40.0,196.23,0.0
2023-12-01 08:50:00+00:00,2023-12-01 08:50:00+00:00,BUY,2040.495,2043.1689999999999,2039.158,2043.1689999999999,0.6,142.44,2.374,2.0,TP,5.0,178.2,0.0
2023-12-04 10:10:00+00:00,2023-12-04 11:29:00+00:00,BUY,2064.365,2069.655,2057.685,2077.7249999999995,0.12,59.88,4.99,0.792,TIME,400.0,72.24,-4.76
2023-12-05 08:30:00+00:00,2023-12-05 09:03:00+00:00,BUY,2036.395,2032.565,2032.565,2044.0549999999998,0.21,-86.73,-4.13,-1.0,SL,170.0,32.34,-84.0
2023-12-06 08:45:00+00:00,2023-12-06 08:45:00+00:00,SELL,2032.045,2026.8050000000003,2034.665,2026.8050000000003,0.31,153.14,4.94,2.0,TP,5.0,181.35,0.0
2023-12-07 08:40:00+00:00,2023-12-07 11:29:00+00:00,BUY,2031.385,2031.405,2028.745,2036.6650000000002,0.3,-8.4,-0.28,0.008,TIME,850.0,109.2,-11.61
2023-12-08 08:55:00+00:00,2023-12-08 10:07:00+00:00,SELL,2027.955,2030.725,2030.725,2022.415,0.29,-89.03,-3.07,-1.0,SL,365.0,44.37,-88.74
2023-12-11 08:25:00+00:00,2023-12-11 09:51:00+00:00,BUY,1995.365,1991.848,1991.848,2002.3990000000001,0.23,-87.79,-3.817,-1.0,SL,435.0,54.05,-81.88
2023-12-12 09:05:00+00:00,2023-12-12 10:35:00+00:00,SELL,1985.235,1988.158,1988.158,1979.389,0.27,-87.02,-3.223,-1.0,SL,455.0,70.74,-71.82
2023-12-13 10:20:00+00:00,2023-12-13 10:55:00+00:00,BUY,1980.025,1983.0850000000005,1978.495,1983.0850000000005,0.52,143.52,2.76,2.0,TP,180.0,163.28,0.0
2023-12-14 08:30:00+00:00,2023-12-14 11:29:00+00:00,BUY,2035.885,2034.445,2031.915,2043.825,0.2,-34.8,-1.74,-0.363,TIME,900.0,86.6,-73.4
2023-12-15 08:15:00+00:00,2023-12-15 09:04:00+00:00,BUY,2038.958,2043.226,2036.824,2043.226,0.37,146.82,3.968,2.0,TP,250.0,173.05,-72.15
2023-12-18 08:30:00+00:00,2023-12-18 09:18:00+00:00,BUY,2023.405,2026.905,2021.655,2026.905,0.46,147.2,3.2,2.0,TP,245.0,175.26,-32.2
2023-12-19 11:10:00+00:00,2023-12-19 11:29:00+00:00,BUY,2025.275,2026.745,2023.778,2028.2690000000002,0.53,62.01,1.17,0.982,TIME,100.0,98.05,0.0
2023-12-20 09:15:00+00:00,2023-12-20 09:47:00+00:00,BUY,2042.225,2039.665,2039.665,2047.3449999999998,0.31,-88.66,-2.86,-1.0,SL,165.0,4.34,-82.15
2023-12-22 09:15:00+00:00,2023-12-22 09:36:00+00:00,BUY,2050.928,2053.754,2049.515,2053.754,0.57,143.98,2.526,2.0,TP,110.0,170.26,0.0
2023-12-26 09:10:00+00:00,2023-12-26 11:29:00+00:00,SELL,2062.645,2063.508,2064.625,2058.685,0.4,-46.52,-1.163,-0.436,TIME,695.0,62.8,-55.6
2023-12-27 08:18:00+00:00,2023-12-27 10:25:00+00:00,BUY,2068.178,2065.735,2065.735,2073.0639999999994,0.33,-90.52,-2.743,-1.0,SL,640.0,33.89,-91.51
2023-12-28 08:15:00+00:00,2023-12-28 11:29:00+00:00,SELL,2081.625,2077.325,2086.335,2072.205,0.17,68.0,4.0,0.913,TIME,975.0,146.73,-5.25
2023-12-29 09:00:00+00:00,2023-12-29 09:51:00+00:00,SELL,2071.085,2066.6850000000004,2073.285,2066.6850000000004,0.36,147.6,4.1,2.0,TP,260.0,176.29,0.0
2024-01-02 09:35:00+00:00,2024-01-02 11:29:00+00:00,BUY,2074.465,2074.935,2072.205,2078.9850000000006,0.35,5.95,0.17,0.208,TIME,575.0,152.6,-60.55
2024-01-03 08:30:00+00:00,2024-01-03 09:13:00+00:00,SELL,2062.345,2058.5789999999993,2064.228,2058.5789999999993,0.42,145.57,3.466,2.0,TP,220.0,178.5,0.0
2024-01-04 09:35:00+00:00,2024-01-04 10:50:00+00:00,BUY,2048.545,2046.578,2046.578,2052.4790000000003,0.41,-92.95,-2.267,-1.0,SL,380.0,94.71,-81.18
2024-01-05 09:55:00+00:00,2024-01-05 10:06:00+00:00,SELL,2042.055,2037.689,2044.238,2037.689,0.37,150.44,4.066,2.0,TP,60.0,176.49,0.0
2024-01-08 11:10:00+00:00,2024-01-08 11:18:00+00:00,SELL,2027.735,2019.9149999999997,2031.645,2019.9149999999997,0.2,150.4,7.52,2.0,TP,45.0,222.62,0.0
2024-01-09 10:34:00+00:00,2024-01-09 11:29:00+00:00,BUY,2038.078,2035.018,2032.315,2049.604,0.14,-47.04,-3.36,-0.531,TIME,280.0,4.9,-59.96
2024-01-10 10:05:00+00:00,2024-01-10 11:29:00+00:00,BUY,2034.465,2033.005,2030.165,2043.0649999999998,0.19,-33.44,-1.76,-0.34,TIME,425.0,97.28,-32.81
2024-01-12 10:45:00+00:00,2024-01-12 10:52:00+00:00,BUY,2039.588,2044.014,2037.375,2044.014,0.36,148.54,4.126,2.0,TP,40.0,159.73,0.0
2024-01-15 10:35:00+00:00,2024-01-15 11:29:00+00:00,SELL,2053.785,2052.565,2057.025,2047.3049999999994,0.25,23.0,0.92,0.377,TIME,275.0,58.0,0.0
2024-01-16 08:35:00+00:00,2024-01-16 08:41:00+00:00,SELL,2047.038,2042.444,2049.335,2042.444,0.35,150.29,4.294,2.0,TP,35.0,175.45,0.0
2024-01-17 10:00:00+00:00,2024-01-17 10:30:00+00:00,SELL,2023.838,2026.498,2026.498,2018.5179999999998,0.3,-88.8,-2.96,-1.0,SL,155.0,33.69,-119.7
2024-01-18 10:01:00+00:00,2024-01-18 10:20:00+00:00,SELL,2009.575,2012.218,2012.218,2004.289,0.3,-88.29,-2.943,-1.0,SL,100.0,13.8,-70.89
2024-01-19 08:55:00+00:00,2024-01-19 11:11:00+00:00,BUY,2028.345,2031.519,2026.758,2031.519,0.5,143.7,2.874,2.0,TP,685.0,161.65,-41.0
2024-01-22 08:37:00+00:00,2024-01-22 08:51:00+00:00,BUY,2023.515,2020.755,2020.755,2029.035,0.29,-88.74,-3.06,-1.0,SL,75.0,7.54,-89.61
2024-01-23 10:10:00+00:00,2024-01-23 11:00:00+00:00,SELL,2029.355,2024.755,2031.655,2024.755,0.35,150.5,4.3,2.0,TP,255.0,188.89,0.0
2024-01-24 08:35:00+00:00,2024-01-24 11:29:00+00:00,BUY,2031.745,2031.875,2028.945,2037.3449999999998,0.29,-4.93,-0.17,0.046,TIME,875.0,67.28,-79.95
2024-01-25 08:20:00+00:00,2024-01-25 09:37:00+00:00,SELL,2014.285,2015.858,2015.858,2011.1390000000004,0.51,-95.52,-1.873,-1.0,SL,390.0,87.72,-81.09
2024-01-29 10:00:00+00:00,2024-01-29 11:29:00+00:00,SELL,2030.875,2026.455,2033.525,2025.5749999999998,0.3,123.6,4.12,1.668,TIME,450.0,165.51,0.0
2024-01-30 09:55:00+00:00,2024-01-30 11:20:00+00:00,SELL,2036.888,2033.7079999999996,2038.478,2033.7079999999996,0.5,144.0,2.88,2.0,TP,430.0,175.65,-17.85
2024-01-31 09:25:00+00:00,2024-01-31 11:29:00+00:00,BUY,2037.595,2037.975,2036.055,2040.675,0.52,4.16,0.08,0.247,TIME,625.0,108.16,-60.84
2024-02-01 10:40:00+00:00,2024-02-01 10:56:00+00:00,SELL,2039.315,2032.4550000000004,2042.745,2032.4550000000004,0.23,150.88,6.56,2.0,TP,85.0,191.25,0.0
2024-02-02 09:30:00+00:00,2024-02-02 11:29:00+00:00,SELL,2054.595,2055.265,2056.715,2050.354999999999,0.38,-36.86,-0.97,-0.316,TIME,600.0,76.0,-36.86
2024-02-05 10:25:00+00:00,2024-02-05 11:29:00+00:00,SELL,2024.508,2026.028,2027.585,2018.354,0.26,-47.32,-1.82,-0.494,TIME,325.0,30.5,-41.0
2024-02-06 08:35:00+00:00,2024-02-06 11:29:00+00:00,SELL,2025.238,2025.415,2026.595,2022.5240000000001,0.59,-28.14,-0.477,-0.13,TIME,875.0,144.14,-57.64
2024-02-07 08:20:00+00:00,2024-02-07 11:22:00+00:00,SELL,2033.855,2035.205,2035.205,2031.1550000000002,0.59,-97.35,-1.65,-1.0,SL,915.0,160.3,-63.13
2024-02-08 09:45:00+00:00,2024-02-08 10:23:00+00:00,BUY,2033.208,2036.5680000000002,2031.528,2036.5680000000002,0.48,146.88,3.06,2.0,TP,195.0,178.56,-23.18
2024-02-09 08:15:00+00:00,2024-02-09 11:29:00+00:00,SELL,2031.115,2032.778,2033.965,2025.4150000000002,0.28,-54.96,-1.963,-0.584,TIME,975.0,19.32,-66.64
2024-02-12 08:20:00+00:00,2024-02-12 08:46:00+00:00,BUY,2025.885,2024.828,2024.828,2027.999,0.76,-103.13,-1.357,-1.0,SL,135.0,96.75,-95.0
2024-02-13 08:35:00+00:00,2024-02-13 11:21:00+00:00,BUY,2025.815,2028.0150000000003,2024.715,2028.0150000000003,0.73,138.7,1.9,2.0,TP,835.0,163.52,-68.62
2024-02-14 08:15:00+00:00,2024-02-14 09:32:00+00:00,SELL,1987.428,1990.555,1990.555,1981.1740000000002,0.26,-89.1,-3.427,-1.0,SL,390.0,38.56,-80.6
2024-02-15 10:50:00+00:00,2024-02-15 11:29:00+00:00,BUY,1995.375,1996.175,1993.465,1999.1950000000002,0.42,21.0,0.5,0.419,TIME,200.0,77.7,0.0
2024-02-16 08:15:00+00:00,2024-02-16 08:45:00+00:00,SELL,2004.435,2005.585,2005.585,2002.1349999999998,0.7,-101.5,-1.45,-1.0,SL,155.0,13.3,-65.1
2024-02-19 08:20:00+00:00,2024-02-19 08:30:00+00:00,BUY,2021.075,2020.075,2020.075,2023.075,0.8,-104.0,-1.3,-1.0,SL,55.0,5.6,-90.4
2024-02-20 08:25:00+00:00,2024-02-20 09:07:00+00:00,BUY,2021.498,2023.0840000000003,2020.705,2023.0840000000003,1.01,129.89,1.286,2.0,TP,215.0,190.59,-75.04
2024-02-21 10:40:00+00:00,2024-02-21 11:13:00+00:00,BUY,2029.165,2027.958,2027.958,2031.5789999999997,0.66,-99.46,-1.507,-1.0,SL,170.0,60.06,-89.1
2024-02-22 11:05:00+00:00,2024-02-22 11:29:00+00:00,SELL,2031.335,2028.015,2034.708,2024.589,0.24,72.48,3.02,0.984,TIME,125.0,100.32,0.0
2024-02-23 08:38:00+00:00,2024-02-23 10:47:00+00:00,SELL,2020.135,2022.545,2022.545,2015.3149999999998,0.33,-89.43,-2.71,-1.0,SL,650.0,137.94,-73.59
2024-02-26 10:35:00+00:00,2024-02-26 11:06:00+00:00,SELL,2034.125,2031.3850000000002,2035.495,2031.3850000000002,0.58,141.52,2.44,2.0,TP,160.0,190.82,-9.86
2024-02-27 08:25:00+00:00,2024-02-27 08:31:00+00:00,BUY,2035.675,2037.9149999999997,2034.555,2037.9149999999997,0.71,137.74,1.94,2.0,TP,35.0,168.27,0.0
2024-02-28 08:55:00+00:00,2024-02-28 10:00:00+00:00,SELL,2027.535,2025.055,2028.775,2025.055,0.65,141.7,2.18,2.0,TP,330.0,206.7,0.0
2024-02-29 09:50:00+00:00,2024-02-29 10:39:00+00:00,SELL,2035.455,2031.875,2037.245,2031.875,0.45,147.6,3.28,2.0,TP,250.0,179.1,0.0
2024-03-01 08:16:00+00:00,2024-03-01 09:37:00+00:00,SELL,2043.145,2045.595,2045.595,2038.245,0.33,-90.75,-2.75,-1.0,SL,410.0,139.59,-74.58
2024-03-04 08:20:00+00:00,2024-03-04 10:31:00+00:00,SELL,2085.935,2082.935,2087.435,2082.935,0.53,143.1,2.7,2.0,TP,660.0,179.67,-6.89
2024-03-05 08:30:00+00:00,2024-03-05 11:29:00+00:00,BUY,2118.775,2126.745,2114.355,2127.6150000000002,0.18,138.06,7.67,1.803,TIME,900.0,152.28,0.0
2024-03-06 09:57:00+00:00,2024-03-06 10:11:00+00:00,BUY,2128.805,2126.348,2126.348,2133.7189999999996,0.33,-90.98,-2.757,-1.0,SL,75.0,30.03,-85.37
2024-03-07 11:05:00+00:00,2024-03-07 11:29:00+00:00,SELL,2155.255,2154.035,2157.035,2151.6950000000006,0.45,41.4,0.92,0.685,TIME,125.0,95.71,-19.35
2024-03-08 08:30:00+00:00,2024-03-08 09:56:00+00:00,BUY,2163.665,2168.965,2161.015,2168.965,0.3,150.0,5.0,2.0,TP,435.0,160.8,-10.2
2024-03-11 08:16:00+00:00,2024-03-11 09:13:00+00:00,SELL,2180.725,2176.2589999999996,2182.958,2176.2589999999996,0.36,149.98,4.166,2.0,TP,290.0,177.84,-28.8
2024-03-12 08:39:00+00:00,2024-03-12 08:55:00+00:00,SELL,2176.665,2177.705,2177.705,2174.585,0.77,-103.18,-1.34,-1.0,SL,85.0,61.6,-58.52
2024-03-13 10:31:00+00:00,2024-03-13 11:29:00+00:00,BUY,2160.995,2162.535,2158.695,2165.5949999999993,0.35,43.4,1.24,0.67,TIME,295.0,102.9,-19.95
2024-03-14 09:35:00+00:00,2024-03-14 09:35:00+00:00,BUY,2169.095,2171.1949999999993,2168.045,2171.1949999999993,0.76,136.8,1.8,2.0,TP,5.0,188.48,0.0
2024-03-15 09:40:00+00:00,2024-03-15 09:56:00+00:00,BUY,2167.628,2171.534,2165.675,2171.534,0.41,147.85,3.606,2.0,TP,85.0,190.12,-9.96
2024-03-18 08:15:00+00:00,2024-03-18 10:54:00+00:00,BUY,2152.745,2158.125,2150.055,2158.125,0.3,152.4,5.08,2.0,TP,800.0,168.0,-39.9
2024-03-19 08:15:00+00:00,2024-03-19 10:15:00+00:00,SELL,2151.825,2155.825,2155.825,2143.825,0.2,-86.0,-4.3,-1.0,SL,605.0,95.6,-76.4
2024-03-20 09:55:00+00:00,2024-03-20 11:29:00+00:00,SELL,2154.735,2153.715,2158.275,2147.655,0.23,16.56,0.72,0.288,TIME,475.0,57.96,-2.3
2024-03-21 08:35:00+00:00,2024-03-21 08:42:00+00:00,SELL,2204.185,2199.485,2206.535,2199.485,0.34,149.6,4.4,2.0,TP,40.0,253.2,0.0
2024-03-22 09:00:00+00:00,2024-03-22 09:56:00+00:00,BUY,2169.175,2165.685,2165.685,2176.1550000000007,0.23,-87.17,-3.79,-1.0,SL,285.0,19.32,-82.57
2024-03-26 08:20:00+00:00,2024-03-26 08:30:00+00:00,BUY,2173.448,2177.4539999999993,2171.445,2177.4539999999993,0.4,148.24,3.706,2.0,TP,55.0,170.68,0.0
2024-03-27 08:30:00+00:00,2024-03-27 08:44:00+00:00,SELL,2180.155,2177.435000000001,2181.515,2177.435000000001,0.59,142.78,2.42,2.0,TP,75.0,182.31,0.0
2024-03-28 08:40:00+00:00,2024-03-28 10:17:00+00:00,BUY,2193.805,2199.9649999999997,2190.725,2199.9649999999997,0.26,152.36,5.86,2.0,TP,490.0,175.21,-36.92
2024-04-01 09:25:00+00:00,2024-04-01 09:40:00+00:00,SELL,2256.935,2250.6349999999998,2260.085,2250.6349999999998,0.25,150.0,6.0,2.0,TP,80.0,176.0,0.0
2024-04-02 09:35:00+00:00,2024-04-02 10:11:00+00:00,BUY,2262.555,2256.075,2256.075,2275.515,0.12,-81.36,-6.78,-1.0,SL,185.0,30.96,-88.64
2024-04-05 08:36:00+00:00,2024-04-05 09:42:00+00:00,SELL,2288.158,2291.685,2291.685,2281.104,0.23,-88.02,-3.827,-1.0,SL,335.0,77.97,-95.22
2024-04-08 10:35:00+00:00,2024-04-08 11:29:00+00:00,BUY,2340.535,2340.008,2336.575,2348.455,0.2,-16.54,-0.827,-0.133,TIME,275.0,58.0,-58.0
2024-04-09 09:25:00+00:00,2024-04-09 09:25:00+00:00,BUY,2354.315,2360.4150000000004,2351.265,2360.4150000000004,0.26,150.8,5.8,2.0,TP,5.0,270.4,0.0
2024-04-10 08:30:00+00:00,2024-04-10 09:20:00+00:00,BUY,2354.075,2352.378,2352.378,2357.468999999999,0.47,-93.86,-1.997,-1.0,SL,255.0,80.84,-89.3
2024-04-11 08:15:00+00:00,2024-04-11 10:51:00+00:00,SELL,2331.625,2337.858,2337.858,2319.1589999999997,0.13,-84.93,-6.533,-1.0,SL,785.0,77.61,-77.74
2024-04-12 11:20:00+00:00,2024-04-12 11:29:00+00:00,SELL,2396.325,2393.475,2400.575,2387.825,0.19,48.45,2.55,0.671,TIME,50.0,83.22,0.0
2024-04-15 08:35:00+00:00,2024-04-15 10:57:00+00:00,SELL,2348.885,2355.935,2355.935,2334.7850000000008,0.11,-80.85,-7.35,-1.0,SL,715.0,46.97,-77.33
2024-04-16 10:10:00+00:00,2024-04-16 10:14:00+00:00,BUY,2368.315,2374.8750000000005,2365.035,2374.8750000000005,0.24,150.24,6.26,2.0,TP,25.0,165.91,0.0
2024-04-17 08:35:00+00:00,2024-04-17 08:35:00+00:00,BUY,2385.055,2390.408999999999,2382.378,2390.408999999999,0.3,151.62,5.054,2.0,TP,5.0,175.8,0.0
2024-04-18 10:25:00+00:00,2024-04-18 11:29:00+00:00,BUY,2380.108,2381.355,2377.245,2385.8340000000007,0.28,26.52,0.947,0.436,TIME,325.0,105.76,-34.72
2024-04-19 11:05:00+00:00,2024-04-19 11:29:00+00:00,SELL,2379.528,2374.655,2385.255,2368.073999999999,0.14,64.02,4.573,0.851,TIME,125.0,94.12,0.0
2024-04-22 11:05:00+00:00,2024-04-22 11:06:00+00:00,SELL,2359.665,2353.0649999999996,2362.965,2353.0649999999996,0.24,151.2,6.3,2.0,TP,10.0,179.54,0.0
2024-04-23 09:15:00+00:00,2024-04-23 09:15:00+00:00,SELL,2305.535,2298.5549999999994,2309.025,2298.5549999999994,0.23,153.64,6.68,2.0,TP,5.0,194.81,0.0
2024-04-24 09:20:00+00:00,2024-04-24 11:29:00+00:00,SELL,2317.448,2315.455,2321.835,2308.6739999999995,0.18,30.47,1.693,0.454,TIME,650.0,104.63,-17.41
2024-04-25 11:10:00+00:00,2024-04-25 11:29:00+00:00,BUY,2328.725,2326.908,2324.855,2336.4649999999997,0.21,-44.46,-2.117,-0.47,TIME,100.0,30.66,-39.27
2024-04-29 09:10:00+00:00,2024-04-29 09:46:00+00:00,BUY,2337.865,2340.9049999999997,2336.345,2340.9049999999997,0.53,145.22,2.74,2.0,TP,185.0,170.66,-36.57
2024-04-30 08:30:00+00:00,2024-04-30 08:56:00+00:00,SELL,2316.015,2311.2949999999996,2318.375,2311.2949999999996,0.34,150.28,4.42,2.0,TP,135.0,185.98,0.0
2024-05-01 09:50:00+00:00,2024-05-01 09:50:00+00:00,BUY,2286.685,2291.065,2284.495,2291.065,0.37,150.96,4.08,2.0,TP,5.0,233.84,0.0
2024-05-02 08:30:00+00:00,2024-05-02 10:03:00+00:00,SELL,2306.548,2297.8139999999994,2310.915,2297.8139999999994,0.18,151.81,8.434,2.0,TP,470.0,167.22,-10.21
2024-05-03 09:42:00+00:00,2024-05-03 10:50:00+00:00,BUY,2302.555,2298.255,2298.255,2311.1549999999993,0.19,-87.4,-4.6,-1.0,SL,345.0,4.75,-88.1
2024-05-06 09:50:00+00:00,2024-05-06 11:29:00+00:00,SELL,2320.345,2320.558,2322.965,2315.104999999999,0.31,-15.9,-0.513,-0.081,TIME,500.0,51.77,-62.0
2024-05-08 08:36:00+00:00,2024-05-08 10:03:00+00:00,BUY,2306.685,2312.945,2303.555,2312.945,0.26,154.96,5.96,2.0,TP,440.0,173.16,-36.92
2024-05-09 09:50:00+00:00,2024-05-09 10:42:00+00:00,SELL,2308.925,2312.905,2312.905,2300.965,0.2,-85.6,-4.28,-1.0,SL,265.0,35.8,-75.2
2024-05-10 09:00:00+00:00,2024-05-10 09:09:00+00:00,BUY,2368.235,2373.2550000000006,2365.725,2373.2550000000006,0.32,151.04,4.72,2.0,TP,50.0,163.2,0.0
2024-05-13 08:30:00+00:00,2024-05-13 08:30:00+00:00,SELL,2348.065,2343.6790000000005,2350.258,2343.6790000000005,0.36,147.1,4.086,2.0,TP,5.0,179.89,0.0
2024-05-14 08:25:00+00:00,2024-05-14 08:33:00+00:00,BUY,2339.595,2337.805,2337.805,2343.1749999999997,0.45,-94.05,-2.09,-1.0,SL,45.0,2.25,-85.5
2024-05-15 08:30:00+00:00,2024-05-15 08:30:00+00:00,BUY,2364.385,2368.6450000000004,2362.255,2368.6450000000004,0.38,150.48,3.96,2.0,TP,5.0,183.54,0.0
2024-05-16 08:15:00+00:00,2024-05-16 10:30:00+00:00,SELL,2388.365,2382.584999999999,2391.255,2382.584999999999,0.28,153.44,5.48,2.0,TP,680.0,176.12,-1.96
2024-05-17 09:05:00+00:00,2024-05-17 09:29:00+00:00,BUY,2384.695,2381.795,2381.795,2390.4950000000003,0.28,-89.6,-3.2,-1.0,SL,125.0,49.0,-82.32
2024-05-20 09:06:00+00:00,2024-05-20 10:35:00+00:00,BUY,2443.495,2437.915,2437.915,2454.6549999999997,0.14,-82.32,-5.88,-1.0,SL,450.0,49.28,-104.72
2024-05-21 09:45:00+00:00,2024-05-21 10:51:00+00:00,SELL,2417.065,2419.875,2419.875,2411.445,0.28,-87.08,-3.11,-1.0,SL,335.0,90.16,-73.36
2024-05-22 08:25:00+00:00,2024-05-22 08:28:00+00:00,SELL,2415.184,2410.964000000001,2417.294,2410.964000000001,0.38,148.96,3.92,2.0,TP,20.0,174.04,0.0
2024-05-23 08:35:00+00:00,2024-05-23 09:16:00+00:00,BUY,2357.685,2362.5989999999997,2355.228,2362.5989999999997,0.33,152.26,4.614,2.0,TP,210.0,188.43,0.0
2024-05-24 10:20:00+00:00,2024-05-24 11:29:00+00:00,BUY,2338.775,2340.635,2335.975,2344.3750000000005,0.29,45.24,1.56,0.664,TIME,350.0,143.84,-7.83
2024-05-27 08:45:00+00:00,2024-05-27 11:29:00+00:00,BUY,2341.528,2344.485,2338.055,2348.4739999999997,0.23,61.11,2.657,0.851,TIME,825.0,104.81,0.0
2024-05-28 08:19:00+00:00,2024-05-28 08:57:00+00:00,SELL,2340.635,2344.935,2344.935,2332.0350000000008,0.19,-87.4,-4.6,-1.0,SL,195.0,9.12,-78.28
2024-05-29 11:10:00+00:00,2024-05-29 11:29:00+00:00,SELL,2348.684,2344.725,2351.715,2342.6220000000003,0.26,95.13,3.659,1.306,TIME,100.0,157.53,0.0
2024-05-30 09:30:00+00:00,2024-05-30 09:46:00+00:00,BUY,2335.205,2331.955,2331.955,2341.705,0.25,-88.75,-3.55,-1.0,SL,85.0,55.25,-91.75
2024-05-31 09:35:00+00:00,2024-05-31 11:29:00+00:00,BUY,2342.225,2343.575,2339.615,2347.445,0.31,32.55,1.05,0.517,TIME,575.0,79.36,-24.18
2024-06-03 10:20:00+00:00,2024-06-03 11:29:00+00:00,BUY,2327.515,2331.208,2324.668,2333.2089999999994,0.28,95.0,3.393,1.297,TIME,350.0,157.16,-32.76
2024-06-04 09:05:00+00:00,2024-06-04 11:29:00+00:00,SELL,2334.735,2325.4,2339.625,2324.9550000000004,0.16,144.56,9.035,1.909,TIME,725.0,149.36,0.0
2024-06-05 10:10:00+00:00,2024-06-05 10:42:00+00:00,SELL,2331.245,2334.485,2334.485,2324.7649999999994,0.25,-88.5,-3.54,-1.0,SL,165.0,47.42,-77.5
2024-06-06 08:35:00+00:00,2024-06-06 08:54:00+00:00,SELL,2361.655,2362.995,2362.995,2358.975000000001,0.6,-98.4,-1.64,-1.0,SL,100.0,118.8,-62.4
2024-06-07 08:15:00+00:00,2024-06-07 11:29:00+00:00,SELL,2350.805,2334.515,2373.765,2304.8849999999998,0.03,47.97,15.99,0.709,TIME,975.0,59.52,-20.19
2024-06-10 11:05:00+00:00,2024-06-10 11:29:00+00:00,BUY,2297.395,2298.925,2295.315,2301.555,0.38,46.74,1.23,0.736,TIME,125.0,139.08,0.0
2024-06-11 08:30:00+00:00,2024-06-11 09:28:00+00:00,BUY,2306.465,2303.115,2303.115,2313.165000000001,0.24,-87.6,-3.65,-1.0,SL,295.0,20.16,-84.24
2024-06-12 09:58:00+00:00,2024-06-12 11:29:00+00:00,SELL,2313.785,2313.885,2315.628,2310.0989999999993,0.43,-17.2,-0.4,-0.054,TIME,460.0,71.25,-37.97
2024-06-13 09:15:00+00:00,2024-06-13 09:41:00+00:00,BUY,2317.125,2314.585,2314.585,2322.205,0.31,-88.04,-2.84,-1.0,SL,135.0,35.96,-78.74
2024-06-14 10:25:00+00:00,2024-06-14 11:29:00+00:00,BUY,2321.525,2328.905,2314.675,2335.225,0.12,84.96,7.08,1.077,TIME,325.0,132.48,0.0
2024-06-17 10:50:00+00:00,2024-06-17 11:29:00+00:00,BUY,2319.805,2321.195,2316.318,2326.778999999999,0.23,25.07,1.09,0.399,TIME,200.0,46.69,-8.74
2024-06-18 08:30:00+00:00,2024-06-18 10:25:00+00:00,SELL,2313.125,2308.647,2315.364,2308.647,0.36,150.41,4.178,2.0,TP,580.0,189.97,-37.44
2024-06-19 09:10:00+00:00,2024-06-19 11:29:00+00:00,SELL,2331.725,2328.685,2334.635,2325.9049999999993,0.27,73.98,2.74,1.045,TIME,700.0,162.27,0.0
2024-06-20 11:25:00+00:00,2024-06-20 11:29:00+00:00,BUY,2338.588,2339.445,2333.735,2348.2940000000003,0.16,8.91,0.557,0.177,TIME,25.0,27.95,-3.73
2024-06-21 08:22:00+00:00,2024-06-21 10:04:00+00:00,BUY,2365.125,2362.558,2362.558,2370.259,0.31,-88.88,-2.867,-1.0,SL,515.0,89.59,-86.49
2024-06-24 09:10:00+00:00,2024-06-24 09:33:00+00:00,SELL,2329.055,2321.7889999999993,2332.688,2321.7889999999993,0.22,153.25,6.966,2.0,TP,120.0,185.46,-32.12
2024-06-25 09:20:00+00:00,2024-06-25 10:22:00+00:00,BUY,2327.365,2336.5249999999996,2322.785,2336.5249999999996,0.17,150.62,8.86,2.0,TP,315.0,157.13,0.0
2024-06-26 10:20:00+00:00,2024-06-26 11:00:00+00:00,SELL,2313.095,2307.055,2316.115,2307.055,0.26,149.24,5.74,2.0,TP,205.0,167.7,0.0
2024-06-27 09:05:00+00:00,2024-06-27 09:05:00+00:00,BUY,2304.335,2309.135,2301.935,2309.135,0.33,148.5,4.5,2.0,TP,5.0,171.7,0.0
2024-06-28 08:25:00+00:00,2024-06-28 10:19:00+00:00,BUY,2328.335,2332.295,2326.355,2332.295,0.4,146.4,3.66,2.0,TP,575.0,191.6,-48.0
2024-07-01 08:30:00+00:00,2024-07-01 09:18:00+00:00,BUY,2324.215,2329.0950000000003,2321.775,2329.0950000000003,0.33,151.14,4.58,2.0,TP,245.0,166.65,-21.12
2024-07-02 08:30:00+00:00,2024-07-02 08:51:00+00:00,SELL,2329.928,2331.658,2331.658,2326.468,0.46,-93.38,-2.03,-1.0,SL,110.0,74.66,-73.0
2024-07-03 10:40:00+00:00,2024-07-03 11:08:00+00:00,BUY,2347.438,2345.105,2345.105,2352.1040000000003,0.34,-89.52,-2.633,-1.0,SL,145.0,67.32,-86.02
2024-07-04 08:35:00+00:00,2024-07-04 08:53:00+00:00,SELL,2356.755,2358.825,2358.825,2352.6150000000007,0.39,-92.43,-2.37,-1.0,SL,95.0,52.26,-69.93
2024-07-05 09:55:00+00:00,2024-07-05 11:29:00+00:00,SELL,2364.515,2364.935,2367.605,2358.3349999999996,0.26,-18.72,-0.72,-0.136,TIME,475.0,72.8,-33.36
2024-07-08 08:35:00+00:00,2024-07-08 08:37:00+00:00,SELL,2377.185,2374.1649999999995,2378.695,2374.1649999999995,0.53,144.16,2.72,2.0,TP,15.0,180.2,0.0
2024-07-09 09:20:00+00:00,2024-07-09 11:29:00+00:00,BUY,2360.878,2360.375,2358.415,2365.8040000000005,0.32,-25.7,-0.803,-0.204,TIME,650.0,148.38,-40.1
2024-07-10 08:15:00+00:00,2024-07-10 11:29:00+00:00,BUY,2373.255,2373.375,2371.358,2377.049,0.42,-7.56,-0.18,0.063,TIME,975.0,82.45,-70.14
2024-07-12 08:45:00+00:00,2024-07-12 09:32:00+00:00,BUY,2406.365,2403.685,2403.685,2411.7249999999995,0.3,-89.4,-2.98,-1.0,SL,240.0,53.49,-91.2
2024-07-15 09:20:00+00:00,2024-07-15 09:20:00+00:00,BUY,2408.045,2410.3050000000003,2406.915,2410.3050000000003,0.71,139.16,1.96,2.0,TP,5.0,171.82,0.0
2024-07-16 09:40:00+00:00,2024-07-16 11:29:00+00:00,BUY,2437.435,2441.055,2433.488,2445.329,0.2,66.4,3.32,0.917,TIME,550.0,118.2,0.0
2024-07-17 08:25:00+00:00,2024-07-17 10:54:00+00:00,SELL,2473.958,2467.564,2477.155,2467.564,0.25,152.35,6.094,2.0,TP,750.0,184.5,-68.93
2024-07-18 10:55:00+00:00,2024-07-18 10:55:00+00:00,SELL,2471.448,2467.788,2473.278,2467.788,0.44,147.84,3.36,2.0,TP,5.0,318.25,0.0
2024-07-19 10:10:00+00:00,2024-07-19 11:29:00+00:00,SELL,2416.215,2413.748,2421.385,2405.875,0.15,32.51,2.167,0.477,TIME,400.0,88.5,0.0
2024-07-22 09:46:00+00:00,2024-07-22 11:29:00+00:00,BUY,2404.155,2403.015,2400.305,2411.855000000001,0.21,-30.24,-1.44,-0.296,TIME,520.0,86.37,-45.78
2024-07-23 11:25:00+00:00,2024-07-23 11:25:00+00:00,BUY,2398.805,2403.984999999999,2396.215,2403.984999999999,0.31,151.28,4.88,2.0,TP,5.0,406.19,0.0
2024-07-24 09:25:00+00:00,2024-07-24 09:52:00+00:00,SELL,2412.175,2414.988,2414.988,2406.549000000001,0.28,-87.16,-3.113,-1.0,SL,140.0,46.76,-71.96
2024-07-25 10:40:00+00:00,2024-07-25 11:18:00+00:00,BUY,2377.295,2373.705,2373.705,2384.4750000000004,0.22,-85.58,-3.89,-1.0,SL,195.0,114.18,-83.6
2024-07-30 10:11:00+00:00,2024-07-30 10:52:00+00:00,SELL,2389.695,2391.395,2391.395,2386.2950000000005,0.47,-94.0,-2.0,-1.0,SL,210.0,93.53,-80.51
2024-07-31 11:05:00+00:00,2024-07-31 11:29:00+00:00,BUY,2418.335,2419.505,2416.135,2422.7349999999997,0.36,31.32,0.87,0.532,TIME,125.0,94.79,0.0
2024-08-01 08:30:00+00:00,2024-08-01 08:39:00+00:00,SELL,2439.745,2434.745,2442.245,2434.745,0.32,150.4,4.7,2.0,TP,50.0,187.52,0.0
2024-08-02 10:25:00+00:00,2024-08-02 11:13:00+00:00,BUY,2463.585,2460.815,2460.815,2469.125,0.29,-89.03,-3.07,-1.0,SL,245.0,38.28,-85.26
2024-08-05 09:20:00+00:00,2024-08-05 10:49:00+00:00,SELL,2427.995,2415.3149999999996,2434.335,2415.3149999999996,0.13,160.94,12.38,2.0,TP,450.0,172.25,-8.32
2024-08-07 09:05:00+00:00,2024-08-07 10:40:00+00:00,BUY,2391.235,2397.315,2388.195,2397.315,0.26,150.28,5.78,2.0,TP,480.0,164.06,0.0
2024-08-08 09:05:00+00:00,2024-08-08 09:14:00+00:00,BUY,2398.015,2395.955,2395.955,2402.1349999999998,0.39,-92.04,-2.36,-1.0,SL,50.0,33.15,-82.68
2024-08-09 10:31:00+00:00,2024-08-09 11:29:00+00:00,BUY,2426.615,2429.038,2422.745,2434.3549999999996,0.21,44.58,2.123,0.626,TIME,295.0,123.69,-16.8
2024-08-12 09:14:00+00:00,2024-08-12 11:29:00+00:00,BUY,2442.305,2441.805,2440.085,2446.7449999999994,0.36,-28.8,-0.8,-0.225,TIME,680.0,97.56,-51.84
2024-08-13 10:00:00+00:00,2024-08-13 11:13:00+00:00,SELL,2461.645,2464.195,2464.195,2456.5449999999996,0.31,-88.35,-2.85,-1.0,SL,370.0,72.54,-72.85
2024-08-14 08:38:00+00:00,2024-08-14 11:29:00+00:00,BUY,2472.375,2473.418,2468.775,2479.575,0.22,16.35,0.743,0.29,TIME,860.0,137.28,-43.78
2024-08-15 08:20:00+00:00,2024-08-15 08:32:00+00:00,SELL,2454.405,2456.025,2456.025,2451.1650000000004,0.49,-94.08,-1.92,-1.0,SL,65.0,23.52,-82.32
2024-08-16 10:15:00+00:00,2024-08-16 11:16:00+00:00,BUY,2463.128,2469.7280000000005,2459.828,2469.7280000000005,0.24,151.2,6.3,2.0,TP,310.0,160.49,0.0
2024-08-19 09:35:00+00:00,2024-08-19 10:08:00+00:00,SELL,2502.635,2497.715000000001,2505.095,2497.715000000001,0.33,152.46,4.62,2.0,TP,170.0,181.83,0.0
2024-08-22 09:20:00+00:00,2024-08-22 09:41:00+00:00,SELL,2504.315,2507.365,2507.365,2498.2150000000006,0.26,-87.1,-3.35,-1.0,SL,110.0,13.78,-94.9
2024-08-23 09:15:00+00:00,2024-08-23 11:29:00+00:00,BUY,2496.345,2499.545,2492.935,2503.1649999999995,0.23,66.7,2.9,0.938,TIME,675.0,123.74,-19.09
2024-08-26 08:45:00+00:00,2024-08-26 11:29:00+00:00,BUY,2525.025,2521.235,2520.585,2533.905,0.18,-73.62,-4.09,-0.854,TIME,825.0,27.54,-75.55
2024-08-28 10:40:00+00:00,2024-08-28 11:29:00+00:00,SELL,2505.825,2503.845,2509.865,2497.745,0.2,33.6,1.68,0.49,TIME,250.0,83.4,-4.6
2024-08-29 08:16:00+00:00,2024-08-29 08:27:00+00:00,BUY,2519.165,2515.225,2515.225,2527.045,0.2,-84.8,-4.24,-1.0,SL,60.0,17.2,-84.22
2024-08-30 08:40:00+00:00,2024-08-30 10:33:00+00:00,BUY,2523.665,2518.755,2518.755,2533.4849999999997,0.16,-83.36,-5.21,-1.0,SL,570.0,48.96,-84.43
2024-09-02 08:40:00+00:00,2024-09-02 11:03:00+00:00,BUY,2501.175,2497.905,2497.905,2507.715,0.24,-85.68,-3.57,-1.0,SL,720.0,142.8,-80.4
2024-09-03 10:10:00+00:00,2024-09-03 10:32:00+00:00,SELL,2500.455,2494.8949999999995,2503.235,2494.8949999999995,0.29,152.54,5.26,2.0,TP,115.0,170.52,0.0
2024-09-04 08:55:00+00:00,2024-09-04 08:58:00+00:00,SELL,2479.985,2473.565,2483.195,2473.565,0.25,153.0,6.12,2.0,TP,20.0,169.75,0.0
2024-09-05 08:16:00+00:00,2024-09-05 08:39:00+00:00,BUY,2509.355,2516.315,2505.875,2516.315,0.23,153.18,6.66,2.0,TP,120.0,165.14,-13.36
2024-09-06 09:35:00+00:00,2024-09-06 11:29:00+00:00,BUY,2518.155,2518.395,2515.358,2523.7490000000003,0.29,-1.74,-0.06,0.086,TIME,575.0,59.45,-30.74
2024-09-09 10:15:00+00:00,2024-09-09 10:35:00+00:00,BUY,2495.525,2493.315,2493.315,2499.945,0.36,-90.36,-2.51,-1.0,SL,105.0,35.64,-79.56
2024-09-10 10:20:00+00:00,2024-09-10 10:20:00+00:00,BUY,2502.595,2506.095,2500.845,2506.095,0.46,147.2,3.2,2.0,TP,5.0,320.16,0.0
2024-09-11 08:45:00+00:00,2024-09-11 10:17:00+00:00,BUY,2524.238,2520.585,2520.585,2531.5439999999994,0.22,-86.97,-3.953,-1.0,SL,465.0,62.63,-84.77
2024-09-12 09:35:00+00:00,2024-09-12 10:46:00+00:00,BUY,2517.525,2514.985,2514.985,2522.605,0.31,-88.04,-2.84,-1.0,SL,360.0,104.78,-90.83
2024-09-13 10:04:00+00:00,2024-09-13 11:29:00+00:00,SELL,2567.805,2566.115,2570.858,2561.698999999999,0.26,36.14,1.39,0.554,TIME,430.0,60.06,-14.04
2024-09-16 08:20:00+00:00,2024-09-16 08:20:00+00:00,BUY,2583.035,2586.5689999999995,2581.268,2586.5689999999995,0.45,145.53,3.234,2.0,TP,5.0,167.4,0.0
2024-09-17 08:40:00+00:00,2024-09-17 09:04:00+00:00,SELL,2581.934,2577.8140000000003,2583.994,2577.8140000000003,0.39,148.98,3.82,2.0,TP,125.0,175.85,0.0
2024-09-18 09:05:00+00:00,2024-09-18 09:58:00+00:00,SELL,2569.475,2571.855,2571.855,2564.7149999999997,0.34,-91.12,-2.68,-1.0,SL,270.0,50.22,-78.54
2024-09-19 09:20:00+00:00,2024-09-19 09:24:00+00:00,BUY,2584.984,2592.0219999999995,2581.465,2592.0219999999995,0.23,154.97,6.738,2.0,TP,25.0,166.54,0.0
2024-09-20 08:40:00+00:00,2024-09-20 08:40:00+00:00,BUY,2607.424,2611.4359999999997,2605.418,2611.4359999999997,0.4,148.48,3.712,2.0,TP,5.0,200.04,0.0
2024-09-23 11:25:00+00:00,2024-09-23 11:29:00+00:00,BUY,2618.755,2622.795,2614.498,2627.2690000000002,0.19,71.06,3.74,0.949,TIME,25.0,85.31,0.0
2024-09-24 09:35:00+00:00,2024-09-24 10:09:00+00:00,BUY,2629.385,2632.7250000000004,2627.715,2632.7250000000004,0.48,145.92,3.04,2.0,TP,175.0,173.23,-72.96
2024-09-26 08:25:00+00:00,2024-09-26 10:44:00+00:00,BUY,2667.575,2673.754999999999,2664.485,2673.754999999999,0.26,152.88,5.88,2.0,TP,700.0,167.7,-30.94
2024-09-30 09:05:00+00:00,2024-09-30 10:32:00+00:00,SELL,2650.485,2643.105,2654.175,2643.105,0.22,155.76,7.08,2.0,TP,440.0,176.37,-22.66
2024-10-01 09:00:00+00:00,2024-10-01 11:29:00+00:00,BUY,2646.655,2648.065,2644.065,2651.8350000000005,0.31,34.41,1.11,0.544,TIME,750.0,153.76,-43.31
2024-10-02 08:15:00+00:00,2024-10-02 09:33:00+00:00,SELL,2648.565,2655.715,2655.715,2634.265,0.11,-81.95,-7.45,-1.0,SL,395.0,0.77,-75.35
2024-10-03 09:15:00+00:00,2024-10-03 09:42:00+00:00,SELL,2643.695,2647.315,2647.315,2636.4550000000004,0.22,-86.24,-3.92,-1.0,SL,140.0,38.06,-77.88
2024-10-04 10:05:00+00:00,2024-10-04 11:29:00+00:00,SELL,2659.345,2659.175,2661.405,2655.224999999999,0.39,-5.07,-0.13,0.083,TIME,425.0,88.14,-48.75
2024-10-07 08:16:00+00:00,2024-10-07 09:52:00+00:00,SELL,2651.925,2656.208,2656.208,2643.3590000000004,0.19,-87.08,-4.583,-1.0,SL,485.0,25.84,-77.33
2024-10-08 08:29:00+00:00,2024-10-08 10:33:00+00:00,BUY,2635.435,2642.815,2631.745,2642.815,0.22,155.76,7.08,2.0,TP,625.0,168.15,-17.16
2024-10-09 09:45:00+00:00,2024-10-09 11:29:00+00:00,BUY,2614.728,2621.014,2610.345,2623.4940000000006,0.18,107.75,5.986,1.434,TIME,525.0,135.54,-3.42
2024-10-10 11:05:00+00:00,2024-10-10 11:28:00+00:00,BUY,2616.635,2613.415,2613.415,2623.0750000000007,0.25,-88.0,-3.52,-1.0,SL,120.0,35.75,-85.5
2024-10-11 09:10:00+00:00,2024-10-11 11:29:00+00:00,SELL,2642.375,2639.475,2646.065,2634.995,0.22,57.2,2.6,0.786,TIME,700.0,139.7,0.0
2024-10-14 09:10:00+00:00,2024-10-14 09:30:00+00:00,BUY,2661.764,2658.898,2658.898,2667.496,0.28,-88.65,-3.166,-1.0,SL,105.0,22.99,-96.57
2024-10-15 09:25:00+00:00,2024-10-15 11:29:00+00:00,BUY,2654.495,2650.765,2649.635,2664.2149999999992,0.16,-64.48,-4.03,-0.767,TIME,625.0,34.4,-62.88
2024-10-16 08:55:00+00:00,2024-10-16 09:03:00+00:00,BUY,2676.465,2680.545,2674.425,2680.545,0.39,147.42,3.78,2.0,TP,45.0,172.77,0.0
2024-10-17 09:15:00+00:00,2024-10-17 10:14:00+00:00,SELL,2680.265,2682.935,2682.935,2674.9249999999997,0.3,-89.1,-2.97,-1.0,SL,300.0,104.13,-85.8
2024-10-18 09:15:00+00:00,2024-10-18 09:18:00+00:00,BUY,2704.845,2710.4649999999997,2702.035,2710.4649999999997,0.28,148.96,5.32,2.0,TP,20.0,158.2,0.0
2024-10-21 08:15:00+00:00,2024-10-21 10:22:00+00:00,BUY,2731.825,2729.315,2729.315,2736.8449999999993,0.32,-89.92,-2.81,-1.0,SL,640.0,158.4,-88.0
2024-10-22 08:25:00+00:00,2024-10-22 09:42:00+00:00,BUY,2734.265,2731.405,2731.405,2739.984999999999,0.28,-88.48,-3.16,-1.0,SL,390.0,111.97,-80.08
2024-10-23 08:50:00+00:00,2024-10-23 09:14:00+00:00,BUY,2755.825,2754.535,2754.535,2758.4049999999997,0.62,-98.58,-1.59,-1.0,SL,125.0,104.78,-121.52
2024-10-24 09:35:00+00:00,2024-10-24 11:29:00+00:00,BUY,2735.525,2735.835,2732.355,2741.8650000000002,0.25,0.25,0.01,0.098,TIME,575.0,87.32,-12.5
2024-10-25 08:25:00+00:00,2024-10-25 09:03:00+00:00,SELL,2724.145,2718.6249999999995,2726.905,2718.6249999999995,0.29,151.38,5.22,2.0,TP,195.0,178.2,0.0
2024-10-28 08:40:00+00:00,2024-10-28 08:59:00+00:00,SELL,2737.294,2732.0319999999992,2739.925,2732.0319999999992,0.3,148.86,4.962,2.0,TP,100.0,180.18,0.0
2024-10-29 08:25:00+00:00,2024-10-29 08:26:00+00:00,SELL,2750.625,2747.125,2752.375,2747.125,0.46,147.2,3.2,2.0,TP,10.0,187.27,0.0
2024-10-30 08:37:00+00:00,2024-10-30 09:52:00+00:00,SELL,2781.635,2783.775,2783.775,2777.3550000000005,0.37,-90.28,-2.44,-1.0,SL,380.0,79.92,-83.99
2024-10-31 10:10:00+00:00,2024-10-31 11:29:00+00:00,SELL,2778.845,2777.725,2782.938,2770.658999999999,0.2,16.4,0.82,0.274,TIME,400.0,112.94,-72.4
2024-11-01 08:40:00+00:00,2024-11-01 09:37:00+00:00,BUY,2752.765,2748.455,2748.455,2761.3849999999998,0.19,-87.59,-4.61,-1.0,SL,290.0,49.02,-93.31
2024-11-04 08:35:00+00:00,2024-11-04 08:52:00+00:00,BUY,2737.105,2734.145,2734.145,2743.025,0.27,-88.02,-3.26,-1.0,SL,90.0,29.78,-81.19
2024-11-05 09:15:00+00:00,2024-11-05 11:29:00+00:00,BUY,2736.335,2740.885,2731.958,2745.089,0.18,76.5,4.25,1.04,TIME,675.0,154.8,-15.12
2024-11-06 09:50:00+00:00,2024-11-06 11:23:00+00:00,SELL,2723.025,2713.4650000000006,2727.805,2713.4650000000006,0.17,157.42,9.26,2.0,TP,470.0,173.01,-69.36
2024-11-07 08:19:00+00:00,2024-11-07 08:30:00+00:00,BUY,2666.188,2661.635,2661.635,2675.294,0.18,-87.35,-4.853,-1.0,SL,60.0,7.15,-85.19
2024-11-11 09:25:00+00:00,2024-11-11 10:10:00+00:00,SELL,2668.525,2671.515,2671.515,2662.5450000000005,0.27,-88.83,-3.29,-1.0,SL,230.0,128.52,-79.89
2024-11-12 09:10:00+00:00,2024-11-12 11:29:00+00:00,SELL,2598.085,2597.805,2606.345,2581.5650000000005,0.1,-0.2,-0.02,0.034,TIME,700.0,85.77,-9.03
2024-11-13 08:15:00+00:00,2024-11-13 08:19:00+00:00,SELL,2601.205,2606.115,2606.115,2591.385,0.16,-83.36,-5.21,-1.0,SL,25.0,4.98,-75.2
2024-11-14 09:11:00+00:00,2024-11-14 09:36:00+00:00,SELL,2554.388,2543.8359999999993,2559.664,2543.8359999999993,0.15,153.78,10.252,2.0,TP,130.0,204.05,-14.51
2024-11-15 08:45:00+00:00,2024-11-15 10:00:00+00:00,BUY,2566.695,2563.615,2563.615,2572.855000000001,0.26,-87.88,-3.38,-1.0,SL,380.0,55.64,-98.54
2024-11-18 08:20:00+00:00,2024-11-18 09:43:00+00:00,BUY,2585.908,2593.8739999999993,2581.925,2593.8739999999993,0.2,153.32,7.666,2.0,TP,420.0,160.14,-47.86
2024-11-19 08:45:00+00:00,2024-11-19 08:45:00+00:00,BUY,2620.528,2624.4559999999997,2618.564,2624.4559999999997,0.41,148.75,3.628,2.0,TP,5.0,261.58,0.0
2024-11-21 08:19:00+00:00,2024-11-21 08:32:00+00:00,BUY,2664.195,2668.815,2661.885,2668.815,0.35,151.2,4.32,2.0,TP,70.0,172.9,-30.1
2024-11-22 08:20:00+00:00,2024-11-22 09:05:00+00:00,BUY,2697.935,2694.604,2694.604,2704.597,0.24,-87.14,-3.631,-1.0,SL,230.0,57.12,-81.12
2024-11-25 08:20:00+00:00,2024-11-25 11:00:00+00:00,BUY,2670.805,2678.3849999999998,2667.015,2678.3849999999998,0.21,152.88,7.28,2.0,TP,805.0,178.08,-62.79
2024-11-26 09:10:00+00:00,2024-11-26 10:01:00+00:00,BUY,2617.485,2627.445,2612.505,2627.445,0.16,154.56,9.66,2.0,TP,260.0,163.57,0.0
2024-11-27 08:20:00+00:00,2024-11-27 08:39:00+00:00,BUY,2647.938,2645.608,2645.608,2652.598,0.34,-89.42,-2.63,-1.0,SL,100.0,43.52,-90.44
2024-11-28 08:55:00+00:00,2024-11-28 08:55:00+00:00,BUY,2638.445,2644.1650000000004,2635.585,2644.1650000000004,0.28,151.76,5.42,2.0,TP,5.0,170.32,0.0
2024-11-29 09:50:00+00:00,2024-11-29 11:29:00+00:00,BUY,2662.455,2662.335,2656.345,2674.675,0.13,-5.46,-0.42,-0.02,TIME,500.0,43.16,-20.76
2024-12-02 11:05:00+00:00,2024-12-02 11:16:00+00:00,BUY,2631.785,2641.9049999999997,2626.725,2641.9049999999997,0.16,157.12,9.82,2.0,TP,60.0,167.52,0.0
2024-12-03 09:00:00+00:00,2024-12-03 11:29:00+00:00,BUY,2645.285,2644.885,2640.235,2655.3849999999993,0.16,-11.2,-0.7,-0.079,TIME,750.0,42.72,-45.76
2024-12-04 08:25:00+00:00,2024-12-04 08:48:00+00:00,SELL,2639.385,2642.015,2642.015,2634.125000000001,0.3,-87.9,-2.93,-1.0,SL,120.0,86.1,-80.7
2024-12-05 08:55:00+00:00,2024-12-05 10:32:00+00:00,SELL,2646.245,2650.075,2650.075,2638.585,0.21,-86.73,-4.13,-1.0,SL,490.0,94.29,-81.06
2024-12-06 08:40:00+00:00,2024-12-06 10:13:00+00:00,BUY,2641.355,2638.598,2638.598,2646.869,0.29,-88.65,-3.057,-1.0,SL,470.0,121.22,-91.64
2024-12-09 08:40:00+00:00,2024-12-09 09:04:00+00:00,SELL,2649.175,2651.005,2651.005,2645.5150000000003,0.44,-93.72,-2.13,-1.0,SL,125.0,103.84,-71.28
2024-12-10 08:15:00+00:00,2024-12-10 08:38:00+00:00,SELL,2661.904,2665.475,2665.475,2654.762,0.22,-85.16,-3.871,-1.0,SL,120.0,18.48,-73.28
2024-12-11 09:10:00+00:00,2024-12-11 09:18:00+00:00,SELL,2687.325,2692.664,2692.664,2676.646999999999,0.15,-84.59,-5.639,-1.0,SL,45.0,24.01,-76.65
2024-12-12 09:40:00+00:00,2024-12-12 11:07:00+00:00,SELL,2714.734,2708.9319999999993,2717.635,2708.9319999999993,0.28,154.06,5.502,2.0,TP,435.0,178.89,-70.67
2024-12-13 08:50:00+00:00,2024-12-13 08:57:00+00:00,SELL,2681.365,2676.244999999999,2683.925,2676.244999999999,0.31,149.42,4.82,2.0,TP,40.0,212.97,0.0
2024-12-16 08:15:00+00:00,2024-12-16 08:36:00+00:00,BUY,2655.115,2661.2889999999998,2652.028,2661.2889999999998,0.26,152.72,5.874,2.0,TP,110.0,174.8,-18.2
2024-12-17 08:25:00+00:00,2024-12-17 08:57:00+00:00,SELL,2650.225,2643.5449999999996,2653.565,2643.5449999999996,0.24,153.12,6.38,2.0,TP,165.0,212.64,0.0
2024-12-18 08:20:00+00:00,2024-12-18 11:29:00+00:00,BUY,2644.585,2646.885,2641.945,2649.865,0.3,60.0,2.0,0.871,TIME,950.0,148.5,-50.43
2024-12-19 09:45:00+00:00,2024-12-19 10:46:00+00:00,BUY,2616.355,2622.9950000000003,2613.035,2622.9950000000003,0.24,152.16,6.34,2.0,TP,310.0,171.6,0.0
2024-12-23 08:40:00+00:00,2024-12-23 10:00:00+00:00,BUY,2630.055,2625.905,2625.905,2638.354999999999,0.19,-84.55,-4.45,-1.0,SL,405.0,36.1,-79.99
2024-12-24 09:20:00+00:00,2024-12-24 09:45:00+00:00,SELL,2617.055,2613.854999999999,2618.655,2613.854999999999,0.5,145.0,2.9,2.0,TP,130.0,180.35,0.0
2024-12-26 10:36:00+00:00,2024-12-26 11:29:00+00:00,BUY,2628.504,2629.148,2625.098,2635.316,0.23,7.91,0.344,0.189,TIME,270.0,29.99,-16.01
2024-12-27 10:35:00+00:00,2024-12-27 11:29:00+00:00,SELL,2627.804,2626.005,2633.384,2616.6440000000002,0.14,20.99,1.499,0.322,TIME,275.0,63.78,0.0
2024-12-30 08:55:00+00:00,2024-12-30 09:30:00+00:00,SELL,2614.954,2617.225,2617.225,2610.4120000000007,0.35,-89.98,-2.571,-1.0,SL,180.0,147.67,-83.79
2024-12-31 08:40:00+00:00,2024-12-31 10:24:00+00:00,BUY,2614.795,2612.835,2612.835,2618.715,0.41,-92.66,-2.26,-1.0,SL,525.0,114.8,-82.41
2025-01-02 08:25:00+00:00,2025-01-02 08:43:00+00:00,SELL,2633.765,2636.838,2636.838,2627.6189999999992,0.26,-87.7,-3.373,-1.0,SL,95.0,72.28,-76.7
2025-01-03 08:50:00+00:00,2025-01-03 09:06:00+00:00,SELL,2651.935,2655.568,2655.568,2644.6689999999994,0.22,-86.53,-3.933,-1.0,SL,85.0,47.08,-78.98
2025-01-06 08:38:00+00:00,2025-01-06 09:03:00+00:00,BUY,2628.085,2633.1050000000005,2625.575,2633.1050000000005,0.32,151.04,4.72,2.0,TP,130.0,180.48,-28.48
2025-01-07 09:31:00+00:00,2025-01-07 11:29:00+00:00,BUY,2643.635,2645.335,2639.885,2651.135,0.21,29.4,1.4,0.453,TIME,595.0,67.47,-66.57
2025-01-08 08:27:00+00:00,2025-01-08 08:36:00+00:00,SELL,2650.428,2652.825,2652.825,2645.634,0.33,-89.0,-2.697,-1.0,SL,50.0,32.44,-75.47
2025-01-09 08:20:00+00:00,2025-01-09 10:38:00+00:00,BUY,2662.648,2667.4080000000004,2660.268,2667.4080000000004,0.34,151.64,4.46,2.0,TP,695.0,175.0,-52.84
2025-01-10 08:25:00+00:00,2025-01-10 11:29:00+00:00,BUY,2678.748,2681.685,2675.585,2685.074,0.25,65.92,2.637,0.929,TIME,925.0,93.17,-70.25
2025-01-13 10:05:00+00:00,2025-01-13 11:29:00+00:00,SELL,2684.498,2677.908,2689.198,2675.0980000000004,0.17,106.93,6.29,1.402,TIME,425.0,125.34,0.0
2025-01-14 09:40:00+00:00,2025-01-14 11:29:00+00:00,SELL,2667.155,2665.445,2670.495,2660.475000000001,0.24,33.84,1.41,0.512,TIME,550.0,65.18,-35.52
2025-01-15 10:35:00+00:00,2025-01-15 11:29:00+00:00,BUY,2685.225,2687.305,2681.045,2693.5849999999996,0.19,33.82,1.78,0.498,TIME,275.0,70.3,0.0
2025-01-16 08:20:00+00:00,2025-01-16 10:05:00+00:00,BUY,2700.085,2706.465,2696.895,2706.465,0.25,152.0,6.08,2.0,TP,530.0,176.0,-69.65
2025-01-17 08:45:00+00:00,2025-01-17 09:16:00+00:00,BUY,2710.978,2709.349,2709.349,2714.236,0.49,-94.52,-1.929,-1.0,SL,160.0,85.6,-113.19
2025-01-20 08:40:00+00:00,2025-01-20 11:29:00+00:00,BUY,2706.315,2708.048,2702.739,2713.467,0.22,31.53,1.433,0.485,TIME,850.0,134.86,-76.34
2025-01-21 09:05:00+00:00,2025-01-21 09:13:00+00:00,SELL,2725.865,2718.5249999999996,2729.535,2718.5249999999996,0.22,154.88,7.04,2.0,TP,45.0,169.84,0.0
2025-01-22 09:25:00+00:00,2025-01-22 09:28:00+00:00,BUY,2751.635,2761.635,2746.635,2761.635,0.16,155.2,9.7,2.0,TP,20.0,164.32,0.0
2025-01-23 08:20:00+00:00,2025-01-23 09:17:00+00:00,BUY,2753.345,2751.855,2751.855,2756.3249999999994,0.54,-96.66,-1.79,-1.0,SL,290.0,72.36,-84.78
2025-01-24 08:50:00+00:00,2025-01-24 09:30:00+00:00,BUY,2772.805,2777.4249999999997,2770.495,2777.4249999999997,0.35,151.2,4.32,2.0,TP,205.0,170.1,-4.2
2025-01-27 08:17:00+00:00,2025-01-27 10:28:00+00:00,BUY,2755.018,2766.7439999999997,2749.155,2766.7439999999997,0.14,159.96,11.426,2.0,TP,660.0,164.46,-5.5
2025-01-28 08:15:00+00:00,2025-01-28 08:52:00+00:00,SELL,2737.565,2740.015,2740.015,2732.6650000000004,0.33,-90.75,-2.75,-1.0,SL,190.0,93.29,-70.95
2025-01-29 08:20:00+00:00,2025-01-29 10:29:00+00:00,BUY,2762.685,2759.015,2759.015,2770.025,0.22,-87.34,-3.97,-1.0,SL,650.0,71.35,-80.89
2025-01-30 08:55:00+00:00,2025-01-30 10:37:00+00:00,BUY,2771.855,2779.0350000000003,2768.265,2779.0350000000003,0.22,151.36,6.88,2.0,TP,515.0,159.94,-14.08
2025-01-31 10:15:00+00:00,2025-01-31 11:29:00+00:00,SELL,2795.555,2796.565,2799.275,2788.1149999999993,0.22,-28.82,-1.31,-0.272,TIME,375.0,102.52,-33.66
2025-02-03 08:15:00+00:00,2025-02-03 11:29:00+00:00,BUY,2793.795,2798.495,2786.755,2807.875,0.11,48.4,4.4,0.668,TIME,975.0,113.74,-14.52
2025-02-05 08:45:00+00:00,2025-02-05 08:45:00+00:00,BUY,2865.345,2869.224999999999,2863.405,2869.224999999999,0.41,146.78,3.58,2.0,TP,5.0,168.92,0.0
2025-02-06 08:25:00+00:00,2025-02-06 08:38:00+00:00,SELL,2853.498,2856.848,2856.848,2846.7980000000002,0.24,-87.6,-3.65,-1.0,SL,70.0,82.15,-89.45
2025-02-07 08:55:00+00:00,2025-02-07 11:29:00+00:00,BUY,2865.665,2866.325,2863.035,2870.925,0.3,10.8,0.36,0.251,TIME,775.0,145.2,-72.3
2025-02-10 08:40:00+00:00,2025-02-10 09:37:00+00:00,BUY,2896.315,2902.355,2893.295,2902.355,0.26,149.24,5.74,2.0,TP,290.0,171.6,-9.36
2025-02-11 08:25:00+00:00,2025-02-11 11:29:00+00:00,SELL,2910.425,2904.725,2914.988,2901.299000000001,0.18,97.2,5.4,1.249,TIME,925.0,156.78,-71.28
2025-02-12 09:50:00+00:00,2025-02-12 11:29:00+00:00,SELL,2888.295,2880.665,2893.878,2877.129,0.14,102.62,7.33,1.367,TIME,500.0,128.76,-21.14
2025-02-13 08:15:00+00:00,2025-02-13 09:49:00+00:00,SELL,2910.385,2917.905,2917.905,2895.3450000000003,0.11,-86.02,-7.82,-1.0,SL,475.0,11.88,-86.24
2025-02-14 10:20:00+00:00,2025-02-14 11:29:00+00:00,BUY,2936.015,2933.955,2930.615,2946.815,0.15,-35.4,-2.36,-0.381,TIME,350.0,58.8,-42.26
2025-02-17 08:40:00+00:00,2025-02-17 09:02:00+00:00,SELL,2899.605,2902.525,2902.525,2893.765,0.27,-86.94,-3.22,-1.0,SL,115.0,91.72,-113.94
2025-02-19 09:20:00+00:00,2025-02-19 09:20:00+00:00,BUY,2937.285,2944.825,2933.515,2944.825,0.21,152.04,7.24,2.0,TP,5.0,180.81,0.0
2025-02-21 08:20:00+00:00,2025-02-21 10:55:00+00:00,SELL,2923.625,2931.175,2931.175,2908.5249999999996,0.11,-86.35,-7.85,-1.0,SL,770.0,77.11,-80.63
2025-02-24 08:40:00+00:00,2025-02-24 08:50:00+00:00,SELL,2942.135,2944.715,2944.715,2936.9750000000004,0.31,-89.28,-2.88,-1.0,SL,55.0,124.93,-79.05
2025-02-25 08:40:00+00:00,2025-02-25 11:29:00+00:00,BUY,2933.695,2939.795,2929.365,2942.355000000001,0.18,104.4,5.8,1.409,TIME,850.0,154.62,0.0
2025-02-26 08:55:00+00:00,2025-02-26 09:47:00+00:00,BUY,2915.835,2912.895,2912.895,2921.715,0.27,-87.48,-3.24,-1.0,SL,265.0,81.81,-79.92
2025-02-27 11:10:00+00:00,2025-02-27 11:29:00+00:00,BUY,2892.035,2888.515,2883.815,2908.4749999999995,0.1,-38.2,-3.82,-0.428,TIME,100.0,26.8,-47.07
2025-03-03 08:25:00+00:00,2025-03-03 08:39:00+00:00,SELL,2861.625,2864.925,2864.925,2855.0249999999996,0.24,-86.4,-3.6,-1.0,SL,75.0,69.36,-97.68
2025-03-04 08:16:00+00:00,2025-03-04 11:29:00+00:00,BUY,2906.335,2916.955,2896.545,2925.915,0.08,82.56,10.32,1.085,TIME,970.0,117.92,-6.72
2025-03-05 09:40:00+00:00,2025-03-05 11:29:00+00:00,SELL,2916.575,2913.405,2921.395,2906.9349999999995,0.17,48.79,2.87,0.658,TIME,550.0,134.3,-46.75
2025-03-06 09:05:00+00:00,2025-03-06 11:29:00+00:00,SELL,2904.485,2903.435,2911.355,2890.7450000000003,0.12,9.0,0.75,0.153,TIME,725.0,164.04,-7.32
2025-03-07 10:20:00+00:00,2025-03-07 11:29:00+00:00,BUY,2919.275,2919.955,2915.055,2927.7150000000006,0.19,7.22,0.38,0.161,TIME,350.0,48.45,-47.25
2025-03-10 08:17:00+00:00,2025-03-10 09:17:00+00:00,SELL,2905.748,2910.479,2910.479,2896.2860000000005,0.17,-85.53,-5.031,-1.0,SL,305.0,157.91,-93.28
2025-03-11 08:15:00+00:00,2025-03-11 09:46:00+00:00,BUY,2904.165,2911.959,2900.268,2911.959,0.21,157.37,7.494,2.0,TP,460.0,165.06,-8.4
2025-03-12 09:05:00+00:00,2025-03-12 09:52:00+00:00,BUY,2916.865,2913.795,2913.795,2923.004999999999,0.26,-87.62,-3.37,-1.0,SL,240.0,147.94,-86.06
2025-03-13 08:15:00+00:00,2025-03-13 11:29:00+00:00,BUY,2941.525,2945.305,2934.675,2955.225,0.12,41.76,3.48,0.552,TIME,975.0,86.52,-9.12
2025-03-14 08:35:00+00:00,2025-03-14 10:10:00+00:00,BUY,2989.815,2999.395,2985.025,2999.395,0.17,157.76,9.28,2.0,TP,480.0,170.17,-3.23
2025-03-17 08:15:00+00:00,2025-03-17 08:28:00+00:00,SELL,2984.185,2986.555,2986.555,2979.445,0.34,-90.78,-2.67,-1.0,SL,70.0,42.5,-79.9
2025-03-18 08:30:00+00:00,2025-03-18 08:31:00+00:00,BUY,3019.595,3026.247,3016.269,3026.247,0.24,152.45,6.352,2.0,TP,10.0,168.96,0.0
2025-03-19 08:40:00+00:00,2025-03-19 10:37:00+00:00,SELL,3031.368,3036.848,3036.848,3020.408,0.15,-86.7,-5.78,-1.0,SL,590.0,135.79,-80.7
2025-03-20 10:10:00+00:00,2025-03-20 10:16:00+00:00,SELL,3040.255,3033.2690000000002,3043.748,3033.2690000000002,0.23,153.78,6.686,2.0,TP,35.0,182.39,0.0
2025-03-21 08:15:00+00:00,2025-03-21 08:55:00+00:00,SELL,3029.365,3034.525,3034.525,3019.044999999999,0.16,-87.36,-5.46,-1.0,SL,205.0,39.36,-79.04
2025-03-24 08:35:00+00:00,2025-03-24 10:29:00+00:00,BUY,3025.245,3032.4049999999997,3021.665,3032.4049999999997,0.22,150.92,6.86,2.0,TP,575.0,169.18,-64.24
2025-03-25 08:25:00+00:00,2025-03-25 10:13:00+00:00,BUY,3015.055,3024.3289999999993,3010.418,3024.3289999999993,0.17,152.56,8.974,2.0,TP,545.0,163.71,0.0
2025-03-26 08:15:00+00:00,2025-03-26 09:11:00+00:00,SELL,3028.735,3022.315,3031.945,3022.315,0.25,153.0,6.12,2.0,TP,285.0,176.5,-1.0
2025-03-27 10:00:00+00:00,2025-03-27 10:07:00+00:00,BUY,3037.695,3044.8890000000006,3034.098,3044.8890000000006,0.22,151.67,6.894,2.0,TP,40.0,179.96,0.0
2025-03-28 08:25:00+00:00,2025-03-28 11:29:00+00:00,SELL,3073.598,3078.395,3081.118,3058.558,0.11,-56.07,-5.097,-0.638,TIME,925.0,85.8,-59.92
2025-03-31 09:50:00+00:00,2025-03-31 09:50:00+00:00,SELL,3123.145,3115.4649999999997,3126.985,3115.4649999999997,0.21,154.98,7.38,2.0,TP,5.0,222.81,0.0
2025-04-01 10:15:00+00:00,2025-04-01 11:29:00+00:00,BUY,3135.225,3130.578,3126.158,3153.359,0.09,-44.52,-4.947,-0.513,TIME,375.0,32.35,-54.81
2025-04-02 08:35:00+00:00,2025-04-02 10:40:00+00:00,BUY,3127.515,3123.198,3123.198,3136.149,0.19,-87.72,-4.617,-1.0,SL,630.0,118.37,-107.67
2025-04-03 09:25:00+00:00,2025-04-03 10:07:00+00:00,SELL,3127.085,3117.385,3131.935,3117.385,0.16,150.4,9.4,2.0,TP,215.0,165.76,-33.01
2025-04-04 09:06:00+00:00,2025-04-04 09:24:00+00:00,SELL,3088.025,3093.885,3093.885,3076.305,0.14,-86.24,-6.16,-1.0,SL,95.0,20.16,-86.84
2025-04-08 09:35:00+00:00,2025-04-08 09:58:00+00:00,SELL,3001.065,3007.875,3007.875,2987.445,0.12,-85.32,-7.11,-1.0,SL,120.0,3.72,-79.2
2025-04-09 11:20:00+00:00,2025-04-09 11:29:00+00:00,BUY,3047.165,3060.105,3037.772,3065.951,0.09,113.76,12.64,1.378,TIME,50.0,158.58,0.0
2025-04-10 08:35:00+00:00,2025-04-10 09:56:00+00:00,SELL,3108.205,3115.605,3115.605,3093.4049999999997,0.11,-84.7,-7.7,-1.0,SL,410.0,55.44,-82.28
2025-04-11 08:25:00+00:00,2025-04-11 11:29:00+00:00,BUY,3219.441,3220.505,3208.145,3242.0329999999994,0.07,5.35,0.764,0.094,TIME,925.0,125.19,-68.01
2025-04-14 08:20:00+00:00,2025-04-14 08:58:00+00:00,SELL,3217.175,3228.915,3228.915,3193.6950000000006,0.07,-84.28,-12.04,-1.0,SL,195.0,0.42,-87.85
2025-04-15 10:55:00+00:00,2025-04-15 11:29:00+00:00,SELL,3224.085,3220.065,3231.095,3210.0650000000005,0.11,40.92,3.72,0.573,TIME,175.0,52.36,0.0
2025-04-16 08:20:00+00:00,2025-04-16 08:30:00+00:00,BUY,3309.605,3299.325,3299.325,3330.1650000000004,0.08,-84.64,-10.58,-1.0,SL,55.0,45.68,-130.4
2025-04-17 10:30:00+00:00,2025-04-17 11:29:00+00:00,BUY,3324.695,3326.755,3319.275,3335.5350000000003,0.15,26.4,1.76,0.38,TIME,300.0,114.75,-31.35
2025-04-21 09:55:00+00:00,2025-04-21 10:13:00+00:00,BUY,3387.435,3395.515,3383.395,3395.515,0.2,155.6,7.78,2.0,TP,95.0,169.8,0.0
2025-04-22 08:40:00+00:00,2025-04-22 08:44:00+00:00,SELL,3465.485,3451.5050000000006,3472.475,3451.5050000000006,0.11,150.48,13.68,2.0,TP,25.0,162.58,0.0
2025-04-23 09:20:00+00:00,2025-04-23 11:29:00+00:00,BUY,3319.175,3335.695,3305.285,3346.955000000001,0.06,97.32,16.22,1.189,TIME,650.0,126.48,-16.68
2025-04-24 09:35:00+00:00,2025-04-24 09:57:00+00:00,SELL,3329.745,3334.115,3334.115,3321.005,0.18,-84.06,-4.67,-1.0,SL,115.0,83.88,-101.16
2025-04-28 09:30:00+00:00,2025-04-28 10:00:00+00:00,SELL,3283.395,3273.7149999999997,3288.235,3273.7149999999997,0.17,159.46,9.38,2.0,TP,155.0,175.61,0.0
2025-04-29 09:20:00+00:00,2025-04-29 10:18:00+00:00,SELL,3318.895,3307.315,3324.685,3307.315,0.14,157.92,11.28,2.0,TP,295.0,180.46,0.0
2025-04-30 08:15:00+00:00,2025-04-30 11:29:00+00:00,SELL,3284.865,3280.275,3307.435,3239.7249999999995,0.04,17.16,4.29,0.203,TIME,975.0,67.24,-21.48
2025-05-01 09:10:00+00:00,2025-05-01 09:57:00+00:00,SELL,3229.725,3218.805,3235.185,3218.805,0.15,159.3,10.62,2.0,TP,240.0,175.8,-49.95
2025-05-02 09:10:00+00:00,2025-05-02 11:29:00+00:00,BUY,3261.415,3265.505,3255.855,3272.535,0.14,53.06,3.79,0.736,TIME,700.0,76.58,-62.3
2025-05-05 08:20:00+00:00,2025-05-05 08:43:00+00:00,BUY,3267.425,3276.0650000000005,3263.105,3276.0650000000005,0.19,158.46,8.34,2.0,TP,120.0,208.81,-19.57
2025-05-06 08:15:00+00:00,2025-05-06 11:29:00+00:00,BUY,3377.845,3380.325,3368.305,3396.9249999999997,0.08,17.44,2.18,0.26,TIME,975.0,55.68,-54.16
2025-05-07 08:55:00+00:00,2025-05-07 09:59:00+00:00,SELL,3382.155,3370.775000000001,3387.845,3370.775000000001,0.14,155.12,11.08,2.0,TP,325.0,177.52,-39.2
2025-05-08 09:35:00+00:00,2025-05-08 10:23:00+00:00,SELL,3337.575,3343.995,3343.995,3324.7349999999997,0.12,-80.64,-6.72,-1.0,SL,245.0,89.28,-88.68
2025-05-09 11:04:00+00:00,2025-05-09 11:29:00+00:00,BUY,3328.045,3333.645,3320.095,3343.9450000000006,0.1,53.0,5.3,0.704,TIME,130.0,100.6,-17.4
2025-05-12 10:25:00+00:00,2025-05-12 11:29:00+00:00,SELL,3220.505,3220.745,3231.705,3198.1050000000005,0.07,-3.78,-0.54,-0.021,TIME,325.0,91.07,-24.5
2025-05-13 09:00:00+00:00,2025-05-13 11:29:00+00:00,SELL,3257.335,3255.595,3261.055,3249.8950000000004,0.22,31.68,1.44,0.468,TIME,750.0,164.34,-22.44
2025-05-14 09:45:00+00:00,2025-05-14 11:29:00+00:00,SELL,3234.975,3236.875,3243.495,3217.935,0.09,-19.8,-2.2,-0.223,TIME,525.0,50.58,-35.01
2025-05-15 10:10:00+00:00,2025-05-15 10:17:00+00:00,BUY,3151.195,3176.155,3138.715,3176.155,0.06,147.96,24.66,2.0,TP,40.0,151.92,0.0
2025-05-16 08:16:00+00:00,2025-05-16 08:37:00+00:00,SELL,3196.565,3208.285,3208.285,3173.1250000000005,0.07,-84.14,-12.02,-1.0,SL,110.0,10.71,-82.81
2025-05-19 09:15:00+00:00,2025-05-19 11:29:00+00:00,BUY,3235.735,3241.345,3229.675,3247.855,0.13,69.03,5.31,0.926,TIME,675.0,120.12,-30.42
2025-05-20 09:00:00+00:00,2025-05-20 09:00:00+00:00,BUY,3224.105,3234.565,3218.875,3234.565,0.15,152.4,10.16,2.0,TP,5.0,201.15,0.0
2025-05-21 10:25:00+00:00,2025-05-21 11:29:00+00:00,BUY,3310.855,3312.405,3303.725,3325.1150000000002,0.11,13.75,1.25,0.217,TIME,325.0,79.75,-27.72
2025-05-22 08:20:00+00:00,2025-05-22 08:30:00+00:00,SELL,3325.335,3316.6090000000004,3329.698,3316.6090000000004,0.18,151.67,8.426,2.0,TP,55.0,188.28,0.0
2025-05-23 09:30:00+00:00,2025-05-23 10:04:00+00:00,BUY,3329.198,3325.258,3325.258,3337.078,0.2,-84.8,-4.24,-1.0,SL,175.0,89.0,-97.66
2025-05-26 08:46:00+00:00,2025-05-26 11:29:00+00:00,SELL,3333.205,3331.365,3339.398,3320.8189999999995,0.13,20.02,1.54,0.297,TIME,820.0,128.79,-35.01
2025-05-27 10:20:00+00:00,2025-05-27 11:29:00+00:00,SELL,3296.005,3289.945,3310.148,3267.719,0.06,34.56,5.76,0.428,TIME,350.0,49.36,-16.76
2025-05-28 08:26:00+00:00,2025-05-28 08:54:00+00:00,SELL,3317.115,3323.448,3323.448,3304.4489999999996,0.13,-86.23,-6.633,-1.0,SL,145.0,28.99,-81.03
2025-05-29 10:20:00+00:00,2025-05-29 10:56:00+00:00,BUY,3289.075,3300.334999999999,3283.445,3300.334999999999,0.14,153.44,10.96,2.0,TP,185.0,160.16,0.0
2025-05-30 10:05:00+00:00,2025-05-30 11:20:00+00:00,BUY,3299.048,3291.315,3291.315,3314.513999999999,0.1,-80.33,-8.033,-1.0,SL,380.0,13.0,-78.73
2025-06-02 10:45:00+00:00,2025-06-02 11:29:00+00:00,SELL,3350.338,3353.145,3356.148,3338.7180000000003,0.14,-43.5,-3.107,-0.483,TIME,225.0,84.56,-47.14
2025-06-03 09:35:00+00:00,2025-06-03 11:29:00+00:00,SELL,3359.339,3356.705,3364.548,3348.9210000000003,0.15,35.01,2.334,0.506,TIME,575.0,93.81,-15.14
2025-06-04 10:50:00+00:00,2025-06-04 11:29:00+00:00,SELL,3351.355,3346.448,3356.998,3340.069,0.14,64.5,4.607,0.87,TIME,200.0,110.7,-6.16
2025-06-05 09:05:00+00:00,2025-06-05 09:20:00+00:00,BUY,3373.235,3380.515000000001,3369.595,3380.515000000001,0.22,153.56,6.98,2.0,TP,80.0,187.0,0.0
2025-06-06 08:30:00+00:00,2025-06-06 09:21:00+00:00,BUY,3362.065,3358.315,3358.315,3369.565,0.21,-85.05,-4.05,-1.0,SL,260.0,115.37,-79.17
2025-06-09 09:05:00+00:00,2025-06-09 09:24:00+00:00,SELL,3322.525,3317.0450000000005,3325.265,3317.0450000000005,0.29,150.22,5.18,2.0,TP,100.0,172.84,-22.42
2025-06-10 10:25:00+00:00,2025-06-10 11:29:00+00:00,BUY,3332.525,3340.345,3326.755,3344.065,0.14,105.28,7.52,1.355,TIME,325.0,131.92,0.0
2025-06-11 09:05:00+00:00,2025-06-11 09:06:00+00:00,SELL,3343.648,3339.848000000001,3345.548,3339.848000000001,0.42,147.0,3.5,2.0,TP,10.0,213.49,0.0
2025-06-12 08:20:00+00:00,2025-06-12 09:12:00+00:00,BUY,3351.195,3361.8350000000005,3345.875,3361.8350000000005,0.15,155.1,10.34,2.0,TP,265.0,161.7,0.0
2025-06-13 10:38:00+00:00,2025-06-13 11:29:00+00:00,SELL,3414.075,3419.175,3422.475,3397.2749999999996,0.1,-54.0,-5.4,-0.607,TIME,260.0,26.8,-73.73
2025-06-17 09:10:00+00:00,2025-06-17 10:06:00+00:00,SELL,3384.598,3388.465,3388.465,3376.8639999999996,0.21,-87.51,-4.167,-1.0,SL,285.0,154.41,-79.11
2025-06-18 09:50:00+00:00,2025-06-18 09:50:00+00:00,SELL,3384.748,3377.8340000000003,3388.205,3377.8340000000003,0.23,152.12,6.614,2.0,TP,5.0,175.56,0.0
2025-06-19 10:30:00+00:00,2025-06-19 10:30:00+00:00,BUY,3366.298,3374.6639999999998,3362.115,3374.6639999999998,0.19,153.25,8.066,2.0,TP,5.0,198.68,0.0
2025-06-23 09:15:00+00:00,2025-06-23 11:05:00+00:00,BUY,3362.095,3371.474999999999,3357.405,3371.474999999999,0.17,154.36,9.08,2.0,TP,555.0,174.59,-8.5
2025-06-25 09:10:00+00:00,2025-06-25 11:29:00+00:00,SELL,3327.585,3325.135,3332.195,3318.365,0.17,36.55,2.15,0.531,TIME,700.0,106.03,-32.18
2025-06-26 09:00:00+00:00,2025-06-26 09:04:00+00:00,BUY,3347.055,3344.148,3344.148,3352.8689999999992,0.28,-89.8,-3.207,-1.0,SL,25.0,39.84,-92.88
2025-06-27 10:10:00+00:00,2025-06-27 10:50:00+00:00,BUY,3287.698,3282.148,3282.148,3298.7979999999993,0.14,-81.9,-5.85,-1.0,SL,205.0,42.24,-80.12
2025-06-30 09:10:00+00:00,2025-06-30 09:10:00+00:00,SELL,3292.555,3284.9689999999996,3296.348,3284.9689999999996,0.21,153.01,7.286,2.0,TP,5.0,232.89,0.0
2025-07-01 09:55:00+00:00,2025-07-01 11:04:00+00:00,BUY,3341.848,3350.4939999999997,3337.525,3350.4939999999997,0.19,158.57,8.346,2.0,TP,350.0,193.36,0.0
2025-07-02 09:35:00+00:00,2025-07-02 09:35:00+00:00,BUY,3335.755,3341.5350000000008,3332.865,3341.5350000000008,0.28,153.44,5.48,2.0,TP,5.0,162.4,0.0
2025-07-03 08:45:00+00:00,2025-07-03 08:45:00+00:00,BUY,3353.598,3356.2039999999997,3352.295,3356.2039999999997,0.61,140.67,2.306,2.0,TP,5.0,274.5,0.0
2025-07-04 09:25:00+00:00,2025-07-04 09:32:00+00:00,SELL,3340.655,3334.1750000000006,3343.895,3334.1750000000006,0.25,154.5,6.18,2.0,TP,40.0,174.5,0.0
2025-07-07 10:41:00+00:00,2025-07-07 11:09:00+00:00,SELL,3301.085,3306.715,3306.715,3289.825,0.14,-83.02,-5.93,-1.0,SL,145.0,68.46,-88.2
2025-07-08 08:43:00+00:00,2025-07-08 11:29:00+00:00,SELL,3325.825,3324.715,3333.725,3310.0249999999996,0.1,8.1,0.81,0.141,TIME,835.0,54.9,-14.9
2025-07-09 10:35:00+00:00,2025-07-09 11:27:00+00:00,BUY,3292.448,3288.285,3288.285,3300.774,0.19,-84.8,-4.463,-1.0,SL,265.0,63.59,-80.43
2025-07-10 08:50:00+00:00,2025-07-10 08:50:00+00:00,BUY,3322.115,3326.9349999999995,3319.705,3326.9349999999995,0.33,149.16,4.52,2.0,TP,5.0,217.47,0.0
2025-07-11 08:30:00+00:00,2025-07-11 08:52:00+00:00,SELL,3340.515,3335.3689999999992,3343.088,3335.3689999999992,0.31,150.23,4.846,2.0,TP,115.0,173.6,0.0
2025-07-14 09:35:00+00:00,2025-07-14 10:02:00+00:00,SELL,3369.335,3372.425,3372.425,3363.1549999999997,0.26,-88.14,-3.39,-1.0,SL,140.0,125.58,-80.34
2025-07-15 08:20:00+00:00,2025-07-15 10:05:00+00:00,SELL,3361.868,3365.445,3365.445,3354.7139999999995,0.22,-85.29,-3.877,-1.0,SL,530.0,121.51,-87.05
2025-07-16 10:55:00+00:00,2025-07-16 11:29:00+00:00,SELL,3337.625,3335.775,3342.215,3328.4449999999997,0.17,26.35,1.55,0.403,TIME,175.0,68.68,-5.27
2025-07-17 09:00:00+00:00,2025-07-17 09:52:00+00:00,BUY,3329.435,3325.365,3325.365,3337.5750000000003,0.2,-87.4,-4.37,-1.0,SL,265.0,56.4,-86.6
2025-07-18 09:10:00+00:00,2025-07-18 11:29:00+00:00,BUY,3350.185,3352.865,3347.065,3356.4249999999997,0.26,61.88,2.38,0.859,TIME,700.0,117.52,-66.56
2025-07-21 10:36:00+00:00,2025-07-21 10:50:00+00:00,SELL,3362.845,3364.705,3364.705,3359.1249999999995,0.43,-92.88,-2.16,-1.0,SL,75.0,7.74,-68.8
2025-07-22 09:24:00+00:00,2025-07-22 10:24:00+00:00,SELL,3385.825,3388.135,3388.135,3381.204999999999,0.35,-91.35,-2.61,-1.0,SL,305.0,48.3,-71.4
2025-07-23 10:05:00+00:00,2025-07-23 11:08:00+00:00,BUY,3425.095,3420.325,3420.325,3434.6349999999998,0.17,-86.19,-5.07,-1.0,SL,320.0,55.76,-86.53
2025-07-24 10:55:00+00:00,2025-07-24 11:29:00+00:00,SELL,3365.618,3363.135,3369.525,3357.8039999999996,0.2,43.66,2.183,0.636,TIME,175.0,63.26,-14.6
2025-07-25 08:20:00+00:00,2025-07-25 08:28:00+00:00,SELL,3353.045,3348.885,3355.125,3348.885,0.38,146.68,3.86,2.0,TP,45.0,223.44,0.0
2025-07-30 10:02:00+00:00,2025-07-30 10:45:00+00:00,BUY,3331.925,3327.395,3327.395,3340.9850000000006,0.18,-86.94,-4.83,-1.0,SL,220.0,14.76,-93.96
2025-07-31 08:20:00+00:00,2025-07-31 10:21:00+00:00,BUY,3309.685,3303.395,3303.395,3322.265,0.13,-85.67,-6.59,-1.0,SL,610.0,65.26,-81.77
2025-08-01 10:35:00+00:00,2025-08-01 10:35:00+00:00,BUY,3288.605,3295.5850000000005,3285.115,3295.5850000000005,0.23,153.64,6.68,2.0,TP,5.0,212.59,0.0
2025-08-04 10:25:00+00:00,2025-08-04 10:30:00+00:00,SELL,3353.815,3356.748,3356.748,3347.949,0.27,-87.29,-3.233,-1.0,SL,30.0,23.41,-79.19
2025-08-05 09:50:00+00:00,2025-08-05 09:51:00+00:00,SELL,3370.515,3364.5349999999994,3373.505,3364.5349999999994,0.27,153.36,5.68,2.0,TP,10.0,186.57,0.0
2025-08-06 08:20:00+00:00,2025-08-06 11:29:00+00:00,SELL,3368.325,3366.015,3374.665,3355.6449999999995,0.13,26.13,2.01,0.364,TIME,950.0,134.03,0.0
2025-08-07 08:15:00+00:00,2025-08-07 11:29:00+00:00,SELL,3379.735,3381.645,3396.415,3346.3750000000005,0.05,-11.05,-2.21,-0.115,TIME,975.0,40.95,-16.15
2025-08-08 10:20:00+00:00,2025-08-08 10:20:00+00:00,SELL,3399.545,3393.7890000000007,3402.423,3393.7890000000007,0.28,152.77,5.456,2.0,TP,5.0,270.12,0.0
2025-08-11 08:25:00+00:00,2025-08-11 09:05:00+00:00,BUY,3362.798,3358.565,3358.565,3371.263999999999,0.19,-86.13,-4.533,-1.0,SL,205.0,54.47,-89.3
2025-08-12 10:10:00+00:00,2025-08-12 11:03:00+00:00,SELL,3351.245,3342.545,3355.595,3342.545,0.18,151.2,8.4,2.0,TP,270.0,170.05,0.0
2025-08-13 08:35:00+00:00,2025-08-13 08:45:00+00:00,BUY,3355.605,3361.7190000000005,3352.548,3361.7190000000005,0.26,151.16,5.814,2.0,TP,55.0,174.72,0.0
2025-08-14 10:45:00+00:00,2025-08-14 11:29:00+00:00,BUY,3347.365,3355.055,3341.278,3359.5389999999998,0.13,96.07,7.39,1.263,TIME,225.0,124.28,0.0
2025-08-15 08:51:00+00:00,2025-08-15 11:29:00+00:00,SELL,3341.348,3339.915,3348.148,3327.7479999999996,0.12,13.6,1.133,0.211,TIME,795.0,64.12,-41.4
2025-08-18 10:03:00+00:00,2025-08-18 11:29:00+00:00,BUY,3349.648,3348.375,3344.325,3360.294000000001,0.15,-23.6,-1.573,-0.239,TIME,435.0,24.0,-50.25
2025-08-19 10:10:00+00:00,2025-08-19 11:29:00+00:00,BUY,3340.825,3341.565,3336.515,3349.4449999999997,0.19,8.36,0.44,0.172,TIME,400.0,82.46,0.0
2025-08-20 09:10:00+00:00,2025-08-20 11:13:00+00:00,BUY,3324.748,3328.748,3322.748,3328.748,0.4,148.0,3.7,2.0,TP,620.0,166.28,-44.92
2025-08-21 09:55:00+00:00,2025-08-21 10:25:00+00:00,BUY,3340.365,3338.805,3338.805,3343.4849999999997,0.51,-94.86,-1.86,-1.0,SL,155.0,53.04,-88.23
2025-08-25 09:35:00+00:00,2025-08-25 09:45:00+00:00,SELL,3364.475,3366.458,3366.458,3360.5089999999996,0.4,-91.32,-2.283,-1.0,SL,55.0,47.2,-100.4
2025-08-26 09:35:00+00:00,2025-08-26 09:49:00+00:00,SELL,3376.605,3371.065,3379.375,3371.065,0.29,151.96,5.24,2.0,TP,75.0,214.6,0.0
2025-08-27 09:55:00+00:00,2025-08-27 10:37:00+00:00,SELL,3380.825,3374.9649999999992,3383.755,3374.9649999999992,0.27,150.12,5.56,2.0,TP,215.0,168.48,0.0
2025-08-28 08:40:00+00:00,2025-08-28 10:08:00+00:00,BUY,3397.345,3393.715,3393.715,3404.604999999999,0.22,-86.46,-3.93,-1.0,SL,445.0,89.54,-83.38
2025-08-29 10:15:00+00:00,2025-08-29 10:32:00+00:00,SELL,3411.145,3405.645,3413.895,3405.645,0.29,150.8,5.2,2.0,TP,90.0,170.23,0.0
2025-09-01 10:00:00+00:00,2025-09-01 11:29:00+00:00,SELL,3474.305,3471.155,3479.205,3464.5049999999997,0.16,45.6,2.85,0.643,TIME,450.0,134.4,0.0
2025-09-02 10:10:00+00:00,2025-09-02 11:29:00+00:00,BUY,3477.575,3479.075,3469.805,3493.115,0.1,12.0,1.2,0.193,TIME,400.0,88.3,0.0
2025-09-03 08:38:00+00:00,2025-09-03 10:02:00+00:00,BUY,3539.798,3533.595,3533.595,3552.2039999999997,0.13,-84.54,-6.503,-1.0,SL,425.0,25.83,-80.9
2025-09-04 08:25:00+00:00,2025-09-04 10:09:00+00:00,SELL,3540.865,3545.415,3545.415,3531.7649999999994,0.18,-87.3,-4.85,-1.0,SL,525.0,77.04,-107.28
2025-09-05 09:05:00+00:00,2025-09-05 11:11:00+00:00,BUY,3548.895,3554.2149999999997,3546.235,3554.2149999999997,0.3,150.6,5.02,2.0,TP,635.0,168.0,-34.8
2025-09-08 08:20:00+00:00,2025-09-08 08:22:00+00:00,BUY,3609.748,3615.2140000000004,3607.015,3615.2140000000004,0.29,149.81,5.166,2.0,TP,15.0,205.9,0.0
2025-09-09 09:15:00+00:00,2025-09-09 09:15:00+00:00,BUY,3645.975,3654.6349999999998,3641.645,3654.6349999999998,0.18,150.48,8.36,2.0,TP,5.0,175.32,0.0
2025-09-10 09:50:00+00:00,2025-09-10 09:51:00+00:00,BUY,3646.355,3654.595,3642.235,3654.595,0.19,150.86,7.94,2.0,TP,10.0,165.87,0.0
2025-09-11 09:00:00+00:00,2025-09-11 09:15:00+00:00,SELL,3626.845,3617.3649999999993,3631.585,3617.3649999999993,0.17,156.06,9.18,2.0,TP,80.0,204.68,0.0
2025-09-12 08:15:00+00:00,2025-09-12 10:20:00+00:00,SELL,3642.805,3651.148,3651.148,3626.1189999999992,0.1,-86.43,-8.643,-1.0,SL,630.0,54.3,-81.6
2025-09-15 09:00:00+00:00,2025-09-15 09:22:00+00:00,BUY,3645.055,3641.125,3641.125,3652.9149999999995,0.2,-84.6,-4.23,-1.0,SL,115.0,15.8,-89.0
2025-09-16 08:15:00+00:00,2025-09-16 11:29:00+00:00,BUY,3695.875,3692.438,3685.935,3715.755,0.08,-29.9,-3.737,-0.346,TIME,975.0,23.12,-44.72
2025-09-17 09:15:00+00:00,2025-09-17 10:09:00+00:00,BUY,3666.994,3664.218,3664.218,3672.5460000000007,0.29,-89.2,-3.076,-1.0,SL,275.0,111.68,-92.19
2025-09-18 09:25:00+00:00,2025-09-18 09:25:00+00:00,BUY,3659.275,3670.395,3653.715,3670.395,0.14,151.48,10.82,2.0,TP,5.0,179.2,0.0
2025-09-19 09:50:00+00:00,2025-09-19 11:24:00+00:00,BUY,3654.845,3651.255,3651.255,3662.024999999999,0.22,-85.58,-3.89,-1.0,SL,475.0,91.3,-80.96
2025-09-22 09:20:00+00:00,2025-09-22 11:29:00+00:00,BUY,3719.405,3726.325,3712.225,3733.765000000001,0.11,72.82,6.62,0.964,TIME,650.0,96.14,0.0
2025-09-23 08:20:00+00:00,2025-09-23 08:31:00+00:00,BUY,3755.665,3761.1849999999995,3752.905,3761.1849999999995,0.29,151.38,5.22,2.0,TP,60.0,192.56,0.0
2025-09-24 08:50:00+00:00,2025-09-24 10:26:00+00:00,SELL,3771.765,3760.0849999999996,3777.605,3760.0849999999996,0.14,159.32,11.38,2.0,TP,485.0,170.8,0.0
2025-09-25 08:16:00+00:00,2025-09-25 09:29:00+00:00,BUY,3759.425,3750.955,3750.955,3776.3650000000007,0.09,-78.93,-8.77,-1.0,SL,370.0,18.0,-82.98
2025-09-29 10:25:00+00:00,2025-09-29 11:29:00+00:00,BUY,3816.275,3823.415,3805.998,3836.829,0.08,54.72,6.84,0.695,TIME,325.0,65.76,-16.0
2025-09-30 08:25:00+00:00,2025-09-30 09:12:00+00:00,SELL,3832.515,3803.475,3847.035,3803.475,0.06,172.44,28.74,2.0,TP,240.0,198.94,-3.36
2025-10-02 09:05:00+00:00,2025-10-02 09:19:00+00:00,BUY,3868.828,3877.494,3864.495,3877.494,0.18,150.59,8.366,2.0,TP,75.0,157.63,0.0
2025-10-03 09:05:00+00:00,2025-10-03 10:07:00+00:00,SELL,3861.055,3865.535,3865.535,3852.095,0.18,-86.04,-4.78,-1.0,SL,315.0,76.32,-77.94
2025-10-06 08:31:00+00:00,2025-10-06 11:29:00+00:00,SELL,3941.375,3938.348,3949.305,3925.5150000000003,0.1,27.27,2.727,0.382,TIME,895.0,88.7,-56.2
2025-10-07 09:30:00+00:00,2025-10-07 09:34:00+00:00,BUY,3947.835,3962.135,3940.685,3962.135,0.11,154.0,14.0,2.0,TP,25.0,162.03,0.0
2025-10-08 09:07:00+00:00,2025-10-08 09:32:00+00:00,BUY,4039.745,4032.925,4032.925,4053.3849999999993,0.12,-85.44,-7.12,-1.0,SL,130.0,0.84,-85.32
2025-10-09 09:05:00+00:00,2025-10-09 11:00:00+00:00,BUY,4034.998,4044.738,4030.128,4044.738,0.16,151.04,9.44,2.0,TP,580.0,183.31,-19.09
2025-10-10 09:10:00+00:00,2025-10-10 11:29:00+00:00,BUY,3988.135,3996.775,3969.935,4024.5350000000008,0.04,33.36,8.34,0.475,TIME,700.0,73.0,0.0
2025-10-13 10:05:00+00:00,2025-10-13 11:29:00+00:00,BUY,4076.005,4081.155,4069.535,4088.9450000000006,0.12,58.2,4.85,0.796,TIME,425.0,108.72,-61.8
2025-10-15 08:32:00+00:00,2025-10-15 09:03:00+00:00,BUY,4216.095,4206.925,4206.925,4234.435,0.09,-85.23,-9.47,-1.0,SL,160.0,5.85,-84.24
2025-10-16 09:30:00+00:00,2025-10-16 09:55:00+00:00,SELL,4230.383,4235.785,4235.785,4219.579,0.15,-85.53,-5.702,-1.0,SL,130.0,130.77,-91.7
2025-10-17 10:39:00+00:00,2025-10-17 11:29:00+00:00,SELL,4320.745,4321.898,4347.115,4268.005,0.03,-4.36,-1.453,-0.044,TIME,255.0,13.17,-49.62
2025-10-20 09:51:00+00:00,2025-10-20 10:04:00+00:00,BUY,4262.815,4253.655,4253.655,4281.134999999999,0.09,-85.14,-9.46,-1.0,SL,70.0,6.12,-91.35
2025-10-22 08:15:00+00:00,2025-10-22 11:29:00+00:00,SELL,4084.678,4020.049,4135.595,3982.843999999999,0.02,128.66,64.329,1.269,TIME,975.0,139.36,-58.4
2025-10-23 10:34:00+00:00,2025-10-23 11:29:00+00:00,BUY,4114.705,4113.235,4094.015,4156.085,0.04,-7.08,-1.77,-0.071,TIME,280.0,24.2,-52.64
2025-10-24 08:15:00+00:00,2025-10-24 11:29:00+00:00,SELL,4051.515,4056.465,4077.425,3999.6949999999993,0.03,-15.75,-5.25,-0.191,TIME,975.0,23.69,-65.61
2025-10-27 08:25:00+00:00,2025-10-27 08:53:00+00:00,SELL,4063.485,4053.5050000000006,4068.475,4053.5050000000006,0.16,154.88,9.68,2.0,TP,145.0,399.47,0.0
2025-10-28 09:10:00+00:00,2025-10-28 09:10:00+00:00,SELL,3921.485,3893.3450000000007,3935.555,3893.3450000000007,0.06,167.04,27.84,2.0,TP,5.0,202.5,0.0
2025-10-29 09:50:00+00:00,2025-10-29 09:55:00+00:00,BUY,4009.905,4029.159000000001,4000.278,4029.159000000001,0.08,151.63,18.954,2.0,TP,30.0,154.98,0.0
2025-10-30 09:05:00+00:00,2025-10-30 09:05:00+00:00,BUY,3969.255,3987.9750000000004,3959.895,3987.9750000000004,0.09,165.78,18.42,2.0,TP,5.0,225.63,0.0
2025-10-31 08:55:00+00:00,2025-10-31 09:15:00+00:00,SELL,4019.15,4003.8340000000003,4026.808,4003.8340000000003,0.1,150.16,15.016,2.0,TP,105.0,156.65,0.0
2025-11-03 08:15:00+00:00,2025-11-03 09:27:00+00:00,SELL,4020.355,4005.3350000000005,4027.865,4005.3350000000005,0.11,161.92,14.72,2.0,TP,365.0,170.03,-59.4
2025-11-04 09:35:00+00:00,2025-11-04 09:56:00+00:00,BUY,3999.225,3991.358,3991.358,4014.9589999999994,0.1,-81.67,-8.167,-1.0,SL,110.0,0.7,-88.2
2025-11-05 10:05:00+00:00,2025-11-05 11:29:00+00:00,SELL,3972.285,3957.965,3986.915,3943.0249999999996,0.05,70.1,14.02,0.979,TIME,425.0,82.3,0.0
2025-11-07 09:35:00+00:00,2025-11-07 11:03:00+00:00,SELL,4004.835,4010.275,4010.275,3993.955,0.15,-86.1,-5.74,-1.0,SL,445.0,27.6,-96.0
2025-11-10 09:15:00+00:00,2025-11-10 09:35:00+00:00,SELL,4074.945,4083.175,4083.175,4058.485,0.1,-85.3,-8.53,-1.0,SL,105.0,36.8,-81.3
2025-11-11 09:05:00+00:00,2025-11-11 11:29:00+00:00,BUY,4137.198,4140.909,4128.585,4154.424000000001,0.09,30.7,3.411,0.431,TIME,725.0,76.74,-5.43
2025-11-12 08:15:00+00:00,2025-11-12 11:29:00+00:00,BUY,4119.305,4124.085,4112.015,4133.885,0.11,49.28,4.48,0.656,TIME,975.0,154.88,-24.75
2025-11-13 08:20:00+00:00,2025-11-13 11:29:00+00:00,BUY,4230.285,4222.775,4218.975,4252.904999999999,0.07,-54.67,-7.81,-0.664,TIME,950.0,67.34,-78.96
2025-11-14 08:20:00+00:00,2025-11-14 08:56:00+00:00,BUY,4181.975,4172.955,4172.955,4200.015000000001,0.09,-83.88,-9.32,-1.0,SL,185.0,43.74,-108.9
2025-11-17 08:19:00+00:00,2025-11-17 10:54:00+00:00,SELL,4086.595,4068.4149999999995,4095.685,4068.4149999999995,0.09,160.92,17.88,2.0,TP,780.0,166.41,-24.03
2025-11-18 08:35:00+00:00,2025-11-18 11:29:00+00:00,BUY,4026.645,4048.275,4010.225,4059.485,0.05,106.65,21.33,1.317,TIME,875.0,117.55,0.0
2025-11-19 09:45:00+00:00,2025-11-19 09:47:00+00:00,BUY,4086.735,4103.955,4078.125,4103.955,0.09,152.28,16.92,2.0,TP,15.0,155.34,0.0
2025-11-20 09:00:00+00:00,2025-11-20 11:29:00+00:00,BUY,4062.905,4056.265,4042.565,4103.585000000001,0.04,-27.76,-6.94,-0.326,TIME,750.0,38.36,-48.6
2025-11-21 08:21:00+00:00,2025-11-21 11:29:00+00:00,BUY,4039.065,4039.045,4022.075,4073.0450000000005,0.05,-1.6,-0.32,-0.001,TIME,945.0,120.4,-35.05
2025-11-25 08:35:00+00:00,2025-11-25 08:50:00+00:00,SELL,4131.185,4121.225000000001,4136.165,4121.225000000001,0.16,154.56,9.66,2.0,TP,80.0,194.88,0.0
2025-11-26 08:45:00+00:00,2025-11-26 11:29:00+00:00,SELL,4156.455,4164.665,4167.155,4135.055,0.07,-59.57,-8.51,-0.767,TIME,825.0,13.86,-58.73
2025-11-27 09:05:00+00:00,2025-11-27 09:18:00+00:00,SELL,4159.305,4149.485000000001,4164.215,4149.485000000001,0.16,152.32,9.52,2.0,TP,70.0,172.16,-3.52
2025-11-28 08:24:00+00:00,2025-11-28 10:16:00+00:00,SELL,4161.485,4174.745,4174.745,4134.964999999999,0.06,-81.36,-13.56,-1.0,SL,555.0,68.46,-91.16
2025-12-01 10:03:00+00:00,2025-12-01 11:29:00+00:00,BUY,4252.615,4254.065,4244.305,4269.234999999999,0.1,11.5,1.15,0.174,TIME,435.0,94.1,-46.7
2025-12-02 09:10:00+00:00,2025-12-02 09:36:00+00:00,SELL,4206.875,4190.415000000001,4215.105,4190.415000000001,0.1,161.6,16.16,2.0,TP,135.0,259.8,-16.4
2025-12-03 08:45:00+00:00,2025-12-03 09:02:00+00:00,BUY,4207.915,4204.555,4204.555,4214.634999999999,0.24,-87.84,-3.66,-1.0,SL,90.0,37.2,-109.44
2025-12-04 08:21:00+00:00,2025-12-04 08:46:00+00:00,BUY,4195.655,4189.638,4189.638,4207.688999999999,0.13,-82.12,-6.317,-1.0,SL,130.0,4.16,-79.3
2025-12-08 10:31:00+00:00,2025-12-08 11:29:00+00:00,SELL,4202.895,4209.335,4212.535,4183.615000000002,0.08,-53.92,-6.74,-0.668,TIME,295.0,27.82,-52.0
2025-12-09 09:05:00+00:00,2025-12-09 09:05:00+00:00,BUY,4188.295,4200.514999999999,4182.185,4200.514999999999,0.13,154.96,11.92,2.0,TP,5.0,191.62,0.0
2025-12-10 08:55:00+00:00,2025-12-10 10:33:00+00:00,SELL,4200.025,4188.1849999999995,4205.945,4188.1849999999995,0.14,161.56,11.54,2.0,TP,495.0,175.0,-3.64
2025-12-11 09:05:00+00:00,2025-12-11 09:43:00+00:00,SELL,4212.635,4217.655,4217.655,4202.595000000001,0.16,-85.12,-5.32,-1.0,SL,195.0,39.04,-76.8
2025-12-12 08:45:00+00:00,2025-12-12 09:03:00+00:00,BUY,4295.365,4312.3049999999985,4286.895,4312.3049999999985,0.09,149.76,16.64,2.0,TP,95.0,161.28,0.0
2025-12-15 09:15:00+00:00,2025-12-15 10:31:00+00:00,BUY,4344.175,4338.465,4338.465,4355.595,0.14,-84.14,-6.01,-1.0,SL,385.0,81.48,-80.08
2025-12-16 08:38:00+00:00,2025-12-16 11:29:00+00:00,SELL,4280.155,4277.295,4289.215,4262.034999999999,0.09,23.04,2.56,0.316,TIME,860.0,59.13,-59.49
2025-12-17 10:38:00+00:00,2025-12-17 11:29:00+00:00,SELL,4308.145,4317.965,4320.748,4282.939000000002,0.06,-60.72,-10.12,-0.779,TIME,260.0,11.04,-72.54
2025-12-19 08:45:00+00:00,2025-12-19 09:45:00+00:00,BUY,4324.545,4332.005000000001,4320.815,4332.005000000001,0.21,150.36,7.16,2.0,TP,305.0,187.53,-7.35
2025-12-22 10:35:00+00:00,2025-12-22 11:29:00+00:00,SELL,4409.655,4408.848,4414.385,4400.194999999999,0.17,8.62,0.507,0.171,TIME,275.0,66.3,-27.03
2025-12-23 08:35:00+00:00,2025-12-23 09:02:00+00:00,BUY,4489.298,4485.025,4485.025,4497.844,0.19,-86.89,-4.573,-1.0,SL,140.0,70.24,-88.6
2025-12-24 10:05:00+00:00,2025-12-24 11:29:00+00:00,BUY,4486.725,4486.905,4477.805,4504.5650000000005,0.09,-1.08,-0.12,0.02,TIME,425.0,115.2,-42.63
2025-12-26 09:00:00+00:00,2025-12-26 11:05:00+00:00,BUY,4514.545,4509.175,4509.175,4525.285,0.15,-85.05,-5.67,-1.0,SL,630.0,129.3,-120.71
2025-12-29 11:20:00+00:00,2025-12-29 11:29:00+00:00,SELL,4465.748,4465.025,4485.735,4425.773999999999,0.04,1.69,0.423,0.036,TIME,50.0,11.13,-7.15
2025-12-30 08:30:00+00:00,2025-12-30 09:11:00+00:00,SELL,4363.115,4373.445,4373.445,4342.455,0.08,-85.04,-10.63,-1.0,SL,210.0,105.28,-84.08
2025-12-31 09:00:00+00:00,2025-12-31 09:42:00+00:00,SELL,4319.938,4332.605,4332.605,4294.604000000001,0.06,-77.8,-12.967,-1.0,SL,215.0,78.32,-83.38
2026-01-02 08:50:00+00:00,2026-01-02 10:51:00+00:00,BUY,4386.155,4397.354999999999,4380.555,4397.354999999999,0.14,152.6,10.9,2.0,TP,610.0,167.02,-46.16
2026-01-05 08:20:00+00:00,2026-01-05 09:43:00+00:00,BUY,4424.948,4436.794000000002,4419.025,4436.794000000002,0.14,161.64,11.546,2.0,TP,420.0,173.28,-24.54
2026-01-06 08:30:00+00:00,2026-01-06 09:11:00+00:00,BUY,4463.335,4456.975,4456.975,4476.054999999999,0.13,-86.58,-6.66,-1.0,SL,210.0,117.17,-130.22
2026-01-07 08:40:00+00:00,2026-01-07 10:29:00+00:00,BUY,4466.265,4459.085,4459.085,4480.625000000001,0.11,-82.28,-7.48,-1.0,SL,550.0,92.21,-85.47
2026-01-08 08:15:00+00:00,2026-01-08 09:00:00+00:00,SELL,4425.295,4433.175,4433.175,4409.535,0.1,-81.8,-8.18,-1.0,SL,230.0,58.57,-93.4
2026-01-12 08:50:00+00:00,2026-01-12 11:29:00+00:00,BUY,4589.085,4584.875,4581.855,4603.545000000001,0.11,-49.61,-4.51,-0.582,TIME,800.0,111.76,-59.73
2026-01-14 08:26:00+00:00,2026-01-14 08:46:00+00:00,SELL,4623.335,4633.945,4633.945,4602.115000000001,0.08,-87.28,-10.91,-1.0,SL,105.0,16.56,-97.68
2026-01-15 09:40:00+00:00,2026-01-15 10:37:00+00:00,BUY,4604.405,4617.844999999998,4597.685,4617.844999999998,0.12,157.68,13.14,2.0,TP,290.0,165.24,0.0
2026-01-16 10:06:00+00:00,2026-01-16 10:24:00+00:00,SELL,4604.455,4610.345,4610.345,4592.674999999999,0.14,-86.66,-6.19,-1.0,SL,95.0,22.4,-87.36
2026-01-20 09:25:00+00:00,2026-01-20 11:29:00+00:00,BUY,4725.395,4726.645,4714.745,4746.6950000000015,0.08,7.6,0.95,0.117,TIME,625.0,95.12,-31.84
2026-01-21 09:25:00+00:00,2026-01-21 11:29:00+00:00,BUY,4863.835,4866.968,4853.455,4884.595,0.08,22.66,2.833,0.302,TIME,625.0,105.04,-38.8
2026-01-22 09:35:00+00:00,2026-01-22 11:29:00+00:00,SELL,4824.155,4827.595,4835.325,4801.815,0.07,-26.18,-3.74,-0.308,TIME,575.0,73.85,-52.64
2026-01-23 08:25:00+00:00,2026-01-23 08:25:00+00:00,SELL,4940.278,4925.7040000000015,4947.565,4925.7040000000015,0.11,157.01,14.274,2.0,TP,5.0,303.27,0.0
2026-01-26 08:55:00+00:00,2026-01-26 09:28:00+00:00,SELL,5086.998,5096.535,5096.535,5067.923999999999,0.08,-78.7,-9.837,-1.0,SL,170.0,48.26,-76.62
2026-01-27 09:55:00+00:00,2026-01-27 11:29:00+00:00,BUY,5087.985,5086.695,5079.025,5105.905,0.09,-14.31,-1.59,-0.144,TIME,475.0,102.24,-56.16
2026-01-28 08:35:00+00:00,2026-01-28 08:45:00+00:00,BUY,5299.675,5286.319,5286.319,5326.387,0.06,-81.94,-13.656,-1.0,SL,55.0,42.12,-99.24
2026-01-29 08:45:00+00:00,2026-01-29 11:29:00+00:00,SELL,5522.878,5515.685,5554.585,5459.463999999999,0.03,20.68,6.893,0.227,TIME,825.0,157.0,-20.18
2026-01-30 08:35:00+00:00,2026-01-30 08:35:00+00:00,SELL,5140.455,5059.754999999999,5180.805,5059.754999999999,0.02,160.8,80.4,2.0,TP,5.0,177.34,0.0
2026-02-02 09:30:00+00:00,2026-02-02 11:29:00+00:00,BUY,4627.315,4752.545,4557.905,4766.134999999999,0.01,124.93,124.93,1.804,TIME,600.0,132.45,0.0
2026-02-03 11:00:00+00:00,2026-02-03 11:29:00+00:00,SELL,4897.995,4900.805,4931.995,4829.995,0.02,-6.22,-3.11,-0.083,TIME,150.0,29.1,-28.65
2026-02-04 11:20:00+00:00,2026-02-04 11:20:00+00:00,SELL,5074.318,5040.164,5091.395,5040.164,0.05,169.27,33.854,2.0,TP,5.0,242.76,0.0
2026-02-05 09:05:00+00:00,2026-02-05 09:56:00+00:00,SELL,4912.255,4852.795000000001,4941.985,4852.795000000001,0.03,177.48,59.16,2.0,TP,260.0,189.33,0.0
2026-02-06 08:40:00+00:00,2026-02-06 11:29:00+00:00,BUY,4853.065,4890.489,4828.575,4902.044999999999,0.03,111.37,37.124,1.528,TIME,850.0,121.83,-45.48
2026-02-09 09:05:00+00:00,2026-02-09 09:58:00+00:00,BUY,5021.065,5002.505,5002.505,5058.184999999999,0.04,-75.44,-18.86,-1.0,SL,270.0,59.28,-74.84
2026-02-10 09:05:00+00:00,2026-02-10 11:29:00+00:00,BUY,5040.785,5047.585,5028.605,5065.145,0.07,45.5,6.5,0.558,TIME,725.0,155.89,-28.28
2026-02-11 09:35:00+00:00,2026-02-11 10:40:00+00:00,BUY,5060.215,5077.829,5051.408,5077.829,0.09,155.83,17.314,2.0,TP,330.0,197.28,-38.7
2026-02-12 08:35:00+00:00,2026-02-12 09:04:00+00:00,SELL,5062.659,5073.128,5073.128,5041.721,0.08,-86.15,-10.769,-1.0,SL,150.0,30.51,-84.85
2026-02-13 09:30:00+00:00,2026-02-13 11:24:00+00:00,SELL,4971.875,4936.995000000001,4989.315,4936.995000000001,0.05,172.9,34.58,2.0,TP,575.0,191.9,-43.1
2026-02-16 08:17:00+00:00,2026-02-16 09:03:00+00:00,SELL,4996.118,5013.015,5013.015,4962.3240000000005,0.05,-85.98,-17.197,-1.0,SL,235.0,4.12,-94.88
2026-02-17 09:53:00+00:00,2026-02-17 10:49:00+00:00,BUY,4930.195,4916.195,4916.195,4958.195,0.06,-85.8,-14.3,-1.0,SL,285.0,52.62,-88.74
2026-02-18 08:45:00+00:00,2026-02-18 09:04:00+00:00,SELL,4926.498,4915.297999999999,4932.098,4915.297999999999,0.14,152.6,10.9,2.0,TP,100.0,170.98,0.0
2026-02-19 08:55:00+00:00,2026-02-19 09:28:00+00:00,BUY,5011.965,5006.045,5006.045,5023.805,0.14,-87.08,-6.22,-1.0,SL,170.0,116.2,-132.54
2026-02-20 10:35:00+00:00,2026-02-20 11:29:00+00:00,BUY,5016.225,5028.575,5004.665,5039.345000000001,0.07,84.35,12.05,1.068,TIME,275.0,153.09,0.0
2026-02-23 10:35:00+00:00,2026-02-23 10:51:00+00:00,BUY,5139.325,5156.364999999999,5130.805,5156.364999999999,0.09,150.66,16.74,2.0,TP,85.0,173.16,0.0
2026-02-24 08:35:00+00:00,2026-02-24 08:46:00+00:00,BUY,5179.185,5169.205,5169.205,5199.145000000001,0.08,-82.24,-10.28,-1.0,SL,60.0,19.7,-85.12
2026-02-25 09:05:00+00:00,2026-02-25 09:35:00+00:00,SELL,5184.148,5190.155,5190.155,5172.134000000001,0.13,-81.99,-6.307,-1.0,SL,155.0,68.81,-99.15
2026-02-26 08:30:00+00:00,2026-02-26 11:29:00+00:00,SELL,5179.058,5171.745,5190.585,5156.004,0.07,49.09,7.013,0.634,TIME,900.0,95.2,-75.93
2026-02-27 09:50:00+00:00,2026-02-27 11:29:00+00:00,SELL,5175.945,5177.495,5182.165,5163.504999999999,0.13,-24.05,-1.85,-0.249,TIME,500.0,101.27,-60.84
2026-03-02 08:45:00+00:00,2026-03-02 10:06:00+00:00,SELL,5402.405,5381.684999999999,5412.765,5381.684999999999,0.08,163.36,20.42,2.0,TP,410.0,190.08,-67.52
2026-03-03 08:25:00+00:00,2026-03-03 09:05:00+00:00,SELL,5319.625,5287.405000000001,5335.735,5287.405000000001,0.05,159.6,31.92,2.0,TP,205.0,176.25,0.0
2026-03-05 08:41:00+00:00,2026-03-05 11:29:00+00:00,BUY,5162.195,5162.765,5141.435,5203.714999999998,0.04,1.08,0.27,0.027,TIME,845.0,71.88,-65.36
2026-03-06 08:25:00+00:00,2026-03-06 09:51:00+00:00,SELL,5110.545,5086.105,5122.765,5086.105,0.07,168.98,24.14,2.0,TP,435.0,173.32,-18.83
2026-03-09 08:50:00+00:00,2026-03-09 09:09:00+00:00,SELL,5098.685,5110.715,5110.715,5074.625000000001,0.07,-86.31,-12.33,-1.0,SL,100.0,45.29,-90.23
2026-03-10 10:35:00+00:00,2026-03-10 11:05:00+00:00,SELL,5174.718,5185.165,5185.165,5153.824,0.08,-85.98,-10.747,-1.0,SL,155.0,148.34,-102.54
2026-03-11 08:21:00+00:00,2026-03-11 11:29:00+00:00,SELL,5187.735,5180.725,5198.465,5166.274999999999,0.07,46.97,6.71,0.653,TIME,945.0,88.06,-65.24
2026-03-12 10:00:00+00:00,2026-03-12 10:29:00+00:00,BUY,5189.405,5180.408,5180.408,5207.3989999999985,0.09,-83.67,-9.297,-1.0,SL,150.0,17.85,-86.04
2026-03-13 08:25:00+00:00,2026-03-13 08:50:00+00:00,SELL,5066.375,5084.725,5084.725,5029.674999999999,0.04,-74.6,-18.65,-1.0,SL,130.0,3.76,-79.96
2026-03-16 08:15:00+00:00,2026-03-16 08:23:00+00:00,SELL,4988.335,5000.108,5000.108,4964.789,0.07,-84.51,-12.073,-1.0,SL,45.0,4.62,-89.53
2026-03-17 08:28:00+00:00,2026-03-17 09:00:00+00:00,SELL,5018.705,5025.915,5025.915,5004.285,0.11,-82.61,-7.51,-1.0,SL,165.0,5.28,-78.76
2026-03-18 08:25:00+00:00,2026-03-18 10:35:00+00:00,SELL,4985.059,4962.899,4996.139,4962.899,0.07,153.02,21.86,2.0,TP,655.0,175.87,-73.4
2026-03-19 10:35:00+00:00,2026-03-19 11:29:00+00:00,SELL,4701.125,4685.995,4740.145,4623.084999999999,0.02,29.66,14.83,0.388,TIME,275.0,69.48,0.0
2026-03-20 08:30:00+00:00,2026-03-20 08:33:00+00:00,BUY,4717.495,4701.735,4701.735,4749.015,0.05,-80.3,-16.06,-1.0,SL,20.0,25.45,-83.55
2026-03-23 11:10:00+00:00,2026-03-23 11:10:00+00:00,BUY,4255.315,4361.826999999998,4202.059,4361.826999999998,0.02,212.42,106.212,2.0,TP,5.0,364.9,0.0
2026-03-24 11:00:00+00:00,2026-03-24 11:01:00+00:00,BUY,4420.735,4401.895,4401.895,4458.414999999998,0.04,-76.56,-19.14,-1.0,SL,10.0,84.52,-190.75
2026-03-25 08:40:00+00:00,2026-03-25 09:48:00+00:00,BUY,4559.065,4535.428,4535.428,4606.338999999999,0.03,-71.81,-23.937,-1.0,SL,345.0,25.17,-94.2
2026-03-26 08:16:00+00:00,2026-03-26 11:29:00+00:00,SELL,4439.698,4442.918,4459.075,4400.944000000001,0.04,-14.08,-3.52,-0.166,TIME,970.0,108.41,-67.23
2026-03-27 08:55:00+00:00,2026-03-27 08:58:00+00:00,SELL,4442.585,4426.979,4450.388,4426.979,0.1,153.06,15.306,2.0,TP,20.0,165.87,0.0
2026-03-30 11:12:00+00:00,2026-03-30 11:29:00+00:00,BUY,4536.745,4543.035,4524.605,4561.025000000001,0.07,41.93,5.99,0.518,TIME,90.0,79.31,-22.19
2026-03-31 10:40:00+00:00,2026-03-31 10:40:00+00:00,SELL,4560.105,4534.384999999998,4572.965,4534.384999999998,0.06,152.52,25.42,2.0,TP,5.0,185.94,0.0
2026-04-01 10:29:00+00:00,2026-04-01 11:29:00+00:00,BUY,4726.195,4744.885,4709.995,4758.594999999999,0.05,91.95,18.39,1.154,TIME,305.0,98.65,-9.65
2026-04-02 10:20:00+00:00,2026-04-02 11:29:00+00:00,SELL,4628.685,4614.635,4648.555,4588.945000000001,0.04,55.0,13.75,0.707,TIME,350.0,100.8,-9.76
2026-04-06 09:55:00+00:00,2026-04-06 11:29:00+00:00,BUY,4694.125,4688.225,4680.668,4721.039000000001,0.06,-37.2,-6.2,-0.438,TIME,475.0,19.26,-60.46
2026-04-07 08:25:00+00:00,2026-04-07 11:10:00+00:00,BUY,4665.125,4643.785,4643.785,4707.805,0.04,-86.56,-21.64,-1.0,SL,830.0,115.32,-97.11
2026-04-08 08:25:00+00:00,2026-04-08 09:43:00+00:00,SELL,4807.855,4785.0549999999985,4819.255,4785.0549999999985,0.07,157.5,22.5,2.0,TP,395.0,172.97,-11.06
2026-04-09 10:25:00+00:00,2026-04-09 10:25:00+00:00,BUY,4726.028,4739.228000000001,4719.428,4739.228000000001,0.12,154.8,12.9,2.0,TP,5.0,162.68,0.0
2026-04-10 08:20:00+00:00,2026-04-10 08:47:00+00:00,SELL,4746.985,4734.6449999999995,4753.155,4734.6449999999995,0.13,156.52,12.04,2.0,TP,140.0,184.34,-67.08
2026-04-13 08:45:00+00:00,2026-04-13 09:09:00+00:00,SELL,4732.215,4719.655000000001,4738.495,4719.655000000001,0.13,159.38,12.26,2.0,TP,125.0,193.31,0.0
2026-04-14 09:32:00+00:00,2026-04-14 10:07:00+00:00,SELL,4774.035,4782.865,4782.865,4756.375,0.09,-82.17,-9.13,-1.0,SL,180.0,23.76,-83.7
2026-04-15 09:11:00+00:00,2026-04-15 09:47:00+00:00,SELL,4804.215,4787.775,4812.435,4787.775,0.1,161.4,16.14,2.0,TP,185.0,183.3,-41.6
2026-04-17 08:45:00+00:00,2026-04-17 11:29:00+00:00,BUY,4790.915,4792.835,4780.695,4811.3550000000005,0.08,12.96,1.62,0.188,TIME,825.0,78.96,-70.96
2026-04-20 09:35:00+00:00,2026-04-20 09:44:00+00:00,SELL,4785.835,4791.545,4791.545,4774.415,0.14,-84.14,-6.01,-1.0,SL,50.0,17.08,-89.74
2026-04-21 08:21:00+00:00,2026-04-21 11:29:00+00:00,BUY,4787.315,4783.295,4774.318,4813.308999999998,0.06,-25.92,-4.32,-0.309,TIME,945.0,32.52,-72.72
2026-04-22 10:05:00+00:00,2026-04-22 10:09:00+00:00,SELL,4757.555,4748.535000000002,4762.065,4748.535000000002,0.18,156.96,8.72,2.0,TP,25.0,185.22,0.0
2026-04-23 09:05:00+00:00,2026-04-23 09:05:00+00:00,SELL,4717.305,4702.5250000000015,4724.695,4702.5250000000015,0.11,159.28,14.48,2.0,TP,5.0,226.05,0.0
2026-04-24 09:25:00+00:00,2026-04-24 11:05:00+00:00,SELL,4686.265,4694.415,4694.415,4669.965000000001,0.1,-84.5,-8.45,-1.0,SL,505.0,118.1,-97.7
2026-04-27 08:47:00+00:00,2026-04-27 08:51:00+00:00,BUY,4714.405,4710.095,4710.095,4723.024999999999,0.19,-87.59,-4.61,-1.0,SL,25.0,3.23,-85.12
2026-04-28 11:25:00+00:00,2026-04-28 11:29:00+00:00,SELL,4614.535,4599.315,4633.445,4576.715,0.04,59.68,14.92,0.805,TIME,25.0,65.52,0.0
2026-04-30 10:30:00+00:00,2026-04-30 11:29:00+00:00,BUY,4629.545,4637.395,4597.155,4694.325000000001,0.02,15.1,7.55,0.242,TIME,300.0,34.32,0.0
2026-05-01 09:55:00+00:00,2026-05-01 11:29:00+00:00,SELL,4573.135,4571.655,4582.225,4554.955,0.09,10.62,1.18,0.163,TIME,475.0,117.81,-28.53
2026-05-04 10:00:00+00:00,2026-05-04 10:03:00+00:00,SELL,4574.035,4560.074999999999,4581.015,4560.074999999999,0.11,150.26,13.66,2.0,TP,20.0,202.18,-18.26
2026-05-05 09:35:00+00:00,2026-05-05 10:43:00+00:00,BUY,4553.315,4545.225,4545.225,4569.494999999998,0.1,-83.9,-8.39,-1.0,SL,345.0,39.5,-85.17
2026-05-06 08:55:00+00:00,2026-05-06 08:55:00+00:00,BUY,4682.285,4696.885,4674.985,4696.885,0.11,157.3,14.3,2.0,TP,5.0,201.08,0.0
2026-05-07 09:05:00+00:00,2026-05-07 11:29:00+00:00,SELL,4742.265,4732.505,4753.275,4720.245000000002,0.07,66.22,9.46,0.886,TIME,725.0,116.13,0.0
2026-05-08 09:35:00+00:00,2026-05-08 10:37:00+00:00,BUY,4713.015,4726.2350000000015,4706.405,4726.2350000000015,0.12,155.04,12.92,2.0,TP,315.0,160.44,-69.12
2026-05-11 08:15:00+00:00,2026-05-11 09:21:00+00:00,BUY,4673.535,4663.995,4663.995,4692.615,0.08,-78.72,-9.84,-1.0,SL,335.0,40.32,-76.96
2026-05-12 09:45:00+00:00,2026-05-12 10:07:00+00:00,SELL,4699.065,4706.715,4706.715,4683.7649999999985,0.1,-79.5,-7.95,-1.0,SL,115.0,51.1,-87.0
2026-05-13 09:15:00+00:00,2026-05-13 09:23:00+00:00,SELL,4698.395,4687.155000000001,4704.015,4687.155000000001,0.14,153.16,10.94,2.0,TP,45.0,164.78,0.0
2026-05-15 08:20:00+00:00,2026-05-15 10:53:00+00:00,SELL,4557.175,4571.895,4571.895,4527.735,0.05,-75.1,-15.02,-1.0,SL,770.0,127.35,-76.55
2026-05-18 09:05:00+00:00,2026-05-18 09:21:00+00:00,SELL,4542.138,4548.795,4548.795,4528.824,0.12,-83.48,-6.957,-1.0,SL,85.0,9.28,-80.0
2026-05-19 08:55:00+00:00,2026-05-19 11:29:00+00:00,SELL,4542.325,4539.075,4559.055,4508.864999999999,0.05,14.75,2.95,0.194,TIME,775.0,85.5,-27.25
2026-05-21 08:15:00+00:00,2026-05-21 10:26:00+00:00,BUY,4535.535,4518.105,4518.105,4570.395,0.05,-88.65,-17.73,-1.0,SL,660.0,35.45,-113.7
2026-05-22 08:35:00+00:00,2026-05-22 09:50:00+00:00,SELL,4521.415,4529.795,4529.795,4504.655,0.1,-86.8,-8.68,-1.0,SL,380.0,69.17,-107.3
2026-05-25 08:25:00+00:00,2026-05-25 09:34:00+00:00,SELL,4559.225,4564.898,4564.898,4547.879000000001,0.14,-83.62,-5.973,-1.0,SL,350.0,84.28,-82.04
2026-05-26 08:30:00+00:00,2026-05-26 10:34:00+00:00,SELL,4526.965,4538.868,4538.868,4503.159,0.07,-85.42,-12.203,-1.0,SL,625.0,104.35,-81.48
2026-05-27 09:05:00+00:00,2026-05-27 10:19:00+00:00,BUY,4489.125,4481.598,4481.598,4504.179,0.11,-86.1,-7.827,-1.0,SL,375.0,67.32,-105.49
2026-05-28 09:25:00+00:00,2026-05-28 10:46:00+00:00,BUY,4394.675,4386.285,4386.285,4411.455000000001,0.1,-86.9,-8.69,-1.0,SL,410.0,90.9,-86.2
2026-05-29 09:15:00+00:00,2026-05-29 11:29:00+00:00,BUY,4524.635,4527.775,4514.118,4545.669,0.08,22.72,2.84,0.299,TIME,675.0,147.12,-21.68
2026-06-01 09:35:00+00:00,2026-06-01 10:31:00+00:00,SELL,4493.255,4504.345,4504.345,4471.075,0.07,-79.73,-11.39,-1.0,SL,285.0,19.32,-79.03
2026-06-02 09:15:00+00:00,2026-06-02 11:29:00+00:00,SELL,4532.775,4529.975,4538.898,4520.528999999999,0.13,32.5,2.5,0.457,TIME,675.0,152.1,-35.88
2026-06-03 08:55:00+00:00,2026-06-03 09:08:00+00:00,SELL,4450.575,4458.995,4458.995,4433.735,0.1,-87.2,-8.72,-1.0,SL,70.0,105.6,-82.0
2026-06-04 09:07:00+00:00,2026-06-04 11:26:00+00:00,BUY,4467.745,4483.944999999999,4459.645,4483.944999999999,0.1,159.0,15.9,2.0,TP,700.0,198.3,-62.0
2026-06-05 09:15:00+00:00,2026-06-05 11:24:00+00:00,BUY,4463.175,4458.575,4458.575,4472.375000000001,0.17,-83.3,-4.9,-1.0,SL,650.0,103.53,-85.0
2026-06-08 09:30:00+00:00,2026-06-08 09:34:00+00:00,SELL,4289.425,4274.145000000001,4297.065,4274.145000000001,0.1,149.8,14.98,2.0,TP,25.0,167.8,0.0
2026-06-09 10:17:00+00:00,2026-06-09 11:29:00+00:00,BUY,4336.275,4338.585,4320.875,4367.074999999999,0.05,10.05,2.01,0.15,TIME,365.0,21.85,-33.55
2026-06-10 10:10:00+00:00,2026-06-10 11:29:00+00:00,SELL,4161.205,4166.415,4187.235,4109.145,0.03,-16.53,-5.51,-0.2,TIME,400.0,23.76,-52.32
2026-06-11 10:25:00+00:00,2026-06-11 10:30:00+00:00,SELL,4103.915,4086.7750000000005,4112.485,4086.7750000000005,0.09,151.56,16.84,2.0,TP,30.0,157.86,0.0
2026-06-12 08:20:00+00:00,2026-06-12 11:29:00+00:00,BUY,4204.695,4202.405,4191.745,4230.594999999999,0.06,-15.54,-2.59,-0.177,TIME,950.0,138.18,-16.74
2026-06-15 08:35:00+00:00,2026-06-15 11:29:00+00:00,BUY,4329.645,4340.985,4321.675,4345.585000000001,0.1,110.4,11.04,1.423,TIME,875.0,156.4,0.0
2026-06-16 11:05:00+00:00,2026-06-16 11:29:00+00:00,BUY,4339.925,4341.935,4332.575,4354.625000000001,0.11,18.81,1.71,0.273,TIME,125.0,58.3,-16.28
2026-06-17 09:30:00+00:00,2026-06-17 11:29:00+00:00,BUY,4327.795,4328.635,4322.015,4339.355,0.14,7.56,0.54,0.145,TIME,600.0,107.1,-33.18
2026-06-18 09:00:00+00:00,2026-06-18 09:00:00+00:00,SELL,4283.905,4266.405,4292.655,4266.405,0.09,154.8,17.2,2.0,TP,5.0,205.11,0.0
2026-06-19 08:25:00+00:00,2026-06-19 10:08:00+00:00,BUY,4166.965,4154.975,4154.975,4190.945,0.07,-86.03,-12.29,-1.0,SL,520.0,79.66,-99.89
2026-06-22 08:55:00+00:00,2026-06-22 09:06:00+00:00,BUY,4194.575,4206.915,4188.405,4206.915,0.13,156.52,12.04,2.0,TP,60.0,191.62,-1.17
2026-06-23 10:05:00+00:00,2026-06-23 10:05:00+00:00,BUY,4099.905,4118.624999999999,4090.545,4118.624999999999,0.09,165.78,18.42,2.0,TP,5.0,291.24,0.0
2026-06-24 08:35:00+00:00,2026-06-24 09:07:00+00:00,BUY,4077.995,4072.935,4072.935,4088.115,0.16,-85.76,-5.36,-1.0,SL,165.0,116.48,-101.6
2026-06-26 09:20:00+00:00,2026-06-26 09:20:00+00:00,BUY,4033.005,4047.585,4025.715,4047.585,0.11,157.08,14.28,2.0,TP,5.0,170.06,0.0
2026-06-29 08:45:00+00:00,2026-06-29 08:57:00+00:00,SELL,4060.345,4049.104999999999,4065.965,4049.104999999999,0.14,153.16,10.94,2.0,TP,65.0,166.6,0.0
2026-07-01 08:20:00+00:00,2026-07-01 10:33:00+00:00,BUY,3975.985,3989.8850000000007,3969.035,3989.8850000000007,0.12,163.2,13.6,2.0,TP,670.0,188.76,-60.24
2026-07-02 11:02:00+00:00,2026-07-02 11:29:00+00:00,SELL,4061.105,4065.395,4073.865,4035.5850000000005,0.06,-27.54,-4.59,-0.336,TIME,140.0,23.28,-36.36
2026-07-03 08:50:00+00:00,2026-07-03 11:23:00+00:00,SELL,4177.135,4185.795,4185.795,4159.8150000000005,0.09,-80.64,-8.96,-1.0,SL,770.0,79.83,-80.01
2026-07-06 09:30:00+00:00,2026-07-06 09:30:00+00:00,SELL,4156.945,4139.144999999999,4165.845,4139.144999999999,0.09,157.5,17.5,2.0,TP,5.0,164.43,0.0
2026-07-07 08:55:00+00:00,2026-07-07 10:27:00+00:00,SELL,4124.345,4139.045,4139.045,4094.9450000000006,0.05,-75.0,-15.0,-1.0,SL,465.0,22.7,-72.55
2026-07-08 08:20:00+00:00,2026-07-08 08:20:00+00:00,SELL,4116.185,4106.425000000002,4121.065,4106.425000000002,0.16,151.36,9.46,2.0,TP,5.0,450.24,0.0
2026-07-09 08:25:00+00:00,2026-07-09 09:34:00+00:00,BUY,4110.375,4105.005,4105.005,4121.115,0.15,-85.05,-5.67,-1.0,SL,350.0,90.75,-85.35
2026-07-10 08:50:00+00:00,2026-07-10 10:22:00+00:00,SELL,4103.855,4109.345,4109.345,4092.874999999998,0.15,-86.85,-5.79,-1.0,SL,465.0,144.6,-80.7
2026-07-13 10:45:00+00:00,2026-07-13 11:29:00+00:00,SELL,4062.795,4062.575,4074.695,4038.995,0.07,-0.56,-0.08,0.018,TIME,225.0,103.95,-34.23
2026-07-14 09:50:00+00:00,2026-07-14 11:29:00+00:00,BUY,4022.215,4024.585,4014.045,4038.5550000000003,0.1,20.7,2.07,0.29,TIME,500.0,59.6,-73.1
2026-07-15 10:15:00+00:00,2026-07-15 11:29:00+00:00,BUY,4025.735,4030.515,4017.155,4042.895,0.09,40.32,4.48,0.557,TIME,375.0,86.22,0.0
2026-07-17 08:31:00+00:00,2026-07-17 08:49:00+00:00,SELL,3991.085,3999.595,3999.595,3974.0650000000005,0.09,-79.29,-8.81,-1.0,SL,95.0,31.41,-74.34
2026-07-20 08:25:00+00:00,2026-07-20 09:05:00+00:00,BUY,4025.485,4017.125,4017.125,4042.2050000000004,0.1,-86.6,-8.66,-1.0,SL,205.0,39.0,-90.0
2026-07-21 09:30:00+00:00,2026-07-21 11:29:00+00:00,SELL,4065.335,4057.795,4072.255,4051.495,0.12,86.88,7.24,1.09,TIME,600.0,121.56,-54.0
2026-07-22 09:35:00+00:00,2026-07-22 11:29:00+00:00,BUY,4115.835,4118.405,4110.415,4126.675,0.15,34.05,2.27,0.474,TIME,575.0,107.55,-40.5
2026-07-23 10:35:00+00:00,2026-07-23 11:29:00+00:00,SELL,4090.065,4084.205,4097.535,4075.1250000000005,0.11,61.16,5.56,0.784,TIME,275.0,101.53,-56.32
2026-07-24 08:30:00+00:00,2026-07-24 08:53:00+00:00,BUY,4048.955,4056.715,4045.075,4056.715,0.21,156.66,7.46,2.0,TP,120.0,167.79,-6.72
2026-07-27 11:10:00+00:00,2026-07-27 11:29:00+00:00,BUY,4092.945,4096.665,4086.875,4105.085000000001,0.13,44.46,3.42,0.613,TIME,100.0,142.35,0.0
2026-07-28 09:40:00+00:00,2026-07-28 10:23:00+00:00,SELL,4042.845,4018.5049999999997,4055.015,4018.5049999999997,0.07,168.28,24.04,2.0,TP,220.0,178.01,0.0
2026-07-29 10:40:00+00:00,2026-07-29 10:43:00+00:00,SELL,4038.855,4028.055,4044.255,4028.055,0.15,157.5,10.5,2.0,TP,20.0,191.4,0.0
2026-07-30 10:15:00+00:00,2026-07-30 11:29:00+00:00,BUY,4055.975,4077.255,4036.595,4094.735,0.04,83.92,20.98,1.098,TIME,375.0,108.48,0.0
2026-07-31 08:23:00+00:00,2026-07-31 11:29:00+00:00,SELL,4061.045,4058.625,4067.954,4047.227,0.12,25.44,2.12,0.35,TIME,935.0,131.04,-39.96
2026-08-03 08:20:00+00:00,2026-08-03 09:13:00+00:00,SELL,4058.125,4062.025,4062.025,4050.325,0.21,-88.2,-4.2,-1.0,SL,270.0,85.26,-81.06
2026-08-04 08:25:00+00:00,2026-08-04 09:35:00+00:00,SELL,4064.445,4047.8050000000007,4072.765,4047.8050000000007,0.1,163.4,16.34,2.0,TP,355.0,186.3,0.0
2026-08-05 08:50:00+00:00,2026-08-05 11:16:00+00:00,SELL,4164.645,4172.425,4172.425,4149.085000000001,0.1,-80.8,-8.08,-1.0,SL,735.0,145.0,-90.1
2026-08-06 08:35:00+00:00,2026-08-06 11:29:00+00:00,BUY,4269.285,4264.085,4260.015,4287.824999999999,0.09,-49.5,-5.5,-0.561,TIME,875.0,137.43,-80.91
2026-08-07 08:35:00+00:00,2026-08-07 11:03:00+00:00,BUY,4300.375,4323.455,4288.835,4323.455,0.07,159.46,22.78,2.0,TP,745.0,166.18,0.0
2026-08-10 08:35:00+00:00,2026-08-10 09:32:00+00:00,SELL,4351.375,4341.995000000001,4356.065,4341.995000000001,0.17,154.36,9.08,2.0,TP,290.0,165.58,0.0
2026-08-11 10:25:00+00:00,2026-08-11 11:01:00+00:00,BUY,4366.605,4386.344999999999,4356.735,4386.344999999999,0.08,155.52,19.44,2.0,TP,185.0,192.0,0.0
2026-08-12 09:15:00+00:00,2026-08-12 09:23:00+00:00,BUY,4410.285,4419.625,4405.615,4419.625,0.17,153.68,9.04,2.0,TP,45.0,193.8,0.0
2026-08-13 11:05:00+00:00,2026-08-13 11:05:00+00:00,BUY,4370.405,4383.405,4363.905,4383.405,0.12,152.4,12.7,2.0,TP,5.0,239.52,0.0
2026-08-14 11:20:00+00:00,2026-08-14 11:29:00+00:00,BUY,4347.945,4356.555,4341.715,4360.404999999999,0.13,108.03,8.31,1.382,TIME,50.0,116.74,0.0
2026-08-17 10:20:00+00:00,2026-08-17 10:29:00+00:00,SELL,4397.475,4404.465,4404.465,4383.495000000001,0.11,-80.19,-7.29,-1.0,SL,50.0,63.58,-88.11
2026-08-18 08:25:00+00:00,2026-08-18 08:35:00+00:00,SELL,4387.735,4396.115,4396.115,4370.974999999999,0.1,-86.8,-8.68,-1.0,SL,55.0,6.2,-97.8
2026-08-19 10:20:00+00:00,2026-08-19 11:29:00+00:00,BUY,4362.665,4370.545,4350.985,4386.025000000001,0.07,53.06,7.58,0.675,TIME,350.0,79.1,0.0
2026-08-20 08:30:00+00:00,2026-08-20 08:36:00+00:00,SELL,4490.425,4495.255,4495.255,4480.765,0.17,-87.21,-5.13,-1.0,SL,35.0,59.33,-81.26
2026-08-21 08:20:00+00:00,2026-08-21 09:04:00+00:00,BUY,4567.915,4585.655,4559.045,4585.655,0.09,156.96,17.44,2.0,TP,225.0,161.46,0.0
2026-08-24 08:30:00+00:00,2026-08-24 08:43:00+00:00,SELL,4635.765,4645.695,4645.695,4615.905000000002,0.08,-81.84,-10.23,-1.0,SL,70.0,57.2,-80.72
2026-08-25 08:25:00+00:00,2026-08-25 11:29:00+00:00,BUY,4631.055,4641.435,4619.925,4653.3150000000005,0.07,70.56,10.08,0.933,TIME,925.0,97.58,-49.21
2026-08-26 09:35:00+00:00,2026-08-26 10:25:00+00:00,SELL,4625.415,4615.835,4630.205,4615.835,0.17,157.76,9.28,2.0,TP,255.0,174.59,0.0
2026-08-27 09:05:00+00:00,2026-08-27 09:37:00+00:00,SELL,4599.515,4585.175,4606.685,4585.175,0.11,154.44,14.04,2.0,TP,165.0,232.21,0.0
2026-08-28 10:20:00+00:00,2026-08-28 10:49:00+00:00,SELL,4609.755,4600.515,4614.375,4600.515,0.17,151.98,8.94,2.0,TP,150.0,172.21,0.0
2026-08-31 10:13:00+00:00,2026-08-31 11:29:00+00:00,BUY,4449.345,4463.095,4436.855,4474.325000000002,0.06,80.7,13.45,1.101,TIME,385.0,87.06,-19.14
2026-09-01 08:25:00+00:00,2026-09-01 11:29:00+00:00,SELL,4389.195,4380.335,4419.945,4327.695,0.03,25.68,8.56,0.288,TIME,925.0,75.57,0.0
2026-09-02 08:44:00+00:00,2026-09-02 10:06:00+00:00,SELL,4321.725,4302.045000000002,4331.565,4302.045000000002,0.08,155.04,19.38,2.0,TP,415.0,160.96,-8.72
2026-09-07 10:25:00+00:00,2026-09-07 11:29:00+00:00,SELL,4405.045,4389.375,4417.605,4379.925000000001,0.06,92.22,15.37,1.248,TIME,325.0,105.84,0.0
