entry_datetime,exit_datetime,direction,lot_size,entry_price,exit_price,r_multiple,pnl_usd,pnl_points,exit_reason,duration_min,mfe_usd,mae_usd
2021-09-08 13:46:00+00:00,2021-09-08 16:29:00+00:00,SELL,0.14,1791.122,1791.958,-0.143,-15.9,-1.136,TIME,820.0,124.15,-54.63
2021-09-13 14:00:00+00:00,2021-09-13 14:11:00+00:00,BUY,0.32,1792.538,1797.466,2.0,148.1,4.628,TP,60.0,183.23,0.0
2021-09-14 14:40:00+00:00,2021-09-14 16:29:00+00:00,BUY,0.08,1800.454,1803.648,0.329,23.15,2.894,TIME,550.0,64.83,0.0
2021-09-16 13:50:00+00:00,2021-09-16 15:08:00+00:00,SELL,0.13,1751.528,1757.624,-1.0,-83.15,-6.396,SL,395.0,82.03,-76.43
2021-09-17 13:50:00+00:00,2021-09-17 14:01:00+00:00,SELL,0.15,1748.757,1754.157,-1.0,-85.5,-5.7,SL,60.0,4.35,-78.91
2021-09-20 14:25:00+00:00,2021-09-20 14:41:00+00:00,BUY,0.2,1758.427,1766.4929999999997,2.0,155.32,7.766,TP,85.0,162.0,0.0
2021-09-24 14:05:00+00:00,2021-09-24 15:03:00+00:00,BUY,0.2,1744.838,1752.986,2.0,156.96,7.848,TP,295.0,179.78,-28.88
2021-09-27 13:50:00+00:00,2021-09-27 14:50:00+00:00,BUY,0.25,1753.014,1749.828,-1.0,-87.15,-3.486,SL,305.0,120.35,-91.15
2021-09-29 14:15:00+00:00,2021-09-29 14:20:00+00:00,SELL,0.17,1735.665,1726.359,2.0,153.1,9.006,TP,30.0,163.37,0.0
2021-09-30 14:10:00+00:00,2021-09-30 14:27:00+00:00,BUY,0.17,1742.728,1751.9480000000003,2.0,151.64,8.92,TP,90.0,166.57,0.0
2021-10-01 14:35:00+00:00,2021-10-01 16:29:00+00:00,BUY,0.18,1759.028,1762.278,0.716,53.1,2.95,TIME,575.0,92.34,-59.99
2021-10-04 14:00:00+00:00,2021-10-04 14:23:00+00:00,BUY,0.21,1752.208,1759.9140000000002,2.0,155.53,7.406,TP,120.0,185.79,-3.89
2021-10-05 13:55:00+00:00,2021-10-05 15:25:00+00:00,SELL,0.19,1752.178,1756.288,-1.0,-83.79,-4.41,SL,455.0,70.11,-73.05
2021-10-08 14:15:00+00:00,2021-10-08 14:37:00+00:00,SELL,0.1,1772.238,1756.9580000000003,2.0,149.8,14.98,TP,115.0,161.0,0.0
2021-10-12 13:50:00+00:00,2021-10-12 16:29:00+00:00,BUY,0.19,1761.278,1760.768,-0.124,-15.39,-0.81,TIME,800.0,151.24,-26.98
2021-10-14 14:08:00+00:00,2021-10-14 16:29:00+00:00,BUY,0.15,1799.048,1796.798,-0.433,-38.25,-2.55,TIME,710.0,3.54,-67.35
2021-10-15 13:45:00+00:00,2021-10-15 16:29:00+00:00,BUY,0.16,1770.904,1768.118,-0.546,-49.38,-3.086,TIME,825.0,86.14,-74.5
2021-10-19 14:20:00+00:00,2021-10-19 16:29:00+00:00,SELL,0.17,1776.364,1767.798,1.873,140.52,8.266,TIME,650.0,158.54,0.0
2021-10-20 14:30:00+00:00,2021-10-20 16:29:00+00:00,BUY,0.12,1781.578,1784.928,0.49,36.6,3.05,TIME,600.0,45.67,-4.13
2021-10-22 15:16:00+00:00,2021-10-22 15:31:00+00:00,SELL,0.25,1804.068,1797.548,2.0,155.5,6.22,TP,80.0,172.15,-41.25
2021-10-25 13:55:00+00:00,2021-10-25 16:29:00+00:00,BUY,0.21,1806.454,1807.128,0.174,7.85,0.374,TIME,775.0,73.92,-29.4
2021-10-26 14:30:00+00:00,2021-10-26 16:29:00+00:00,SELL,0.12,1789.198,1791.664,-0.367,-33.19,-2.766,TIME,600.0,50.16,-36.96
2021-10-27 14:05:00+00:00,2021-10-27 16:29:00+00:00,SELL,0.14,1792.478,1795.478,-0.532,-46.2,-3.3,TIME,725.0,109.34,-56.0
2021-10-29 14:10:00+00:00,2021-10-29 14:26:00+00:00,BUY,0.17,1779.498,1774.924,-1.0,-82.86,-4.874,SL,85.0,36.31,-85.68
2021-11-02 14:10:00+00:00,2021-11-02 15:21:00+00:00,SELL,0.18,1788.908,1793.358,-1.0,-85.5,-4.75,SL,360.0,37.08,-76.32
2021-11-03 14:25:00+00:00,2021-11-03 16:29:00+00:00,SELL,0.18,1766.514,1762.788,0.833,61.67,3.426,TIME,625.0,141.66,0.0
2021-11-05 15:50:00+00:00,2021-11-05 16:18:00+00:00,BUY,0.16,1802.004,1811.984,2.0,154.88,9.68,TP,145.0,160.16,0.0
2021-11-09 13:45:00+00:00,2021-11-09 15:02:00+00:00,BUY,0.15,1829.848,1824.418,-1.0,-85.95,-5.73,SL,390.0,6.6,-88.65
2021-11-10 14:05:00+00:00,2021-11-10 16:29:00+00:00,BUY,0.03,1851.668,1857.708,0.205,17.22,5.74,TIME,725.0,50.37,-1.6
2021-11-11 13:50:00+00:00,2021-11-11 14:17:00+00:00,BUY,0.26,1862.508,1859.434,-1.0,-87.72,-3.374,SL,140.0,86.22,-81.48
2021-11-12 14:35:00+00:00,2021-11-12 16:29:00+00:00,BUY,0.17,1858.088,1861.544,0.749,53.65,3.156,TIME,575.0,132.43,-45.63
2021-11-15 15:10:00+00:00,2021-11-15 16:29:00+00:00,SELL,0.15,1862.248,1864.324,-0.388,-35.64,-2.376,TIME,400.0,49.56,-37.05
2021-11-16 14:00:00+00:00,2021-11-16 14:08:00+00:00,SELL,0.25,1869.348,1862.9879999999998,2.0,151.5,6.06,TP,45.0,198.75,0.0
2021-11-17 15:15:00+00:00,2021-11-17 16:29:00+00:00,BUY,0.19,1864.128,1864.834,0.167,7.71,0.406,TIME,375.0,48.26,-75.7
2021-11-19 13:50:00+00:00,2021-11-19 14:05:00+00:00,SELL,0.23,1859.994,1863.532,-1.0,-88.27,-3.838,SL,80.0,52.81,-103.82
2021-11-22 14:05:00+00:00,2021-11-22 14:17:00+00:00,SELL,0.12,1834.858,1821.6979999999996,2.0,154.32,12.86,TP,65.0,228.96,0.0
2021-11-24 14:16:00+00:00,2021-11-24 16:29:00+00:00,SELL,0.14,1781.898,1787.668,-1.0,-84.98,-6.07,SL,670.0,34.16,-76.72
2021-11-25 15:05:00+00:00,2021-11-25 16:29:00+00:00,SELL,0.78,1789.898,1789.739,0.156,-11.0,-0.141,TIME,425.0,170.04,-8.58
2021-11-26 14:40:00+00:00,2021-11-26 16:29:00+00:00,SELL,0.12,1798.818,1795.968,0.423,30.6,2.55,TIME,550.0,43.0,-55.68
2021-11-29 14:35:00+00:00,2021-11-29 16:29:00+00:00,SELL,0.21,1788.268,1784.459,1.016,73.69,3.509,TIME,575.0,97.65,-32.7
2021-11-30 14:50:00+00:00,2021-11-30 15:12:00+00:00,BUY,0.15,1796.359,1806.8809999999999,2.0,153.33,10.222,TP,115.0,183.89,0.0
2021-12-01 14:40:00+00:00,2021-12-01 15:05:00+00:00,SELL,0.24,1787.058,1790.398,-1.0,-87.36,-3.64,SL,130.0,57.84,-121.73
2021-12-02 14:35:00+00:00,2021-12-02 14:55:00+00:00,SELL,0.19,1773.428,1765.1680000000003,2.0,151.24,7.96,TP,105.0,188.48,-6.46
2021-12-03 13:50:00+00:00,2021-12-03 16:29:00+00:00,SELL,0.09,1769.385,1776.745,-0.805,-68.94,-7.66,TIME,800.0,27.81,-76.8
2021-12-06 14:40:00+00:00,2021-12-06 16:29:00+00:00,SELL,0.3,1779.348,1780.1,-0.283,-31.56,-1.052,TIME,550.0,112.83,-63.9
2021-12-07 14:15:00+00:00,2021-12-07 16:29:00+00:00,BUY,0.12,1778.685,1785.705,1.077,80.64,6.72,TIME,675.0,84.24,-4.2
2021-12-08 14:50:00+00:00,2021-12-08 16:29:00+00:00,SELL,0.2,1781.508,1782.715,-0.295,-30.14,-1.507,TIME,500.0,29.06,-69.4
2021-12-09 14:25:00+00:00,2021-12-09 16:29:00+00:00,BUY,0.18,1778.105,1776.715,-0.314,-30.42,-1.69,TIME,625.0,79.09,-77.53
2021-12-10 14:00:00+00:00,2021-12-10 16:29:00+00:00,BUY,0.1,1782.465,1785.365,0.353,26.0,2.6,TIME,750.0,69.33,-38.17
2021-12-13 14:55:00+00:00,2021-12-13 14:56:00+00:00,BUY,0.44,1784.798,1788.4040000000002,2.0,145.46,3.306,TP,10.0,159.72,0.0
2021-12-14 13:47:00+00:00,2021-12-14 16:29:00+00:00,SELL,0.11,1773.608,1773.085,0.069,2.45,0.223,TIME,815.0,79.75,-49.39
2021-12-15 13:45:00+00:00,2021-12-15 16:29:00+00:00,SELL,0.2,1769.565,1766.688,0.709,51.54,2.577,TIME,825.0,107.14,-56.66
2021-12-16 14:10:00+00:00,2021-12-16 15:02:00+00:00,BUY,0.23,1789.448,1796.3080000000002,2.0,150.88,6.56,TP,265.0,166.29,-59.34
2021-12-17 13:45:00+00:00,2021-12-17 16:29:00+00:00,SELL,0.16,1809.058,1803.815,1.03,79.09,4.943,TIME,825.0,110.08,-10.19
2021-12-20 15:00:00+00:00,2021-12-20 16:29:00+00:00,SELL,0.19,1794.068,1794.129,-0.014,-6.86,-0.361,TIME,450.0,45.09,-67.58
2021-12-21 13:45:00+00:00,2021-12-21 15:36:00+00:00,SELL,0.23,1795.888,1788.8079999999995,2.0,155.94,6.78,TP,560.0,184.92,-54.67
2021-12-22 14:00:00+00:00,2021-12-22 14:47:00+00:00,BUY,0.32,1793.198,1790.718,-1.0,-88.96,-2.78,SL,240.0,52.06,-83.2
2021-12-23 14:10:00+00:00,2021-12-23 14:40:00+00:00,SELL,0.24,1806.565,1799.819,2.0,154.7,6.446,TP,155.0,186.89,-13.27
2021-12-27 13:50:00+00:00,2021-12-27 16:29:00+00:00,BUY,0.15,1808.108,1812.015,0.744,54.11,3.607,TIME,800.0,79.2,-13.4
2021-12-28 13:52:00+00:00,2021-12-28 14:07:00+00:00,SELL,0.45,1818.328,1814.786,2.0,145.89,3.242,TP,80.0,319.23,-8.82
2021-12-29 14:35:00+00:00,2021-12-29 15:05:00+00:00,BUY,0.31,1793.588,1798.6739999999998,2.0,148.37,4.786,TP,155.0,175.99,-21.7
2021-12-30 14:35:00+00:00,2021-12-30 16:12:00+00:00,BUY,0.25,1802.848,1809.368,2.0,155.5,6.22,TP,490.0,175.75,0.0
2021-12-31 14:00:00+00:00,2021-12-31 14:46:00+00:00,SELL,0.3,1824.708,1827.404,-1.0,-89.88,-2.996,SL,235.0,63.9,-75.18
2022-01-03 13:50:00+00:00,2022-01-03 16:29:00+00:00,SELL,0.14,1807.278,1800.358,1.229,92.68,6.62,TIME,800.0,127.25,-50.4
2022-01-04 14:00:00+00:00,2022-01-04 14:53:00+00:00,BUY,0.3,1805.185,1810.5249999999996,2.0,151.2,5.04,TP,270.0,168.39,0.0
2022-01-05 13:45:00+00:00,2022-01-05 15:34:00+00:00,BUY,0.13,1827.258,1820.998,-1.0,-85.28,-6.56,SL,550.0,30.24,-90.53
2022-01-06 14:35:00+00:00,2022-01-06 16:29:00+00:00,BUY,0.15,1793.108,1790.978,-0.392,-36.45,-2.43,TIME,575.0,35.35,-78.75
2022-01-10 13:55:00+00:00,2022-01-10 14:41:00+00:00,SELL,0.31,1792.738,1795.288,-1.0,-88.35,-2.85,SL,235.0,77.59,-70.37
2022-01-11 14:05:00+00:00,2022-01-11 15:03:00+00:00,SELL,0.22,1804.498,1808.155,-1.0,-87.05,-3.957,SL,295.0,62.92,-77.68
2022-01-13 14:50:00+00:00,2022-01-13 16:29:00+00:00,SELL,0.16,1819.078,1816.538,0.512,35.84,2.24,TIME,500.0,109.6,-26.56
2022-01-14 15:05:00+00:00,2022-01-14 16:29:00+00:00,SELL,0.2,1823.554,1818.208,1.34,100.92,5.046,TIME,425.0,116.92,-15.88
2022-01-17 14:00:00+00:00,2022-01-17 14:31:00+00:00,BUY,0.63,1821.074,1819.798,-1.0,-99.29,-1.576,SL,160.0,20.16,-81.02
2022-01-19 14:35:00+00:00,2022-01-19 15:05:00+00:00,BUY,0.26,1825.002,1831.1299999999997,2.0,151.53,5.828,TP,155.0,239.62,-36.76
2022-01-20 16:25:00+00:00,2022-01-20 16:29:00+00:00,SELL,0.16,1841.844,1840.278,0.315,20.26,1.266,TIME,25.0,37.86,0.0
2022-01-21 15:09:00+00:00,2022-01-21 16:17:00+00:00,SELL,0.27,1837.468,1831.5360000000003,2.0,152.06,5.632,TP,345.0,168.75,-32.67
2022-01-24 13:45:00+00:00,2022-01-24 16:29:00+00:00,SELL,0.15,1837.718,1833.718,0.766,55.5,3.7,TIME,825.0,122.4,-50.26
2022-01-25 14:45:00+00:00,2022-01-25 14:45:00+00:00,BUY,0.37,1842.468,1846.8080000000002,2.0,149.48,4.04,TP,5.0,309.54,-22.35
2022-01-26 13:55:00+00:00,2022-01-26 14:19:00+00:00,SELL,0.28,1844.538,1838.8980000000001,2.0,149.52,5.34,TP,125.0,168.56,-7.28
2022-01-27 13:55:00+00:00,2022-01-27 14:37:00+00:00,SELL,0.2,1802.298,1806.368,-1.0,-87.4,-4.37,SL,215.0,98.68,-87.8
2022-01-28 13:48:00+00:00,2022-01-28 15:10:00+00:00,SELL,0.14,1785.318,1791.008,-1.0,-83.86,-5.99,SL,415.0,66.36,-82.18
2022-01-31 13:45:00+00:00,2022-01-31 16:29:00+00:00,BUY,0.22,1793.168,1795.448,0.62,43.56,1.98,TIME,825.0,141.02,-24.42
2022-02-01 14:45:00+00:00,2022-02-01 15:37:00+00:00,SELL,0.27,1802.088,1805.038,-1.0,-87.75,-3.25,SL,265.0,119.42,-78.22
2022-02-02 13:45:00+00:00,2022-02-02 15:00:00+00:00,SELL,0.22,1802.068,1805.788,-1.0,-88.44,-4.02,SL,380.0,35.27,-121.46
2022-02-03 14:03:00+00:00,2022-02-03 14:30:00+00:00,BUY,0.32,1804.245,1801.765,-1.0,-88.96,-2.78,SL,140.0,24.74,-127.68
2022-02-04 13:54:00+00:00,2022-02-04 16:29:00+00:00,SELL,0.05,1796.328,1804.585,-0.483,-42.79,-8.557,TIME,780.0,21.55,-70.14
2022-02-07 13:55:00+00:00,2022-02-07 16:25:00+00:00,SELL,0.24,1813.638,1816.924,-1.0,-86.06,-3.586,SL,755.0,48.34,-85.9
2022-02-08 13:52:00+00:00,2022-02-08 16:29:00+00:00,BUY,0.21,1822.908,1825.138,0.576,40.53,1.93,TIME,790.0,113.19,-59.64
2022-02-09 14:05:00+00:00,2022-02-09 14:46:00+00:00,SELL,0.2,1827.318,1831.268,-1.0,-85.0,-4.25,SL,210.0,38.38,-73.82
2022-02-11 14:35:00+00:00,2022-02-11 15:15:00+00:00,BUY,0.33,1828.788,1833.5880000000002,2.0,148.5,4.5,TP,205.0,205.13,0.0
2022-02-14 14:35:00+00:00,2022-02-14 16:29:00+00:00,BUY,0.15,1860.588,1863.668,0.579,41.7,2.78,TIME,575.0,155.55,-9.15
2022-02-15 14:07:00+00:00,2022-02-15 16:29:00+00:00,BUY,0.09,1853.544,1849.088,-0.496,-42.8,-4.756,TIME,715.0,31.41,-64.67
2022-02-16 14:35:00+00:00,2022-02-16 16:29:00+00:00,BUY,0.14,1857.008,1864.316,1.324,98.11,7.008,TIME,575.0,108.5,0.0
2022-02-17 13:45:00+00:00,2022-02-17 14:01:00+00:00,BUY,0.13,1897.568,1891.368,-1.0,-84.5,-6.5,SL,85.0,1.3,-90.48
2022-02-18 14:55:00+00:00,2022-02-18 16:29:00+00:00,SELL,0.21,1896.078,1893.178,0.762,54.6,2.6,TIME,475.0,120.96,-9.03
2022-02-22 15:10:00+00:00,2022-02-22 16:29:00+00:00,SELL,0.15,1900.538,1901.458,-0.173,-18.3,-1.22,TIME,400.0,101.4,-14.92
2022-02-23 13:49:00+00:00,2022-02-23 14:51:00+00:00,SELL,0.16,1899.278,1904.408,-1.0,-86.88,-5.43,SL,315.0,0.32,-83.76
2022-02-24 14:35:00+00:00,2022-02-24 14:35:00+00:00,SELL,0.12,1959.488,1945.8480000000002,2.0,160.08,13.34,TP,5.0,186.48,0.0
2022-02-25 15:05:00+00:00,2022-02-25 16:29:00+00:00,SELL,0.13,1888.768,1885.968,0.442,32.5,2.5,TIME,425.0,77.22,-21.25
2022-02-28 14:35:00+00:00,2022-02-28 14:40:00+00:00,SELL,0.13,1909.961,1915.901,-1.0,-81.12,-6.24,SL,30.0,24.13,-76.76
2022-03-01 14:40:00+00:00,2022-03-01 16:29:00+00:00,BUY,0.14,1919.243,1928.558,1.58,126.21,9.015,TIME,550.0,146.44,-19.04
2022-03-02 14:40:00+00:00,2022-03-02 15:29:00+00:00,SELL,0.1,1926.458,1934.438,-1.0,-82.8,-8.28,SL,250.0,43.19,-90.6
2022-03-03 13:55:00+00:00,2022-03-03 14:18:00+00:00,SELL,0.16,1926.854,1931.807,-1.0,-84.05,-5.253,SL,120.0,41.38,-75.74
2022-03-04 14:35:00+00:00,2022-03-04 14:38:00+00:00,BUY,0.17,1947.012,1956.45,2.0,155.35,9.138,TP,20.0,206.48,0.0
2022-03-07 14:00:00+00:00,2022-03-07 16:29:00+00:00,BUY,0.06,1974.448,1977.172,0.201,14.54,2.424,TIME,750.0,102.6,-40.62
2022-03-08 13:45:00+00:00,2022-03-08 14:49:00+00:00,BUY,0.1,2018.458,2033.938,2.0,151.8,15.18,TP,325.0,212.6,-48.2
2022-03-09 14:10:00+00:00,2022-03-09 14:10:00+00:00,SELL,0.11,1991.748,1977.484,2.0,153.6,13.964,TP,5.0,160.38,0.0
2022-03-10 13:50:00+00:00,2022-03-10 15:18:00+00:00,SELL,0.09,2000.468,1983.5600000000002,2.0,149.47,16.608,TP,445.0,169.74,-58.09
2022-03-11 14:11:00+00:00,2022-03-11 14:37:00+00:00,SELL,0.09,1963.398,1972.792,-1.0,-87.25,-9.694,SL,135.0,5.4,-90.45
2022-03-14 13:50:00+00:00,2022-03-14 16:29:00+00:00,SELL,0.15,1957.808,1957.241,0.106,4.01,0.267,TIME,800.0,122.7,-48.75
2022-03-15 14:15:00+00:00,2022-03-15 15:55:00+00:00,SELL,0.09,1916.178,1925.468,-1.0,-86.31,-9.59,SL,505.0,83.07,-91.08
2022-03-16 14:15:00+00:00,2022-03-16 16:29:00+00:00,SELL,0.11,1912.648,1909.048,0.5,36.3,3.3,TIME,675.0,96.25,-51.25
2022-03-17 16:05:00+00:00,2022-03-17 16:29:00+00:00,BUY,0.13,1945.364,1943.348,-0.331,-30.11,-2.316,TIME,125.0,2.46,-49.61
2022-03-21 13:50:00+00:00,2022-03-21 16:29:00+00:00,BUY,0.14,1926.753,1936.338,1.732,129.99,9.285,TIME,800.0,149.17,0.0
2022-03-22 13:45:00+00:00,2022-03-22 14:06:00+00:00,SELL,0.17,1920.818,1911.568,2.0,152.15,8.95,TP,110.0,175.27,-65.54
2022-03-23 14:20:00+00:00,2022-03-23 16:29:00+00:00,SELL,0.21,1931.223,1933.078,-0.491,-45.26,-2.155,TIME,650.0,115.18,-59.96
2022-03-24 13:55:00+00:00,2022-03-24 14:18:00+00:00,SELL,0.16,1952.223,1957.103,-1.0,-82.88,-5.18,SL,120.0,23.52,-121.28
2022-03-25 13:48:00+00:00,2022-03-25 16:29:00+00:00,BUY,0.12,1949.578,1956.628,1.071,81.0,6.75,TIME,810.0,145.8,-31.8
2022-03-28 13:56:00+00:00,2022-03-28 16:29:00+00:00,BUY,0.13,1936.168,1938.018,0.302,20.15,1.55,TIME,770.0,81.64,-35.68
2022-03-29 13:50:00+00:00,2022-03-29 13:55:00+00:00,BUY,0.17,1897.948,1907.1880000000003,2.0,151.98,8.94,TP,30.0,167.96,0.0
2022-03-30 14:18:00+00:00,2022-03-30 16:29:00+00:00,BUY,0.1,1932.853,1932.218,-0.082,-9.35,-0.935,TIME,660.0,55.75,-19.15
2022-03-31 14:05:00+00:00,2022-03-31 16:29:00+00:00,BUY,0.2,1940.728,1940.848,0.029,-3.6,-0.18,TIME,725.0,86.08,-62.76
2022-04-01 14:35:00+00:00,2022-04-01 16:29:00+00:00,SELL,0.09,1923.799,1924.633,-0.092,-10.21,-1.134,TIME,575.0,37.32,-60.02
2022-04-04 14:00:00+00:00,2022-04-04 16:29:00+00:00,SELL,0.13,1930.553,1932.368,-0.287,-27.49,-2.115,TIME,750.0,81.97,-73.38
2022-04-05 14:11:00+00:00,2022-04-05 15:28:00+00:00,SELL,0.14,1937.923,1926.673,2.0,153.3,10.95,TP,390.0,179.9,-4.27
2022-04-11 13:50:00+00:00,2022-04-11 14:15:00+00:00,SELL,0.14,1959.078,1947.538,2.0,157.36,11.24,TP,130.0,167.15,0.0
2022-04-12 14:55:00+00:00,2022-04-12 16:29:00+00:00,BUY,0.11,1972.512,1973.732,0.173,10.12,0.92,TIME,475.0,65.96,-32.16
2022-04-13 13:45:00+00:00,2022-04-13 14:54:00+00:00,SELL,0.17,1975.823,1980.562,-1.0,-85.66,-5.039,SL,350.0,46.41,-76.92
2022-04-14 13:55:00+00:00,2022-04-14 16:29:00+00:00,SELL,0.14,1970.544,1969.098,0.262,16.04,1.146,TIME,775.0,141.85,-28.06
2022-04-18 14:40:00+00:00,2022-04-18 16:29:00+00:00,SELL,0.18,1988.808,1990.032,-0.271,-27.43,-1.524,TIME,550.0,109.26,-22.03
2022-04-19 14:40:00+00:00,2022-04-19 16:29:00+00:00,SELL,0.09,1959.568,1955.948,0.42,29.88,3.32,TIME,550.0,83.79,0.0
2022-04-20 13:45:00+00:00,2022-04-20 16:29:00+00:00,BUY,0.13,1950.128,1951.438,0.206,13.13,1.01,TIME,825.0,56.55,-20.23
2022-04-21 15:45:00+00:00,2022-04-21 16:29:00+00:00,SELL,0.19,1943.732,1940.588,0.761,54.04,2.844,TIME,225.0,105.64,0.0
2022-04-22 13:46:00+00:00,2022-04-22 14:49:00+00:00,BUY,0.07,1945.828,1934.122,-1.0,-84.04,-12.006,SL,320.0,3.2,-87.29
2022-04-26 13:50:00+00:00,2022-04-26 16:29:00+00:00,SELL,0.17,1906.373,1901.608,1.006,75.91,4.465,TIME,800.0,106.88,-29.73
2022-04-27 13:45:00+00:00,2022-04-27 16:29:00+00:00,SELL,0.08,1884.19,1887.948,-0.399,-32.46,-4.058,TIME,825.0,23.54,-51.18
2022-04-29 13:55:00+00:00,2022-04-29 16:29:00+00:00,BUY,0.1,1910.518,1908.803,-0.212,-20.15,-2.015,TIME,775.0,39.95,-63.93
2022-05-02 15:30:00+00:00,2022-05-02 15:46:00+00:00,BUY,0.16,1861.448,1871.3080000000002,2.0,152.96,9.56,TP,85.0,166.4,0.0
2022-05-03 15:30:00+00:00,2022-05-03 16:29:00+00:00,BUY,0.15,1868.998,1871.663,0.495,35.47,2.365,TIME,300.0,83.17,-25.95
2022-05-04 13:50:00+00:00,2022-05-04 15:18:00+00:00,SELL,0.19,1865.103,1869.288,-1.0,-85.21,-4.485,SL,445.0,67.74,-75.33
2022-05-05 14:25:00+00:00,2022-05-05 14:47:00+00:00,SELL,0.12,1897.068,1883.648,2.0,157.44,13.12,TP,115.0,167.52,0.0
2022-05-06 13:50:00+00:00,2022-05-06 15:24:00+00:00,BUY,0.14,1880.258,1891.8860000000002,2.0,158.59,11.328,TP,475.0,165.34,-8.54
2022-05-10 13:50:00+00:00,2022-05-10 15:33:00+00:00,SELL,0.12,1858.004,1845.0859999999998,2.0,151.42,12.618,TP,520.0,166.32,-21.14
2022-05-12 14:05:00+00:00,2022-05-12 15:45:00+00:00,SELL,0.19,1844.093,1835.7630000000001,2.0,152.57,8.03,TP,505.0,184.78,0.0
2022-05-13 13:56:00+00:00,2022-05-13 14:36:00+00:00,BUY,0.14,1807.078,1818.1779999999999,2.0,151.2,10.8,TP,205.0,155.96,-21.28
2022-05-17 13:50:00+00:00,2022-05-17 16:29:00+00:00,SELL,0.2,1824.008,1820.818,0.778,57.8,2.89,TIME,800.0,124.34,-30.8
2022-05-18 14:48:00+00:00,2022-05-18 15:07:00+00:00,SELL,0.21,1811.848,1815.698,-1.0,-87.15,-4.15,SL,100.0,10.46,-78.04
2022-05-19 13:46:00+00:00,2022-05-19 16:29:00+00:00,BUY,0.1,1840.258,1842.638,0.298,20.8,2.08,TIME,820.0,87.95,-25.94
2022-05-20 13:55:00+00:00,2022-05-20 15:08:00+00:00,SELL,0.17,1839.0,1843.718,-1.0,-85.31,-5.018,SL,370.0,115.97,-81.82
2022-05-23 13:46:00+00:00,2022-05-23 14:10:00+00:00,SELL,0.24,1853.758,1857.028,-1.0,-85.68,-3.57,SL,125.0,22.8,-74.64
2022-05-24 13:50:00+00:00,2022-05-24 16:29:00+00:00,BUY,0.2,1862.538,1865.488,0.746,53.0,2.65,TIME,800.0,140.7,-47.2
2022-05-25 14:05:00+00:00,2022-05-25 16:29:00+00:00,SELL,0.2,1850.264,1846.463,0.952,70.02,3.501,TIME,725.0,162.52,-19.88
2022-05-26 13:48:00+00:00,2022-05-26 16:29:00+00:00,BUY,0.12,1847.898,1847.244,-0.098,-11.45,-0.954,TIME,810.0,65.58,-48.59
2022-05-27 15:05:00+00:00,2022-05-27 16:29:00+00:00,SELL,0.15,1854.883,1852.868,0.37,25.73,1.715,TIME,425.0,59.17,-10.72
2022-05-30 14:05:00+00:00,2022-05-30 14:05:00+00:00,SELL,0.77,1860.013,1857.9329999999995,2.0,137.06,1.78,TP,5.0,293.37,0.0
2022-05-31 14:05:00+00:00,2022-05-31 14:22:00+00:00,SELL,0.21,1851.494,1843.8559999999995,2.0,154.1,7.338,TP,90.0,172.43,0.0
2022-06-01 14:05:00+00:00,2022-06-01 16:17:00+00:00,SELL,0.21,1845.118,1848.988,-1.0,-87.57,-4.17,SL,665.0,152.25,-78.75
2022-06-03 16:20:00+00:00,2022-06-03 16:20:00+00:00,SELL,0.21,1859.578,1852.1079999999997,2.0,150.57,7.17,TP,5.0,239.61,0.0
2022-06-06 14:05:00+00:00,2022-06-06 16:29:00+00:00,SELL,0.18,1849.608,1842.293,1.678,126.27,7.015,TIME,725.0,144.18,-11.34
2022-06-07 13:50:00+00:00,2022-06-07 13:55:00+00:00,BUY,0.27,1847.218,1853.1880000000003,2.0,153.09,5.67,TP,30.0,165.78,0.0
2022-06-08 15:10:00+00:00,2022-06-08 15:36:00+00:00,BUY,0.39,1855.268,1859.388,2.0,148.98,3.82,TP,135.0,161.3,0.0
2022-06-10 14:35:00+00:00,2022-06-10 14:45:00+00:00,BUY,0.11,1835.698,1850.4980000000003,2.0,159.5,14.5,TP,55.0,165.62,0.0
2022-06-13 14:35:00+00:00,2022-06-13 16:29:00+00:00,SELL,0.12,1830.521,1832.013,-0.218,-21.5,-1.792,TIME,575.0,76.0,-35.06
2022-06-14 14:40:00+00:00,2022-06-14 16:29:00+00:00,SELL,0.22,1816.708,1812.578,1.112,84.26,3.83,TIME,550.0,163.46,-1.1
2022-06-15 15:35:00+00:00,2022-06-15 16:29:00+00:00,SELL,0.19,1824.684,1821.808,0.7,48.94,2.576,TIME,275.0,92.76,0.0
2022-06-17 13:50:00+00:00,2022-06-17 16:29:00+00:00,SELL,0.16,1842.648,1840.244,0.481,33.66,2.104,TIME,800.0,97.6,-36.0
2022-06-20 14:05:00+00:00,2022-06-20 16:29:00+00:00,SELL,0.42,1838.988,1838.023,0.509,27.93,0.665,TIME,725.0,99.96,-17.01
2022-06-21 13:50:00+00:00,2022-06-21 14:37:00+00:00,BUY,0.24,1835.963,1842.553,2.0,150.96,6.29,TP,240.0,179.35,0.0
2022-06-23 13:50:00+00:00,2022-06-23 13:52:00+00:00,BUY,0.25,1838.318,1844.5979999999997,2.0,149.5,5.98,TP,15.0,198.0,0.0
2022-06-24 14:06:00+00:00,2022-06-24 14:13:00+00:00,SELL,0.19,1822.878,1827.013,-1.0,-84.26,-4.435,SL,40.0,13.3,-83.41
2022-06-27 15:05:00+00:00,2022-06-27 16:29:00+00:00,SELL,0.24,1827.318,1824.661,0.798,56.57,2.357,TIME,425.0,159.36,0.0
2022-06-28 13:50:00+00:00,2022-06-28 14:21:00+00:00,SELL,0.27,1822.073,1824.998,-1.0,-87.07,-3.225,SL,160.0,97.04,-85.99
2022-06-29 13:47:00+00:00,2022-06-29 16:29:00+00:00,SELL,0.09,1821.778,1818.723,0.334,24.8,2.755,TIME,815.0,62.75,-17.91
2022-06-30 14:50:00+00:00,2022-06-30 16:29:00+00:00,SELL,0.11,1816.058,1812.075,0.558,40.51,3.683,TIME,500.0,121.2,0.0
2022-07-01 14:20:00+00:00,2022-07-01 16:29:00+00:00,BUY,0.12,1798.396,1802.518,0.618,45.86,3.822,TIME,650.0,124.06,0.0
2022-07-04 14:25:00+00:00,2022-07-04 15:04:00+00:00,BUY,0.69,1809.148,1807.994,-1.0,-100.33,-1.454,SL,200.0,119.37,-92.74
2022-07-05 14:05:00+00:00,2022-07-05 14:05:00+00:00,SELL,0.13,1788.77,1776.074,2.0,161.15,12.396,TP,5.0,207.95,0.0
2022-07-06 13:50:00+00:00,2022-07-06 14:13:00+00:00,SELL,0.2,1761.408,1753.5679999999998,2.0,150.8,7.54,TP,120.0,170.6,0.0
2022-07-08 14:15:00+00:00,2022-07-08 14:45:00+00:00,BUY,0.2,1742.654,1750.498,2.0,150.88,7.544,TP,155.0,194.66,-21.32
2022-07-11 13:55:00+00:00,2022-07-11 16:22:00+00:00,BUY,0.22,1739.108,1735.427,-1.0,-87.58,-3.981,SL,740.0,58.43,-82.15
2022-07-12 13:57:00+00:00,2022-07-12 15:07:00+00:00,SELL,0.2,1728.028,1731.984,-1.0,-85.12,-4.256,SL,355.0,9.28,-74.8
2022-07-21 15:05:00+00:00,2022-07-21 16:29:00+00:00,BUY,0.1,1705.488,1712.586,0.904,67.98,6.798,TIME,425.0,127.6,0.0
2022-07-22 13:45:00+00:00,2022-07-22 16:29:00+00:00,BUY,0.13,1728.598,1730.5,0.3,20.83,1.602,TIME,825.0,138.51,0.0
2022-07-25 14:10:00+00:00,2022-07-25 16:29:00+00:00,SELL,0.16,1719.098,1717.384,0.34,22.62,1.414,TIME,700.0,71.12,-7.6
2022-07-26 14:05:00+00:00,2022-07-26 16:29:00+00:00,SELL,0.27,1718.824,1717.518,0.436,27.16,1.006,TIME,725.0,122.85,-71.39
2022-07-27 13:49:00+00:00,2022-07-27 15:18:00+00:00,SELL,0.17,1714.134,1718.818,-1.0,-84.73,-4.984,SL,450.0,47.92,-78.93
2022-08-01 14:08:00+00:00,2022-08-01 14:11:00+00:00,SELL,0.22,1768.448,1772.158,-1.0,-88.22,-4.01,SL,20.0,11.31,-77.0
2022-08-02 13:50:00+00:00,2022-08-02 14:11:00+00:00,SELL,0.16,1777.737,1782.788,-1.0,-85.62,-5.351,SL,110.0,41.55,-108.18
2022-08-03 14:05:00+00:00,2022-08-03 14:17:00+00:00,SELL,0.18,1765.338,1756.68,2.0,150.44,8.358,TP,65.0,164.23,0.0
2022-08-04 15:25:00+00:00,2022-08-04 15:25:00+00:00,BUY,0.22,1777.814,1785.1460000000004,2.0,154.7,7.032,TP,5.0,231.09,0.0
2022-08-08 14:05:00+00:00,2022-08-08 14:35:00+00:00,BUY,0.33,1782.944,1787.7439999999997,2.0,148.5,4.5,TP,155.0,182.49,0.0
2022-08-09 15:00:00+00:00,2022-08-09 16:29:00+00:00,SELL,0.17,1795.648,1796.814,-0.247,-24.92,-1.466,TIME,450.0,95.88,-43.79
2022-08-11 15:10:00+00:00,2022-08-11 16:29:00+00:00,SELL,0.14,1790.958,1789.888,0.186,10.78,0.77,TIME,400.0,65.66,-5.6
2022-08-12 14:05:00+00:00,2022-08-12 15:35:00+00:00,SELL,0.26,1793.633,1796.724,-1.0,-88.17,-3.391,SL,455.0,86.19,-77.09
2022-08-17 16:10:00+00:00,2022-08-17 16:29:00+00:00,SELL,0.1,1764.965,1760.554,0.531,41.11,4.111,TIME,100.0,48.37,0.0
2022-08-18 13:50:00+00:00,2022-08-18 15:05:00+00:00,SELL,0.27,1766.888,1760.9159999999997,2.0,153.14,5.672,TP,380.0,170.1,0.0
2022-08-19 14:35:00+00:00,2022-08-19 16:29:00+00:00,SELL,0.15,1751.808,1749.254,0.466,33.81,2.254,TIME,575.0,93.41,0.0
2022-08-23 13:50:00+00:00,2022-08-23 13:50:00+00:00,BUY,0.27,1740.734,1746.714,2.0,153.36,5.68,TP,5.0,223.13,0.0
2022-08-24 13:55:00+00:00,2022-08-24 14:20:00+00:00,BUY,0.34,1745.198,1749.8780000000004,2.0,148.92,4.38,TP,130.0,162.18,-48.62
2022-08-26 14:05:00+00:00,2022-08-26 14:10:00+00:00,SELL,0.23,1750.278,1753.762,-1.0,-87.03,-3.784,SL,30.0,161.23,-129.95
2022-08-29 15:05:00+00:00,2022-08-29 16:29:00+00:00,BUY,0.23,1740.204,1738.298,-0.559,-50.74,-2.206,TIME,425.0,20.33,-46.37
2022-08-30 14:00:00+00:00,2022-08-30 14:03:00+00:00,BUY,0.31,1732.288,1729.734,-1.0,-88.47,-2.854,SL,20.0,4.22,-103.23
2022-08-31 13:45:00+00:00,2022-08-31 16:29:00+00:00,BUY,0.18,1714.764,1718.558,0.831,62.89,3.494,TIME,825.0,155.23,-12.6
2022-09-01 14:05:00+00:00,2022-09-01 15:11:00+00:00,SELL,0.23,1694.528,1698.044,-1.0,-87.77,-3.816,SL,335.0,134.78,-81.33
2022-09-02 16:25:00+00:00,2022-09-02 16:29:00+00:00,BUY,0.22,1711.984,1714.024,0.556,38.28,1.74,TIME,25.0,61.82,0.0
2022-09-05 14:35:00+00:00,2022-09-05 15:09:00+00:00,BUY,0.74,1712.135,1711.05,-1.0,-102.49,-1.385,SL,175.0,32.26,-91.39
2022-09-06 13:45:00+00:00,2022-09-06 14:00:00+00:00,BUY,0.25,1710.528,1707.318,-1.0,-87.75,-3.51,SL,80.0,29.25,-131.0
2022-09-07 14:30:00+00:00,2022-09-07 14:30:00+00:00,BUY,0.17,1701.604,1710.954,2.0,153.85,9.05,TP,5.0,161.06,0.0
2022-09-08 13:49:00+00:00,2022-09-08 14:00:00+00:00,BUY,0.16,1715.994,1710.944,-1.0,-85.6,-5.35,SL,60.0,1.02,-95.62
2022-09-09 14:06:00+00:00,2022-09-09 14:36:00+00:00,BUY,0.2,1716.65,1712.612,-1.0,-86.76,-4.338,SL,155.0,15.52,-80.82
2022-09-12 14:24:00+00:00,2022-09-12 16:29:00+00:00,BUY,0.15,1728.997,1732.314,0.617,45.26,3.017,TIME,630.0,90.57,-50.75
2022-09-15 14:50:00+00:00,2022-09-15 14:51:00+00:00,SELL,0.21,1680.298,1672.666,2.0,153.97,7.332,TP,10.0,170.81,0.0
2022-09-16 13:51:00+00:00,2022-09-16 14:08:00+00:00,BUY,0.21,1660.948,1668.7140000000002,2.0,156.79,7.466,TP,90.0,200.97,-2.73
2022-09-19 15:05:00+00:00,2022-09-19 16:29:00+00:00,BUY,0.16,1667.165,1670.275,0.626,44.96,2.81,TIME,425.0,129.01,0.0
2022-09-21 14:35:00+00:00,2022-09-21 14:44:00+00:00,SELL,0.3,1672.008,1666.648,2.0,151.8,5.06,TP,50.0,171.0,0.0
2022-09-23 13:50:00+00:00,2022-09-23 16:29:00+00:00,SELL,0.14,1647.238,1646.965,0.046,-0.38,-0.027,TIME,800.0,81.09,-24.32
2022-09-26 15:30:00+00:00,2022-09-26 16:03:00+00:00,SELL,0.17,1642.745,1633.0649999999996,2.0,159.46,9.38,TP,170.0,171.53,0.0
2022-09-27 14:08:00+00:00,2022-09-27 16:29:00+00:00,SELL,0.15,1634.548,1631.108,0.653,47.1,3.14,TIME,710.0,70.69,-50.04
2022-09-28 13:50:00+00:00,2022-09-28 15:50:00+00:00,BUY,0.15,1647.225,1657.6189999999997,2.0,151.41,10.094,TP,605.0,159.65,-8.65
2022-09-29 13:46:00+00:00,2022-09-29 15:08:00+00:00,SELL,0.1,1650.352,1658.048,-1.0,-79.96,-7.996,SL,415.0,58.87,-89.26
2022-10-03 14:05:00+00:00,2022-10-03 14:08:00+00:00,BUY,0.2,1670.506,1678.526,2.0,154.4,7.72,TP,20.0,174.84,0.0
2022-10-04 14:05:00+00:00,2022-10-04 14:37:00+00:00,BUY,0.19,1710.388,1718.7079999999996,2.0,152.38,8.02,TP,165.0,158.25,0.0
2022-10-05 14:05:00+00:00,2022-10-05 16:29:00+00:00,SELL,0.13,1705.784,1710.348,-0.763,-63.23,-4.864,TIME,725.0,63.32,-69.47
2022-10-06 13:50:00+00:00,2022-10-06 16:29:00+00:00,SELL,0.14,1711.404,1711.128,0.049,-0.34,-0.024,TIME,800.0,64.29,-40.99
2022-10-10 13:47:00+00:00,2022-10-10 14:37:00+00:00,BUY,0.27,1674.918,1671.998,-1.0,-86.94,-3.22,SL,255.0,96.66,-82.89
2022-10-11 14:16:00+00:00,2022-10-11 15:05:00+00:00,SELL,0.13,1666.635,1672.575,-1.0,-81.12,-6.24,SL,250.0,7.76,-74.01
2022-10-13 15:40:00+00:00,2022-10-13 15:40:00+00:00,BUY,0.14,1648.896,1659.9779999999998,2.0,150.95,10.782,TP,5.0,276.07,0.0
2022-10-14 13:45:00+00:00,2022-10-14 16:29:00+00:00,SELL,0.14,1650.308,1644.566,0.995,76.19,5.442,TIME,825.0,126.6,-31.6
2022-10-18 13:55:00+00:00,2022-10-18 15:21:00+00:00,SELL,0.31,1653.858,1648.6179999999997,2.0,153.14,4.94,TP,435.0,224.78,-13.33
2022-10-20 14:05:00+00:00,2022-10-20 14:13:00+00:00,BUY,0.26,1633.238,1639.4000000000003,2.0,152.41,5.862,TP,45.0,163.28,0.0
2022-10-21 15:25:00+00:00,2022-10-21 16:29:00+00:00,BUY,0.09,1638.898,1648.697,1.116,85.49,9.499,TIME,325.0,135.9,0.0
2022-10-24 13:45:00+00:00,2022-10-24 14:23:00+00:00,BUY,0.2,1648.598,1644.557,-1.0,-86.82,-4.341,SL,195.0,114.0,-85.8
2022-10-25 14:05:00+00:00,2022-10-25 16:29:00+00:00,BUY,0.17,1657.198,1655.448,-0.367,-34.85,-2.05,TIME,725.0,53.72,-61.2
2022-10-26 14:05:00+00:00,2022-10-26 16:29:00+00:00,BUY,0.17,1666.778,1667.278,0.106,3.4,0.2,TIME,725.0,97.24,-41.14
2022-10-27 14:15:00+00:00,2022-10-27 16:28:00+00:00,BUY,0.23,1662.648,1659.227,-1.0,-85.58,-3.721,SL,670.0,67.85,-86.25
2022-11-01 14:05:00+00:00,2022-11-01 14:05:00+00:00,SELL,0.34,1651.578,1646.938,2.0,147.56,4.34,TP,5.0,256.73,0.0
2022-11-03 14:05:00+00:00,2022-11-03 16:29:00+00:00,BUY,0.13,1623.428,1626.248,0.461,32.76,2.52,TIME,725.0,102.96,-43.94
2022-11-04 16:05:00+00:00,2022-11-04 16:29:00+00:00,BUY,0.2,1666.128,1672.798,1.663,127.4,6.37,TIME,125.0,137.8,0.0
2022-11-07 14:40:00+00:00,2022-11-07 15:20:00+00:00,BUY,0.41,1678.108,1676.178,-1.0,-91.43,-2.23,SL,205.0,149.65,-83.64
2022-11-08 14:30:00+00:00,2022-11-08 14:48:00+00:00,BUY,0.41,1674.348,1678.208,2.0,145.96,3.56,TP,95.0,159.9,0.0
2022-11-09 14:05:00+00:00,2022-11-09 14:41:00+00:00,BUY,0.33,1709.098,1713.98,2.0,151.21,4.582,TP,185.0,166.98,0.0
2022-11-10 13:45:00+00:00,2022-11-10 16:29:00+00:00,BUY,0.03,1736.148,1747.617,0.461,33.51,11.169,TIME,825.0,50.91,-22.71
2022-11-11 14:35:00+00:00,2022-11-11 15:29:00+00:00,SELL,0.2,1759.778,1763.787,-1.0,-86.18,-4.309,SL,275.0,87.6,-85.2
2022-11-14 14:40:00+00:00,2022-11-14 14:56:00+00:00,BUY,0.26,1763.468,1769.508,2.0,149.24,5.74,TP,85.0,160.94,0.0
2022-11-15 14:35:00+00:00,2022-11-15 16:29:00+00:00,SELL,0.07,1775.298,1769.528,0.521,38.29,5.47,TIME,575.0,50.69,0.0
2022-11-16 14:40:00+00:00,2022-11-16 16:29:00+00:00,SELL,0.12,1774.348,1777.198,-0.438,-37.8,-3.15,TIME,550.0,19.2,-67.2
2022-11-17 13:50:00+00:00,2022-11-17 16:29:00+00:00,SELL,0.1,1758.357,1759.188,-0.108,-11.31,-1.131,TIME,800.0,40.89,-43.7
2022-11-18 13:50:00+00:00,2022-11-18 14:29:00+00:00,SELL,0.3,1760.807,1755.5249999999999,2.0,149.46,4.982,TP,200.0,174.21,-7.53
2022-11-21 14:36:00+00:00,2022-11-21 16:09:00+00:00,SELL,0.21,1742.248,1734.6280000000002,2.0,153.72,7.32,TP,470.0,170.94,-13.23
2022-11-22 13:50:00+00:00,2022-11-22 13:54:00+00:00,BUY,0.73,1745.068,1743.968,-1.0,-102.2,-1.4,SL,25.0,67.16,-81.03
2022-11-23 14:50:00+00:00,2022-11-23 16:29:00+00:00,BUY,0.07,1739.977,1742.918,0.248,18.49,2.641,TIME,500.0,53.0,-10.22
2022-11-24 15:35:00+00:00,2022-11-24 16:29:00+00:00,BUY,0.66,1756.598,1756.638,0.033,-17.16,-0.26,TIME,275.0,118.14,-26.47
2022-11-25 13:55:00+00:00,2022-11-25 14:51:00+00:00,BUY,0.48,1748.088,1751.3879999999997,2.0,144.0,3.0,TP,285.0,185.28,-55.68
2022-11-28 13:45:00+00:00,2022-11-28 14:00:00+00:00,BUY,0.28,1755.618,1752.757,-1.0,-88.51,-3.161,SL,80.0,28.56,-103.63
2022-11-29 13:55:00+00:00,2022-11-29 14:03:00+00:00,SELL,0.48,1751.188,1752.848,-1.0,-94.08,-1.96,SL,45.0,44.64,-71.04
2022-11-30 14:51:00+00:00,2022-11-30 16:29:00+00:00,SELL,0.08,1754.917,1753.018,0.197,12.79,1.599,TIME,495.0,47.51,-17.45
2022-12-01 13:55:00+00:00,2022-12-01 14:50:00+00:00,BUY,0.15,1790.917,1801.5169999999998,2.0,154.5,10.3,TP,280.0,162.0,-29.38
2022-12-02 13:45:00+00:00,2022-12-02 16:29:00+00:00,SELL,0.05,1780.868,1790.418,-0.55,-49.25,-9.85,TIME,825.0,12.25,-48.95
2022-12-05 13:48:00+00:00,2022-12-05 14:49:00+00:00,SELL,0.26,1792.638,1786.4379999999996,2.0,153.4,5.9,TP,310.0,177.32,-14.56
2022-12-06 13:50:00+00:00,2022-12-06 15:05:00+00:00,SELL,0.29,1777.878,1772.2779999999996,2.0,153.7,5.3,TP,380.0,171.71,-21.17
2022-12-07 13:55:00+00:00,2022-12-07 14:38:00+00:00,BUY,0.29,1778.688,1784.2680000000005,2.0,153.12,5.28,TP,220.0,162.69,-80.33
2022-12-08 13:45:00+00:00,2022-12-08 14:53:00+00:00,SELL,0.17,1787.017,1791.798,-1.0,-86.38,-5.081,SL,345.0,46.22,-79.58
2022-12-12 14:37:00+00:00,2022-12-12 15:40:00+00:00,SELL,0.36,1788.358,1783.918,2.0,149.04,4.14,TP,320.0,193.32,-60.48
2022-12-13 14:02:00+00:00,2022-12-13 16:29:00+00:00,BUY,0.03,1813.197,1813.215,0.001,-0.85,-0.282,TIME,740.0,33.48,-13.69
2022-12-14 14:35:00+00:00,2022-12-14 15:49:00+00:00,BUY,0.52,1808.975,1812.0749999999998,2.0,145.6,2.8,TP,375.0,170.04,-37.44
2022-12-16 14:15:00+00:00,2022-12-16 14:36:00+00:00,SELL,0.31,1783.445,1786.015,-1.0,-88.97,-2.87,SL,110.0,42.47,-72.94
2022-12-19 14:40:00+00:00,2022-12-19 15:21:00+00:00,SELL,0.37,1792.055,1794.225,-1.0,-91.39,-2.47,SL,210.0,120.62,-85.84
2022-12-20 14:50:00+00:00,2022-12-20 14:50:00+00:00,BUY,0.21,1804.645,1812.339,2.0,155.27,7.394,TP,5.0,161.76,0.0
2022-12-21 13:50:00+00:00,2022-12-21 14:53:00+00:00,SELL,0.38,1817.625,1819.715,-1.0,-90.82,-2.39,SL,320.0,82.76,-84.47
2022-12-22 13:46:00+00:00,2022-12-22 16:29:00+00:00,SELL,0.1,1809.987,1796.585,1.644,131.02,13.102,TIME,820.0,154.92,-14.65
2022-12-23 13:55:00+00:00,2022-12-23 15:30:00+00:00,SELL,0.13,1794.157,1800.165,-1.0,-82.0,-6.308,SL,480.0,40.2,-75.54
2022-12-27 14:10:00+00:00,2022-12-27 14:40:00+00:00,SELL,0.35,1805.835,1808.135,-1.0,-91.0,-2.6,SL,155.0,127.64,-92.05
2022-12-28 13:55:00+00:00,2022-12-28 14:36:00+00:00,SELL,0.38,1805.335,1807.455,-1.0,-91.96,-2.42,SL,210.0,79.8,-90.9
2022-12-29 14:05:00+00:00,2022-12-29 16:29:00+00:00,BUY,0.15,1811.995,1812.185,0.036,-1.65,-0.11,TIME,725.0,90.05,-50.25
2022-12-30 14:10:00+00:00,2022-12-30 15:02:00+00:00,BUY,0.17,1821.708,1817.055,-1.0,-84.2,-4.953,SL,265.0,38.23,-87.77
2023-01-03 14:35:00+00:00,2023-01-03 14:38:00+00:00,BUY,0.23,1840.305,1847.1190000000004,2.0,149.82,6.514,TP,20.0,159.39,0.0
2023-01-04 14:05:00+00:00,2023-01-04 15:11:00+00:00,SELL,0.21,1858.525,1850.9790000000003,2.0,152.17,7.246,TP,335.0,169.68,-48.51
2023-01-05 13:50:00+00:00,2023-01-05 15:17:00+00:00,SELL,0.15,1841.005,1830.4590000000003,2.0,153.69,10.246,TP,440.0,183.6,0.0
2023-01-06 13:47:00+00:00,2023-01-06 16:29:00+00:00,BUY,0.05,1849.475,1860.288,0.721,52.57,10.513,TIME,815.0,73.72,-44.5
2023-01-09 14:45:00+00:00,2023-01-09 15:36:00+00:00,BUY,0.23,1877.525,1874.115,-1.0,-85.33,-3.71,SL,260.0,90.16,-95.22
2023-01-10 14:05:00+00:00,2023-01-10 14:16:00+00:00,BUY,0.38,1873.335,1877.531,2.0,148.05,3.896,TP,60.0,171.76,0.0
2023-01-11 14:40:00+00:00,2023-01-11 16:17:00+00:00,SELL,0.19,1875.877,1867.661,2.0,150.4,7.916,TP,490.0,164.35,0.0
2023-01-12 13:52:00+00:00,2023-01-12 16:29:00+00:00,BUY,0.03,1899.048,1892.265,-0.258,-21.25,-7.083,TIME,790.0,7.28,-57.82
2023-01-13 14:35:00+00:00,2023-01-13 14:46:00+00:00,BUY,0.21,1900.005,1907.6250000000005,2.0,153.72,7.32,TP,60.0,169.05,0.0
2023-01-16 15:05:00+00:00,2023-01-16 16:29:00+00:00,BUY,0.26,1914.535,1914.905,0.122,1.82,0.07,TIME,425.0,53.56,0.0
2023-01-19 15:05:00+00:00,2023-01-19 16:29:00+00:00,BUY,0.14,1913.088,1919.055,1.044,79.34,5.667,TIME,425.0,142.2,0.0
2023-01-20 13:55:00+00:00,2023-01-20 15:29:00+00:00,SELL,0.21,1925.435,1929.215,-1.0,-85.68,-4.08,SL,475.0,103.47,-103.53
2023-01-23 14:07:00+00:00,2023-01-23 16:07:00+00:00,SELL,0.13,1919.0,1925.385,-1.0,-86.9,-6.685,SL,605.0,100.78,-89.67
2023-01-24 13:47:00+00:00,2023-01-24 14:45:00+00:00,SELL,0.24,1933.345,1926.6990000000003,2.0,152.3,6.346,TP,295.0,201.29,-15.12
2023-01-25 14:00:00+00:00,2023-01-25 14:11:00+00:00,SELL,0.29,1923.925,1926.675,-1.0,-88.45,-3.05,SL,60.0,65.83,-72.5
2023-01-26 13:51:00+00:00,2023-01-26 14:49:00+00:00,BUY,0.12,1937.957,1931.005,-1.0,-87.02,-7.252,SL,295.0,52.3,-103.44
2023-01-27 14:00:00+00:00,2023-01-27 15:46:00+00:00,SELL,0.18,1930.357,1921.2350000000001,2.0,158.8,8.822,TP,535.0,191.56,-13.82
2023-01-30 15:08:00+00:00,2023-01-30 16:29:00+00:00,SELL,0.22,1925.885,1923.895,0.55,37.18,1.69,TIME,410.0,71.28,-72.6
2023-01-31 13:50:00+00:00,2023-01-31 15:01:00+00:00,BUY,0.16,1916.848,1926.81,2.0,154.59,9.662,TP,360.0,168.91,-8.21
2023-02-01 13:46:00+00:00,2023-02-01 14:50:00+00:00,BUY,0.2,1930.715,1926.725,-1.0,-85.8,-4.29,SL,325.0,42.06,-85.94
2023-02-02 13:50:00+00:00,2023-02-02 14:45:00+00:00,SELL,0.14,1947.955,1936.495,2.0,156.24,11.16,TP,280.0,167.37,-8.54
2023-02-03 13:45:00+00:00,2023-02-03 16:29:00+00:00,SELL,0.03,1886.405,1866.048,0.749,60.17,20.057,TIME,825.0,61.97,-11.67
2023-02-06 14:21:00+00:00,2023-02-06 15:13:00+00:00,BUY,0.23,1873.218,1869.745,-1.0,-86.78,-3.773,SL,265.0,56.05,-88.16
2023-02-07 14:35:00+00:00,2023-02-07 15:51:00+00:00,BUY,0.22,1869.305,1876.7250000000001,2.0,156.64,7.12,TP,385.0,165.95,-60.43
2023-02-08 14:15:00+00:00,2023-02-08 14:24:00+00:00,BUY,0.26,1876.315,1882.4950000000003,2.0,152.88,5.88,TP,50.0,167.44,0.0
2023-02-09 13:45:00+00:00,2023-02-09 14:58:00+00:00,BUY,0.18,1883.875,1879.547,-1.0,-83.3,-4.628,SL,370.0,112.01,-91.98
2023-02-10 13:50:00+00:00,2023-02-10 14:40:00+00:00,BUY,0.29,1864.445,1861.715,-1.0,-87.87,-3.03,SL,255.0,115.51,-79.46
2023-02-13 14:35:00+00:00,2023-02-13 14:39:00+00:00,SELL,0.36,1855.755,1857.965,-1.0,-90.36,-2.51,SL,25.0,96.37,-86.4
2023-02-15 13:45:00+00:00,2023-02-15 15:44:00+00:00,BUY,0.17,1836.185,1831.488,-1.0,-84.95,-4.997,SL,600.0,44.37,-95.71
2023-02-16 13:47:00+00:00,2023-02-16 16:29:00+00:00,SELL,0.11,1830.625,1836.725,-0.846,-70.4,-6.4,TIME,815.0,33.77,-70.51
2023-02-17 14:38:00+00:00,2023-02-17 15:01:00+00:00,SELL,0.24,1825.595,1828.945,-1.0,-87.6,-3.65,SL,120.0,72.72,-89.52
2023-02-20 13:55:00+00:00,2023-02-20 15:19:00+00:00,BUY,0.37,1846.515,1844.325,-1.0,-92.13,-2.49,SL,425.0,15.91,-106.93
2023-02-21 14:05:00+00:00,2023-02-21 14:26:00+00:00,BUY,0.36,1836.985,1841.4249999999995,2.0,149.04,4.14,TP,110.0,182.63,0.0
2023-02-22 14:38:00+00:00,2023-02-22 14:42:00+00:00,BUY,0.35,1837.195,1834.938,-1.0,-89.49,-2.557,SL,25.0,25.2,-86.1
2023-02-23 13:57:00+00:00,2023-02-23 16:29:00+00:00,BUY,0.1,1825.535,1821.115,-0.543,-47.2,-4.72,TIME,765.0,44.9,-71.6
2023-02-24 14:37:00+00:00,2023-02-24 16:29:00+00:00,SELL,0.12,1811.498,1813.055,-0.235,-22.28,-1.857,TIME,565.0,31.48,-49.32
2023-02-27 13:56:00+00:00,2023-02-27 16:29:00+00:00,BUY,0.17,1814.765,1813.505,-0.269,-26.52,-1.56,TIME,770.0,89.08,-26.3
2023-02-28 13:45:00+00:00,2023-02-28 13:57:00+00:00,BUY,0.35,1809.424,1814.056,2.0,151.62,4.332,TP,65.0,164.54,-27.16
2023-03-01 13:55:00+00:00,2023-03-01 14:56:00+00:00,BUY,0.25,1836.895,1843.255,2.0,151.5,6.06,TP,310.0,184.75,-31.75
2023-03-02 14:05:00+00:00,2023-03-02 16:29:00+00:00,BUY,0.21,1834.344,1836.265,0.506,34.04,1.621,TIME,725.0,94.94,-38.01
2023-03-03 14:20:00+00:00,2023-03-03 15:00:00+00:00,SELL,0.42,1845.855,1842.089,2.0,145.57,3.466,TP,205.0,173.46,0.0
2023-03-06 14:40:00+00:00,2023-03-06 15:05:00+00:00,BUY,0.42,1852.065,1850.155,-1.0,-92.82,-2.21,SL,130.0,36.54,-102.9
2023-03-07 13:45:00+00:00,2023-03-07 14:02:00+00:00,BUY,0.21,1837.205,1833.325,-1.0,-87.78,-4.18,SL,90.0,0.42,-102.27
2023-03-08 14:35:00+00:00,2023-03-08 14:51:00+00:00,BUY,0.28,1815.045,1820.8250000000003,2.0,153.44,5.48,TP,85.0,179.76,0.0
2023-03-09 14:00:00+00:00,2023-03-09 16:29:00+00:00,BUY,0.11,1823.828,1827.565,0.525,37.81,3.437,TIME,750.0,129.11,0.0
2023-03-10 13:45:00+00:00,2023-03-10 16:29:00+00:00,BUY,0.06,1844.245,1856.035,0.917,68.94,11.49,TIME,825.0,138.62,-26.16
2023-03-13 14:00:00+00:00,2023-03-13 14:44:00+00:00,SELL,0.07,1897.758,1909.658,-1.0,-85.4,-12.2,SL,225.0,10.24,-82.72
2023-03-14 13:48:00+00:00,2023-03-14 15:00:00+00:00,SELL,0.08,1898.208,1908.075,-1.0,-81.34,-10.167,SL,365.0,23.84,-79.42
2023-03-16 14:55:00+00:00,2023-03-16 16:29:00+00:00,SELL,0.12,1924.355,1917.805,0.97,75.0,6.25,TIME,475.0,133.32,0.0
2023-03-17 14:35:00+00:00,2023-03-17 14:44:00+00:00,BUY,0.14,1950.115,1961.7749999999999,2.0,159.04,11.36,TP,50.0,164.26,0.0
2023-03-20 14:00:00+00:00,2023-03-20 14:12:00+00:00,SELL,0.14,1978.854,1967.066,2.0,160.83,11.488,TP,65.0,183.48,0.0
2023-03-21 13:46:00+00:00,2023-03-21 16:29:00+00:00,SELL,0.08,1955.055,1943.545,1.094,89.68,11.21,TIME,820.0,96.73,-12.56
2023-03-22 14:50:00+00:00,2023-03-22 16:29:00+00:00,BUY,0.2,1944.335,1948.425,1.002,75.8,3.79,TIME,500.0,150.4,0.0
2023-03-23 16:15:00+00:00,2023-03-23 16:15:00+00:00,BUY,0.18,1979.458,1988.1840000000002,2.0,151.67,8.426,TP,5.0,161.46,0.0
2023-03-24 13:52:00+00:00,2023-03-24 16:29:00+00:00,SELL,0.12,1993.744,1985.155,1.293,99.47,8.289,TIME,790.0,120.67,-54.89
2023-03-27 13:50:00+00:00,2023-03-27 14:19:00+00:00,SELL,0.23,1947.304,1950.785,-1.0,-86.96,-3.781,SL,150.0,37.01,-97.77
2023-03-28 14:35:00+00:00,2023-03-28 16:29:00+00:00,BUY,0.16,1965.865,1968.055,0.432,30.24,1.89,TIME,575.0,64.05,-20.16
2023-03-29 14:08:00+00:00,2023-03-29 15:58:00+00:00,BUY,0.18,1965.925,1961.485,-1.0,-85.32,-4.74,SL,555.0,102.24,-95.94
2023-03-30 14:20:00+00:00,2023-03-30 16:00:00+00:00,BUY,0.24,1968.458,1975.1440000000002,2.0,153.26,6.386,TP,505.0,182.81,-8.71
2023-03-31 14:55:00+00:00,2023-03-31 16:29:00+00:00,SELL,0.18,1979.535,1978.538,0.223,12.55,0.697,TIME,475.0,85.5,-25.74
2023-04-03 14:05:00+00:00,2023-04-03 16:29:00+00:00,BUY,0.1,1980.248,1989.998,1.226,94.5,9.45,TIME,725.0,101.1,-7.4
2023-04-04 13:45:00+00:00,2023-04-04 14:05:00+00:00,BUY,0.13,1992.615,2004.535,2.0,151.06,11.62,TP,105.0,166.26,-28.34
2023-04-05 13:50:00+00:00,2023-04-05 14:00:00+00:00,SELL,0.15,2023.655,2029.015,-1.0,-84.9,-5.66,SL,55.0,28.5,-117.05
2023-04-06 13:45:00+00:00,2023-04-06 16:10:00+00:00,SELL,0.09,2004.815,2014.054,-1.0,-85.85,-9.539,SL,730.0,34.34,-82.17
2023-04-10 14:40:00+00:00,2023-04-10 16:29:00+00:00,SELL,0.1,1986.114,1987.365,-0.154,-15.51,-1.551,TIME,550.0,18.29,-38.91
2023-04-11 15:25:00+00:00,2023-04-11 16:29:00+00:00,BUY,0.2,2001.335,2005.154,0.941,70.38,3.519,TIME,325.0,92.46,0.0
2023-04-12 13:45:00+00:00,2023-04-12 16:29:00+00:00,SELL,0.06,2005.905,2008.505,-0.197,-17.4,-2.9,TIME,825.0,28.08,-42.72
2023-04-13 13:50:00+00:00,2023-04-13 14:36:00+00:00,BUY,0.25,2043.135,2039.965,-1.0,-86.75,-3.47,SL,235.0,135.08,-101.25
2023-04-14 15:05:00+00:00,2023-04-14 15:05:00+00:00,SELL,0.13,2022.065,2010.2050000000004,2.0,150.28,11.56,TP,5.0,363.74,0.0
2023-04-17 14:40:00+00:00,2023-04-17 14:46:00+00:00,SELL,0.16,1995.785,1985.825,2.0,154.56,9.66,TP,35.0,230.83,0.0
2023-04-18 13:46:00+00:00,2023-04-18 14:08:00+00:00,BUY,0.16,1996.195,2006.195,2.0,155.2,9.7,TP,115.0,171.25,-1.92
2023-04-19 13:52:00+00:00,2023-04-19 16:29:00+00:00,BUY,0.09,1991.528,1992.895,0.157,9.6,1.067,TIME,790.0,38.43,-24.96
2023-04-20 14:05:00+00:00,2023-04-20 14:54:00+00:00,BUY,0.21,2006.798,2002.915,-1.0,-87.84,-4.183,SL,250.0,114.6,-81.96
2023-04-21 13:50:00+00:00,2023-04-21 13:52:00+00:00,SELL,0.1,1990.225,1974.9589999999998,2.0,149.66,14.966,TP,15.0,163.1,0.0
2023-04-24 13:50:00+00:00,2023-04-24 14:28:00+00:00,SELL,0.11,1974.785,1981.835,-1.0,-80.85,-7.35,SL,195.0,8.69,-76.59
2023-04-26 14:05:00+00:00,2023-04-26 16:18:00+00:00,SELL,0.12,2001.764,1988.4419999999998,2.0,156.26,13.022,TP,670.0,177.47,-27.37
2023-04-28 14:38:00+00:00,2023-04-28 16:29:00+00:00,BUY,0.13,1989.995,1990.955,0.161,8.58,0.66,TIME,560.0,63.96,-32.89
2023-05-01 14:05:00+00:00,2023-05-01 14:05:00+00:00,SELL,0.16,1998.985,1989.2589999999998,2.0,150.82,9.426,TP,5.0,174.4,0.0
2023-05-02 14:05:00+00:00,2023-05-02 14:11:00+00:00,BUY,0.23,1989.265,1996.3250000000005,2.0,155.48,6.76,TP,35.0,176.94,0.0
2023-05-03 14:05:00+00:00,2023-05-03 14:48:00+00:00,SELL,0.2,2016.065,2020.045,-1.0,-85.6,-4.28,SL,220.0,86.0,-75.8
2023-05-04 13:50:00+00:00,2023-05-04 14:44:00+00:00,BUY,0.09,2041.005,2059.2070000000003,2.0,161.12,17.902,TP,275.0,166.68,0.0
2023-05-08 13:47:00+00:00,2023-05-08 16:29:00+00:00,BUY,0.16,2022.895,2026.914,0.789,59.5,3.719,TIME,815.0,103.02,-12.96
2023-05-09 13:48:00+00:00,2023-05-09 16:29:00+00:00,BUY,0.22,2027.948,2031.534,0.973,72.29,3.286,TIME,810.0,101.99,-79.29
2023-05-11 13:50:00+00:00,2023-05-11 16:29:00+00:00,SELL,0.11,2024.774,2017.104,1.07,81.07,7.37,TIME,800.0,151.03,0.0
2023-05-12 13:50:00+00:00,2023-05-12 14:00:00+00:00,BUY,0.23,2020.094,2016.594,-1.0,-87.4,-3.8,SL,55.0,20.95,-84.39
2023-05-15 13:50:00+00:00,2023-05-15 14:24:00+00:00,BUY,0.25,2018.604,2015.384,-1.0,-88.0,-3.52,SL,175.0,87.75,-83.22
2023-05-16 15:10:00+00:00,2023-05-16 15:10:00+00:00,SELL,0.31,2007.474,2002.394,2.0,148.18,4.78,TP,5.0,273.73,0.0
2023-05-17 14:00:00+00:00,2023-05-17 14:17:00+00:00,SELL,0.18,1979.795,1984.274,-1.0,-86.02,-4.779,SL,90.0,87.48,-77.74
2023-05-19 15:12:00+00:00,2023-05-19 15:16:00+00:00,BUY,0.19,1961.825,1970.0850000000003,2.0,151.24,7.96,TP,25.0,200.26,-30.59
2023-05-22 14:12:00+00:00,2023-05-22 16:29:00+00:00,SELL,0.2,1972.015,1975.235,-0.811,-70.4,-3.52,TIME,690.0,65.0,-66.0
2023-05-23 13:50:00+00:00,2023-05-23 13:57:00+00:00,SELL,0.2,1966.334,1970.358,-1.0,-86.48,-4.324,SL,40.0,24.78,-91.82
2023-05-24 14:05:00+00:00,2023-05-24 15:54:00+00:00,SELL,0.19,1971.365,1962.805,2.0,156.94,8.26,TP,550.0,191.71,-12.92
2023-05-26 14:35:00+00:00,2023-05-26 16:29:00+00:00,SELL,0.18,1946.015,1945.525,0.112,3.42,0.19,TIME,575.0,131.94,-8.28
2023-05-30 14:10:00+00:00,2023-05-30 16:05:00+00:00,BUY,0.25,1956.635,1963.035,2.0,152.5,6.1,TP,580.0,166.23,-60.75
2023-05-31 13:46:00+00:00,2023-05-31 14:00:00+00:00,BUY,0.11,1969.888,1962.558,-1.0,-83.93,-7.63,SL,75.0,40.7,-111.14
2023-06-01 14:05:00+00:00,2023-06-01 16:29:00+00:00,BUY,0.13,1973.198,1980.055,1.109,85.24,6.557,TIME,725.0,127.62,-45.93
2023-06-02 13:50:00+00:00,2023-06-02 16:29:00+00:00,SELL,0.09,1966.845,1955.915,1.184,95.67,10.63,TIME,800.0,105.03,-2.61
2023-06-05 13:50:00+00:00,2023-06-05 14:00:00+00:00,BUY,0.34,1946.565,1951.2650000000003,2.0,149.6,4.4,TP,55.0,252.38,-30.26
2023-06-06 13:55:00+00:00,2023-06-06 16:02:00+00:00,SELL,0.12,1957.755,1964.578,-1.0,-85.48,-7.123,SL,640.0,42.0,-81.6
2023-06-07 13:47:00+00:00,2023-06-07 14:35:00+00:00,BUY,0.18,1962.755,1958.305,-1.0,-85.5,-4.75,SL,245.0,131.94,-86.04
2023-06-12 13:50:00+00:00,2023-06-12 13:50:00+00:00,SELL,0.32,1955.945,1950.965,2.0,149.76,4.68,TP,5.0,177.28,0.0
2023-06-13 15:25:00+00:00,2023-06-13 16:29:00+00:00,SELL,0.08,1954.745,1946.365,0.89,64.64,8.08,TIME,325.0,102.16,0.0
2023-06-16 13:45:00+00:00,2023-06-16 14:20:00+00:00,BUY,0.13,1962.535,1956.305,-1.0,-84.89,-6.53,SL,180.0,44.11,-83.2
2023-06-19 14:00:00+00:00,2023-06-19 14:34:00+00:00,SELL,0.7,1951.798,1952.935,-1.0,-100.59,-1.437,SL,175.0,79.38,-68.39
2023-06-22 14:40:00+00:00,2023-06-22 16:29:00+00:00,SELL,0.14,1918.985,1916.055,0.525,36.82,2.63,TIME,550.0,88.34,-18.2
2023-06-23 14:00:00+00:00,2023-06-23 14:44:00+00:00,SELL,0.22,1931.925,1924.5649999999998,2.0,155.32,7.06,TP,225.0,171.16,-22.64
2023-06-26 13:50:00+00:00,2023-06-26 15:23:00+00:00,SELL,0.2,1924.215,1928.315,-1.0,-88.0,-4.4,SL,470.0,48.8,-83.06
2023-06-27 13:50:00+00:00,2023-06-27 14:01:00+00:00,SELL,0.21,1926.708,1918.9540000000002,2.0,156.53,7.454,TP,60.0,183.81,-15.69
2023-06-28 13:45:00+00:00,2023-06-28 15:23:00+00:00,SELL,0.12,1904.485,1911.398,-1.0,-86.56,-7.213,SL,495.0,21.48,-80.64
2023-06-29 14:10:00+00:00,2023-06-29 14:11:00+00:00,BUY,0.19,1897.045,1905.3050000000003,2.0,151.24,7.96,TP,10.0,178.22,0.0
2023-07-03 14:05:00+00:00,2023-07-03 16:29:00+00:00,BUY,0.25,1924.875,1925.245,0.115,1.75,0.07,TIME,725.0,133.33,-20.0
2023-07-04 14:10:00+00:00,2023-07-04 14:40:00+00:00,BUY,0.79,1928.835,1927.825,-1.0,-103.49,-1.31,SL,155.0,45.82,-82.16
2023-07-06 14:05:00+00:00,2023-07-06 16:29:00+00:00,SELL,0.17,1910.165,1909.345,0.174,8.84,0.52,TIME,725.0,127.16,-35.24
2023-07-07 15:10:00+00:00,2023-07-07 16:29:00+00:00,BUY,0.17,1925.534,1928.545,0.637,46.09,2.711,TIME,400.0,99.81,0.0
2023-07-10 13:50:00+00:00,2023-07-10 16:29:00+00:00,BUY,0.22,1923.558,1923.815,0.07,-0.95,-0.043,TIME,800.0,29.19,-65.85
2023-07-13 15:55:00+00:00,2023-07-13 16:29:00+00:00,SELL,0.23,1956.935,1959.305,-0.691,-61.41,-2.67,TIME,175.0,53.13,-54.74
2023-07-14 14:05:00+00:00,2023-07-14 14:48:00+00:00,SELL,0.25,1955.435,1958.645,-1.0,-87.75,-3.51,SL,220.0,111.75,-85.5
2023-07-19 14:55:00+00:00,2023-07-19 16:29:00+00:00,SELL,0.2,1975.478,1974.495,0.251,13.66,0.683,TIME,475.0,70.06,-16.74
2023-07-20 14:10:00+00:00,2023-07-20 16:29:00+00:00,SELL,0.12,1972.645,1967.445,0.782,58.8,4.9,TIME,700.0,88.08,-9.48
2023-07-21 13:50:00+00:00,2023-07-21 14:37:00+00:00,SELL,0.22,1960.595,1964.255,-1.0,-87.12,-3.96,SL,240.0,58.3,-74.8
2023-07-24 13:50:00+00:00,2023-07-24 13:53:00+00:00,BUY,0.3,1963.325,1960.635,-1.0,-89.7,-2.99,SL,20.0,20.7,-88.2
2023-07-25 13:55:00+00:00,2023-07-25 14:56:00+00:00,SELL,0.23,1957.525,1961.025,-1.0,-87.4,-3.8,SL,310.0,129.42,-85.56
2023-07-26 15:20:00+00:00,2023-07-26 16:29:00+00:00,BUY,0.22,1968.705,1971.305,0.726,50.6,2.3,TIME,350.0,137.06,0.0
2023-07-31 13:50:00+00:00,2023-07-31 16:29:00+00:00,BUY,0.22,1968.648,1971.168,0.694,48.84,2.22,TIME,800.0,80.23,-69.59
2023-08-01 14:05:00+00:00,2023-08-01 14:31:00+00:00,BUY,0.19,1948.638,1944.335,-1.0,-87.46,-4.603,SL,135.0,15.14,-93.37
2023-08-02 14:15:00+00:00,2023-08-02 14:18:00+00:00,SELL,0.29,1944.195,1938.735,2.0,149.64,5.16,TP,20.0,223.01,0.0
2023-08-03 14:08:00+00:00,2023-08-03 16:29:00+00:00,BUY,0.16,1937.624,1935.125,-0.502,-44.78,-2.799,TIME,710.0,16.5,-78.7
2023-08-07 13:50:00+00:00,2023-08-07 14:00:00+00:00,SELL,0.32,1938.284,1933.2820000000002,2.0,150.46,4.702,TP,55.0,207.01,0.0
2023-08-09 14:05:00+00:00,2023-08-09 14:28:00+00:00,BUY,0.29,1925.615,1922.865,-1.0,-88.45,-3.05,SL,120.0,54.81,-93.09
2023-08-11 14:05:00+00:00,2023-08-11 16:29:00+00:00,BUY,0.16,1917.685,1914.665,-0.615,-53.12,-3.32,TIME,725.0,44.48,-76.96
2023-08-14 13:50:00+00:00,2023-08-14 14:11:00+00:00,SELL,0.37,1903.925,1906.085,-1.0,-91.02,-2.46,SL,110.0,40.33,-84.36
2023-08-15 14:50:00+00:00,2023-08-15 16:29:00+00:00,BUY,0.19,1904.205,1904.935,0.173,8.17,0.43,TIME,500.0,139.08,0.0
2023-08-17 13:45:00+00:00,2023-08-17 15:56:00+00:00,SELL,0.19,1898.215,1889.9549999999997,2.0,151.24,7.96,TP,660.0,163.59,-21.28
2023-08-18 13:45:00+00:00,2023-08-18 15:41:00+00:00,BUY,0.19,1894.915,1890.708,-1.0,-85.63,-4.507,SL,585.0,33.5,-81.26
2023-08-22 13:55:00+00:00,2023-08-22 14:14:00+00:00,SELL,0.42,1892.715,1894.615,-1.0,-92.4,-2.2,SL,100.0,155.27,-78.12
2023-08-23 13:50:00+00:00,2023-08-23 16:29:00+00:00,BUY,0.2,1912.105,1919.375,1.845,139.4,6.97,TIME,800.0,149.6,0.0
2023-08-24 13:48:00+00:00,2023-08-24 14:47:00+00:00,BUY,0.23,1915.245,1922.1449999999995,2.0,151.8,6.6,TP,300.0,165.83,-22.77
2023-08-25 14:05:00+00:00,2023-08-25 14:05:00+00:00,BUY,0.33,1915.695,1920.615,2.0,152.46,4.62,TP,5.0,167.64,0.0
2023-08-28 13:45:00+00:00,2023-08-28 16:29:00+00:00,BUY,0.16,1917.705,1923.075,1.068,81.12,5.07,TIME,825.0,132.0,-27.04
2023-08-29 13:45:00+00:00,2023-08-29 14:00:00+00:00,BUY,0.27,1919.955,1925.877,2.0,151.79,5.622,TP,80.0,223.56,-15.39
2023-08-30 13:51:00+00:00,2023-08-30 16:21:00+00:00,BUY,0.21,1947.145,1943.395,-1.0,-85.05,-4.05,SL,755.0,38.22,-79.17
2023-08-31 13:45:00+00:00,2023-08-31 15:36:00+00:00,BUY,0.2,1944.325,1940.245,-1.0,-87.6,-4.38,SL,560.0,13.8,-87.94
2023-09-01 14:05:00+00:00,2023-09-01 16:29:00+00:00,SELL,0.1,1943.735,1939.195,0.589,42.4,4.24,TIME,725.0,93.8,0.0
2023-09-04 13:50:00+00:00,2023-09-04 14:00:00+00:00,BUY,0.82,1938.765,1937.795,-1.0,-104.14,-1.27,SL,55.0,94.3,-108.24
2023-09-05 13:50:00+00:00,2023-09-05 14:01:00+00:00,SELL,0.34,1931.255,1926.4950000000003,2.0,151.64,4.46,TP,60.0,174.08,0.0
2023-09-06 13:45:00+00:00,2023-09-06 14:01:00+00:00,BUY,0.18,1925.605,1921.045,-1.0,-87.48,-4.86,SL,85.0,62.1,-98.84
2023-09-07 13:50:00+00:00,2023-09-07 16:29:00+00:00,SELL,0.25,1919.195,1919.788,-0.188,-22.33,-0.893,TIME,800.0,52.17,-55.5
2023-09-08 13:50:00+00:00,2023-09-08 15:12:00+00:00,BUY,0.24,1924.698,1921.375,-1.0,-86.95,-3.623,SL,415.0,117.53,-80.95
2023-09-11 13:50:00+00:00,2023-09-11 14:35:00+00:00,SELL,0.29,1927.275,1921.795,2.0,150.22,5.18,TP,230.0,169.36,0.0
2023-09-12 13:50:00+00:00,2023-09-12 14:28:00+00:00,SELL,0.24,1908.405,1911.785,-1.0,-88.32,-3.68,SL,195.0,2.88,-76.8
2023-09-13 16:20:00+00:00,2023-09-13 16:29:00+00:00,SELL,0.3,1912.975,1911.165,0.675,45.3,1.51,TIME,50.0,98.4,0.0
2023-09-15 13:50:00+00:00,2023-09-15 14:00:00+00:00,SELL,0.29,1923.905,1926.675,-1.0,-89.03,-3.07,SL,55.0,20.21,-100.63
2023-09-18 16:10:00+00:00,2023-09-18 16:29:00+00:00,BUY,0.21,1927.645,1929.095,0.375,24.15,1.15,TIME,100.0,35.07,0.0
2023-09-19 14:05:00+00:00,2023-09-19 16:29:00+00:00,SELL,0.28,1932.675,1932.845,-0.059,-13.16,-0.47,TIME,725.0,48.64,-68.88
2023-09-20 13:45:00+00:00,2023-09-20 16:29:00+00:00,BUY,0.1,1940.985,1945.415,0.553,41.3,4.13,TIME,825.0,47.59,-7.7
2023-09-21 14:05:00+00:00,2023-09-21 14:33:00+00:00,BUY,0.31,1917.985,1923.1049999999998,2.0,149.42,4.82,TP,145.0,170.81,-24.18
2023-09-22 13:51:00+00:00,2023-09-22 13:56:00+00:00,SELL,0.5,1925.385,1926.995,-1.0,-95.5,-1.91,SL,30.0,30.0,-107.0
2023-09-25 13:55:00+00:00,2023-09-25 14:08:00+00:00,BUY,0.4,1924.135,1922.145,-1.0,-91.6,-2.29,SL,70.0,83.2,-101.2
2023-09-26 14:05:00+00:00,2023-09-26 15:05:00+00:00,BUY,0.37,1906.715,1904.525,-1.0,-92.13,-2.49,SL,305.0,96.57,-93.61
2023-09-27 13:49:00+00:00,2023-09-27 16:27:00+00:00,SELL,0.19,1885.625,1877.245,2.0,153.52,8.08,TP,795.0,166.44,-63.46
2023-09-28 14:40:00+00:00,2023-09-28 15:05:00+00:00,SELL,0.19,1872.735,1864.1549999999995,2.0,157.32,8.28,TP,130.0,174.99,0.0
2023-09-29 14:05:00+00:00,2023-09-29 14:09:00+00:00,SELL,0.22,1872.415,1865.255,2.0,150.92,6.86,TP,25.0,232.98,0.0
2023-10-02 14:05:00+00:00,2023-10-02 16:29:00+00:00,SELL,0.15,1832.205,1831.645,0.107,3.9,0.26,TIME,725.0,77.1,-34.8
2023-10-03 14:05:00+00:00,2023-10-03 14:35:00+00:00,SELL,0.1,1823.195,1831.245,-1.0,-83.5,-8.35,SL,155.0,40.5,-100.1
2023-10-04 13:50:00+00:00,2023-10-04 15:18:00+00:00,SELL,0.28,1822.075,1824.955,-1.0,-89.04,-3.18,SL,445.0,142.8,-76.72
2023-10-05 13:52:00+00:00,2023-10-05 13:56:00+00:00,SELL,0.3,1818.575,1821.205,-1.0,-87.9,-2.93,SL,25.0,5.4,-84.3
2023-10-06 15:15:00+00:00,2023-10-06 16:29:00+00:00,BUY,0.1,1825.935,1831.925,0.779,56.9,5.69,TIME,375.0,87.9,0.0
2023-10-09 13:45:00+00:00,2023-10-09 16:29:00+00:00,BUY,0.24,1847.745,1849.435,0.497,33.36,1.39,TIME,825.0,129.36,-72.96
2023-10-11 16:05:00+00:00,2023-10-11 16:29:00+00:00,BUY,0.2,1872.325,1875.035,0.683,48.2,2.41,TIME,125.0,95.6,0.0
2023-10-13 13:50:00+00:00,2023-10-13 15:26:00+00:00,BUY,0.15,1910.765,1921.3650000000005,2.0,154.5,10.3,TP,485.0,159.45,-42.77
2023-10-16 13:45:00+00:00,2023-10-16 16:29:00+00:00,BUY,0.19,1918.525,1921.245,0.654,45.98,2.42,TIME,825.0,70.3,-45.41
2023-10-17 13:50:00+00:00,2023-10-17 16:29:00+00:00,BUY,0.17,1925.578,1924.715,-0.179,-19.77,-1.163,TIME,800.0,88.86,-50.37
2023-10-18 13:51:00+00:00,2023-10-18 14:42:00+00:00,BUY,0.08,1959.638,1950.185,-1.0,-78.02,-9.753,SL,260.0,3.18,-76.5
2023-10-19 15:35:00+00:00,2023-10-19 16:29:00+00:00,BUY,0.15,1955.355,1956.165,0.149,7.65,0.51,TIME,275.0,86.25,-34.05
2023-10-20 13:50:00+00:00,2023-10-20 13:51:00+00:00,BUY,0.33,1979.795,1984.6350000000002,2.0,149.82,4.54,TP,10.0,163.35,0.0
2023-10-23 13:45:00+00:00,2023-10-23 14:54:00+00:00,SELL,0.09,1970.055,1978.555,-1.0,-79.2,-8.8,SL,350.0,0.27,-74.61
2023-10-24 15:40:00+00:00,2023-10-24 16:29:00+00:00,BUY,0.18,1964.395,1973.138,1.974,151.97,8.443,TIME,250.0,159.35,0.0
2023-10-25 13:48:00+00:00,2023-10-25 14:07:00+00:00,BUY,0.21,1980.254,1976.395,-1.0,-87.34,-4.159,SL,100.0,144.08,-87.13
2023-10-26 16:20:00+00:00,2023-10-26 16:29:00+00:00,BUY,0.17,1981.725,1985.318,0.784,55.98,3.293,TIME,50.0,68.34,0.0
2023-10-30 14:05:00+00:00,2023-10-30 14:36:00+00:00,BUY,0.19,2000.915,1996.645,-1.0,-86.83,-4.57,SL,160.0,27.55,-89.87
2023-10-31 13:55:00+00:00,2023-10-31 14:13:00+00:00,BUY,0.21,1998.274,2005.9119999999998,2.0,154.1,7.338,TP,95.0,166.32,0.0
2023-11-01 14:05:00+00:00,2023-11-01 14:13:00+00:00,BUY,0.26,1984.048,1990.1940000000002,2.0,152.0,5.846,TP,45.0,162.16,0.0
2023-11-02 14:10:00+00:00,2023-11-02 16:29:00+00:00,SELL,0.21,1983.355,1981.045,0.605,42.21,2.01,TIME,700.0,96.18,-37.17
2023-11-06 14:50:00+00:00,2023-11-06 16:29:00+00:00,SELL,0.25,1985.755,1981.885,1.194,89.25,3.57,TIME,500.0,147.5,-22.0
2023-11-08 14:35:00+00:00,2023-11-08 15:02:00+00:00,SELL,0.36,1962.895,1958.495,2.0,147.6,4.1,TP,140.0,169.92,-16.56
2023-11-09 13:55:00+00:00,2023-11-09 14:43:00+00:00,BUY,0.19,1948.845,1957.0850000000003,2.0,150.86,7.94,TP,245.0,163.4,-6.84
2023-11-10 15:05:00+00:00,2023-11-10 15:07:00+00:00,SELL,0.42,1944.065,1945.975,-1.0,-92.82,-2.21,SL,15.0,76.86,-78.96
2023-11-13 15:00:00+00:00,2023-11-13 15:55:00+00:00,SELL,0.31,1935.405,1937.985,-1.0,-89.28,-2.88,SL,280.0,120.59,-88.66
2023-11-14 14:40:00+00:00,2023-11-14 16:29:00+00:00,BUY,0.04,1959.025,1964.385,0.255,20.24,5.06,TIME,550.0,47.24,0.0
2023-11-15 14:55:00+00:00,2023-11-15 16:29:00+00:00,SELL,0.07,1963.275,1962.765,0.043,1.47,0.21,TIME,475.0,49.0,-7.58
2023-11-16 14:23:00+00:00,2023-11-16 16:29:00+00:00,BUY,0.11,1972.844,1983.378,1.398,112.57,10.234,TIME,635.0,165.04,-15.06
2023-11-17 13:45:00+00:00,2023-11-17 16:29:00+00:00,SELL,0.13,1984.405,1981.665,0.451,31.72,2.44,TIME,825.0,66.43,-28.47
2023-11-20 14:50:00+00:00,2023-11-20 16:29:00+00:00,BUY,0.13,1971.905,1973.485,0.25,16.64,1.28,TIME,500.0,39.78,-41.6
2023-11-21 13:46:00+00:00,2023-11-21 14:16:00+00:00,SELL,0.12,1993.775,2000.205,-1.0,-80.76,-6.73,SL,155.0,2.52,-74.04
2023-11-22 14:42:00+00:00,2023-11-22 15:02:00+00:00,BUY,0.16,2001.635,1996.685,-1.0,-84.0,-5.25,SL,105.0,11.04,-83.2
2023-11-23 14:55:00+00:00,2023-11-23 15:37:00+00:00,BUY,0.61,1993.225,1991.915,-1.0,-98.21,-1.61,SL,215.0,65.88,-85.4
2023-11-24 14:35:00+00:00,2023-11-24 16:29:00+00:00,BUY,0.14,2001.788,2000.148,-0.295,-27.16,-1.94,TIME,575.0,24.18,-66.36
2023-11-27 15:06:00+00:00,2023-11-27 16:29:00+00:00,SELL,0.12,2009.685,2008.745,0.144,7.68,0.64,TIME,420.0,24.84,-53.16
2023-11-28 14:25:00+00:00,2023-11-28 16:06:00+00:00,BUY,0.14,2021.414,2033.1119999999999,2.0,159.57,11.398,TP,510.0,166.05,0.0
2023-11-29 14:41:00+00:00,2023-11-29 16:29:00+00:00,BUY,0.14,2042.765,2040.565,-0.392,-35.0,-2.5,TIME,545.0,57.12,-52.5
2023-11-30 13:54:00+00:00,2023-11-30 16:29:00+00:00,SELL,0.1,2036.305,2039.385,-0.402,-33.8,-3.38,TIME,780.0,50.47,-34.1
2023-12-01 14:35:00+00:00,2023-12-01 15:00:00+00:00,BUY,0.23,2038.365,2045.2250000000001,2.0,150.88,6.56,TP,130.0,162.61,-9.89
2023-12-04 13:55:00+00:00,2023-12-04 14:13:00+00:00,SELL,0.15,2059.595,2048.854999999999,2.0,156.6,10.44,TP,95.0,168.3,-4.2
2023-12-05 14:50:00+00:00,2023-12-05 14:50:00+00:00,SELL,0.19,2026.625,2018.3249999999998,2.0,152.0,8.0,TP,5.0,202.67,0.0
2023-12-06 14:50:00+00:00,2023-12-06 15:47:00+00:00,SELL,0.27,2028.375,2031.378,-1.0,-89.18,-3.303,SL,290.0,157.14,-84.51
2023-12-07 13:47:00+00:00,2023-12-07 14:41:00+00:00,BUY,0.09,2039.485,2030.084,-1.0,-87.31,-9.701,SL,275.0,2.64,-85.23
2023-12-08 14:05:00+00:00,2023-12-08 16:29:00+00:00,SELL,0.06,2014.315,2005.185,0.672,52.98,8.83,TIME,725.0,70.92,-4.8
2023-12-11 13:46:00+00:00,2023-12-11 15:02:00+00:00,SELL,0.29,1991.935,1986.355,2.0,153.12,5.28,TP,385.0,186.47,-70.18
2023-12-12 13:45:00+00:00,2023-12-12 16:29:00+00:00,SELL,0.06,1983.848,1981.975,0.147,9.44,1.573,TIME,825.0,23.24,-35.08
2023-12-13 15:15:00+00:00,2023-12-13 16:29:00+00:00,SELL,0.15,1981.345,1981.885,-0.102,-12.6,-0.84,TIME,375.0,45.15,-34.8
2023-12-14 13:45:00+00:00,2023-12-14 14:38:00+00:00,BUY,0.12,2033.925,2046.885,2.0,151.92,12.66,TP,270.0,156.84,-8.52
2023-12-15 13:47:00+00:00,2023-12-15 16:29:00+00:00,SELL,0.05,2026.865,2035.858,-0.526,-46.46,-9.293,TIME,815.0,0.14,-58.2
2023-12-18 13:50:00+00:00,2023-12-18 14:16:00+00:00,BUY,0.29,2025.445,2022.655,-1.0,-89.61,-3.09,SL,135.0,39.44,-84.1
2023-12-19 14:35:00+00:00,2023-12-19 14:42:00+00:00,BUY,0.3,2031.005,2036.3450000000003,2.0,151.2,5.04,TP,40.0,167.4,0.0
2023-12-20 13:45:00+00:00,2023-12-20 16:29:00+00:00,BUY,0.2,2033.425,2034.705,0.324,19.6,0.98,TIME,825.0,126.6,-61.14
2023-12-22 13:50:00+00:00,2023-12-22 16:29:00+00:00,BUY,0.13,2063.465,2059.615,-0.644,-53.95,-4.15,TIME,800.0,91.78,-76.96
2023-12-26 14:40:00+00:00,2023-12-26 14:40:00+00:00,SELL,0.38,2060.615,2056.3949999999995,2.0,148.96,3.92,TP,5.0,191.14,0.0
2023-12-27 14:35:00+00:00,2023-12-27 15:13:00+00:00,BUY,0.35,2068.285,2072.8049999999994,2.0,147.7,4.22,TP,195.0,176.05,-61.95
2023-12-28 13:50:00+00:00,2023-12-28 14:57:00+00:00,SELL,0.28,2076.075,2078.905,-1.0,-87.64,-3.13,SL,340.0,117.88,-89.68
2023-12-29 13:55:00+00:00,2023-12-29 13:56:00+00:00,SELL,0.35,2063.088,2058.5480000000002,2.0,148.4,4.24,TP,10.0,173.71,0.0
2024-01-02 13:55:00+00:00,2024-01-02 15:37:00+00:00,SELL,0.19,2066.835,2058.575,2.0,151.24,7.96,TP,515.0,209.32,-71.44
2024-01-03 13:50:00+00:00,2024-01-03 14:36:00+00:00,SELL,0.23,2041.405,2034.485,2.0,152.26,6.62,TP,235.0,200.1,-18.86
2024-01-04 14:50:00+00:00,2024-01-04 15:13:00+00:00,SELL,0.13,2038.715,2044.755,-1.0,-82.42,-6.34,SL,120.0,33.28,-78.3
2024-01-05 13:53:00+00:00,2024-01-05 16:29:00+00:00,BUY,0.05,2038.985,2050.435,0.777,55.75,11.15,TIME,785.0,124.27,-9.85
2024-01-08 13:55:00+00:00,2024-01-08 14:40:00+00:00,SELL,0.22,2019.615,2023.228,-1.0,-86.09,-3.913,SL,230.0,27.06,-85.14
2024-01-09 16:00:00+00:00,2024-01-09 16:29:00+00:00,SELL,0.09,2032.948,2029.125,0.427,31.71,3.523,TIME,150.0,62.4,0.0
2024-01-10 14:35:00+00:00,2024-01-10 14:41:00+00:00,BUY,0.35,2032.615,2030.325,-1.0,-90.65,-2.59,SL,35.0,1.4,-121.1
2024-01-11 16:25:00+00:00,2024-01-11 16:29:00+00:00,SELL,0.04,2024.975,2018.285,0.354,25.56,6.39,TIME,25.0,35.95,0.0
2024-01-12 13:55:00+00:00,2024-01-12 16:29:00+00:00,BUY,0.11,2055.875,2055.295,-0.077,-9.68,-0.88,TIME,775.0,68.97,-55.11
2024-01-15 14:34:00+00:00,2024-01-15 15:50:00+00:00,SELL,0.52,2052.045,2053.595,-1.0,-96.2,-1.85,SL,385.0,143.26,-73.48
2024-01-17 14:15:00+00:00,2024-01-17 16:29:00+00:00,SELL,0.12,2018.845,2009.295,1.449,111.0,9.25,TIME,675.0,153.0,-46.32
2024-01-19 14:40:00+00:00,2024-01-19 15:08:00+00:00,SELL,0.17,2034.625,2025.319,2.0,153.1,9.006,TP,145.0,164.22,0.0
2024-01-22 14:45:00+00:00,2024-01-22 15:14:00+00:00,SELL,0.31,2022.575,2025.185,-1.0,-90.21,-2.91,SL,150.0,137.64,-71.92
2024-01-23 14:40:00+00:00,2024-01-23 16:29:00+00:00,SELL,0.27,2025.285,2023.645,0.551,36.18,1.34,TIME,550.0,102.06,-63.99
2024-01-24 14:40:00+00:00,2024-01-24 15:03:00+00:00,SELL,0.15,2031.118,2020.2039999999997,2.0,159.21,10.614,TP,120.0,179.89,0.0
2024-01-25 14:15:00+00:00,2024-01-25 16:29:00+00:00,BUY,0.06,2022.915,2016.135,-0.504,-42.48,-7.08,TIME,675.0,13.56,-42.12
2024-01-29 13:46:00+00:00,2024-01-29 14:30:00+00:00,BUY,0.17,2035.755,2031.135,-1.0,-83.64,-4.92,SL,225.0,29.07,-83.13
2024-01-30 13:45:00+00:00,2024-01-30 14:09:00+00:00,BUY,0.43,2036.595,2040.3350000000003,2.0,147.92,3.44,TP,125.0,182.02,-29.24
2024-01-31 13:47:00+00:00,2024-01-31 14:45:00+00:00,BUY,0.19,2042.015,2050.5750000000007,2.0,156.94,8.26,TP,295.0,191.52,-26.22
2024-02-01 14:05:00+00:00,2024-02-01 16:29:00+00:00,BUY,0.08,2041.895,2059.325,1.694,137.04,17.13,TIME,725.0,154.72,-25.12
2024-02-02 13:50:00+00:00,2024-02-02 16:29:00+00:00,SELL,0.04,2032.795,2034.495,-0.087,-8.0,-2.0,TIME,800.0,20.64,-16.24
2024-02-05 13:55:00+00:00,2024-02-05 14:31:00+00:00,SELL,0.3,2016.545,2019.255,-1.0,-90.3,-3.01,SL,185.0,51.3,-81.0
2024-02-06 13:50:00+00:00,2024-02-06 14:47:00+00:00,BUY,0.39,2028.495,2032.6349999999998,2.0,149.76,3.84,TP,290.0,173.16,-64.74
2024-02-07 13:50:00+00:00,2024-02-07 14:00:00+00:00,SELL,0.34,2034.135,2036.498,-1.0,-90.54,-2.663,SL,55.0,4.76,-71.06
2024-02-08 13:49:00+00:00,2024-02-08 14:25:00+00:00,SELL,0.2,2021.635,2025.705,-1.0,-87.4,-4.37,SL,185.0,30.8,-85.4
2024-02-09 14:25:00+00:00,2024-02-09 16:29:00+00:00,SELL,0.07,2026.055,2022.025,0.366,26.11,3.73,TIME,625.0,41.02,-7.42
2024-02-12 13:50:00+00:00,2024-02-12 14:22:00+00:00,SELL,0.25,2021.575,2015.115,2.0,154.0,6.16,TP,165.0,170.25,0.0
2024-02-13 13:47:00+00:00,2024-02-13 16:29:00+00:00,SELL,0.04,2010.655,1993.955,0.753,65.6,16.4,TIME,815.0,82.68,-3.84
2024-02-14 13:45:00+00:00,2024-02-14 15:11:00+00:00,SELL,0.3,1990.435,1985.049,2.0,152.58,5.086,TP,435.0,190.41,-52.5
2024-02-15 14:35:00+00:00,2024-02-15 16:29:00+00:00,BUY,0.09,2004.155,1999.275,-0.569,-46.62,-5.18,TIME,575.0,36.18,-47.52
2024-02-16 15:40:00+00:00,2024-02-16 16:29:00+00:00,BUY,0.07,2006.435,2008.315,0.164,11.06,1.58,TIME,250.0,31.36,0.0
2024-02-19 16:05:00+00:00,2024-02-19 16:05:00+00:00,SELL,0.6,2016.855,2014.1750000000002,2.0,142.8,2.38,TP,5.0,207.6,0.0
2024-02-20 14:15:00+00:00,2024-02-20 14:32:00+00:00,BUY,0.3,2030.085,2027.395,-1.0,-89.7,-2.99,SL,90.0,10.8,-81.6
2024-02-21 13:55:00+00:00,2024-02-21 16:00:00+00:00,SELL,0.34,2028.495,2023.7749999999996,2.0,150.28,4.42,TP,630.0,177.14,-58.14
2024-02-22 15:05:00+00:00,2024-02-22 16:29:00+00:00,SELL,0.15,2022.355,2022.298,0.011,-3.64,-0.243,TIME,425.0,34.01,-30.15
2024-02-23 14:40:00+00:00,2024-02-23 14:55:00+00:00,SELL,0.48,2025.675,2027.345,-1.0,-94.56,-1.97,SL,80.0,70.08,-76.32
2024-02-26 14:15:00+00:00,2024-02-26 14:30:00+00:00,SELL,0.33,2031.935,2027.149,2.0,148.04,4.486,TP,80.0,181.17,0.0
2024-02-27 14:20:00+00:00,2024-02-27 16:29:00+00:00,SELL,0.29,2035.575,2033.848,0.617,41.38,1.427,TIME,650.0,111.94,-36.54
2024-02-28 14:05:00+00:00,2024-02-28 14:54:00+00:00,BUY,0.2,2036.095,2032.068,-1.0,-86.54,-4.327,SL,250.0,28.8,-83.0
2024-02-29 13:45:00+00:00,2024-02-29 16:29:00+00:00,BUY,0.06,2043.965,2044.665,0.055,2.4,0.4,TIME,825.0,39.84,-0.9
2024-03-01 14:45:00+00:00,2024-03-01 15:10:00+00:00,SELL,0.2,2050.525,2054.428,-1.0,-84.06,-4.203,SL,130.0,100.6,-90.06
2024-03-04 13:47:00+00:00,2024-03-04 14:16:00+00:00,BUY,0.18,2085.835,2094.7690000000002,2.0,155.41,8.634,TP,150.0,176.81,-6.48
2024-03-05 13:50:00+00:00,2024-03-05 16:29:00+00:00,SELL,0.05,2124.985,2126.215,-0.073,-7.65,-1.53,TIME,800.0,13.6,-72.01
2024-03-06 14:35:00+00:00,2024-03-06 14:47:00+00:00,BUY,0.16,2136.315,2146.2550000000006,2.0,154.24,9.64,TP,65.0,171.36,0.0
2024-03-07 13:51:00+00:00,2024-03-07 16:29:00+00:00,SELL,0.13,2158.025,2157.735,0.049,-0.13,-0.01,TIME,795.0,132.6,-28.73
2024-03-11 14:05:00+00:00,2024-03-11 15:18:00+00:00,SELL,0.12,2177.485,2184.035,-1.0,-82.2,-6.85,SL,370.0,17.4,-75.84
2024-03-13 16:20:00+00:00,2024-03-13 16:29:00+00:00,BUY,0.1,2171.455,2173.345,0.231,15.9,1.59,TIME,50.0,21.1,0.0
2024-03-14 15:20:00+00:00,2024-03-14 16:29:00+00:00,SELL,0.16,2159.525,2159.375,0.029,-2.4,-0.15,TIME,350.0,109.76,-15.84
2024-03-15 14:55:00+00:00,2024-03-15 16:29:00+00:00,BUY,0.23,2159.915,2162.875,0.851,61.18,2.66,TIME,475.0,139.15,-42.78
2024-03-18 14:05:00+00:00,2024-03-18 16:04:00+00:00,BUY,0.31,2158.025,2155.465,-1.0,-88.66,-2.86,SL,600.0,97.74,-104.16
2024-03-20 14:05:00+00:00,2024-03-20 14:05:00+00:00,BUY,0.18,2154.808,2163.6539999999995,2.0,153.83,8.546,TP,5.0,177.84,0.0
2024-03-21 13:50:00+00:00,2024-03-21 14:01:00+00:00,SELL,0.18,2197.765,2189.024999999999,2.0,151.92,8.44,TP,60.0,208.98,0.0
2024-03-22 13:50:00+00:00,2024-03-22 14:20:00+00:00,BUY,0.24,2176.395,2173.045,-1.0,-87.6,-3.65,SL,155.0,87.36,-87.77
2024-03-26 15:15:00+00:00,2024-03-26 16:29:00+00:00,SELL,0.07,2178.275,2176.715,0.135,8.82,1.26,TIME,375.0,46.76,-3.43
2024-03-28 13:55:00+00:00,2024-03-28 14:38:00+00:00,SELL,0.18,2205.415,2209.945,-1.0,-86.94,-4.83,SL,220.0,59.78,-80.69
2024-04-01 13:50:00+00:00,2024-04-01 14:06:00+00:00,SELL,0.12,2247.945,2235.0670000000005,2.0,150.94,12.578,TP,85.0,163.8,0.0
2024-04-02 13:50:00+00:00,2024-04-02 14:56:00+00:00,BUY,0.12,2264.268,2257.645,-1.0,-83.08,-6.923,SL,335.0,151.08,-85.08
2024-04-03 14:05:00+00:00,2024-04-03 15:36:00+00:00,BUY,0.15,2276.828,2287.414,2.0,154.29,10.286,TP,460.0,171.25,-40.84
2024-04-04 14:05:00+00:00,2024-04-04 16:29:00+00:00,BUY,0.16,2290.135,2291.115,0.191,10.88,0.68,TIME,725.0,146.72,-26.24
2024-04-05 14:35:00+00:00,2024-04-05 14:35:00+00:00,BUY,0.13,2298.188,2310.254,2.0,152.96,11.766,TP,5.0,277.94,0.0
2024-04-08 14:05:00+00:00,2024-04-08 16:29:00+00:00,SELL,0.11,2328.225,2328.715,-0.067,-8.69,-0.79,TIME,725.0,106.15,-36.96
2024-04-09 14:40:00+00:00,2024-04-09 16:29:00+00:00,SELL,0.1,2352.685,2346.595,0.743,57.9,5.79,TIME,550.0,145.6,-9.4
2024-04-11 14:20:00+00:00,2024-04-11 16:02:00+00:00,SELL,0.17,2341.355,2346.055,-1.0,-85.0,-5.0,SL,515.0,155.72,-79.73
2024-04-12 13:48:00+00:00,2024-04-12 14:56:00+00:00,BUY,0.07,2404.295,2426.255,2.0,151.62,21.66,TP,345.0,156.03,-29.12
2024-04-15 14:05:00+00:00,2024-04-15 16:29:00+00:00,SELL,0.06,2343.015,2348.525,-0.441,-34.86,-5.81,TIME,725.0,114.94,-56.64
2024-04-16 14:00:00+00:00,2024-04-16 14:52:00+00:00,SELL,0.09,2369.705,2378.455,-1.0,-81.45,-9.05,SL,265.0,56.43,-80.46
2024-04-17 14:05:00+00:00,2024-04-17 14:32:00+00:00,SELL,0.14,2387.835,2393.478,-1.0,-83.2,-5.943,SL,140.0,25.76,-82.64
2024-04-19 13:50:00+00:00,2024-04-19 14:15:00+00:00,SELL,0.13,2380.615,2386.698,-1.0,-82.98,-6.383,SL,130.0,39.78,-79.43
2024-04-23 13:50:00+00:00,2024-04-23 16:29:00+00:00,BUY,0.09,2319.745,2326.675,0.75,59.67,6.63,TIME,800.0,110.7,-48.6
2024-04-24 13:50:00+00:00,2024-04-24 14:36:00+00:00,SELL,0.12,2319.455,2325.885,-1.0,-80.76,-6.73,SL,235.0,32.28,-73.56
2024-04-25 14:35:00+00:00,2024-04-25 14:40:00+00:00,BUY,0.09,2324.755,2343.415,2.0,165.24,18.36,TP,30.0,179.58,0.0
2024-04-26 14:40:00+00:00,2024-04-26 16:29:00+00:00,SELL,0.16,2338.755,2335.955,0.554,40.0,2.5,TIME,550.0,162.4,-0.96
2024-04-29 14:30:00+00:00,2024-04-29 16:29:00+00:00,BUY,0.07,2336.535,2343.655,0.643,47.74,6.82,TIME,600.0,70.35,-27.14
2024-04-30 14:10:00+00:00,2024-04-30 16:29:00+00:00,SELL,0.1,2303.285,2298.555,0.578,44.3,4.43,TIME,700.0,102.67,-35.8
2024-05-01 14:05:00+00:00,2024-05-01 14:45:00+00:00,BUY,0.22,2303.085,2299.368,-1.0,-88.37,-4.017,SL,205.0,158.25,-94.82
2024-05-02 14:20:00+00:00,2024-05-02 16:29:00+00:00,BUY,0.14,2295.755,2301.255,0.965,72.8,5.2,TIME,650.0,154.98,-18.16
2024-05-06 14:45:00+00:00,2024-05-06 16:29:00+00:00,SELL,0.08,2322.275,2324.585,-0.238,-20.88,-2.61,TIME,525.0,23.04,-40.02
2024-05-07 15:00:00+00:00,2024-05-07 16:29:00+00:00,SELL,0.16,2316.578,2315.518,0.208,12.16,0.76,TIME,450.0,66.45,-38.83
2024-05-09 14:10:00+00:00,2024-05-09 14:10:00+00:00,BUY,0.19,2321.545,2330.1050000000005,2.0,156.94,8.26,TP,5.0,192.72,0.0
2024-05-10 14:05:00+00:00,2024-05-10 14:22:00+00:00,BUY,0.15,2368.895,2363.485,-1.0,-85.65,-5.71,SL,90.0,59.68,-90.6
2024-05-13 15:05:00+00:00,2024-05-13 16:29:00+00:00,SELL,0.14,2342.308,2335.588,1.165,89.88,6.42,TIME,425.0,144.52,0.0
2024-05-14 14:10:00+00:00,2024-05-14 16:29:00+00:00,BUY,0.17,2349.655,2348.818,-0.173,-19.33,-1.137,TIME,700.0,97.97,-58.65
2024-05-15 13:47:00+00:00,2024-05-15 14:36:00+00:00,SELL,0.09,2361.165,2370.265,-1.0,-84.6,-9.4,SL,250.0,84.87,-88.19
2024-05-17 14:02:00+00:00,2024-05-17 15:05:00+00:00,BUY,0.1,2403.405,2418.645000000001,2.0,149.4,14.94,TP,320.0,155.83,-47.8
2024-05-20 15:40:00+00:00,2024-05-20 16:29:00+00:00,BUY,0.09,2419.295,2425.945,0.734,57.15,6.35,TIME,250.0,62.22,0.0
2024-05-21 15:45:00+00:00,2024-05-21 16:29:00+00:00,SELL,0.14,2424.738,2419.308,0.919,71.82,5.13,TIME,225.0,96.08,-6.4
2024-05-22 14:10:00+00:00,2024-05-22 14:16:00+00:00,SELL,0.13,2405.675,2393.2750000000005,2.0,157.3,12.1,TP,35.0,179.1,0.0
2024-05-23 13:50:00+00:00,2024-05-23 14:17:00+00:00,SELL,0.11,2362.105,2347.4249999999997,2.0,158.18,14.38,TP,140.0,170.28,-18.04
2024-05-24 14:07:00+00:00,2024-05-24 16:29:00+00:00,SELL,0.11,2340.358,2335.638,0.677,48.62,4.42,TIME,715.0,89.13,-16.14
2024-05-27 13:50:00+00:00,2024-05-27 16:29:00+00:00,BUY,0.18,2353.035,2353.955,0.212,11.16,0.62,TIME,800.0,96.35,-18.13
2024-05-28 14:05:00+00:00,2024-05-28 16:29:00+00:00,SELL,0.14,2357.025,2357.355,-0.059,-8.82,-0.63,TIME,725.0,129.08,-71.12
2024-05-30 15:20:00+00:00,2024-05-30 16:29:00+00:00,SELL,0.16,2342.435,2343.835,-0.275,-27.2,-1.7,TIME,350.0,26.74,-44.32
2024-05-31 13:55:00+00:00,2024-05-31 14:10:00+00:00,SELL,0.19,2350.135,2341.6490000000003,2.0,155.53,8.186,TP,80.0,176.7,0.0
2024-06-03 14:05:00+00:00,2024-06-03 16:29:00+00:00,BUY,0.16,2336.605,2343.575,1.408,106.72,6.67,TIME,725.0,143.52,-19.95
2024-06-04 14:00:00+00:00,2024-06-04 16:29:00+00:00,SELL,0.08,2326.675,2323.695,0.284,21.44,2.68,TIME,750.0,89.34,-45.28
2024-06-05 13:50:00+00:00,2024-06-05 13:56:00+00:00,SELL,0.21,2339.275,2343.075,-1.0,-86.1,-4.1,SL,35.0,10.92,-80.43
2024-06-06 16:20:00+00:00,2024-06-06 16:29:00+00:00,BUY,0.11,2366.898,2374.375,1.014,78.95,7.177,TIME,50.0,82.69,0.0
2024-06-10 15:45:00+00:00,2024-06-10 16:29:00+00:00,BUY,0.17,2306.195,2312.508,1.312,102.22,6.013,TIME,225.0,112.88,-10.03
2024-06-13 14:10:00+00:00,2024-06-13 15:47:00+00:00,SELL,0.12,2317.905,2304.3650000000002,2.0,158.88,13.24,TP,490.0,194.88,0.0
2024-06-14 14:10:00+00:00,2024-06-14 15:52:00+00:00,BUY,0.1,2331.828,2324.088,-1.0,-80.4,-8.04,SL,515.0,35.3,-77.53
2024-06-17 13:45:00+00:00,2024-06-17 14:29:00+00:00,SELL,0.13,2319.564,2325.615,-1.0,-82.56,-6.351,SL,225.0,17.54,-90.1
2024-06-19 14:05:00+00:00,2024-06-19 16:00:00+00:00,SELL,0.33,2327.878,2330.295,-1.0,-89.66,-2.717,SL,580.0,120.22,-77.88
2024-06-20 13:48:00+00:00,2024-06-20 14:48:00+00:00,BUY,0.1,2345.258,2361.084,2.0,155.26,15.526,TP,305.0,169.57,-4.83
2024-06-21 13:50:00+00:00,2024-06-21 13:55:00+00:00,SELL,0.11,2348.945,2335.0050000000006,2.0,150.04,13.64,TP,30.0,157.08,0.0
2024-06-24 13:50:00+00:00,2024-06-24 14:42:00+00:00,SELL,0.24,2330.388,2333.765,-1.0,-88.25,-3.677,SL,265.0,85.75,-74.88
2024-06-25 15:35:00+00:00,2024-06-25 15:55:00+00:00,SELL,0.19,2320.175,2324.435,-1.0,-86.64,-4.56,SL,105.0,45.22,-76.57
2024-06-26 14:05:00+00:00,2024-06-26 16:29:00+00:00,BUY,0.15,2299.885,2301.195,0.25,15.15,1.01,TIME,725.0,62.25,-69.41
2024-06-27 14:05:00+00:00,2024-06-27 16:29:00+00:00,BUY,0.15,2324.808,2325.015,0.038,-1.4,-0.093,TIME,725.0,90.25,-33.94
2024-07-01 13:47:00+00:00,2024-07-01 13:59:00+00:00,BUY,0.1,2333.095,2325.475,-1.0,-79.2,-7.92,SL,65.0,9.73,-93.97
2024-07-02 13:49:00+00:00,2024-07-02 14:09:00+00:00,BUY,0.12,2333.728,2326.998,-1.0,-84.36,-7.03,SL,105.0,35.28,-110.44
2024-07-03 14:05:00+00:00,2024-07-03 16:29:00+00:00,BUY,0.1,2357.758,2358.385,0.076,3.27,0.327,TIME,725.0,70.37,-1.73
2024-07-04 14:00:00+00:00,2024-07-04 14:19:00+00:00,BUY,0.86,2358.158,2360.024,2.0,134.68,1.566,TP,100.0,194.1,-24.08
2024-07-08 13:50:00+00:00,2024-07-08 14:02:00+00:00,SELL,0.16,2371.995,2376.968,-1.0,-84.37,-5.273,SL,65.0,28.59,-75.2
2024-07-09 14:05:00+00:00,2024-07-09 14:59:00+00:00,SELL,0.19,2362.715,2354.3150000000005,2.0,153.9,8.1,TP,275.0,166.06,-43.76
2024-07-10 13:55:00+00:00,2024-07-10 14:21:00+00:00,BUY,0.23,2381.545,2378.084,-1.0,-86.5,-3.761,SL,135.0,115.07,-89.24
2024-07-11 13:48:00+00:00,2024-07-11 14:01:00+00:00,SELL,0.06,2395.835,2409.165,-1.0,-81.78,-13.63,SL,70.0,0.84,-80.64
2024-07-15 14:00:00+00:00,2024-07-15 14:52:00+00:00,BUY,0.15,2417.155,2427.869000000001,2.0,156.21,10.414,TP,265.0,167.55,0.0
2024-07-16 15:25:00+00:00,2024-07-16 16:29:00+00:00,BUY,0.08,2446.678,2462.605,1.552,125.02,15.627,TIME,325.0,147.6,0.0
2024-07-17 14:15:00+00:00,2024-07-17 16:29:00+00:00,SELL,0.09,2471.175,2453.255,1.948,158.58,17.62,TIME,675.0,166.23,-12.6
2024-07-18 14:00:00+00:00,2024-07-18 16:03:00+00:00,BUY,0.12,2463.965,2457.495,-1.0,-81.24,-6.77,SL,620.0,69.72,-94.44
2024-07-19 15:10:00+00:00,2024-07-19 16:29:00+00:00,BUY,0.07,2406.555,2402.128,-0.364,-33.09,-4.727,TIME,400.0,12.04,-37.17
2024-07-24 13:50:00+00:00,2024-07-24 16:29:00+00:00,BUY,0.11,2423.895,2420.805,-0.428,-37.29,-3.39,TIME,800.0,88.55,-52.69
2024-07-25 14:20:00+00:00,2024-07-25 16:29:00+00:00,SELL,0.11,2364.375,2362.215,0.286,20.46,1.86,TIME,650.0,76.89,-44.33
2024-07-26 13:46:00+00:00,2024-07-26 16:29:00+00:00,BUY,0.13,2382.595,2387.678,0.817,62.18,4.783,TIME,820.0,104.78,-50.05
2024-07-29 13:45:00+00:00,2024-07-29 14:44:00+00:00,SELL,0.16,2391.318,2381.3240000000005,2.0,155.1,9.694,TP,300.0,175.73,-41.71
2024-07-30 13:45:00+00:00,2024-07-30 16:29:00+00:00,SELL,0.16,2392.548,2390.238,0.453,32.16,2.01,TIME,825.0,148.53,-53.07
2024-07-31 13:52:00+00:00,2024-07-31 14:52:00+00:00,BUY,0.15,2425.055,2419.735,-1.0,-84.3,-5.62,SL,305.0,57.95,-83.95
2024-08-01 14:05:00+00:00,2024-08-01 14:08:00+00:00,BUY,0.12,2457.225,2450.724,-1.0,-81.61,-6.801,SL,20.0,34.32,-99.0
2024-08-02 14:35:00+00:00,2024-08-02 14:37:00+00:00,SELL,0.09,2462.504,2444.9359999999997,2.0,155.41,17.268,TP,15.0,178.88,0.0
2024-08-06 14:15:00+00:00,2024-08-06 14:29:00+00:00,BUY,0.11,2397.395,2390.235,-1.0,-82.06,-7.46,SL,75.0,2.42,-80.96
2024-08-07 15:02:00+00:00,2024-08-07 16:29:00+00:00,SELL,0.13,2398.478,2394.238,0.684,51.22,3.94,TIME,440.0,86.23,-42.08
2024-08-08 14:15:00+00:00,2024-08-08 16:29:00+00:00,BUY,0.1,2415.355,2423.025,0.994,73.7,7.37,TIME,675.0,88.4,-35.57
2024-08-09 13:45:00+00:00,2024-08-09 14:21:00+00:00,SELL,0.07,2421.998,2433.008,-1.0,-79.17,-11.31,SL,185.0,7.23,-76.98
2024-08-12 13:51:00+00:00,2024-08-12 14:20:00+00:00,BUY,0.09,2454.545,2445.665,-1.0,-82.62,-9.18,SL,150.0,25.37,-91.35
2024-08-14 14:35:00+00:00,2024-08-14 16:29:00+00:00,SELL,0.08,2449.228,2440.955,0.817,63.78,7.973,TIME,575.0,82.58,-39.34
2024-08-16 14:05:00+00:00,2024-08-16 16:26:00+00:00,SELL,0.08,2486.028,2496.245,-1.0,-84.14,-10.517,SL,710.0,69.7,-82.64
2024-08-20 15:05:00+00:00,2024-08-20 16:29:00+00:00,SELL,0.07,2519.744,2505.394,1.215,98.35,14.05,TIME,425.0,133.41,0.0
2024-08-22 14:15:00+00:00,2024-08-22 16:29:00+00:00,SELL,0.09,2483.748,2483.775,-0.003,-2.94,-0.327,TIME,675.0,117.39,-18.06
2024-08-23 14:05:00+00:00,2024-08-23 14:05:00+00:00,BUY,0.15,2500.125,2510.465,2.0,150.6,10.04,TP,5.0,181.85,0.0
2024-08-26 13:50:00+00:00,2024-08-26 14:00:00+00:00,SELL,0.22,2522.655,2515.4950000000003,2.0,150.92,6.86,TP,55.0,173.36,0.0
2024-08-27 14:15:00+00:00,2024-08-27 16:29:00+00:00,BUY,0.11,2513.008,2512.855,-0.021,-4.98,-0.453,TIME,675.0,79.17,-35.75
2024-08-28 16:21:00+00:00,2024-08-28 16:29:00+00:00,SELL,0.07,2499.335,2498.845,0.044,1.33,0.19,TIME,45.0,21.28,-10.99
2024-08-29 16:10:00+00:00,2024-08-29 16:20:00+00:00,BUY,0.18,2514.398,2523.0840000000007,2.0,150.95,8.386,TP,55.0,156.96,0.0
2024-08-30 14:30:00+00:00,2024-08-30 15:52:00+00:00,SELL,0.13,2512.888,2500.728,2.0,154.18,11.86,TP,415.0,165.79,-19.72
2024-09-03 13:50:00+00:00,2024-09-03 16:29:00+00:00,SELL,0.06,2480.145,2486.445,-0.462,-39.6,-6.6,TIME,800.0,41.4,-55.56
2024-09-04 14:05:00+00:00,2024-09-04 14:49:00+00:00,BUY,0.16,2489.965,2499.665000000001,2.0,150.4,9.4,TP,225.0,157.92,-28.11
2024-09-05 14:05:00+00:00,2024-09-05 14:06:00+00:00,SELL,0.21,2515.464,2507.8819999999996,2.0,152.92,7.282,TP,10.0,166.09,0.0
2024-09-06 15:05:00+00:00,2024-09-06 16:02:00+00:00,BUY,0.08,2511.665,2501.905,-1.0,-80.48,-10.06,SL,290.0,50.88,-81.04
2024-09-09 14:20:00+00:00,2024-09-09 16:29:00+00:00,SELL,0.22,2500.065,2501.775,-0.472,-44.22,-2.01,TIME,650.0,152.9,-66.95
2024-09-10 13:55:00+00:00,2024-09-10 15:34:00+00:00,SELL,0.12,2508.265,2514.985,-1.0,-84.24,-7.02,SL,500.0,87.37,-77.28
2024-09-13 13:58:00+00:00,2024-09-13 16:04:00+00:00,SELL,0.11,2576.284,2583.258,-1.0,-80.01,-7.274,SL,635.0,36.37,-74.07
2024-09-16 13:49:00+00:00,2024-09-16 14:07:00+00:00,BUY,0.16,2586.225,2581.115,-1.0,-86.56,-5.41,SL,95.0,47.68,-90.08
2024-09-17 15:30:00+00:00,2024-09-17 15:34:00+00:00,SELL,0.17,2572.955,2563.809,2.0,150.38,8.846,TP,25.0,172.89,0.0
2024-09-18 13:55:00+00:00,2024-09-18 16:29:00+00:00,SELL,0.12,2571.748,2571.665,0.012,-2.6,-0.217,TIME,775.0,46.24,-35.48
2024-09-19 13:45:00+00:00,2024-09-19 14:30:00+00:00,SELL,0.11,2573.798,2581.195,-1.0,-84.67,-7.697,SL,230.0,45.9,-89.61
2024-09-20 13:45:00+00:00,2024-09-20 14:12:00+00:00,SELL,0.11,2604.545,2611.525,-1.0,-80.08,-7.28,SL,140.0,23.1,-75.49
2024-09-23 13:50:00+00:00,2024-09-23 15:07:00+00:00,BUY,0.15,2631.655,2626.215,-1.0,-86.1,-5.74,SL,390.0,45.9,-89.85
2024-09-24 14:45:00+00:00,2024-09-24 14:48:00+00:00,BUY,0.22,2635.845,2643.0449999999996,2.0,151.8,6.9,TP,20.0,163.02,0.0
2024-09-25 13:48:00+00:00,2024-09-25 14:45:00+00:00,BUY,0.15,2665.455,2660.048,-1.0,-85.61,-5.707,SL,290.0,28.35,-81.75
2024-09-27 14:25:00+00:00,2024-09-27 14:58:00+00:00,SELL,0.14,2664.604,2652.7639999999997,2.0,161.56,11.54,TP,170.0,191.1,0.0
2024-09-30 13:45:00+00:00,2024-09-30 16:29:00+00:00,SELL,0.09,2631.755,2636.718,-0.533,-47.37,-5.263,TIME,825.0,28.27,-58.14
2024-10-01 13:50:00+00:00,2024-10-01 16:29:00+00:00,BUY,0.05,2668.185,2664.864,-0.21,-18.1,-3.621,TIME,800.0,17.75,-72.04
2024-10-02 15:20:00+00:00,2024-10-02 16:29:00+00:00,SELL,0.13,2653.264,2649.388,0.62,46.49,3.576,TIME,350.0,111.23,0.0
2024-10-03 14:05:00+00:00,2024-10-03 14:13:00+00:00,SELL,0.2,2647.314,2651.235,-1.0,-84.42,-4.221,SL,45.0,74.12,-116.8
2024-10-04 15:46:00+00:00,2024-10-04 15:58:00+00:00,SELL,0.17,2648.635,2653.428,-1.0,-86.58,-5.093,SL,65.0,17.0,-76.82
2024-10-07 15:00:00+00:00,2024-10-07 15:32:00+00:00,SELL,0.22,2643.735,2647.375,-1.0,-86.68,-3.94,SL,165.0,104.28,-74.14
2024-10-08 14:25:00+00:00,2024-10-08 14:29:00+00:00,SELL,0.16,2636.545,2626.6590000000006,2.0,153.38,9.586,TP,25.0,168.43,0.0
2024-10-09 15:05:00+00:00,2024-10-09 16:29:00+00:00,BUY,0.13,2613.055,2610.998,-0.33,-30.64,-2.357,TIME,425.0,61.1,-31.21
2024-10-14 13:45:00+00:00,2024-10-14 14:05:00+00:00,BUY,0.12,2659.224,2652.595,-1.0,-83.15,-6.929,SL,105.0,22.09,-91.75
2024-10-15 13:46:00+00:00,2024-10-15 13:59:00+00:00,BUY,0.15,2652.425,2647.185,-1.0,-83.1,-5.54,SL,70.0,11.55,-83.51
2024-10-16 13:50:00+00:00,2024-10-16 14:48:00+00:00,SELL,0.16,2680.325,2670.379,2.0,154.34,9.646,TP,295.0,165.92,-16.32
2024-10-17 15:30:00+00:00,2024-10-17 16:29:00+00:00,BUY,0.15,2686.598,2687.335,0.135,6.56,0.437,TIME,300.0,138.7,0.0
2024-10-21 13:46:00+00:00,2024-10-21 14:28:00+00:00,BUY,0.12,2740.365,2733.575,-1.0,-85.08,-7.09,SL,215.0,0.64,-94.32
2024-10-22 14:00:00+00:00,2024-10-22 14:21:00+00:00,SELL,0.24,2737.205,2740.545,-1.0,-87.36,-3.64,SL,110.0,86.88,-75.6
2024-10-23 14:15:00+00:00,2024-10-23 15:13:00+00:00,SELL,0.09,2731.555,2713.515,2.0,159.66,17.74,TP,295.0,180.36,0.0
2024-10-24 13:50:00+00:00,2024-10-24 14:26:00+00:00,SELL,0.14,2737.655,2726.6150000000002,2.0,150.36,10.74,TP,185.0,169.26,0.0
2024-10-25 13:55:00+00:00,2024-10-25 14:02:00+00:00,SELL,0.17,2726.465,2731.295,-1.0,-87.21,-5.13,SL,40.0,12.58,-79.27
2024-10-28 14:10:00+00:00,2024-10-28 16:29:00+00:00,BUY,0.18,2742.695,2743.735,0.239,13.32,0.74,TIME,700.0,55.67,-56.52
2024-10-29 13:45:00+00:00,2024-10-29 16:29:00+00:00,BUY,0.09,2760.825,2768.608,0.919,67.35,7.483,TIME,825.0,97.02,-6.48
2024-10-31 13:50:00+00:00,2024-10-31 14:34:00+00:00,SELL,0.12,2761.338,2747.984000000001,2.0,156.65,13.054,TP,225.0,196.06,0.0
2024-11-01 14:40:00+00:00,2024-11-01 16:29:00+00:00,SELL,0.11,2751.995,2743.465,1.15,90.53,8.23,TIME,550.0,136.62,0.0
2024-11-04 14:40:00+00:00,2024-11-04 14:43:00+00:00,SELL,0.13,2738.615,2744.855,-1.0,-85.02,-6.54,SL,20.0,0.65,-78.0
2024-11-05 14:07:00+00:00,2024-11-05 15:00:00+00:00,BUY,0.25,2744.388,2741.215,-1.0,-86.82,-3.473,SL,270.0,137.18,-84.33
2024-11-07 14:20:00+00:00,2024-11-07 15:11:00+00:00,BUY,0.13,2683.965,2695.885,2.0,151.06,11.62,TP,260.0,159.9,0.0
2024-11-08 13:55:00+00:00,2024-11-08 14:45:00+00:00,BUY,0.13,2696.415,2690.368,-1.0,-82.51,-6.347,SL,255.0,97.76,-114.01
2024-11-12 14:40:00+00:00,2024-11-12 15:04:00+00:00,BUY,0.09,2614.685,2605.735,-1.0,-83.25,-9.25,SL,125.0,15.3,-86.67
2024-11-13 13:46:00+00:00,2024-11-13 16:29:00+00:00,SELL,0.08,2608.415,2595.495,1.265,100.96,12.62,TIME,820.0,118.8,-62.72
2024-11-14 14:20:00+00:00,2024-11-14 16:29:00+00:00,BUY,0.09,2560.095,2575.535,1.794,136.26,15.14,TIME,650.0,147.87,-23.04
2024-11-18 14:35:00+00:00,2024-11-18 15:30:00+00:00,BUY,0.19,2603.185,2611.739,2.0,156.83,8.254,TP,280.0,172.2,0.0
2024-11-19 14:20:00+00:00,2024-11-19 16:29:00+00:00,SELL,0.11,2629.115,2624.155,0.702,51.26,4.66,TIME,650.0,89.98,-19.36
2024-11-20 13:46:00+00:00,2024-11-20 14:13:00+00:00,SELL,0.18,2634.825,2639.345,-1.0,-86.76,-4.82,SL,140.0,28.57,-76.91
2024-11-21 14:45:00+00:00,2024-11-21 14:52:00+00:00,BUY,0.16,2667.145,2661.984,-1.0,-87.38,-5.461,SL,40.0,10.56,-90.56
2024-11-25 14:05:00+00:00,2024-11-25 14:15:00+00:00,SELL,0.08,2677.895,2658.1150000000002,2.0,155.84,19.48,TP,55.0,192.56,0.0
2024-11-26 13:55:00+00:00,2024-11-26 14:40:00+00:00,SELL,0.18,2629.675,2620.7350000000006,2.0,155.52,8.64,TP,230.0,214.58,-71.28
2024-11-27 13:55:00+00:00,2024-11-27 15:01:00+00:00,BUY,0.16,2652.925,2647.865,-1.0,-85.76,-5.36,SL,335.0,81.28,-150.83
2024-11-28 15:05:00+00:00,2024-11-28 16:29:00+00:00,SELL,0.19,2642.648,2641.465,0.281,16.78,0.883,TIME,425.0,123.18,0.0
2024-11-29 14:25:00+00:00,2024-11-29 16:29:00+00:00,SELL,0.15,2657.525,2661.055,-0.674,-57.45,-3.83,TIME,625.0,105.45,-67.69
2024-12-02 14:15:00+00:00,2024-12-02 14:45:00+00:00,BUY,0.14,2648.655,2642.855,-1.0,-85.4,-6.1,SL,155.0,38.22,-84.28
2024-12-03 13:50:00+00:00,2024-12-03 14:31:00+00:00,BUY,0.21,2647.675,2655.3950000000004,2.0,155.82,7.42,TP,210.0,164.91,0.0
2024-12-04 15:50:00+00:00,2024-12-04 16:29:00+00:00,BUY,0.13,2647.844,2654.365,1.026,80.87,6.221,TIME,200.0,98.81,0.0
2024-12-05 14:50:00+00:00,2024-12-05 16:29:00+00:00,SELL,0.13,2644.215,2637.385,1.082,84.89,6.53,TIME,500.0,160.29,-29.77
2024-12-06 14:10:00+00:00,2024-12-06 16:29:00+00:00,SELL,0.07,2630.948,2638.998,-0.658,-58.45,-8.35,TIME,700.0,49.59,-66.75
2024-12-10 16:00:00+00:00,2024-12-10 16:00:00+00:00,BUY,0.18,2677.575,2686.2889999999998,2.0,151.45,8.414,TP,5.0,173.52,0.0
2024-12-11 14:14:00+00:00,2024-12-11 16:29:00+00:00,BUY,0.09,2701.548,2715.984,1.675,127.22,14.136,TIME,680.0,136.53,-46.48
2024-12-12 13:50:00+00:00,2024-12-12 14:10:00+00:00,SELL,0.14,2704.914,2693.3740000000003,2.0,157.36,11.24,TP,105.0,171.44,-9.1
2024-12-13 14:20:00+00:00,2024-12-13 15:26:00+00:00,SELL,0.23,2662.165,2655.187,2.0,153.59,6.678,TP,335.0,175.72,-10.81
2024-12-16 14:50:00+00:00,2024-12-16 15:21:00+00:00,SELL,0.23,2659.194,2652.1259999999997,2.0,155.66,6.768,TP,160.0,182.14,0.0
2024-12-17 13:55:00+00:00,2024-12-17 16:29:00+00:00,SELL,0.13,2638.415,2638.148,0.043,-0.43,-0.033,TIME,775.0,73.06,-56.98
2024-12-19 14:45:00+00:00,2024-12-19 16:29:00+00:00,SELL,0.12,2597.715,2592.065,0.859,64.2,5.35,TIME,525.0,130.8,0.0
2024-12-20 13:47:00+00:00,2024-12-20 15:55:00+00:00,BUY,0.08,2610.115,2630.914999999999,2.0,164.0,20.5,TP,645.0,167.11,-13.52
2024-12-23 15:05:00+00:00,2024-12-23 16:29:00+00:00,SELL,0.17,2614.695,2611.908,0.579,42.28,2.487,TIME,425.0,112.88,0.0
2024-12-24 14:35:00+00:00,2024-12-24 14:49:00+00:00,BUY,0.39,2613.205,2611.145,-1.0,-92.04,-2.36,SL,75.0,38.73,-81.9
2024-12-26 13:50:00+00:00,2024-12-26 14:49:00+00:00,SELL,0.18,2623.508,2627.984,-1.0,-85.97,-4.776,SL,300.0,25.79,-79.15
2024-12-30 14:00:00+00:00,2024-12-30 16:29:00+00:00,SELL,0.08,2612.385,2596.145,1.659,127.52,15.94,TIME,750.0,131.84,-10.88
2024-12-31 14:36:00+00:00,2024-12-31 15:39:00+00:00,BUY,0.21,2615.995,2623.7349999999997,2.0,156.24,7.44,TP,320.0,166.11,-79.8
2025-01-02 13:50:00+00:00,2025-01-02 14:31:00+00:00,BUY,0.2,2640.905,2649.065000000001,2.0,157.2,7.86,TP,210.0,181.6,-15.4
2025-01-03 13:54:00+00:00,2025-01-03 15:04:00+00:00,BUY,0.1,2651.055,2643.355,-1.0,-80.0,-8.0,SL,355.0,14.5,-78.0
2025-01-06 13:45:00+00:00,2025-01-06 16:29:00+00:00,SELL,0.04,2624.044,2638.298,-0.78,-58.22,-14.554,TIME,825.0,38.72,-61.96
2025-01-07 15:05:00+00:00,2025-01-07 15:05:00+00:00,SELL,0.16,2656.948,2647.0939999999996,2.0,152.86,9.554,TP,5.0,202.29,0.0
2025-01-08 15:05:00+00:00,2025-01-08 16:29:00+00:00,BUY,0.14,2657.915,2666.185,1.49,111.58,7.97,TIME,425.0,136.26,0.0
2025-01-09 14:00:00+00:00,2025-01-09 16:29:00+00:00,SELL,0.17,2673.754,2668.565,1.118,83.11,4.889,TIME,750.0,119.17,-29.26
2025-01-10 13:45:00+00:00,2025-01-10 16:29:00+00:00,BUY,0.06,2676.608,2688.268,0.87,68.16,11.36,TIME,825.0,126.28,-12.62
2025-01-13 14:50:00+00:00,2025-01-13 15:55:00+00:00,BUY,0.12,2670.035,2663.625,-1.0,-80.52,-6.71,SL,330.0,49.2,-79.56
2025-01-15 14:00:00+00:00,2025-01-15 14:34:00+00:00,BUY,0.08,2693.069,2682.935,-1.0,-83.47,-10.434,SL,175.0,22.85,-90.65
2025-01-16 13:45:00+00:00,2025-01-16 16:29:00+00:00,BUY,0.12,2714.979,2718.059,0.478,33.36,2.78,TIME,825.0,61.03,-31.56
2025-01-17 14:45:00+00:00,2025-01-17 16:21:00+00:00,BUY,0.2,2708.825,2716.7169999999996,2.0,151.84,7.592,TP,485.0,159.2,0.0
2025-01-20 14:08:00+00:00,2025-01-20 16:29:00+00:00,BUY,0.09,2710.328,2706.398,-0.445,-38.07,-4.23,TIME,710.0,13.56,-64.29
2025-01-21 13:46:00+00:00,2025-01-21 13:53:00+00:00,SELL,0.25,2726.195,2729.375,-1.0,-87.0,-3.48,SL,40.0,1.75,-73.5
2025-01-22 14:35:00+00:00,2025-01-22 14:45:00+00:00,SELL,0.19,2750.795,2755.035,-1.0,-86.26,-4.54,SL,55.0,12.29,-81.38
2025-01-23 16:15:00+00:00,2025-01-23 16:29:00+00:00,BUY,0.12,2742.525,2750.805,1.207,95.76,7.98,TIME,75.0,107.76,0.0
2025-01-24 13:45:00+00:00,2025-01-24 14:12:00+00:00,BUY,0.19,2784.245,2780.088,-1.0,-84.68,-4.457,SL,140.0,4.94,-83.03
2025-01-27 14:25:00+00:00,2025-01-27 16:29:00+00:00,SELL,0.11,2752.175,2740.945,1.555,120.23,10.93,TIME,625.0,155.54,-33.55
2025-01-29 14:25:00+00:00,2025-01-29 15:24:00+00:00,BUY,0.21,2757.945,2754.125,-1.0,-86.52,-4.12,SL,300.0,62.58,-80.22
2025-01-30 14:25:00+00:00,2025-01-30 16:29:00+00:00,BUY,0.11,2784.348,2791.155,0.921,71.58,6.507,TIME,625.0,153.53,-48.43
2025-01-31 14:54:00+00:00,2025-01-31 16:29:00+00:00,BUY,0.15,2808.315,2806.425,-0.344,-32.85,-2.19,TIME,480.0,129.3,-52.2
2025-02-03 14:40:00+00:00,2025-02-03 14:40:00+00:00,BUY,0.27,2810.828,2816.774,2.0,152.44,5.646,TP,5.0,190.54,0.0
2025-02-05 13:46:00+00:00,2025-02-05 14:30:00+00:00,SELL,0.12,2859.795,2866.615,-1.0,-85.44,-7.12,SL,225.0,17.76,-84.88
2025-02-06 13:45:00+00:00,2025-02-06 14:48:00+00:00,SELL,0.19,2859.498,2851.1240000000003,2.0,153.41,8.074,TP,320.0,175.05,-15.71
2025-02-07 16:00:00+00:00,2025-02-07 16:29:00+00:00,BUY,0.04,2870.498,2869.375,-0.061,-5.69,-1.423,TIME,150.0,43.35,-21.09
2025-02-10 14:05:00+00:00,2025-02-10 14:20:00+00:00,SELL,0.18,2899.735,2904.225,-1.0,-86.22,-4.79,SL,80.0,63.54,-83.88
2025-02-11 15:06:00+00:00,2025-02-11 16:29:00+00:00,BUY,0.09,2896.335,2906.775,1.215,91.26,10.14,TIME,420.0,109.26,-33.57
2025-02-12 13:49:00+00:00,2025-02-12 16:29:00+00:00,BUY,0.06,2876.905,2893.455,1.252,97.5,16.25,TIME,805.0,125.4,-24.42
2025-02-13 13:56:00+00:00,2025-02-13 14:52:00+00:00,SELL,0.08,2907.698,2917.498,-1.0,-80.8,-10.1,SL,285.0,10.42,-76.06
2025-02-14 13:45:00+00:00,2025-02-14 16:29:00+00:00,SELL,0.05,2917.655,2893.305,1.572,120.25,24.05,TIME,825.0,125.1,-53.45
2025-02-17 15:00:00+00:00,2025-02-17 16:29:00+00:00,BUY,0.3,2898.745,2897.955,-0.297,-32.7,-1.09,TIME,450.0,156.0,-37.2
2025-02-18 15:05:00+00:00,2025-02-18 16:29:00+00:00,BUY,0.17,2920.315,2927.645,1.553,119.51,7.03,TIME,425.0,156.57,0.0
2025-02-19 13:50:00+00:00,2025-02-19 15:58:00+00:00,SELL,0.22,2937.645,2930.2450000000003,2.0,156.2,7.1,TP,645.0,200.42,-61.16
2025-02-20 13:45:00+00:00,2025-02-20 16:29:00+00:00,SELL,0.1,2939.775,2942.725,-0.379,-32.5,-3.25,TIME,825.0,158.3,-57.0
2025-02-21 14:09:00+00:00,2025-02-21 15:20:00+00:00,BUY,0.13,2932.675,2926.675,-1.0,-81.9,-6.3,SL,360.0,79.82,-113.1
2025-02-24 14:10:00+00:00,2025-02-24 14:17:00+00:00,BUY,0.23,2952.365,2948.895,-1.0,-86.71,-3.77,SL,40.0,69.23,-94.3
2025-02-25 15:10:00+00:00,2025-02-25 15:24:00+00:00,SELL,0.1,2927.468,2911.633999999999,2.0,155.34,15.534,TP,75.0,172.23,-15.87
2025-02-26 14:05:00+00:00,2025-02-26 14:07:00+00:00,SELL,0.19,2909.235,2900.975000000001,2.0,151.24,7.96,TP,15.0,192.28,0.0
2025-02-27 13:54:00+00:00,2025-02-27 14:43:00+00:00,BUY,0.09,2889.678,2880.875,-1.0,-81.93,-9.103,SL,250.0,22.47,-86.7
2025-03-03 14:35:00+00:00,2025-03-03 15:21:00+00:00,BUY,0.17,2874.815,2884.3350000000005,2.0,156.74,9.22,TP,235.0,185.81,-24.94
2025-03-04 13:46:00+00:00,2025-03-04 14:45:00+00:00,SELL,0.13,2919.885,2907.6450000000004,2.0,155.22,11.94,TP,300.0,166.01,-46.93
2025-03-05 13:49:00+00:00,2025-03-05 14:38:00+00:00,SELL,0.05,2898.018,2913.705,-1.0,-79.93,-15.987,SL,250.0,19.37,-76.94
2025-03-06 14:10:00+00:00,2025-03-06 15:04:00+00:00,BUY,0.11,2907.498,2921.4640000000004,2.0,150.33,13.666,TP,275.0,166.43,-14.55
2025-03-07 14:05:00+00:00,2025-03-07 14:55:00+00:00,SELL,0.05,2910.528,2926.085,-1.0,-79.29,-15.857,SL,255.0,9.9,-81.44
2025-03-10 13:50:00+00:00,2025-03-10 13:55:00+00:00,SELL,0.19,2898.565,2902.805,-1.0,-86.26,-4.54,SL,30.0,8.74,-76.57
2025-03-12 16:10:00+00:00,2025-03-12 16:10:00+00:00,BUY,0.23,2912.995,2919.8149999999996,2.0,149.96,6.52,TP,5.0,530.22,0.0
2025-03-13 14:45:00+00:00,2025-03-13 14:48:00+00:00,BUY,0.11,2952.145,2967.0449999999996,2.0,160.6,14.6,TP,20.0,181.06,0.0
2025-03-14 14:30:00+00:00,2025-03-14 16:29:00+00:00,SELL,0.06,2983.098,2986.775,-0.292,-23.86,-3.977,TIME,600.0,30.08,-36.58
2025-03-19 14:08:00+00:00,2025-03-19 16:03:00+00:00,SELL,0.11,3027.388,3034.568,-1.0,-82.28,-7.48,SL,580.0,18.81,-77.74
2025-03-20 16:20:00+00:00,2025-03-20 16:29:00+00:00,BUY,0.11,3037.465,3038.445,0.131,7.48,0.68,TIME,50.0,31.02,0.0
2025-03-21 13:45:00+00:00,2025-03-21 16:29:00+00:00,SELL,0.05,3013.515,3014.555,-0.064,-6.7,-1.34,TIME,825.0,71.23,-21.3
2025-03-24 14:00:00+00:00,2025-03-24 14:34:00+00:00,SELL,0.16,3020.765,3010.5849999999996,2.0,158.08,9.88,TP,175.0,177.39,-49.33
2025-03-25 14:05:00+00:00,2025-03-25 15:11:00+00:00,BUY,0.11,3030.475,3023.075,-1.0,-84.7,-7.7,SL,335.0,59.73,-82.8
2025-03-26 14:10:00+00:00,2025-03-26 16:29:00+00:00,SELL,0.14,3019.625,3018.955,0.113,5.18,0.37,TIME,700.0,105.0,-27.02
2025-03-27 14:40:00+00:00,2025-03-27 16:29:00+00:00,BUY,0.08,3043.155,3052.748,0.973,74.34,9.293,TIME,550.0,130.9,0.0
2025-03-28 13:49:00+00:00,2025-03-28 14:34:00+00:00,BUY,0.1,3079.305,3071.045,-1.0,-85.6,-8.56,SL,230.0,74.2,-94.0
2025-03-31 14:35:00+00:00,2025-03-31 16:29:00+00:00,BUY,0.05,3119.248,3115.575,-0.233,-19.87,-3.973,TIME,575.0,39.18,-39.21
2025-04-01 14:15:00+00:00,2025-04-01 15:59:00+00:00,SELL,0.12,3128.075,3114.3949999999995,2.0,160.56,13.38,TP,525.0,178.56,-57.6
2025-04-02 13:50:00+00:00,2025-04-02 16:25:00+00:00,SELL,0.11,3124.565,3131.945,-1.0,-84.48,-7.68,SL,780.0,89.54,-78.98
2025-04-03 14:05:00+00:00,2025-04-03 16:29:00+00:00,BUY,0.03,3088.848,3108.245,0.774,57.29,19.097,TIME,725.0,139.73,0.0
2025-04-04 14:50:00+00:00,2025-04-04 15:37:00+00:00,SELL,0.04,3060.0,3019.67,2.0,160.12,40.03,TP,240.0,167.74,0.0
2025-04-07 14:15:00+00:00,2025-04-07 14:36:00+00:00,BUY,0.03,3026.495,3001.752,-1.0,-75.13,-25.043,SL,110.0,33.15,-75.48
2025-04-09 16:15:00+00:00,2025-04-09 16:29:00+00:00,BUY,0.05,3077.655,3085.935,0.47,39.9,7.98,TIME,75.0,64.05,0.0
2025-04-10 14:05:00+00:00,2025-04-10 15:15:00+00:00,BUY,0.06,3132.855,3160.1749999999997,2.0,162.12,27.02,TP,355.0,194.12,0.0
2025-04-11 13:50:00+00:00,2025-04-11 16:06:00+00:00,SELL,0.06,3230.24,3243.945,-1.0,-84.03,-14.005,SL,685.0,65.61,-85.53
2025-04-15 13:55:00+00:00,2025-04-15 14:21:00+00:00,SELL,0.08,3214.695,3224.165,-1.0,-78.16,-9.77,SL,135.0,26.48,-75.12
2025-04-16 15:10:00+00:00,2025-04-16 15:52:00+00:00,BUY,0.08,3306.325,3325.8049999999994,2.0,153.44,19.18,TP,215.0,160.56,-9.68
2025-04-17 13:51:00+00:00,2025-04-17 14:32:00+00:00,SELL,0.07,3319.925,3296.005,2.0,165.34,23.62,TP,210.0,214.97,-12.74
2025-04-22 13:45:00+00:00,2025-04-22 16:29:00+00:00,SELL,0.02,3410.645,3386.485,0.706,47.72,23.86,TIME,825.0,51.52,-56.36
2025-04-23 13:50:00+00:00,2025-04-23 16:29:00+00:00,SELL,0.03,3281.005,3291.625,-0.457,-32.76,-10.92,TIME,800.0,64.56,-45.27
2025-04-25 13:45:00+00:00,2025-04-25 16:29:00+00:00,BUY,0.05,3279.815,3282.975,0.21,14.3,2.86,TIME,825.0,35.65,-49.08
2025-04-28 13:45:00+00:00,2025-04-28 14:15:00+00:00,SELL,0.07,3289.575,3301.025,-1.0,-82.25,-11.75,SL,155.0,19.88,-88.55
2025-04-29 13:45:00+00:00,2025-04-29 16:29:00+00:00,SELL,0.08,3310.385,3319.205,-0.831,-72.96,-9.12,TIME,825.0,88.48,-76.0
2025-04-30 14:05:00+00:00,2025-04-30 16:29:00+00:00,SELL,0.05,3303.805,3308.315,-0.286,-24.05,-4.81,TIME,725.0,56.45,-52.3
2025-05-01 14:05:00+00:00,2025-05-01 16:29:00+00:00,SELL,0.06,3220.015,3209.365,0.815,62.1,10.35,TIME,725.0,92.1,-67.08
2025-05-02 13:45:00+00:00,2025-05-02 14:37:00+00:00,SELL,0.07,3247.895,3259.405,-1.0,-82.67,-11.81,SL,265.0,42.21,-88.69
2025-05-05 14:05:00+00:00,2025-05-05 14:18:00+00:00,BUY,0.11,3318.785,3311.515,-1.0,-83.27,-7.57,SL,70.0,105.93,-85.03
2025-05-06 13:49:00+00:00,2025-05-06 14:26:00+00:00,BUY,0.08,3397.055,3387.495,-1.0,-78.88,-9.86,SL,190.0,6.72,-93.76
2025-05-07 14:29:00+00:00,2025-05-07 16:29:00+00:00,SELL,0.08,3382.495,3381.925,0.055,2.16,0.27,TIME,605.0,33.12,-55.36
2025-05-08 15:30:00+00:00,2025-05-08 15:41:00+00:00,SELL,0.08,3358.895,3338.315,2.0,162.24,20.28,TP,60.0,170.88,0.0
2025-05-09 14:05:00+00:00,2025-05-09 14:31:00+00:00,SELL,0.11,3332.605,3339.825,-1.0,-82.72,-7.52,SL,135.0,137.39,-92.62
2025-05-12 13:46:00+00:00,2025-05-12 16:13:00+00:00,BUY,0.06,3244.245,3231.255,-1.0,-79.74,-13.29,SL,740.0,24.9,-78.66
2025-05-15 14:10:00+00:00,2025-05-15 15:17:00+00:00,BUY,0.1,3196.615,3211.8949999999995,2.0,149.8,14.98,TP,340.0,162.4,0.0
2025-05-19 14:05:00+00:00,2025-05-19 14:27:00+00:00,SELL,0.09,3224.475,3232.98,-1.0,-79.25,-8.805,SL,115.0,68.13,-78.3
2025-05-20 13:50:00+00:00,2025-05-20 14:00:00+00:00,BUY,0.09,3245.385,3263.6050000000005,2.0,161.28,17.92,TP,55.0,166.95,-11.34
2025-05-21 14:05:00+00:00,2025-05-21 15:06:00+00:00,SELL,0.1,3301.005,3309.348,-1.0,-86.43,-8.643,SL,310.0,51.2,-80.5
2025-05-22 13:50:00+00:00,2025-05-22 13:59:00+00:00,SELL,0.1,3305.285,3289.6849999999995,2.0,153.0,15.3,TP,50.0,188.3,0.0
2025-05-26 14:12:00+00:00,2025-05-26 16:29:00+00:00,BUY,0.2,3338.298,3340.298,0.503,34.0,1.7,TIME,690.0,50.0,-60.26
2025-05-27 14:05:00+00:00,2025-05-27 16:29:00+00:00,SELL,0.08,3294.345,3297.648,-0.318,-28.82,-3.603,TIME,725.0,46.3,-70.48
2025-05-28 15:05:00+00:00,2025-05-28 16:29:00+00:00,SELL,0.07,3297.175,3297.255,-0.007,-2.66,-0.38,TIME,425.0,33.81,-24.57
2025-05-29 14:01:00+00:00,2025-05-29 15:59:00+00:00,SELL,0.08,3311.875,3321.875,-1.0,-82.4,-10.3,SL,595.0,59.02,-79.78
2025-05-30 13:55:00+00:00,2025-05-30 16:29:00+00:00,SELL,0.07,3287.615,3288.848,-0.107,-10.73,-1.533,TIME,775.0,115.64,-33.6
2025-06-02 13:45:00+00:00,2025-06-02 16:29:00+00:00,BUY,0.05,3366.698,3372.798,0.364,29.0,5.8,TIME,825.0,62.34,-10.5
2025-06-03 13:50:00+00:00,2025-06-03 16:29:00+00:00,SELL,0.08,3348.798,3348.975,-0.017,-3.82,-0.477,TIME,800.0,129.78,-36.78
2025-06-04 14:06:00+00:00,2025-06-04 14:37:00+00:00,BUY,0.1,3359.245,3375.7249999999995,2.0,161.8,16.18,TP,160.0,166.3,-18.8
2025-06-05 14:45:00+00:00,2025-06-05 15:33:00+00:00,SELL,0.07,3377.265,3355.399,2.0,150.96,21.566,TP,245.0,167.79,0.0
2025-06-06 14:20:00+00:00,2025-06-06 14:20:00+00:00,SELL,0.08,3344.995,3324.589,2.0,160.85,20.106,TP,5.0,208.38,0.0
2025-06-09 13:50:00+00:00,2025-06-09 15:41:00+00:00,BUY,0.11,3317.735,3331.8890000000006,2.0,152.39,13.854,TP,560.0,156.53,-19.91
2025-06-10 14:05:00+00:00,2025-06-10 14:19:00+00:00,SELL,0.15,3342.315,3331.7950000000005,2.0,153.3,10.22,TP,75.0,169.8,0.0
2025-06-11 14:45:00+00:00,2025-06-11 15:45:00+00:00,BUY,0.12,3339.405,3332.565,-1.0,-85.68,-7.14,SL,305.0,38.52,-82.88
2025-06-12 13:45:00+00:00,2025-06-12 15:12:00+00:00,BUY,0.04,3398.738,3380.395,-1.0,-74.57,-18.643,SL,440.0,0.03,-76.77
2025-06-13 14:05:00+00:00,2025-06-13 14:18:00+00:00,SELL,0.11,3439.329,3424.6910000000003,2.0,157.72,14.338,TP,70.0,165.59,0.0
2025-06-16 13:55:00+00:00,2025-06-16 16:29:00+00:00,SELL,0.06,3402.705,3399.698,0.208,16.24,2.707,TIME,775.0,121.08,-16.46
2025-06-17 13:50:00+00:00,2025-06-17 14:32:00+00:00,SELL,0.13,3391.205,3379.0649999999996,2.0,153.92,11.84,TP,215.0,167.79,-22.66
2025-06-18 14:05:00+00:00,2025-06-18 14:19:00+00:00,SELL,0.16,3391.615,3381.548999999999,2.0,156.26,9.766,TP,75.0,172.27,0.0
2025-06-19 15:55:00+00:00,2025-06-19 16:29:00+00:00,BUY,0.11,3368.798,3369.615,0.113,5.69,0.517,TIME,175.0,33.55,-31.93
2025-06-23 13:51:00+00:00,2025-06-23 16:29:00+00:00,BUY,0.05,3384.448,3391.098,0.408,31.75,6.35,TIME,795.0,44.5,-75.26
2025-06-24 15:30:00+00:00,2025-06-24 16:29:00+00:00,BUY,0.04,3313.248,3311.598,-0.091,-7.8,-1.95,TIME,300.0,14.83,-8.6
2025-06-25 14:05:00+00:00,2025-06-25 14:50:00+00:00,BUY,0.21,3315.598,3323.384,2.0,157.21,7.486,TP,230.0,186.84,0.0
2025-06-26 13:45:00+00:00,2025-06-26 16:29:00+00:00,BUY,0.07,3321.398,3329.398,0.684,53.9,7.7,TIME,825.0,65.1,-67.85
2025-06-27 15:00:00+00:00,2025-06-27 16:29:00+00:00,BUY,0.08,3265.365,3277.635,1.242,95.76,11.97,TIME,450.0,101.84,0.0
2025-06-30 15:20:00+00:00,2025-06-30 16:29:00+00:00,BUY,0.14,3283.545,3292.155,1.479,116.34,8.31,TIME,350.0,150.22,0.0
2025-07-01 13:54:00+00:00,2025-07-01 14:46:00+00:00,BUY,0.16,3350.375,3345.385,-1.0,-84.64,-5.29,SL,265.0,61.44,-84.16
2025-07-02 13:50:00+00:00,2025-07-02 16:07:00+00:00,SELL,0.13,3339.148,3345.305,-1.0,-83.94,-6.457,SL,690.0,71.67,-89.4
2025-07-04 13:59:00+00:00,2025-07-04 16:29:00+00:00,SELL,0.2,3333.595,3333.598,-0.001,-6.06,-0.303,TIME,755.0,61.32,-25.6
2025-07-07 13:55:00+00:00,2025-07-07 16:20:00+00:00,BUY,0.13,3311.985,3324.0850000000005,2.0,153.4,11.8,TP,730.0,169.57,0.0
2025-07-08 13:45:00+00:00,2025-07-08 14:08:00+00:00,SELL,0.14,3320.849,3309.1490000000003,2.0,159.6,11.4,TP,120.0,182.76,-18.89
2025-07-09 13:50:00+00:00,2025-07-09 16:29:00+00:00,BUY,0.11,3298.805,3311.385,1.774,135.08,12.28,TIME,800.0,153.67,-13.28
2025-07-10 13:45:00+00:00,2025-07-10 16:29:00+00:00,SELL,0.11,3320.805,3316.155,0.636,47.85,4.35,TIME,825.0,119.9,-6.49
2025-07-11 13:48:00+00:00,2025-07-11 14:42:00+00:00,SELL,0.09,3350.419,3358.959,-1.0,-79.56,-8.84,SL,275.0,4.95,-86.85
2025-07-14 14:25:00+00:00,2025-07-14 14:25:00+00:00,SELL,0.24,3354.509,3347.817,2.0,153.41,6.392,TP,5.0,174.72,0.0
2025-07-15 15:30:00+00:00,2025-07-15 16:29:00+00:00,SELL,0.1,3334.169,3325.499,1.093,83.7,8.37,TIME,300.0,141.14,0.0
2025-07-16 14:28:00+00:00,2025-07-16 14:54:00+00:00,SELL,0.1,3326.398,3334.589,-1.0,-84.91,-8.491,SL,135.0,68.99,-94.37
2025-07-18 16:15:00+00:00,2025-07-18 16:29:00+00:00,SELL,0.13,3352.005,3353.335,-0.213,-21.19,-1.63,TIME,75.0,12.74,-29.12
2025-07-21 13:50:00+00:00,2025-07-21 14:41:00+00:00,BUY,0.14,3389.235,3401.0490000000004,2.0,161.2,11.514,TP,260.0,169.46,-50.26
2025-07-22 14:00:00+00:00,2025-07-22 14:16:00+00:00,SELL,0.16,3412.725,3417.885,-1.0,-87.36,-5.46,SL,85.0,133.76,-78.56
2025-07-23 13:45:00+00:00,2025-07-23 15:55:00+00:00,BUY,0.11,3412.535,3405.268,-1.0,-83.24,-7.567,SL,655.0,78.54,-96.36
2025-07-24 13:50:00+00:00,2025-07-24 16:29:00+00:00,BUY,0.07,3367.848,3369.729,0.164,11.07,1.581,TIME,800.0,65.08,-19.69
2025-07-25 14:20:00+00:00,2025-07-25 16:29:00+00:00,SELL,0.1,3339.135,3328.675,1.266,101.6,10.16,TIME,650.0,143.3,-1.7
2025-07-28 13:45:00+00:00,2025-07-28 13:54:00+00:00,SELL,0.11,3321.785,3307.205,2.0,157.08,14.28,TP,50.0,185.02,-6.71
2025-07-29 14:05:00+00:00,2025-07-29 14:22:00+00:00,SELL,0.09,3312.518,3321.685,-1.0,-85.2,-9.467,SL,90.0,7.59,-83.97
2025-07-30 15:25:00+00:00,2025-07-30 16:29:00+00:00,SELL,0.11,3300.815,3295.159,0.794,58.92,5.356,TIME,325.0,136.4,0.0
2025-07-31 14:20:00+00:00,2025-07-31 16:12:00+00:00,SELL,0.13,3302.498,3290.204,2.0,155.92,11.994,TP,565.0,163.8,0.0
2025-08-04 13:50:00+00:00,2025-08-04 14:49:00+00:00,BUY,0.18,3377.875,3373.355,-1.0,-86.76,-4.82,SL,300.0,131.94,-81.72
2025-08-05 14:25:00+00:00,2025-08-05 16:29:00+00:00,BUY,0.08,3379.598,3382.298,0.255,19.2,2.4,TIME,625.0,85.53,-8.9
2025-08-06 13:55:00+00:00,2025-08-06 16:29:00+00:00,BUY,0.14,3370.748,3374.565,0.673,49.24,3.517,TIME,775.0,126.7,-20.06
2025-08-07 13:51:00+00:00,2025-08-07 13:59:00+00:00,BUY,0.15,3390.778,3385.485,-1.0,-83.89,-5.593,SL,45.0,20.21,-93.19
2025-08-08 14:10:00+00:00,2025-08-08 16:09:00+00:00,SELL,0.1,3389.279,3397.429,-1.0,-84.5,-8.45,SL,600.0,83.94,-79.26
2025-08-11 14:40:00+00:00,2025-08-11 16:29:00+00:00,SELL,0.09,3349.229,3346.229,0.333,24.3,2.7,TIME,550.0,72.01,-25.79
2025-08-12 13:45:00+00:00,2025-08-12 14:11:00+00:00,BUY,0.05,3355.155,3339.885,-1.0,-77.85,-15.57,SL,135.0,6.95,-82.35
2025-08-13 14:05:00+00:00,2025-08-13 15:18:00+00:00,BUY,0.13,3362.448,3356.098,-1.0,-86.45,-6.65,SL,370.0,104.74,-87.92
2025-08-14 14:10:00+00:00,2025-08-14 16:13:00+00:00,SELL,0.16,3344.179,3334.241,2.0,154.21,9.638,TP,620.0,178.58,-37.22
2025-08-18 14:05:00+00:00,2025-08-18 16:29:00+00:00,SELL,0.13,3337.715,3332.245,0.907,67.21,5.17,TIME,725.0,78.26,-10.14
2025-08-19 14:36:00+00:00,2025-08-19 16:29:00+00:00,SELL,0.12,3331.345,3319.285,1.781,141.12,11.76,TIME,570.0,154.32,-15.6
2025-08-20 13:50:00+00:00,2025-08-20 14:47:00+00:00,SELL,0.1,3340.305,3348.198,-1.0,-81.93,-8.193,SL,290.0,5.4,-90.43
2025-08-21 13:50:00+00:00,2025-08-21 13:50:00+00:00,SELL,0.29,3344.625,3339.125,2.0,150.8,5.2,TP,5.0,170.14,0.0
2025-08-22 14:05:00+00:00,2025-08-22 14:05:00+00:00,BUY,0.11,3335.948,3350.7939999999994,2.0,160.01,14.546,TP,5.0,187.11,0.0
2025-08-25 13:50:00+00:00,2025-08-25 16:29:00+00:00,BUY,0.17,3368.245,3372.675,0.957,70.21,4.13,TIME,800.0,134.13,0.0
2025-08-26 13:50:00+00:00,2025-08-26 14:47:00+00:00,SELL,0.17,3373.328,3377.935,-1.0,-83.42,-4.907,SL,290.0,54.62,-75.26
2025-08-27 13:45:00+00:00,2025-08-27 14:21:00+00:00,SELL,0.17,3377.275,3382.005,-1.0,-85.51,-5.03,SL,185.0,32.81,-82.45
2025-08-28 15:25:00+00:00,2025-08-28 16:29:00+00:00,BUY,0.13,3407.575,3415.485,1.303,98.93,7.61,TIME,325.0,103.09,-47.15
2025-08-29 14:10:00+00:00,2025-08-29 15:16:00+00:00,BUY,0.09,3425.965,3443.5250000000005,2.0,155.34,17.26,TP,335.0,170.68,0.0
2025-09-02 14:10:00+00:00,2025-09-02 14:47:00+00:00,BUY,0.07,3490.059,3513.0470000000005,2.0,158.82,22.688,TP,190.0,164.84,0.0
2025-09-03 14:23:00+00:00,2025-09-03 16:29:00+00:00,BUY,0.07,3561.099,3567.655,0.544,43.79,6.256,TIME,635.0,47.5,-48.89
2025-09-04 13:45:00+00:00,2025-09-04 16:29:00+00:00,SELL,0.08,3548.948,3552.835,-0.408,-33.5,-4.187,TIME,825.0,115.2,-55.34
2025-09-05 14:42:00+00:00,2025-09-05 14:50:00+00:00,SELL,0.08,3575.175,3585.085,-1.0,-81.68,-10.21,SL,45.0,9.52,-83.04
2025-09-08 13:45:00+00:00,2025-09-08 16:29:00+00:00,BUY,0.07,3631.515,3640.895,0.812,63.56,9.08,TIME,825.0,102.2,-24.41
2025-09-09 14:05:00+00:00,2025-09-09 14:36:00+00:00,SELL,0.08,3657.815,3638.9550000000004,2.0,148.48,18.56,TP,160.0,155.92,-37.36
2025-09-10 14:45:00+00:00,2025-09-10 16:29:00+00:00,SELL,0.11,3646.605,3640.955,0.788,58.85,5.35,TIME,525.0,91.16,-29.62
2025-09-11 16:05:00+00:00,2025-09-11 16:29:00+00:00,BUY,0.06,3630.455,3637.035,0.533,37.68,6.28,TIME,125.0,67.92,0.0
2025-09-12 13:53:00+00:00,2025-09-12 15:05:00+00:00,BUY,0.14,3652.298,3646.455,-1.0,-86.0,-6.143,SL,365.0,26.42,-106.44
2025-09-15 15:50:00+00:00,2025-09-15 16:29:00+00:00,BUY,0.07,3664.125,3683.925,1.722,136.5,19.5,TIME,200.0,141.47,0.0
2025-09-16 14:31:00+00:00,2025-09-16 15:38:00+00:00,SELL,0.12,3691.855,3678.935,2.0,151.44,12.62,TP,340.0,158.76,-46.24
2025-09-18 13:45:00+00:00,2025-09-18 16:29:00+00:00,SELL,0.03,3629.655,3644.105,-0.58,-44.25,-14.75,TIME,825.0,6.57,-49.71
2025-09-19 15:15:00+00:00,2025-09-19 15:15:00+00:00,BUY,0.16,3658.715,3668.835,2.0,157.12,9.82,TP,5.0,221.6,0.0
2025-09-22 13:46:00+00:00,2025-09-22 14:53:00+00:00,SELL,0.09,3715.898,3725.048,-1.0,-85.05,-9.45,SL,340.0,24.06,-89.25
2025-09-23 13:48:00+00:00,2025-09-23 16:29:00+00:00,SELL,0.09,3780.195,3775.148,0.597,42.72,4.747,TIME,810.0,117.09,-40.08
2025-09-24 14:06:00+00:00,2025-09-24 15:34:00+00:00,SELL,0.11,3760.855,3746.475,2.0,154.88,14.08,TP,445.0,168.63,-37.95
2025-09-26 14:05:00+00:00,2025-09-26 14:19:00+00:00,BUY,0.09,3760.705,3778.3049999999994,2.0,155.7,17.3,TP,75.0,159.75,0.0
2025-09-29 14:07:00+00:00,2025-09-29 14:20:00+00:00,BUY,0.08,3827.915,3818.025,-1.0,-81.52,-10.19,SL,70.0,19.44,-93.97
2025-09-30 14:05:00+00:00,2025-09-30 14:24:00+00:00,BUY,0.06,3825.025,3850.9250000000006,2.0,153.6,25.6,TP,100.0,163.56,0.0
2025-10-01 14:50:00+00:00,2025-10-01 16:29:00+00:00,SELL,0.1,3868.638,3870.215,-0.192,-18.77,-1.877,TIME,500.0,107.93,-78.1
2025-10-02 13:50:00+00:00,2025-10-02 14:37:00+00:00,SELL,0.05,3880.615,3847.928999999999,2.0,161.93,32.386,TP,240.0,182.31,0.0
2025-10-03 14:11:00+00:00,2025-10-03 15:27:00+00:00,SELL,0.05,3872.615,3887.275,-1.0,-74.8,-14.96,SL,385.0,32.5,-77.92
2025-10-06 14:05:00+00:00,2025-10-06 16:29:00+00:00,BUY,0.04,3944.928,3952.285,0.411,28.23,7.057,TIME,725.0,99.99,-19.25
2025-10-07 14:13:00+00:00,2025-10-07 14:34:00+00:00,SELL,0.06,3970.245,3982.715,-1.0,-76.62,-12.77,SL,110.0,8.04,-80.7
2025-10-08 15:15:00+00:00,2025-10-08 16:29:00+00:00,BUY,0.06,4039.205,4055.485,1.238,95.88,15.98,TIME,375.0,101.7,-13.26
2025-10-09 13:45:00+00:00,2025-10-09 16:29:00+00:00,SELL,0.03,4030.738,4012.095,0.727,55.03,18.343,TIME,825.0,80.92,-11.03
2025-10-10 13:50:00+00:00,2025-10-10 15:05:00+00:00,SELL,0.08,3988.305,3997.845,-1.0,-78.72,-9.84,SL,380.0,142.56,-113.84
2025-10-13 15:10:00+00:00,2025-10-13 16:15:00+00:00,BUY,0.07,4093.185,4116.445,2.0,160.72,22.96,TP,330.0,166.74,-5.86
2025-10-14 16:10:00+00:00,2025-10-14 16:29:00+00:00,BUY,0.04,4128.595,4133.315,0.211,17.68,4.42,TIME,100.0,38.21,-4.16
2025-10-15 14:05:00+00:00,2025-10-15 15:50:00+00:00,BUY,0.05,4198.495,4183.075,-1.0,-78.6,-15.72,SL,530.0,68.2,-89.8
2025-10-16 14:05:00+00:00,2025-10-16 16:18:00+00:00,BUY,0.06,4258.448,4285.348000000002,2.0,159.6,26.6,TP,670.0,184.06,-27.86
2025-10-17 14:05:00+00:00,2025-10-17 16:29:00+00:00,SELL,0.01,4258.115,4215.208,0.732,42.61,42.607,TIME,725.0,43.42,-8.03
2025-10-21 13:47:00+00:00,2025-10-21 14:30:00+00:00,SELL,0.02,4191.025,4122.478999999999,2.0,136.49,68.246,TP,220.0,139.1,-9.17
2025-10-22 14:35:00+00:00,2025-10-22 16:29:00+00:00,SELL,0.02,4046.945,4043.405,0.093,6.48,3.24,TIME,575.0,72.3,-0.17
2025-10-24 14:15:00+00:00,2025-10-24 16:29:00+00:00,BUY,0.04,4119.825,4136.135,0.755,64.04,16.01,TIME,675.0,74.0,-31.16
2025-10-27 13:47:00+00:00,2025-10-27 15:02:00+00:00,SELL,0.04,4018.0,3976.7299999999996,2.0,163.88,40.97,TP,380.0,167.06,-32.46
2025-10-28 13:50:00+00:00,2025-10-28 16:29:00+00:00,BUY,0.04,3933.185,3963.045,1.613,118.24,29.56,TIME,800.0,144.88,-11.08
2025-10-29 15:50:00+00:00,2025-10-29 16:29:00+00:00,SELL,0.05,4002.085,3998.225,0.227,17.8,3.56,TIME,200.0,64.6,0.0
2025-10-30 13:55:00+00:00,2025-10-30 14:09:00+00:00,BUY,0.05,3978.665,4010.205,2.0,156.2,31.24,TP,75.0,175.02,0.0
2025-10-31 15:05:00+00:00,2025-10-31 16:14:00+00:00,SELL,0.05,4012.805,3981.4049999999993,2.0,155.5,31.1,TP,350.0,173.05,-49.55
2025-11-03 14:30:00+00:00,2025-11-03 14:47:00+00:00,SELL,0.08,4010.525,4020.195,-1.0,-79.76,-9.97,SL,90.0,72.88,-77.78
2025-11-04 14:30:00+00:00,2025-11-04 14:31:00+00:00,SELL,0.06,3975.265,3949.8849999999998,2.0,150.48,25.08,TP,10.0,162.6,0.0
2025-11-05 13:55:00+00:00,2025-11-05 14:49:00+00:00,BUY,0.13,3976.865,3970.675,-1.0,-84.37,-6.49,SL,275.0,111.28,-97.24
2025-11-06 14:05:00+00:00,2025-11-06 14:20:00+00:00,SELL,0.15,4010.525,3999.765,2.0,156.9,10.46,TP,80.0,211.65,0.0
2025-11-07 14:35:00+00:00,2025-11-07 15:01:00+00:00,SELL,0.14,3991.565,3997.295,-1.0,-84.42,-6.03,SL,135.0,105.0,-87.22
2025-11-10 14:05:00+00:00,2025-11-10 14:33:00+00:00,SELL,0.1,4095.095,4078.8749999999995,2.0,159.2,15.92,TP,145.0,179.4,0.0
2025-11-11 14:25:00+00:00,2025-11-11 14:49:00+00:00,SELL,0.1,4138.898,4123.604,2.0,149.94,14.994,TP,125.0,190.83,0.0
2025-11-12 14:05:00+00:00,2025-11-12 14:34:00+00:00,BUY,0.13,4132.435,4126.125,-1.0,-85.93,-6.61,SL,150.0,69.94,-99.32
2025-11-13 14:08:00+00:00,2025-11-13 14:44:00+00:00,SELL,0.05,4220.125,4188.545,2.0,156.4,31.28,TP,185.0,178.85,-11.85
2025-11-14 14:09:00+00:00,2025-11-14 14:38:00+00:00,SELL,0.05,4046.005,4063.325,-1.0,-88.1,-17.62,SL,150.0,70.25,-88.5
2025-11-17 15:10:00+00:00,2025-11-17 16:29:00+00:00,SELL,0.07,4067.175,4068.715,-0.127,-12.88,-1.84,TIME,400.0,106.33,-70.84
2025-11-18 14:05:00+00:00,2025-11-18 16:02:00+00:00,BUY,0.04,4067.975,4047.645,-1.0,-82.52,-20.63,SL,590.0,54.68,-93.52
2025-11-19 14:35:00+00:00,2025-11-19 15:15:00+00:00,BUY,0.09,4114.915,4132.035000000001,2.0,151.38,16.82,TP,205.0,159.57,-52.38
2025-11-20 14:50:00+00:00,2025-11-20 16:22:00+00:00,BUY,0.03,4096.065,4066.218,-1.0,-90.44,-30.147,SL,465.0,32.97,-90.87
2025-11-21 14:40:00+00:00,2025-11-21 14:50:00+00:00,SELL,0.13,4065.965,4072.155,-1.0,-84.37,-6.49,SL,55.0,53.04,-96.59
2025-11-24 14:35:00+00:00,2025-11-24 14:56:00+00:00,SELL,0.07,4074.115,4085.575,-1.0,-82.32,-11.76,SL,110.0,42.28,-82.97
2025-11-25 14:35:00+00:00,2025-11-25 14:39:00+00:00,SELL,0.09,4141.148,4122.348000000001,2.0,166.5,18.5,TP,25.0,215.28,0.0
2025-11-26 14:10:00+00:00,2025-11-26 15:47:00+00:00,SELL,0.07,4152.978,4165.015,-1.0,-86.36,-12.337,SL,490.0,121.12,-83.35
2025-11-27 14:45:00+00:00,2025-11-27 16:26:00+00:00,BUY,0.13,4157.875,4151.725,-1.0,-83.85,-6.45,SL,510.0,48.1,-86.32
2025-11-28 14:00:00+00:00,2025-11-28 14:19:00+00:00,BUY,0.09,4177.235,4195.0289999999995,2.0,157.45,17.494,TP,100.0,165.78,0.0
2025-12-01 13:55:00+00:00,2025-12-01 14:05:00+00:00,SELL,0.1,4256.715,4241.375,2.0,150.4,15.04,TP,55.0,170.3,0.0
2025-12-02 14:45:00+00:00,2025-12-02 14:48:00+00:00,BUY,0.12,4209.248,4222.187999999998,2.0,151.68,12.64,TP,20.0,177.0,0.0
2025-12-03 13:55:00+00:00,2025-12-03 14:51:00+00:00,BUY,0.09,4225.555,4216.545,-1.0,-83.79,-9.31,SL,285.0,141.12,-106.71
2025-12-04 14:10:00+00:00,2025-12-04 16:10:00+00:00,BUY,0.09,4195.835,4214.009000000001,2.0,160.87,17.874,TP,605.0,173.34,-41.58
2025-12-05 14:50:00+00:00,2025-12-05 15:36:00+00:00,BUY,0.1,4238.705,4254.664999999999,2.0,156.6,15.66,TP,235.0,161.9,-47.6
2025-12-08 13:56:00+00:00,2025-12-08 14:06:00+00:00,SELL,0.18,4200.335,4204.665,-1.0,-83.34,-4.63,SL,55.0,56.16,-111.42
2025-12-09 14:15:00+00:00,2025-12-09 14:33:00+00:00,SELL,0.11,4195.445,4202.485,-1.0,-80.74,-7.34,SL,95.0,68.38,-78.32
2025-12-10 13:45:00+00:00,2025-12-10 14:27:00+00:00,BUY,0.12,4202.445,4195.835,-1.0,-82.92,-6.91,SL,215.0,52.56,-93.6
2025-12-11 14:10:00+00:00,2025-12-11 14:45:00+00:00,BUY,0.07,4220.785,4244.004999999999,2.0,160.44,22.92,TP,180.0,164.85,0.0
2025-12-12 14:51:00+00:00,2025-12-12 15:16:00+00:00,BUY,0.08,4345.935,4335.835,-1.0,-83.2,-10.4,SL,130.0,59.12,-85.52
2025-12-15 13:50:00+00:00,2025-12-15 13:56:00+00:00,BUY,0.13,4341.655,4335.405,-1.0,-85.15,-6.55,SL,35.0,33.93,-84.63
2025-12-16 13:46:00+00:00,2025-12-16 13:59:00+00:00,SELL,0.07,4300.678,4312.385,-1.0,-84.05,-12.007,SL,70.0,7.58,-86.78
2025-12-17 14:00:00+00:00,2025-12-17 14:14:00+00:00,BUY,0.07,4339.115,4327.865,-1.0,-80.85,-11.55,SL,75.0,46.97,-86.45
2025-12-18 14:05:00+00:00,2025-12-18 14:41:00+00:00,BUY,0.05,4338.155,4320.455,-1.0,-90.0,-18.0,SL,185.0,14.8,-99.9
2025-12-19 14:36:00+00:00,2025-12-19 14:46:00+00:00,BUY,0.12,4335.155,4328.565,-1.0,-82.68,-6.89,SL,55.0,30.72,-129.96
2025-12-22 14:35:00+00:00,2025-12-22 14:46:00+00:00,SELL,0.1,4418.045,4426.365,-1.0,-86.2,-8.62,SL,60.0,23.5,-89.53
2025-12-23 13:55:00+00:00,2025-12-23 14:05:00+00:00,SELL,0.1,4484.265,4468.045000000001,2.0,159.2,15.92,TP,55.0,298.67,0.0
2025-12-24 14:35:00+00:00,2025-12-24 14:36:00+00:00,BUY,0.09,4485.895,4477.355,-1.0,-79.56,-8.84,SL,10.0,24.93,-97.74
2025-12-26 14:35:00+00:00,2025-12-26 14:47:00+00:00,BUY,0.07,4528.155,4517.458,-1.0,-76.98,-10.997,SL,65.0,23.52,-91.42
2025-12-29 13:45:00+00:00,2025-12-29 14:41:00+00:00,SELL,0.03,4424.985,4365.944999999999,2.0,176.22,58.74,TP,285.0,198.72,-12.81
2025-12-30 14:38:00+00:00,2025-12-30 16:29:00+00:00,SELL,0.05,4375.905,4368.505,0.419,35.5,7.1,TIME,560.0,106.6,-31.7
2025-12-31 13:50:00+00:00,2025-12-31 16:05:00+00:00,BUY,0.09,4334.635,4325.345,-1.0,-86.31,-9.59,SL,680.0,165.72,-88.74
2026-01-02 14:35:00+00:00,2026-01-02 15:04:00+00:00,SELL,0.07,4365.545,4342.5650000000005,2.0,158.76,22.68,TP,150.0,164.71,0.0
2026-01-05 14:50:00+00:00,2026-01-05 15:03:00+00:00,BUY,0.04,4414.055,4450.075000000001,2.0,142.88,35.72,TP,70.0,149.92,0.0
2026-01-06 13:50:00+00:00,2026-01-06 13:53:00+00:00,SELL,0.12,4455.165,4461.875,-1.0,-84.12,-7.01,SL,20.0,19.56,-99.12
2026-01-07 15:15:00+00:00,2026-01-07 15:35:00+00:00,SELL,0.06,4437.995,4450.545,-1.0,-77.1,-12.85,SL,105.0,89.16,-73.5
2026-01-08 14:50:00+00:00,2026-01-08 15:41:00+00:00,BUY,0.08,4435.445,4454.764999999999,2.0,152.16,19.02,TP,260.0,157.6,-62.64
2026-01-09 15:25:00+00:00,2026-01-09 16:29:00+00:00,BUY,0.02,4491.595,4503.248,0.353,22.71,11.353,TIME,325.0,50.61,0.0
2026-01-12 13:47:00+00:00,2026-01-12 14:03:00+00:00,BUY,0.09,4613.095,4604.469,-1.0,-80.33,-8.926,SL,85.0,63.81,-127.35
2026-01-13 14:55:00+00:00,2026-01-13 16:27:00+00:00,BUY,0.04,4620.105,4599.905,-1.0,-82.0,-20.5,SL,465.0,50.48,-106.28
2026-01-14 14:38:00+00:00,2026-01-14 16:29:00+00:00,SELL,0.06,4623.645,4621.555,0.155,10.74,1.79,TIME,560.0,146.88,-22.02
2026-01-15 13:45:00+00:00,2026-01-15 14:24:00+00:00,SELL,0.05,4587.935,4605.095,-1.0,-87.3,-17.46,SL,200.0,29.0,-88.3
2026-01-16 13:46:00+00:00,2026-01-16 15:26:00+00:00,BUY,0.05,4601.045,4584.885,-1.0,-82.3,-16.46,SL,505.0,94.95,-100.95
2026-01-20 13:46:00+00:00,2026-01-20 16:29:00+00:00,BUY,0.05,4730.175,4740.905,0.711,52.15,10.43,TIME,820.0,103.3,-40.73
2026-01-21 14:05:00+00:00,2026-01-21 14:05:00+00:00,SELL,0.07,4866.768,4842.454,2.0,168.1,24.014,TP,5.0,180.81,0.0
2026-01-22 13:46:00+00:00,2026-01-22 14:15:00+00:00,SELL,0.05,4810.715,4826.988,-1.0,-82.87,-16.573,SL,150.0,0.9,-82.75
2026-01-23 14:35:00+00:00,2026-01-23 15:47:00+00:00,BUY,0.07,4938.998,4962.843999999999,2.0,164.82,23.546,TP,365.0,169.87,-7.23
2026-01-26 15:35:00+00:00,2026-01-26 16:29:00+00:00,BUY,0.04,5072.775,5075.365,0.141,9.16,2.29,TIME,275.0,128.96,-10.68
2026-01-27 14:10:00+00:00,2026-01-27 15:38:00+00:00,SELL,0.05,5069.435,5085.785,-1.0,-83.25,-16.65,SL,445.0,114.85,-87.25
2026-01-28 15:00:00+00:00,2026-01-28 15:08:00+00:00,BUY,0.03,5285.205,5259.045,-1.0,-79.38,-26.46,SL,45.0,38.76,-149.9
2026-01-29 14:10:00+00:00,2026-01-29 14:46:00+00:00,BUY,0.03,5530.615,5499.625,-1.0,-93.87,-31.29,SL,185.0,56.16,-94.08
2026-01-30 13:50:00+00:00,2026-01-30 14:01:00+00:00,SELL,0.02,5009.998,5047.398,-1.0,-75.4,-37.7,SL,60.0,38.25,-92.87
2026-02-02 14:35:00+00:00,2026-02-02 15:30:00+00:00,BUY,0.01,4741.298,4668.448,-1.0,-73.15,-73.15,SL,280.0,51.69,-90.79
2026-02-03 13:55:00+00:00,2026-02-03 14:17:00+00:00,SELL,0.06,4928.415,4901.8949999999995,2.0,157.32,26.22,TP,115.0,194.64,-46.68
2026-02-04 14:35:00+00:00,2026-02-04 14:38:00+00:00,SELL,0.03,5032.845,4981.085,2.0,154.38,51.46,TP,20.0,194.01,0.0
2026-02-05 15:06:00+00:00,2026-02-05 16:29:00+00:00,SELL,0.02,4822.245,4849.198,-0.603,-54.51,-27.253,TIME,420.0,44.38,-69.96
2026-02-06 14:25:00+00:00,2026-02-06 14:37:00+00:00,SELL,0.03,4908.329,4938.035,-1.0,-90.02,-30.006,SL,65.0,42.58,-114.62
2026-02-09 14:35:00+00:00,2026-02-09 15:34:00+00:00,BUY,0.04,5014.705,5054.405000000001,2.0,157.6,39.4,TP,300.0,164.0,0.0
2026-02-10 14:20:00+00:00,2026-02-10 14:47:00+00:00,BUY,0.04,5058.725,5036.905,-1.0,-88.48,-22.12,SL,140.0,79.04,-100.04
2026-02-12 14:16:00+00:00,2026-02-12 16:11:00+00:00,SELL,0.05,5060.125,5026.365,2.0,167.3,33.46,TP,580.0,236.45,-72.65
2026-02-13 14:35:00+00:00,2026-02-13 14:41:00+00:00,BUY,0.02,4999.185,4966.338,-1.0,-66.29,-33.147,SL,35.0,22.61,-70.87
2026-02-16 14:45:00+00:00,2026-02-16 15:02:00+00:00,SELL,0.13,4992.295,4980.175000000001,2.0,153.66,11.82,TP,90.0,200.2,0.0
2026-02-17 13:56:00+00:00,2026-02-17 13:58:00+00:00,SELL,0.05,4907.578,4878.124000000001,2.0,145.77,29.154,TP,15.0,189.37,-23.88
2026-02-18 14:35:00+00:00,2026-02-18 15:03:00+00:00,BUY,0.05,4968.585,5001.6449999999995,2.0,163.8,32.76,TP,145.0,189.56,0.0
2026-02-19 14:48:00+00:00,2026-02-19 16:29:00+00:00,BUY,0.03,4996.985,4998.115,0.045,2.49,0.83,TIME,510.0,74.89,-17.1
2026-02-20 13:50:00+00:00,2026-02-20 14:45:00+00:00,BUY,0.06,5031.795,5059.795,2.0,166.2,27.7,TP,280.0,169.86,0.0
2026-02-23 14:35:00+00:00,2026-02-23 14:35:00+00:00,BUY,0.12,5153.845,5167.445000000001,2.0,159.6,13.3,TP,5.0,237.6,0.0
2026-02-24 13:50:00+00:00,2026-02-24 16:29:00+00:00,SELL,0.03,5133.085,5143.375,-0.405,-31.77,-10.59,TIME,800.0,119.58,-65.88
2026-02-25 14:30:00+00:00,2026-02-25 14:37:00+00:00,SELL,0.09,5181.745,5163.1449999999995,2.0,164.7,18.3,TP,40.0,182.57,0.0
2026-02-26 14:35:00+00:00,2026-02-26 15:27:00+00:00,SELL,0.06,5163.905,5137.604999999999,2.0,156.0,26.0,TP,265.0,206.46,-70.74
2026-03-02 13:45:00+00:00,2026-03-02 14:25:00+00:00,SELL,0.03,5391.845,5342.285000000001,2.0,147.78,49.26,TP,205.0,202.8,-18.24
2026-03-03 14:45:00+00:00,2026-03-03 14:45:00+00:00,SELL,0.02,5147.225,5070.305,2.0,153.24,76.62,TP,5.0,193.16,0.0
2026-03-04 14:00:00+00:00,2026-03-04 14:48:00+00:00,SELL,0.07,5181.575,5159.374999999999,2.0,153.3,21.9,TP,245.0,274.4,-23.1
2026-03-05 14:40:00+00:00,2026-03-05 15:08:00+00:00,SELL,0.03,5114.645,5068.465000000002,2.0,137.64,45.88,TP,145.0,162.72,-14.85
2026-03-06 13:57:00+00:00,2026-03-06 14:59:00+00:00,SELL,0.02,5082.138,5130.615,-1.0,-97.55,-48.777,SL,315.0,17.25,-99.13
2026-03-09 13:45:00+00:00,2026-03-09 14:44:00+00:00,SELL,0.02,5074.045,5110.978,-1.0,-74.47,-37.233,SL,300.0,27.81,-81.04
2026-03-10 13:50:00+00:00,2026-03-10 15:13:00+00:00,SELL,0.05,5207.035,5221.956,-1.0,-76.11,-15.221,SL,420.0,110.0,-92.15
2026-03-12 13:55:00+00:00,2026-03-12 15:11:00+00:00,SELL,0.05,5155.405,5124.304999999999,2.0,154.0,30.8,TP,385.0,230.2,-40.55
2026-03-13 14:55:00+00:00,2026-03-13 14:55:00+00:00,SELL,0.05,5096.355,5064.454999999998,2.0,158.0,31.6,TP,5.0,253.7,0.0
2026-03-16 14:50:00+00:00,2026-03-16 15:29:00+00:00,SELL,0.05,5018.005,4985.325,2.0,161.9,32.38,TP,200.0,170.8,0.0
2026-03-17 15:30:00+00:00,2026-03-17 16:29:00+00:00,SELL,0.04,5010.925,5003.795,0.351,27.32,6.83,TIME,300.0,149.72,0.0
2026-03-20 13:55:00+00:00,2026-03-20 14:15:00+00:00,SELL,0.03,4636.315,4578.0289999999995,2.0,173.96,57.986,TP,105.0,188.52,0.0
2026-03-23 15:22:00+00:00,2026-03-23 15:46:00+00:00,BUY,0.02,4450.305,4400.995,-1.0,-99.22,-49.61,SL,125.0,18.02,-101.36
2026-03-24 14:55:00+00:00,2026-03-24 14:55:00+00:00,BUY,0.04,4370.235,4408.714999999999,2.0,152.72,38.18,TP,5.0,223.28,0.0
2026-03-25 15:20:00+00:00,2026-03-25 16:29:00+00:00,SELL,0.04,4556.218,4555.485,0.037,1.73,0.433,TIME,350.0,45.84,-37.83
2026-03-26 13:45:00+00:00,2026-03-26 16:01:00+00:00,BUY,0.03,4453.295,4428.818,-1.0,-74.33,-24.777,SL,685.0,78.66,-83.37
2026-03-27 14:05:00+00:00,2026-03-27 14:16:00+00:00,BUY,0.05,4430.915,4466.069,2.0,174.27,34.854,TP,60.0,192.4,0.0
2026-03-30 13:45:00+00:00,2026-03-30 16:29:00+00:00,SELL,0.03,4543.025,4536.685,0.207,18.12,6.04,TIME,825.0,93.83,-40.62
2026-03-31 13:55:00+00:00,2026-03-31 16:29:00+00:00,BUY,0.04,4589.115,4617.475,1.338,112.24,28.06,TIME,775.0,163.93,0.0
2026-04-01 14:26:00+00:00,2026-04-01 14:38:00+00:00,SELL,0.04,4730.555,4749.375,-1.0,-76.48,-19.12,SL,65.0,1.28,-81.56
2026-04-02 13:50:00+00:00,2026-04-02 13:58:00+00:00,BUY,0.04,4607.425,4650.639,2.0,171.66,42.914,TP,45.0,174.84,0.0
2026-04-06 13:52:00+00:00,2026-04-06 14:10:00+00:00,BUY,0.04,4678.695,4660.538,-1.0,-73.83,-18.457,SL,95.0,47.85,-76.15
2026-04-07 14:05:00+00:00,2026-04-07 16:03:00+00:00,SELL,0.03,4635.305,4663.205,-1.0,-84.6,-28.2,SL,595.0,83.91,-98.41
2026-04-08 13:55:00+00:00,2026-04-08 16:29:00+00:00,SELL,0.04,4773.298,4749.845,1.112,92.61,23.153,TIME,775.0,165.57,-73.07
2026-04-09 15:20:00+00:00,2026-04-09 16:29:00+00:00,BUY,0.03,4777.015,4792.455,0.575,45.42,15.14,TIME,350.0,71.04,0.0
2026-04-10 14:15:00+00:00,2026-04-10 15:36:00+00:00,BUY,0.06,4778.625,4764.615,-1.0,-85.86,-14.31,SL,410.0,96.84,-140.28
2026-04-13 13:50:00+00:00,2026-04-13 13:53:00+00:00,BUY,0.06,4736.948,4724.275,-1.0,-77.84,-12.973,SL,20.0,44.2,-95.6
2026-04-14 14:40:00+00:00,2026-04-14 16:29:00+00:00,BUY,0.03,4803.115,4816.035,0.554,37.86,12.62,TIME,550.0,47.71,-36.36
2026-04-15 14:05:00+00:00,2026-04-15 14:39:00+00:00,BUY,0.08,4825.195,4815.585,-1.0,-79.28,-9.91,SL,175.0,41.92,-79.76
2026-04-16 13:47:00+00:00,2026-04-16 13:55:00+00:00,SELL,0.07,4812.258,4789.624,2.0,156.34,22.334,TP,45.0,192.59,-48.0
2026-04-20 14:55:00+00:00,2026-04-20 15:13:00+00:00,SELL,0.07,4815.515,4794.169000000001,2.0,147.32,21.046,TP,95.0,161.63,0.0
2026-04-21 14:35:00+00:00,2026-04-21 14:48:00+00:00,SELL,0.04,4769.925,4724.845,2.0,179.12,44.78,TP,70.0,186.26,0.0
2026-04-22 14:35:00+00:00,2026-04-22 16:29:00+00:00,SELL,0.06,4742.015,4726.905,1.052,88.86,14.81,TIME,575.0,108.0,0.0
2026-04-23 14:00:00+00:00,2026-04-23 14:27:00+00:00,SELL,0.07,4724.465,4735.515,-1.0,-79.45,-11.35,SL,140.0,53.83,-79.03
2026-04-24 13:50:00+00:00,2026-04-24 16:29:00+00:00,BUY,0.04,4709.775,4723.215,0.664,52.56,13.14,TIME,800.0,120.88,-21.16
2026-04-27 14:55:00+00:00,2026-04-27 16:29:00+00:00,SELL,0.06,4688.825,4676.175,0.927,74.1,12.35,TIME,475.0,130.62,0.0
2026-04-28 13:47:00+00:00,2026-04-28 14:02:00+00:00,BUY,0.04,4591.315,4570.625,-1.0,-83.96,-20.99,SL,80.0,4.76,-94.32
2026-04-29 13:45:00+00:00,2026-04-29 14:33:00+00:00,SELL,0.03,4513.315,4539.395,-1.0,-79.14,-26.38,SL,245.0,10.32,-84.9
2026-04-30 13:50:00+00:00,2026-04-30 16:29:00+00:00,SELL,0.06,4619.985,4607.815,0.847,71.22,11.87,TIME,800.0,87.78,-35.04
2026-05-01 13:55:00+00:00,2026-05-01 14:12:00+00:00,BUY,0.04,4608.735,4653.3949999999995,2.0,177.44,44.36,TP,90.0,203.36,0.0
2026-05-04 14:20:00+00:00,2026-05-04 15:00:00+00:00,BUY,0.05,4570.915,4555.475,-1.0,-78.7,-15.74,SL,205.0,60.45,-81.9
2026-05-05 14:15:00+00:00,2026-05-05 14:25:00+00:00,SELL,0.08,4571.515,4581.665,-1.0,-83.6,-10.45,SL,55.0,47.52,-106.42
2026-05-06 13:55:00+00:00,2026-05-06 16:29:00+00:00,BUY,0.04,4698.995,4688.195,-0.57,-44.4,-11.1,TIME,775.0,72.84,-71.36
2026-05-07 15:26:00+00:00,2026-05-07 16:10:00+00:00,SELL,0.05,4743.235,4713.634999999999,2.0,146.5,29.3,TP,225.0,149.75,-18.7
2026-05-08 14:10:00+00:00,2026-05-08 16:29:00+00:00,SELL,0.05,4726.615,4717.545,0.517,43.85,8.77,TIME,700.0,123.95,-35.95
2026-05-12 14:00:00+00:00,2026-05-12 15:22:00+00:00,SELL,0.04,4683.485,4647.444999999999,2.0,142.96,35.74,TP,415.0,147.56,-46.04
2026-05-13 16:25:00+00:00,2026-05-13 16:29:00+00:00,BUY,0.04,4690.855,4706.655,0.883,62.0,15.5,TIME,25.0,75.12,0.0
2026-05-14 13:49:00+00:00,2026-05-14 16:29:00+00:00,BUY,0.03,4689.145,4676.918,-0.528,-37.58,-12.527,TIME,805.0,34.51,-46.02
2026-05-15 14:17:00+00:00,2026-05-15 16:29:00+00:00,BUY,0.03,4551.055,4540.765,-0.329,-31.77,-10.59,TIME,665.0,46.32,-65.4
2026-05-18 14:35:00+00:00,2026-05-18 15:02:00+00:00,SELL,0.05,4564.475,4533.755000000001,2.0,152.1,30.42,TP,140.0,160.2,0.0
2026-05-19 13:55:00+00:00,2026-05-19 16:29:00+00:00,BUY,0.03,4495.525,4508.605,0.423,38.34,12.78,TIME,775.0,55.14,-33.66
2026-05-20 14:15:00+00:00,2026-05-20 14:16:00+00:00,SELL,0.08,4482.905,4492.855,-1.0,-82.0,-10.25,SL,10.0,53.36,-118.56
2026-05-21 13:55:00+00:00,2026-05-21 16:29:00+00:00,BUY,0.06,4502.535,4516.385,0.975,81.3,13.55,TIME,775.0,109.62,-35.88
2026-05-22 14:05:00+00:00,2026-05-22 16:29:00+00:00,SELL,0.05,4510.595,4523.565,-0.786,-66.35,-13.27,TIME,725.0,94.95,-67.75
2026-05-25 15:15:00+00:00,2026-05-25 15:25:00+00:00,BUY,0.2,4565.335,4573.409000000001,2.0,155.48,7.774,TP,55.0,182.8,0.0
2026-05-26 13:55:00+00:00,2026-05-26 16:14:00+00:00,SELL,0.08,4521.148,4501.134000000001,2.0,157.71,19.714,TP,700.0,168.42,-30.3
2026-05-28 14:10:00+00:00,2026-05-28 14:13:00+00:00,BUY,0.06,4430.565,4455.704999999999,2.0,149.04,24.84,TP,20.0,200.16,0.0
2026-05-29 14:05:00+00:00,2026-05-29 14:53:00+00:00,BUY,0.06,4535.445,4561.964999999998,2.0,157.32,26.22,TP,245.0,200.64,-62.58
2026-06-01 15:35:00+00:00,2026-06-01 16:29:00+00:00,BUY,0.04,4478.495,4467.835,-0.539,-43.84,-10.96,TIME,275.0,4.64,-62.96
2026-06-02 14:05:00+00:00,2026-06-02 16:29:00+00:00,SELL,0.1,4506.045,4490.235,1.9,155.1,15.51,TIME,725.0,159.4,-23.5
2026-06-03 13:45:00+00:00,2026-06-03 14:10:00+00:00,SELL,0.03,4426.598,4453.015,-1.0,-80.15,-26.717,SL,130.0,1.21,-83.06
2026-06-04 13:45:00+00:00,2026-06-04 13:54:00+00:00,BUY,0.06,4514.795,4502.215,-1.0,-77.28,-12.88,SL,50.0,2.28,-103.62
2026-06-05 14:00:00+00:00,2026-06-05 15:38:00+00:00,SELL,0.03,4385.775,4338.5549999999985,2.0,140.76,46.92,TP,495.0,148.71,0.0
2026-06-09 13:50:00+00:00,2026-06-09 14:06:00+00:00,BUY,0.09,4334.235,4324.985,-1.0,-85.95,-9.55,SL,85.0,163.98,-85.95
2026-06-10 15:00:00+00:00,2026-06-10 16:29:00+00:00,SELL,0.02,4141.765,4127.285,0.39,28.36,14.18,TIME,450.0,70.34,0.0
2026-06-11 13:50:00+00:00,2026-06-11 14:09:00+00:00,BUY,0.05,4082.455,4066.795,-1.0,-79.8,-15.96,SL,100.0,49.6,-112.88
2026-06-12 15:25:00+00:00,2026-06-12 16:29:00+00:00,BUY,0.03,4210.125,4216.825,0.244,19.2,6.4,TIME,325.0,75.52,-9.96
2026-06-15 16:20:00+00:00,2026-06-15 16:29:00+00:00,SELL,0.05,4351.965,4342.745,0.554,44.6,8.92,TIME,50.0,65.25,0.0
2026-06-16 14:20:00+00:00,2026-06-16 14:27:00+00:00,SELL,0.12,4333.515,4319.795000000001,2.0,161.04,13.42,TP,40.0,193.68,0.0
2026-06-17 14:25:00+00:00,2026-06-17 14:29:00+00:00,BUY,0.09,4341.845,4360.585,2.0,165.96,18.44,TP,25.0,168.66,0.0
2026-06-18 13:50:00+00:00,2026-06-18 15:29:00+00:00,SELL,0.06,4262.705,4235.084999999999,2.0,163.92,27.32,TP,500.0,171.42,-3.12
2026-06-22 13:50:00+00:00,2026-06-22 15:39:00+00:00,BUY,0.07,4194.435,4182.735,-1.0,-84.0,-12.0,SL,550.0,113.47,-100.01
2026-06-26 13:45:00+00:00,2026-06-26 16:29:00+00:00,BUY,0.05,4061.918,4086.375,1.427,120.78,24.157,TIME,825.0,169.38,-18.57
2026-06-29 14:05:00+00:00,2026-06-29 14:11:00+00:00,SELL,0.07,4033.535,4011.7149999999992,2.0,150.64,21.52,TP,35.0,164.57,0.0
2026-06-30 13:46:00+00:00,2026-06-30 14:23:00+00:00,BUY,0.06,4027.225,4055.725,2.0,169.2,28.2,TP,190.0,198.0,-33.0
2026-07-01 13:45:00+00:00,2026-07-01 16:29:00+00:00,BUY,0.01,4099.655,4081.175,-0.316,-18.78,-18.78,TIME,825.0,15.83,-23.1
2026-07-03 14:10:00+00:00,2026-07-03 15:03:00+00:00,SELL,0.12,4164.865,4171.725,-1.0,-85.92,-7.16,SL,270.0,80.28,-85.56
2026-07-06 14:00:00+00:00,2026-07-06 15:29:00+00:00,SELL,0.09,4141.655,4150.185,-1.0,-79.47,-8.83,SL,450.0,120.51,-82.44
2026-07-07 14:00:00+00:00,2026-07-07 16:29:00+00:00,SELL,0.05,4163.215,4145.975,1.014,84.7,16.94,TIME,750.0,138.35,-1.3
2026-07-08 14:40:00+00:00,2026-07-08 14:43:00+00:00,SELL,0.06,4066.365,4038.9449999999997,2.0,162.72,27.12,TP,20.0,178.02,0.0
2026-07-09 14:05:00+00:00,2026-07-09 14:15:00+00:00,BUY,0.08,4129.255,4119.485,-1.0,-80.56,-10.07,SL,55.0,50.64,-101.44
2026-07-13 13:50:00+00:00,2026-07-13 14:16:00+00:00,SELL,0.07,4051.335,4026.7750000000005,2.0,169.82,24.26,TP,135.0,299.87,-10.43
2026-07-14 14:35:00+00:00,2026-07-14 15:04:00+00:00,SELL,0.06,4075.325,4088.625,-1.0,-81.6,-13.6,SL,150.0,8.04,-104.46
2026-07-15 15:15:00+00:00,2026-07-15 16:10:00+00:00,SELL,0.1,4055.115,4039.5549999999994,2.0,152.6,15.26,TP,280.0,164.6,0.0
2026-07-16 15:25:00+00:00,2026-07-16 16:29:00+00:00,BUY,0.03,4008.315,3987.255,-0.787,-64.08,-21.36,TIME,325.0,25.2,-79.2
2026-07-17 15:05:00+00:00,2026-07-17 16:29:00+00:00,BUY,0.02,4003.445,4018.475,0.378,29.46,14.73,TIME,425.0,40.4,-1.4
2026-07-20 15:10:00+00:00,2026-07-20 16:29:00+00:00,BUY,0.09,4017.185,4012.275,-0.526,-46.89,-5.21,TIME,400.0,17.1,-64.53
2026-07-21 13:45:00+00:00,2026-07-21 14:05:00+00:00,SELL,0.06,4044.425,4057.215,-1.0,-78.54,-13.09,SL,105.0,1.56,-77.64
2026-07-22 14:00:00+00:00,2026-07-22 16:29:00+00:00,BUY,0.05,4146.645,4148.975,0.155,10.15,2.03,TIME,750.0,95.65,-14.0
2026-07-23 14:00:00+00:00,2026-07-23 16:29:00+00:00,SELL,0.07,4055.295,4049.755,0.467,36.68,5.24,TIME,750.0,109.27,-44.03
2026-07-24 13:50:00+00:00,2026-07-24 15:19:00+00:00,BUY,0.07,4056.705,4080.965,2.0,167.72,23.96,TP,450.0,172.34,-7.77
2026-07-27 14:00:00+00:00,2026-07-27 16:29:00+00:00,SELL,0.06,4075.375,4084.875,-0.691,-58.8,-9.8,TIME,750.0,61.86,-79.5
2026-07-28 14:19:00+00:00,2026-07-28 15:10:00+00:00,SELL,0.06,4020.045,4032.685,-1.0,-77.64,-12.94,SL,260.0,52.26,-86.7
2026-07-29 14:20:00+00:00,2026-07-29 16:29:00+00:00,SELL,0.1,4009.805,4016.325,-0.821,-68.2,-6.82,TIME,650.0,116.1,-74.3
2026-07-30 13:51:00+00:00,2026-07-30 16:29:00+00:00,BUY,0.03,4098.285,4115.865,0.744,51.84,17.28,TIME,795.0,65.62,-45.96
2026-07-31 15:20:00+00:00,2026-07-31 16:29:00+00:00,BUY,0.04,4043.695,4047.345,0.172,13.4,3.35,TIME,350.0,18.76,-28.6
2026-08-03 13:45:00+00:00,2026-08-03 16:29:00+00:00,BUY,0.05,4035.335,4036.795,0.089,5.8,1.16,TIME,825.0,27.45,-44.5
2026-08-04 13:50:00+00:00,2026-08-04 14:37:00+00:00,BUY,0.05,4091.405,4075.815,-1.0,-79.45,-15.89,SL,240.0,13.25,-82.25
2026-08-05 14:10:00+00:00,2026-08-05 14:10:00+00:00,BUY,0.07,4204.175,4227.815000000001,2.0,163.38,23.34,TP,5.0,197.19,0.0
2026-08-06 15:55:00+00:00,2026-08-06 16:29:00+00:00,SELL,0.03,4245.515,4229.975,0.546,45.72,15.24,TIME,175.0,66.87,0.0
2026-08-07 14:20:00+00:00,2026-08-07 16:29:00+00:00,SELL,0.05,4350.085,4337.255,0.728,62.65,12.53,TIME,650.0,80.15,-41.0
2026-08-10 13:46:00+00:00,2026-08-10 14:23:00+00:00,SELL,0.08,4329.765,4339.675,-1.0,-81.68,-10.21,SL,190.0,107.68,-81.2
2026-08-11 13:53:00+00:00,2026-08-11 16:29:00+00:00,SELL,0.06,4388.705,4382.845,0.448,33.36,5.56,TIME,785.0,119.1,-59.76
2026-08-12 14:36:00+00:00,2026-08-12 16:29:00+00:00,BUY,0.06,4420.685,4422.905,0.178,11.52,1.92,TIME,570.0,70.26,-59.64
2026-08-13 14:35:00+00:00,2026-08-13 16:29:00+00:00,SELL,0.05,4375.015,4362.365,0.862,61.75,12.35,TIME,575.0,120.45,-59.95
2026-08-17 13:50:00+00:00,2026-08-17 13:53:00+00:00,BUY,0.11,4391.735,4405.995,2.0,153.56,13.96,TP,20.0,168.96,0.0
2026-08-18 14:58:00+00:00,2026-08-18 16:29:00+00:00,SELL,0.03,4374.845,4363.955,0.346,31.77,10.59,TIME,460.0,70.29,-7.65
2026-08-20 14:25:00+00:00,2026-08-20 15:01:00+00:00,BUY,0.04,4487.715,4524.875,2.0,147.44,36.86,TP,185.0,163.36,-4.56
2026-08-21 14:35:00+00:00,2026-08-21 16:29:00+00:00,BUY,0.05,4590.825,4613.755,1.304,113.15,22.63,TIME,575.0,147.75,-52.95
2026-08-24 13:45:00+00:00,2026-08-24 16:29:00+00:00,SELL,0.04,4658.305,4658.595,-0.013,-2.36,-0.59,TIME,825.0,75.2,-84.92
2026-08-25 14:35:00+00:00,2026-08-25 15:35:00+00:00,BUY,0.05,4623.335,4652.515,2.0,144.4,28.88,TP,305.0,153.75,0.0
2026-08-26 15:05:00+00:00,2026-08-26 15:16:00+00:00,SELL,0.06,4610.085,4584.6050000000005,2.0,151.08,25.18,TP,60.0,163.8,0.0
2026-08-27 13:47:00+00:00,2026-08-27 14:43:00+00:00,SELL,0.04,4571.905,4592.875,-1.0,-85.08,-21.27,SL,285.0,30.72,-93.72
2026-08-28 14:00:00+00:00,2026-08-28 14:00:00+00:00,BUY,0.09,4607.725,4598.545,-1.0,-85.32,-9.48,SL,5.0,207.99,-123.57
2026-08-31 13:55:00+00:00,2026-08-31 16:29:00+00:00,SELL,0.05,4431.685,4438.255,-0.424,-34.35,-6.87,TIME,775.0,80.55,-34.0
2026-09-01 14:07:00+00:00,2026-09-01 16:29:00+00:00,BUY,0.04,4361.785,4352.585,-0.446,-38.0,-9.5,TIME,715.0,54.28,-37.88
2026-09-02 13:45:00+00:00,2026-09-02 16:29:00+00:00,BUY,0.04,4379.135,4368.325,-0.483,-44.44,-11.11,TIME,825.0,73.36,-59.72
2026-09-03 15:00:00+00:00,2026-09-03 16:29:00+00:00,BUY,0.05,4482.335,4493.265,0.751,53.15,10.63,TIME,450.0,141.5,0.0
2026-09-07 14:06:00+00:00,2026-09-07 14:48:00+00:00,BUY,0.14,4407.365,4419.084999999999,2.0,159.88,11.42,TP,215.0,165.48,-41.16
