strategy,entry_datetime,exit_datetime,direction,lot_size,entry_price,exit_price,pnl_usd,pnl_points,exit_reason,duration_min,mfe_usd,mae_usd
LONDON_ORB,2021-09-08 10:20:00+00:00,2021-09-08 11:02:00+00:00,SELL,1.25,1797.485,1799.087,-237.75,-1.902,SL,215.0,95.12,-196.25
NY_ORB,2021-09-08 13:46:00+00:00,2021-09-08 16:29:00+00:00,SELL,0.34,1791.122,1791.958,-38.61,-1.136,TIME,820.0,301.51,-132.67
LONDON_ORB,2021-09-09 09:35:00+00:00,2021-09-09 11:23:00+00:00,BUY,1.02,1793.938,1797.7600000000002,359.23,3.522,TP,545.0,402.49,0.0
LONDON_ORB,2021-09-10 10:00:00+00:00,2021-09-10 10:05:00+00:00,SELL,0.83,1799.838,1795.026,374.51,4.512,TP,30.0,440.73,0.0
ASIAN_MR,2021-09-13 01:50:00+00:00,2021-09-13 02:40:00+00:00,SHORT,0.73,1789.318,1787.17065,134.86,1.8473499999999603,TP_Z_NEUTRAL,50.0,119.72,-68.62
LONDON_ORB,2021-09-13 09:35:00+00:00,2021-09-13 10:08:00+00:00,SELL,1.62,1789.098,1790.418,-262.44,-1.62,SL,170.0,199.26,-168.32
NY_ORB,2021-09-13 14:00:00+00:00,2021-09-13 14:11:00+00:00,BUY,0.83,1792.538,1797.466,384.13,4.628,TP,60.0,475.25,0.0
LONDON_ORB,2021-09-14 09:37:00+00:00,2021-09-14 11:29:00+00:00,SELL,0.8,1788.034,1787.734,0.0,0.0,TIME,565.0,220.0,-46.72
NY_ORB,2021-09-14 14:40:00+00:00,2021-09-14 16:29:00+00:00,BUY,0.21,1800.454,1803.648,60.77,2.894,TIME,550.0,170.18,0.0
LONDON_ORB,2021-09-15 09:20:00+00:00,2021-09-15 09:45:00+00:00,SELL,1.72,1801.385,1802.628,-265.39,-1.543,SL,130.0,110.24,-175.95
LONDON_ORB,2021-09-16 09:35:00+00:00,2021-09-16 09:40:00+00:00,SELL,1.76,1785.258,1782.86,369.26,2.098,TP,30.0,545.6,0.0
NY_ORB,2021-09-16 13:50:00+00:00,2021-09-16 15:08:00+00:00,SELL,0.35,1751.528,1757.624,-223.87,-6.396,SL,395.0,220.85,-205.77
ASIAN_MR,2021-09-17 01:05:00+00:00,2021-09-17 01:40:00+00:00,SHORT,0.99,1757.008,1754.8506000000002,183.88,1.857399999999825,TP_Z_NEUTRAL,35.0,126.72,-93.06
LONDON_ORB,2021-09-17 08:30:00+00:00,2021-09-17 08:38:00+00:00,BUY,1.73,1762.324,1764.8160000000003,379.22,2.192,TP,45.0,459.15,-69.2
NY_ORB,2021-09-17 13:50:00+00:00,2021-09-17 14:01:00+00:00,SELL,0.42,1748.757,1754.157,-239.4,-5.7,SL,60.0,12.18,-220.95
LONDON_ORB,2021-09-20 08:45:00+00:00,2021-09-20 09:01:00+00:00,BUY,1.29,1754.734,1758.174,405.06,3.14,TP,85.0,453.17,0.0
NY_ORB,2021-09-20 14:25:00+00:00,2021-09-20 14:41:00+00:00,BUY,0.57,1758.427,1766.4929999999997,442.66,7.766,TP,85.0,461.7,0.0
ASIAN_MR,2021-09-21 02:05:00+00:00,2021-09-21 02:15:00+00:00,SHORT,1.06,1765.628,1763.9001,151.36,1.4278999999998632,TP_Z_NEUTRAL,10.0,117.66,-15.9
LONDON_ORB,2021-09-21 09:35:00+00:00,2021-09-21 09:48:00+00:00,BUY,0.96,1761.728,1766.788,456.96,4.76,TP,70.0,495.36,0.0
LONDON_ORB,2021-09-22 10:45:00+00:00,2021-09-22 11:29:00+00:00,SELL,0.78,1774.704,1773.348,82.37,1.056,TIME,225.0,180.65,-48.61
LONDON_ORB,2021-09-23 09:20:00+00:00,2021-09-23 09:20:00+00:00,BUY,1.38,1767.307,1770.907,455.4,3.3,TP,5.0,696.9,0.0
LONDON_ORB,2021-09-24 08:15:00+00:00,2021-09-24 11:16:00+00:00,BUY,1.01,1755.837,1753.248,-291.79,-2.889,SL,910.0,173.72,-330.17
NY_ORB,2021-09-24 14:05:00+00:00,2021-09-24 15:03:00+00:00,BUY,0.63,1744.838,1752.986,494.42,7.848,TP,295.0,566.31,-90.97
ASIAN_MR,2021-09-27 01:25:00+00:00,2021-09-27 01:50:00+00:00,SHORT,0.82,1757.578,1759.1656964978774,-154.79,-1.8876964978774595,SL_ATR,25.0,0.0,-154.98
LONDON_ORB,2021-09-27 09:35:00+00:00,2021-09-27 09:35:00+00:00,SELL,1.63,1753.448,1750.2480000000003,472.7,2.9,TP,5.0,598.86,0.0
NY_ORB,2021-09-27 13:50:00+00:00,2021-09-27 14:50:00+00:00,BUY,0.84,1753.014,1749.828,-292.82,-3.486,SL,305.0,404.38,-306.26
LONDON_ORB,2021-09-28 09:35:00+00:00,2021-09-28 11:07:00+00:00,SELL,0.63,1740.388,1732.116,502.24,7.972,TP,465.0,547.47,-10.08
ASIAN_MR,2021-09-29 01:50:00+00:00,2021-09-29 02:20:00+00:00,SHORT,1.06,1736.675,1737.9625117162707,-168.28,-1.5875117162707284,SL_ATR,30.0,75.26,-167.8
LONDON_ORB,2021-09-29 08:24:00+00:00,2021-09-29 11:29:00+00:00,BUY,1.05,1741.058,1741.255,-10.8,-0.103,TIME,930.0,457.8,-149.1
NY_ORB,2021-09-29 14:15:00+00:00,2021-09-29 14:20:00+00:00,SELL,0.57,1735.665,1726.359,513.34,9.006,TP,30.0,547.77,0.0
ASIAN_MR,2021-09-30 03:25:00+00:00,2021-09-30 03:45:00+00:00,SHORT,1.23,1734.508,1732.691,186.59,1.5170000000000072,TP_Z_NEUTRAL,20.0,148.83,0.0
LONDON_ORB,2021-09-30 09:10:00+00:00,2021-09-30 10:31:00+00:00,SELL,1.1,1731.398,1726.2579999999996,532.4,4.84,TP,410.0,609.4,-36.3
NY_ORB,2021-09-30 14:10:00+00:00,2021-09-30 14:27:00+00:00,BUY,0.63,1742.728,1751.9480000000003,561.96,8.92,TP,90.0,617.29,0.0
NY_ORB,2021-10-01 14:35:00+00:00,2021-10-01 16:29:00+00:00,BUY,0.69,1759.028,1762.278,203.55,2.95,TIME,575.0,353.97,-229.96
LONDON_ORB,2021-10-04 08:30:00+00:00,2021-10-04 11:03:00+00:00,SELL,1.36,1753.055,1748.4490000000003,585.62,4.306,TP,770.0,686.14,0.0
NY_ORB,2021-10-04 14:00:00+00:00,2021-10-04 14:23:00+00:00,BUY,0.85,1752.208,1759.9140000000002,629.53,7.406,TP,120.0,752.01,-15.75
ASIAN_MR,2021-10-05 01:40:00+00:00,2021-10-05 02:35:00+00:00,LONG,1.44,1763.845,1762.6901720269113,-209.5,-1.4548279730886862,SL_ATR,55.0,173.23,-169.49
LONDON_ORB,2021-10-05 10:35:00+00:00,2021-10-05 10:35:00+00:00,SELL,2.48,1758.708,1756.0280000000002,590.24,2.38,TP,5.0,744.74,0.0
NY_ORB,2021-10-05 13:55:00+00:00,2021-10-05 15:25:00+00:00,SELL,0.81,1752.178,1756.288,-357.21,-4.41,SL,455.0,298.89,-311.42
LONDON_ORB,2021-10-06 10:30:00+00:00,2021-10-06 11:23:00+00:00,BUY,1.05,1749.128,1755.588,646.8,6.16,TP,270.0,741.3,-68.59
ASIAN_MR,2021-10-08 01:05:00+00:00,2021-10-08 01:15:00+00:00,SHORT,1.39,1756.215,1757.4566713397437,-214.29,-1.541671339743789,SL_ATR,10.0,102.86,-188.07
LONDON_ORB,2021-10-08 09:05:00+00:00,2021-10-08 09:40:00+00:00,BUY,2.92,1756.328,1758.694,603.28,2.066,TP,180.0,718.32,-14.6
NY_ORB,2021-10-08 14:15:00+00:00,2021-10-08 14:37:00+00:00,SELL,0.44,1772.238,1756.9580000000003,659.12,14.98,TP,115.0,708.4,0.0
ASIAN_MR,2021-10-11 01:45:00+00:00,2021-10-11 02:05:00+00:00,SHORT,1.25,1760.488,1757.8686999999998,289.91,2.319300000000294,TP_Z_NEUTRAL,20.0,219.13,-30.0
LONDON_ORB,2021-10-11 11:05:00+00:00,2021-10-11 11:29:00+00:00,SELL,3.14,1755.888,1754.398,373.66,1.19,TIME,125.0,778.72,0.0
LONDON_ORB,2021-10-12 09:30:00+00:00,2021-10-12 10:39:00+00:00,BUY,2.39,1758.168,1761.3879999999997,697.88,2.92,TP,350.0,810.21,0.0
NY_ORB,2021-10-12 13:50:00+00:00,2021-10-12 16:29:00+00:00,BUY,0.94,1761.278,1760.768,-76.14,-0.81,TIME,800.0,748.24,-133.48
LONDON_ORB,2021-10-13 10:10:00+00:00,2021-10-13 11:29:00+00:00,BUY,1.38,1767.808,1771.768,505.08,3.66,TIME,400.0,765.9,0.0
ASIAN_MR,2021-10-14 01:55:00+00:00,2021-10-14 02:30:00+00:00,LONG,1.8,1789.404,1788.2843596255977,-255.54,-1.4196403744022519,SL_ATR,35.0,108.0,-215.28
LONDON_ORB,2021-10-14 10:05:00+00:00,2021-10-14 11:04:00+00:00,BUY,1.85,1795.828,1800.156,745.2,4.028,TP,300.0,806.6,0.0
NY_ORB,2021-10-14 14:08:00+00:00,2021-10-14 16:29:00+00:00,BUY,0.78,1799.048,1796.798,-198.9,-2.55,TIME,710.0,18.41,-350.22
LONDON_ORB,2021-10-15 09:10:00+00:00,2021-10-15 09:39:00+00:00,SELL,1.49,1786.608,1781.128,771.82,5.18,TP,150.0,879.72,0.0
NY_ORB,2021-10-15 13:45:00+00:00,2021-10-15 16:29:00+00:00,BUY,0.85,1770.904,1768.118,-262.33,-3.086,TIME,825.0,457.62,-395.78
LONDON_ORB,2021-10-18 08:25:00+00:00,2021-10-18 11:29:00+00:00,SELL,1.53,1764.044,1763.398,52.92,0.346,TIME,925.0,590.58,-229.5
LONDON_ORB,2021-10-19 09:10:00+00:00,2021-10-19 10:43:00+00:00,SELL,2.64,1780.824,1777.6240000000003,765.6,2.9,TP,470.0,950.4,-145.2
NY_ORB,2021-10-19 14:20:00+00:00,2021-10-19 16:29:00+00:00,SELL,0.93,1776.364,1767.798,768.73,8.266,TIME,650.0,867.31,0.0
LONDON_ORB,2021-10-20 11:00:00+00:00,2021-10-20 11:00:00+00:00,BUY,3.68,1777.634,1780.094,794.88,2.16,TP,5.0,1024.51,0.0
NY_ORB,2021-10-20 14:30:00+00:00,2021-10-20 16:29:00+00:00,BUY,0.7,1781.578,1784.928,213.5,3.05,TIME,600.0,266.41,-24.09
ASIAN_MR,2021-10-21 02:00:00+00:00,2021-10-21 02:05:00+00:00,SHORT,1.68,1786.658,1788.0535014228512,-284.84,-1.6955014228513392,SL_ATR,5.0,28.56,-287.28
LONDON_ORB,2021-10-21 10:25:00+00:00,2021-10-21 10:25:00+00:00,BUY,3.33,1783.188,1785.996,835.19,2.508,TP,5.0,1084.24,0.0
ASIAN_MR,2021-10-22 01:10:00+00:00,2021-10-22 01:20:00+00:00,SHORT,2.06,1786.348,1785.12595,189.94,0.9220499999998537,TP_Z_NEUTRAL,10.0,249.26,-20.6
LONDON_ORB,2021-10-22 09:10:00+00:00,2021-10-22 11:21:00+00:00,SELL,2.44,1792.594,1794.618,-567.06,-2.324,SL,660.0,405.04,-581.7
NY_ORB,2021-10-22 15:16:00+00:00,2021-10-22 15:31:00+00:00,SELL,1.49,1804.068,1797.548,926.78,6.22,TP,80.0,1026.01,-245.85
ASIAN_MR,2021-10-25 03:15:00+00:00,2021-10-25 03:35:00+00:00,SHORT,1.7,1796.584,1798.0442127696983,-299.24,-1.7602127696982734,SL_ATR,20.0,34.0,-306.68
LONDON_ORB,2021-10-25 08:25:00+00:00,2021-10-25 09:37:00+00:00,BUY,2.14,1800.794,1798.504,-554.26,-2.59,SL,365.0,593.64,-492.2
NY_ORB,2021-10-25 13:55:00+00:00,2021-10-25 16:29:00+00:00,BUY,1.25,1806.454,1807.128,46.73,0.374,TIME,775.0,440.0,-175.0
LONDON_ORB,2021-10-26 11:15:00+00:00,2021-10-26 11:29:00+00:00,BUY,2.21,1802.018,1803.518,265.2,1.2,TIME,75.0,447.73,0.0
NY_ORB,2021-10-26 14:30:00+00:00,2021-10-26 16:29:00+00:00,SELL,0.73,1789.198,1791.664,-201.91,-2.766,TIME,600.0,305.14,-224.84
LONDON_ORB,2021-10-27 08:35:00+00:00,2021-10-27 09:10:00+00:00,SELL,2.34,1786.118,1788.148,-545.22,-2.33,SL,180.0,484.38,-409.5
NY_ORB,2021-10-27 14:05:00+00:00,2021-10-27 16:29:00+00:00,SELL,0.82,1792.478,1795.478,-270.6,-3.3,TIME,725.0,640.42,-328.0
ASIAN_MR,2021-10-28 01:50:00+00:00,2021-10-28 02:10:00+00:00,SHORT,1.51,1798.024,1799.5555271585358,-276.56,-1.831527158535937,SL_ATR,20.0,188.15,-252.17
LONDON_ORB,2021-10-28 08:55:00+00:00,2021-10-28 09:47:00+00:00,SELL,2.58,1801.188,1797.6680000000001,830.76,3.22,TP,265.0,1145.52,-5.16
LONDON_ORB,2021-10-29 08:30:00+00:00,2021-10-29 09:29:00+00:00,SELL,2.55,1794.394,1796.244,-548.25,-2.15,SL,300.0,916.99,-401.36
NY_ORB,2021-10-29 14:10:00+00:00,2021-10-29 14:26:00+00:00,BUY,0.99,1779.498,1774.924,-482.54,-4.874,SL,85.0,211.45,-498.96
ASIAN_MR,2021-11-01 01:45:00+00:00,2021-11-01 02:00:00+00:00,SHORT,1.5,1783.438,1784.9481081233757,-271.52,-1.8101081233756304,SL_ATR,15.0,48.6,-341.4
LONDON_ORB,2021-11-01 11:10:00+00:00,2021-11-01 11:29:00+00:00,BUY,1.96,1783.628,1783.208,-141.12,-0.72,TIME,100.0,410.82,-224.22
ASIAN_MR,2021-11-02 01:15:00+00:00,2021-11-02 01:25:00+00:00,LONG,1.04,1789.878,1791.3944,126.51,1.216399999999976,TP_Z_NEUTRAL,10.0,126.88,-57.2
LONDON_ORB,2021-11-02 08:48:00+00:00,2021-11-02 11:17:00+00:00,BUY,1.4,1794.458,1791.218,-495.6,-3.54,SL,750.0,145.6,-514.36
NY_ORB,2021-11-02 14:10:00+00:00,2021-11-02 15:21:00+00:00,SELL,0.99,1788.908,1793.358,-470.25,-4.75,SL,360.0,203.94,-419.76
LONDON_ORB,2021-11-03 09:40:00+00:00,2021-11-03 10:12:00+00:00,BUY,3.11,1782.308,1780.918,-525.59,-1.69,SL,165.0,230.14,-594.01
NY_ORB,2021-11-03 14:25:00+00:00,2021-11-03 16:29:00+00:00,SELL,0.94,1766.514,1762.788,322.05,3.426,TIME,625.0,739.78,0.0
LONDON_ORB,2021-11-04 08:25:00+00:00,2021-11-04 11:08:00+00:00,BUY,1.65,1774.724,1779.8439999999998,795.3,4.82,TP,820.0,874.5,-173.25
ASIAN_MR,2021-11-05 01:15:00+00:00,2021-11-05 02:00:00+00:00,SHORT,1.57,1794.364,1795.7617593720374,-266.55,-1.697759372037399,SL_ATR,45.0,177.41,-235.5
LONDON_ORB,2021-11-05 08:16:00+00:00,2021-11-05 09:21:00+00:00,BUY,1.91,1797.058,1794.794,-489.72,-2.564,SL,330.0,566.51,-475.59
NY_ORB,2021-11-05 15:50:00+00:00,2021-11-05 16:18:00+00:00,BUY,0.85,1802.004,1811.984,822.8,9.68,TP,145.0,850.85,0.0
ASIAN_MR,2021-11-08 01:10:00+00:00,2021-11-08 01:15:00+00:00,SHORT,1.13,1818.973,1820.9052050493917,-252.24,-2.2322050493917684,SL_ATR,5.0,5.65,-228.26
LONDON_ORB,2021-11-08 09:00:00+00:00,2021-11-08 10:02:00+00:00,SELL,1.8,1815.618,1818.033,-488.67,-2.715,SL,315.0,525.6,-482.4
ASIAN_MR,2021-11-09 01:25:00+00:00,2021-11-09 01:35:00+00:00,SHORT,1.98,1825.863,1824.4346,223.42,1.1284000000000105,TP_Z_NEUTRAL,10.0,369.27,-29.7
LONDON_ORB,2021-11-09 08:15:00+00:00,2021-11-09 11:29:00+00:00,BUY,1.4,1823.018,1825.838,352.8,2.52,TIME,975.0,513.1,-67.2
NY_ORB,2021-11-09 13:45:00+00:00,2021-11-09 15:02:00+00:00,BUY,0.82,1829.848,1824.418,-469.86,-5.73,SL,390.0,36.08,-484.62
LONDON_ORB,2021-11-10 10:20:00+00:00,2021-11-10 11:23:00+00:00,BUY,1.45,1825.938,1822.963,-474.9,-3.275,SL,320.0,58.7,-435.0
NY_ORB,2021-11-10 14:05:00+00:00,2021-11-10 16:29:00+00:00,BUY,0.16,1851.668,1857.708,91.84,5.74,TIME,725.0,268.64,-8.53
ASIAN_MR,2021-11-11 01:40:00+00:00,2021-11-11 01:55:00+00:00,LONG,1.19,1847.114,1845.3514318143652,-245.45,-2.062568185634791,SL_ATR,15.0,5.95,-243.95
LONDON_ORB,2021-11-11 09:00:00+00:00,2021-11-11 11:29:00+00:00,BUY,1.46,1858.108,1862.118,541.66,3.71,TIME,750.0,747.52,0.0
NY_ORB,2021-11-11 13:50:00+00:00,2021-11-11 14:17:00+00:00,BUY,1.39,1862.508,1859.434,-468.96,-3.374,SL,140.0,460.95,-435.6
ASIAN_MR,2021-11-12 01:30:00+00:00,2021-11-12 01:40:00+00:00,LONG,1.62,1858.228,1860.032,243.65,1.50399999999986,TP_Z_NEUTRAL,10.0,217.08,-92.99
LONDON_ORB,2021-11-12 08:20:00+00:00,2021-11-12 10:35:00+00:00,SELL,1.27,1855.258,1848.586,809.25,6.372,TP,680.0,1008.38,-102.87
NY_ORB,2021-11-12 14:35:00+00:00,2021-11-12 16:29:00+00:00,BUY,0.93,1858.088,1861.544,293.5,3.156,TIME,575.0,724.47,-249.62
ASIAN_MR,2021-11-15 01:45:00+00:00,2021-11-15 02:30:00+00:00,LONG,1.09,1858.684,1862.9485,432.13,3.9644999999999984,TP_Z_NEUTRAL,45.0,384.77,-111.83
LONDON_ORB,2021-11-15 08:25:00+00:00,2021-11-15 08:43:00+00:00,BUY,2.44,1862.178,1860.328,-524.6,-2.15,SL,95.0,307.44,-617.32
NY_ORB,2021-11-15 15:10:00+00:00,2021-11-15 16:29:00+00:00,SELL,0.83,1862.248,1864.324,-197.21,-2.376,TIME,400.0,274.23,-205.01
ASIAN_MR,2021-11-16 01:10:00+00:00,2021-11-16 01:45:00+00:00,SHORT,1.84,1864.988,1863.22055,270.01,1.4674500000000534,TP_Z_NEUTRAL,35.0,444.18,-12.14
LONDON_ORB,2021-11-16 08:20:00+00:00,2021-11-16 08:52:00+00:00,BUY,2.34,1865.678,1869.5060000000005,825.57,3.528,TP,165.0,1022.58,-304.2
NY_ORB,2021-11-16 14:00:00+00:00,2021-11-16 14:08:00+00:00,SELL,1.44,1869.348,1862.9879999999998,872.64,6.06,TP,45.0,1144.8,0.0
LONDON_ORB,2021-11-17 10:05:00+00:00,2021-11-17 11:29:00+00:00,BUY,2.33,1857.778,1860.958,671.04,2.88,TIME,425.0,827.15,0.0
NY_ORB,2021-11-17 15:15:00+00:00,2021-11-17 16:29:00+00:00,BUY,1.17,1864.128,1864.834,47.48,0.406,TIME,375.0,297.18,-466.15
LONDON_ORB,2021-11-18 08:35:00+00:00,2021-11-18 10:25:00+00:00,SELL,1.85,1866.938,1861.5380000000005,943.5,5.1,TP,555.0,1110.0,0.0
ASIAN_MR,2021-11-19 01:50:00+00:00,2021-11-19 02:10:00+00:00,SHORT,2.24,1861.498,1859.9867000000002,271.33,1.211299999999892,TP_Z_NEUTRAL,20.0,244.16,-35.84
LONDON_ORB,2021-11-19 08:15:00+00:00,2021-11-19 08:21:00+00:00,BUY,2.78,1859.068,1857.198,-603.26,-2.17,SL,35.0,52.82,-575.46
NY_ORB,2021-11-19 13:50:00+00:00,2021-11-19 14:05:00+00:00,SELL,1.45,1859.994,1863.532,-556.48,-3.838,SL,80.0,332.93,-654.52
ASIAN_MR,2021-11-22 04:15:00+00:00,2021-11-22 04:40:00+00:00,SHORT,2.19,1848.538,1846.4361999999996,394.59,1.8018000000003667,TP_Z_NEUTRAL,25.0,212.43,-97.67
LONDON_ORB,2021-11-22 10:45:00+00:00,2021-11-22 11:29:00+00:00,SELL,1.32,1842.628,1838.578,495.0,3.75,TIME,225.0,716.76,0.0
NY_ORB,2021-11-22 14:05:00+00:00,2021-11-22 14:17:00+00:00,SELL,0.77,1834.858,1821.6979999999996,990.22,12.86,TP,65.0,1469.16,0.0
ASIAN_MR,2021-11-23 01:20:00+00:00,2021-11-23 01:40:00+00:00,SHORT,1.76,1810.304,1811.823235141296,-320.19,-1.8192351412958943,SL_ATR,20.0,131.3,-267.52
LONDON_ORB,2021-11-23 08:30:00+00:00,2021-11-23 09:29:00+00:00,SELL,1.58,1805.018,1798.4180000000001,995.4,6.3,TP,300.0,1097.18,-102.7
ASIAN_MR,2021-11-24 02:00:00+00:00,2021-11-24 02:55:00+00:00,SHORT,1.6,1793.895,1791.3460499999997,359.83,2.248950000000332,TP_Z_NEUTRAL,55.0,157.92,-222.88
LONDON_ORB,2021-11-24 09:55:00+00:00,2021-11-24 11:05:00+00:00,SELL,2.56,1792.278,1787.9379999999999,1034.24,4.04,TP,355.0,1198.08,-189.44
NY_ORB,2021-11-24 14:16:00+00:00,2021-11-24 16:29:00+00:00,SELL,1.0,1781.898,1787.668,-607.0,-6.07,SL,670.0,244.0,-548.0
LONDON_ORB,2021-11-25 08:20:00+00:00,2021-11-25 09:07:00+00:00,BUY,8.49,1793.675,1793.015,-815.04,-0.96,SL,240.0,1097.74,-774.27
NY_ORB,2021-11-25 15:05:00+00:00,2021-11-25 16:29:00+00:00,SELL,5.31,1789.898,1789.739,-74.88,-0.141,TIME,425.0,1157.58,-58.41
ASIAN_MR,2021-11-26 02:55:00+00:00,2021-11-26 03:00:00+00:00,SHORT,2.11,1794.055,1795.3350027351205,-333.38,-1.5800027351204335,SL_ATR,5.0,7.6,-388.87
LONDON_ORB,2021-11-26 08:20:00+00:00,2021-11-26 08:25:00+00:00,BUY,2.68,1808.205,1806.208,-615.6,-2.297,SL,30.0,175.0,-691.44
NY_ORB,2021-11-26 14:40:00+00:00,2021-11-26 16:29:00+00:00,SELL,0.79,1798.818,1795.968,201.45,2.55,TIME,550.0,283.08,-366.56
NY_ORB,2021-11-29 14:35:00+00:00,2021-11-29 16:29:00+00:00,SELL,1.39,1788.268,1784.459,487.76,3.509,TIME,575.0,646.35,-216.44
ASIAN_MR,2021-11-30 01:55:00+00:00,2021-11-30 02:30:00+00:00,SHORT,1.72,1788.358,1789.9199098866002,-320.25,-1.8619098866002333,SL_ATR,35.0,123.84,-283.28
LONDON_ORB,2021-11-30 10:35:00+00:00,2021-11-30 11:29:00+00:00,BUY,1.6,1794.769,1794.058,-161.73,-1.011,TIME,275.0,460.67,-133.47
NY_ORB,2021-11-30 14:50:00+00:00,2021-11-30 15:12:00+00:00,BUY,0.99,1796.359,1806.8809999999999,1011.98,10.222,TP,115.0,1213.67,0.0
ASIAN_MR,2021-12-01 02:25:00+00:00,2021-12-01 03:25:00+00:00,SHORT,1.41,1778.308,1779.208,-169.2,-1.200000000000091,TIME_STOP_60M,60.0,197.82,-273.54
LONDON_ORB,2021-12-01 10:35:00+00:00,2021-12-01 11:29:00+00:00,BUY,1.02,1785.008,1786.288,99.96,0.98,TIME,275.0,260.1,-106.83
NY_ORB,2021-12-01 14:40:00+00:00,2021-12-01 15:05:00+00:00,SELL,1.64,1787.058,1790.398,-596.96,-3.64,SL,130.0,395.24,-831.82
LONDON_ORB,2021-12-02 08:30:00+00:00,2021-12-02 11:00:00+00:00,SELL,1.41,1772.528,1776.428,-592.2,-4.2,SL,755.0,401.85,-658.47
NY_ORB,2021-12-02 14:35:00+00:00,2021-12-02 14:55:00+00:00,SELL,1.24,1773.428,1765.1680000000003,987.04,7.96,TP,105.0,1230.08,-42.16
ASIAN_MR,2021-12-03 03:15:00+00:00,2021-12-03 03:50:00+00:00,SHORT,1.94,1773.148,1771.23455,313.01,1.6134500000000116,TP_Z_NEUTRAL,35.0,83.42,-221.16
LONDON_ORB,2021-12-03 10:14:00+00:00,2021-12-03 11:29:00+00:00,BUY,1.72,1770.748,1772.275,211.08,1.227,TIME,380.0,450.64,-123.84
NY_ORB,2021-12-03 13:50:00+00:00,2021-12-03 16:29:00+00:00,SELL,0.62,1769.385,1776.745,-474.92,-7.66,TIME,800.0,191.58,-529.07
ASIAN_MR,2021-12-06 01:45:00+00:00,2021-12-06 02:45:00+00:00,SHORT,1.7,1785.503,1787.405,-374.34,-2.2020000000000435,TIME_STOP_60M,60.0,91.46,-362.44
LONDON_ORB,2021-12-06 08:45:00+00:00,2021-12-06 09:46:00+00:00,SELL,3.42,1781.238,1778.0980000000002,971.28,2.84,TP,310.0,1224.36,-369.36
NY_ORB,2021-12-06 14:40:00+00:00,2021-12-06 16:29:00+00:00,SELL,2.09,1779.348,1780.1,-219.87,-1.052,TIME,550.0,786.05,-445.17
LONDON_ORB,2021-12-07 09:02:00+00:00,2021-12-07 11:29:00+00:00,SELL,2.48,1780.945,1781.858,-300.84,-1.213,TIME,740.0,904.44,-290.92
NY_ORB,2021-12-07 14:15:00+00:00,2021-12-07 16:29:00+00:00,BUY,0.82,1778.685,1785.705,551.04,6.72,TIME,675.0,575.64,-28.7
ASIAN_MR,2021-12-08 02:15:00+00:00,2021-12-08 03:05:00+00:00,SHORT,2.47,1789.348,1786.27405,685.17,2.773949999999968,TP_Z_NEUTRAL,50.0,150.67,-264.29
LONDON_ORB,2021-12-08 08:20:00+00:00,2021-12-08 09:33:00+00:00,SELL,2.57,1787.898,1790.098,-642.5,-2.5,SL,370.0,565.4,-506.29
NY_ORB,2021-12-08 14:50:00+00:00,2021-12-08 16:29:00+00:00,SELL,1.39,1781.508,1782.715,-209.47,-1.507,TIME,500.0,201.97,-482.33
LONDON_ORB,2021-12-09 10:35:00+00:00,2021-12-09 11:29:00+00:00,SELL,2.49,1785.298,1782.525,615.79,2.473,TIME,275.0,776.88,0.0
NY_ORB,2021-12-09 14:25:00+00:00,2021-12-09 16:29:00+00:00,BUY,1.27,1778.105,1776.715,-214.63,-1.69,TIME,625.0,558.02,-547.02
LONDON_ORB,2021-12-10 08:20:00+00:00,2021-12-10 08:35:00+00:00,SELL,4.42,1771.965,1773.245,-698.36,-1.58,SL,80.0,663.0,-487.53
NY_ORB,2021-12-10 14:00:00+00:00,2021-12-10 16:29:00+00:00,BUY,0.68,1782.465,1785.365,176.8,2.6,TIME,750.0,471.44,-259.56
ASIAN_MR,2021-12-13 01:50:00+00:00,2021-12-13 02:00:00+00:00,SHORT,2.58,1786.165,1787.2277050338525,-351.58,-1.3627050338525806,SL_ATR,10.0,120.49,-508.26
LONDON_ORB,2021-12-13 10:35:00+00:00,2021-12-13 10:50:00+00:00,SELL,3.47,1785.315,1786.885,-648.89,-1.87,SL,80.0,333.12,-541.32
NY_ORB,2021-12-13 14:55:00+00:00,2021-12-13 14:56:00+00:00,BUY,2.92,1784.798,1788.4040000000002,965.33,3.306,TP,10.0,1059.96,0.0
LONDON_ORB,2021-12-14 08:30:00+00:00,2021-12-14 08:42:00+00:00,SELL,3.03,1782.708,1784.538,-645.39,-2.13,SL,65.0,181.8,-466.62
NY_ORB,2021-12-14 13:47:00+00:00,2021-12-14 16:29:00+00:00,SELL,0.74,1773.608,1773.085,16.48,0.223,TIME,815.0,536.5,-332.26
NY_ORB,2021-12-15 13:45:00+00:00,2021-12-15 16:29:00+00:00,SELL,1.34,1769.565,1766.688,345.32,2.577,TIME,825.0,717.84,-379.62
ASIAN_MR,2021-12-16 01:45:00+00:00,2021-12-16 02:00:00+00:00,SHORT,1.67,1781.188,1782.8059348668248,-320.3,-1.9179348668247258,SL_ATR,15.0,1.67,-386.94
LONDON_ORB,2021-12-16 10:35:00+00:00,2021-12-16 11:29:00+00:00,BUY,3.1,1786.188,1787.408,285.2,0.92,TIME,275.0,638.6,-131.14
NY_ORB,2021-12-16 14:10:00+00:00,2021-12-16 15:02:00+00:00,BUY,1.56,1789.448,1796.3080000000002,1023.36,6.56,TP,265.0,1127.88,-402.48
ASIAN_MR,2021-12-17 01:55:00+00:00,2021-12-17 02:30:00+00:00,SHORT,2.08,1802.185,1803.5316110460672,-342.5,-1.6466110460672099,SL_ATR,35.0,111.7,-280.8
LONDON_ORB,2021-12-17 09:40:00+00:00,2021-12-17 11:25:00+00:00,SELL,2.72,1807.798,1809.865,-643.8,-2.367,SL,530.0,544.84,-540.44
NY_ORB,2021-12-17 13:45:00+00:00,2021-12-17 16:29:00+00:00,SELL,1.09,1809.058,1803.815,538.8,4.943,TIME,825.0,749.92,-69.42
LONDON_ORB,2021-12-20 08:40:00+00:00,2021-12-20 09:01:00+00:00,BUY,4.24,1799.235,1801.8549999999998,983.68,2.32,TP,110.0,1150.29,-181.07
NY_ORB,2021-12-20 15:00:00+00:00,2021-12-20 16:29:00+00:00,SELL,1.37,1794.068,1794.129,-49.46,-0.361,TIME,450.0,325.12,-487.29
ASIAN_MR,2021-12-21 01:25:00+00:00,2021-12-21 01:30:00+00:00,LONG,2.3,1789.748,1790.86465,187.83,0.8166499999999359,TP_Z_NEUTRAL,5.0,229.31,-18.4
LONDON_ORB,2021-12-21 10:15:00+00:00,2021-12-21 11:29:00+00:00,BUY,1.81,1795.388,1796.948,228.06,1.26,TIME,375.0,416.3,-5.43
NY_ORB,2021-12-21 13:45:00+00:00,2021-12-21 15:36:00+00:00,SELL,1.68,1795.888,1788.8079999999995,1139.04,6.78,TP,560.0,1350.72,-399.33
LONDON_ORB,2021-12-22 09:00:00+00:00,2021-12-22 10:23:00+00:00,SELL,2.04,1786.739,1789.668,-658.69,-3.229,SL,420.0,20.63,-586.69
NY_ORB,2021-12-22 14:00:00+00:00,2021-12-22 14:47:00+00:00,BUY,2.37,1793.198,1790.718,-658.86,-2.78,SL,240.0,385.57,-616.2
ASIAN_MR,2021-12-23 02:05:00+00:00,2021-12-23 02:25:00+00:00,SHORT,2.35,1807.458,1804.6711500000001,584.41,2.4868499999999587,TP_Z_NEUTRAL,20.0,359.55,-88.59
LONDON_ORB,2021-12-23 08:15:00+00:00,2021-12-23 10:28:00+00:00,BUY,3.1,1807.588,1805.695,-679.86,-2.193,SL,670.0,102.6,-630.26
NY_ORB,2021-12-23 14:10:00+00:00,2021-12-23 14:40:00+00:00,SELL,1.73,1806.565,1799.819,1115.13,6.446,TP,155.0,1347.17,-95.65
ASIAN_MR,2021-12-27 01:25:00+00:00,2021-12-27 02:05:00+00:00,SHORT,2.59,1811.084,1808.2032,668.43,2.580800000000136,TP_Z_NEUTRAL,40.0,234.65,-176.12
LONDON_ORB,2021-12-27 09:50:00+00:00,2021-12-27 09:50:00+00:00,SELL,5.44,1808.088,1805.8479999999997,1055.36,1.94,TP,5.0,1432.87,0.0
NY_ORB,2021-12-27 13:50:00+00:00,2021-12-27 16:29:00+00:00,BUY,1.19,1808.108,1812.015,429.27,3.607,TIME,800.0,628.32,-106.31
LONDON_ORB,2021-12-28 10:40:00+00:00,2021-12-28 11:00:00+00:00,BUY,4.42,1814.898,1817.8059999999998,1152.74,2.608,TP,105.0,1333.07,0.0
NY_ORB,2021-12-28 13:52:00+00:00,2021-12-28 14:07:00+00:00,SELL,3.74,1818.328,1814.786,1212.51,3.242,TP,80.0,2653.16,-73.3
LONDON_ORB,2021-12-29 10:20:00+00:00,2021-12-29 10:51:00+00:00,SELL,2.24,1802.145,1796.085,1290.24,5.76,TP,160.0,1458.24,0.0
NY_ORB,2021-12-29 14:35:00+00:00,2021-12-29 15:05:00+00:00,BUY,2.77,1793.588,1798.6739999999998,1325.76,4.786,TP,155.0,1572.56,-193.9
LONDON_ORB,2021-12-30 09:25:00+00:00,2021-12-30 11:23:00+00:00,BUY,4.92,1799.548,1802.588,1348.08,2.74,TP,595.0,1618.68,-255.84
NY_ORB,2021-12-30 14:35:00+00:00,2021-12-30 16:12:00+00:00,BUY,2.4,1802.848,1809.368,1492.8,6.22,TP,490.0,1687.2,0.0
ASIAN_MR,2021-12-31 03:10:00+00:00,2021-12-31 03:40:00+00:00,SHORT,3.3,1818.078,1816.2798500000001,494.39,1.4981499999998504,TP_Z_NEUTRAL,30.0,389.4,-231.0
LONDON_ORB,2021-12-31 08:25:00+00:00,2021-12-31 11:29:00+00:00,BUY,3.44,1817.298,1818.778,405.92,1.18,TIME,925.0,996.18,-3.44
NY_ORB,2021-12-31 14:00:00+00:00,2021-12-31 14:46:00+00:00,SELL,3.06,1824.708,1827.404,-916.78,-2.996,SL,235.0,651.78,-766.84
ASIAN_MR,2022-01-03 02:10:00+00:00,2022-01-03 02:30:00+00:00,LONG,3.09,1826.888,1825.6039546029838,-489.47,-1.5840453970161434,SL_ATR,20.0,216.3,-401.7
LONDON_ORB,2022-01-03 09:15:00+00:00,2022-01-03 11:29:00+00:00,BUY,4.93,1824.238,1824.104,-213.96,-0.434,TIME,675.0,1565.77,-123.25
NY_ORB,2022-01-03 13:50:00+00:00,2022-01-03 16:29:00+00:00,SELL,1.37,1807.278,1800.358,906.94,6.62,TIME,800.0,1245.23,-493.2
LONDON_ORB,2022-01-04 08:28:00+00:00,2022-01-04 08:46:00+00:00,BUY,3.51,1806.368,1804.078,-909.09,-2.59,SL,95.0,125.26,-852.93
NY_ORB,2022-01-04 14:00:00+00:00,2022-01-04 14:53:00+00:00,BUY,2.94,1805.185,1810.5249999999996,1481.76,5.04,TP,270.0,1650.22,0.0
LONDON_ORB,2022-01-05 08:25:00+00:00,2022-01-05 11:29:00+00:00,BUY,2.85,1816.034,1820.384,1154.25,4.05,TIME,925.0,1313.85,-45.6
NY_ORB,2022-01-05 13:45:00+00:00,2022-01-05 15:34:00+00:00,BUY,1.36,1827.258,1820.998,-892.16,-6.56,SL,550.0,316.36,-947.08
ASIAN_MR,2022-01-06 01:35:00+00:00,2022-01-06 02:00:00+00:00,SHORT,2.87,1810.494,1808.96575,352.51,1.2282499999998435,TP_Z_NEUTRAL,25.0,252.56,-270.93
LONDON_ORB,2022-01-06 08:30:00+00:00,2022-01-06 08:54:00+00:00,SELL,4.24,1799.978,1796.0660000000003,1531.47,3.612,TP,125.0,1869.84,0.0
NY_ORB,2022-01-06 14:35:00+00:00,2022-01-06 16:29:00+00:00,BUY,1.61,1793.108,1790.978,-391.23,-2.43,TIME,575.0,379.42,-845.25
LONDON_ORB,2022-01-07 09:45:00+00:00,2022-01-07 11:29:00+00:00,BUY,3.5,1790.098,1790.848,157.5,0.45,TIME,525.0,1305.5,-178.5
LONDON_ORB,2022-01-10 08:30:00+00:00,2022-01-10 09:00:00+00:00,BUY,5.97,1793.708,1796.5460000000003,1515.21,2.538,TP,155.0,1850.7,-598.81
NY_ORB,2022-01-10 13:55:00+00:00,2022-01-10 14:41:00+00:00,SELL,3.42,1792.738,1795.288,-974.7,-2.85,SL,235.0,855.99,-776.34
LONDON_ORB,2022-01-11 09:40:00+00:00,2022-01-11 11:29:00+00:00,SELL,4.64,1808.099,1805.498,1067.63,2.301,TIME,550.0,1769.67,-14.35
NY_ORB,2022-01-11 14:05:00+00:00,2022-01-11 15:03:00+00:00,SELL,2.43,1804.498,1808.155,-961.51,-3.957,SL,295.0,694.98,-858.01
ASIAN_MR,2022-01-12 01:20:00+00:00,2022-01-12 01:25:00+00:00,LONG,3.46,1819.638,1818.3970923158113,-533.15,-1.5409076841886418,SL_ATR,5.0,107.26,-460.18
LONDON_ORB,2022-01-13 08:25:00+00:00,2022-01-13 09:02:00+00:00,SELL,3.63,1825.088,1820.3279999999997,1618.98,4.46,TP,190.0,2152.59,-79.86
NY_ORB,2022-01-13 14:50:00+00:00,2022-01-13 16:29:00+00:00,SELL,1.77,1819.078,1816.538,396.48,2.24,TIME,500.0,1212.45,-293.82
ASIAN_MR,2022-01-14 01:40:00+00:00,2022-01-14 02:15:00+00:00,SHORT,3.52,1823.318,1824.584807295773,-551.52,-1.5668072957731056,SL_ATR,35.0,402.69,-464.64
LONDON_ORB,2022-01-14 08:29:00+00:00,2022-01-14 09:28:00+00:00,SELL,3.98,1826.428,1821.9480000000005,1663.64,4.18,TP,300.0,1963.69,-286.56
NY_ORB,2022-01-14 15:05:00+00:00,2022-01-14 16:29:00+00:00,SELL,2.29,1823.554,1818.208,1155.53,5.046,TIME,425.0,1338.73,-181.83
LONDON_ORB,2022-01-17 08:17:00+00:00,2022-01-17 09:31:00+00:00,BUY,6.23,1822.458,1820.958,-1121.4,-1.8,SL,375.0,392.49,-988.1
NY_ORB,2022-01-17 14:00:00+00:00,2022-01-17 14:31:00+00:00,BUY,7.23,1821.074,1819.798,-1139.47,-1.576,SL,160.0,231.36,-929.8
ASIAN_MR,2022-01-18 03:50:00+00:00,2022-01-18 04:35:00+00:00,LONG,3.24,1815.678,1820.3588,1419.38,4.380799999999863,TP_Z_NEUTRAL,45.0,666.14,-81.0
NY_ORB,2022-01-19 14:35:00+00:00,2022-01-19 15:05:00+00:00,BUY,3.0,1825.002,1831.1299999999997,1748.42,5.828,TP,155.0,2764.85,-424.15
ASIAN_MR,2022-01-20 01:00:00+00:00,2022-01-20 01:05:00+00:00,SHORT,4.37,1840.578,1841.6700414319466,-608.32,-1.3920414319466545,SL_ATR,5.0,135.47,-690.46
LONDON_ORB,2022-01-20 10:35:00+00:00,2022-01-20 11:29:00+00:00,SELL,2.96,1838.348,1837.208,248.64,0.84,TIME,275.0,515.04,0.0
NY_ORB,2022-01-20 16:25:00+00:00,2022-01-20 16:29:00+00:00,SELL,1.9,1841.844,1840.278,240.59,1.266,TIME,25.0,449.59,0.0
ASIAN_MR,2022-01-21 02:35:00+00:00,2022-01-21 03:25:00+00:00,SHORT,3.29,1840.138,1841.604526881526,-581.19,-1.7665268815260788,SL_ATR,50.0,36.19,-546.14
LONDON_ORB,2022-01-21 08:20:00+00:00,2022-01-21 08:52:00+00:00,SELL,3.9,1836.548,1831.7679999999998,1747.2,4.48,TP,165.0,2102.1,0.0
NY_ORB,2022-01-21 15:09:00+00:00,2022-01-21 16:17:00+00:00,SELL,3.31,1837.468,1831.5360000000003,1864.14,5.632,TP,345.0,2068.75,-400.51
ASIAN_MR,2022-01-24 01:45:00+00:00,2022-01-24 02:40:00+00:00,SHORT,3.49,1835.534,1836.9807338138835,-609.61,-1.746733813883384,SL_ATR,55.0,228.94,-587.72
LONDON_ORB,2022-01-24 09:15:00+00:00,2022-01-24 10:35:00+00:00,BUY,2.76,1841.248,1837.578,-1095.72,-3.97,SL,405.0,669.55,-1043.28
NY_ORB,2022-01-24 13:45:00+00:00,2022-01-24 16:29:00+00:00,SELL,1.84,1837.718,1833.718,680.8,3.7,TIME,825.0,1501.44,-616.52
LONDON_ORB,2022-01-25 08:25:00+00:00,2022-01-25 08:28:00+00:00,BUY,9.59,1841.318,1840.278,-1285.06,-1.34,SL,20.0,696.21,-1697.43
NY_ORB,2022-01-25 14:45:00+00:00,2022-01-25 14:45:00+00:00,BUY,4.49,1842.468,1846.8080000000002,1813.96,4.04,TP,5.0,3756.31,-271.22
LONDON_ORB,2022-01-26 08:20:00+00:00,2022-01-26 08:45:00+00:00,BUY,6.8,1845.318,1843.838,-1210.4,-1.78,SL,130.0,537.2,-1006.4
NY_ORB,2022-01-26 13:55:00+00:00,2022-01-26 14:19:00+00:00,SELL,3.44,1844.538,1838.8980000000001,1836.96,5.34,TP,125.0,2070.88,-89.44
LONDON_ORB,2022-01-27 08:28:00+00:00,2022-01-27 10:08:00+00:00,BUY,4.33,1811.958,1816.6180000000004,1887.88,4.36,TP,505.0,2085.28,-506.61
NY_ORB,2022-01-27 13:55:00+00:00,2022-01-27 14:37:00+00:00,SELL,2.64,1802.298,1806.368,-1153.68,-4.37,SL,215.0,1302.58,-1158.96
ASIAN_MR,2022-01-28 01:45:00+00:00,2022-01-28 02:10:00+00:00,SHORT,4.07,1799.018,1796.95265,718.5,1.7653500000000804,TP_Z_NEUTRAL,25.0,595.44,-16.28
LONDON_ORB,2022-01-28 08:30:00+00:00,2022-01-28 10:38:00+00:00,SELL,4.46,1793.558,1788.8980000000001,1944.56,4.36,TP,645.0,2265.68,-218.93
NY_ORB,2022-01-28 13:48:00+00:00,2022-01-28 15:10:00+00:00,SELL,1.9,1785.318,1791.008,-1138.1,-5.99,SL,415.0,900.6,-1115.3
LONDON_ORB,2022-01-31 08:25:00+00:00,2022-01-31 11:29:00+00:00,BUY,3.99,1789.578,1791.398,606.48,1.52,TIME,925.0,1116.0,-510.72
NY_ORB,2022-01-31 13:45:00+00:00,2022-01-31 16:29:00+00:00,BUY,2.96,1793.168,1795.448,586.08,1.98,TIME,825.0,1897.36,-328.56
LONDON_ORB,2022-02-01 10:40:00+00:00,2022-02-01 10:40:00+00:00,BUY,6.8,1803.978,1807.1780000000003,1972.0,2.9,TP,5.0,2318.8,0.0
NY_ORB,2022-02-01 14:45:00+00:00,2022-02-01 15:37:00+00:00,SELL,3.81,1802.088,1805.038,-1238.25,-3.25,SL,265.0,1685.15,-1103.77
LONDON_ORB,2022-02-02 08:20:00+00:00,2022-02-02 09:20:00+00:00,BUY,8.13,1797.618,1800.3379999999997,1967.46,2.42,TP,305.0,2371.48,0.0
NY_ORB,2022-02-02 13:45:00+00:00,2022-02-02 15:00:00+00:00,SELL,3.14,1802.068,1805.788,-1262.28,-4.02,SL,380.0,503.4,-1733.57
NY_ORB,2022-02-03 14:03:00+00:00,2022-02-03 14:30:00+00:00,BUY,4.47,1804.245,1801.765,-1242.66,-2.78,SL,140.0,345.59,-1783.53
LONDON_ORB,2022-02-04 10:00:00+00:00,2022-02-04 10:13:00+00:00,BUY,4.64,1808.438,1813.1180000000004,2032.32,4.38,TP,70.0,2231.84,0.0
NY_ORB,2022-02-04 13:54:00+00:00,2022-02-04 16:29:00+00:00,SELL,0.71,1796.328,1804.585,-607.62,-8.557,TIME,780.0,306.01,-995.99
NY_ORB,2022-02-07 13:55:00+00:00,2022-02-07 16:25:00+00:00,SELL,3.36,1813.638,1816.924,-1204.84,-3.586,SL,755.0,676.76,-1202.6
LONDON_ORB,2022-02-08 08:30:00+00:00,2022-02-08 11:29:00+00:00,BUY,5.48,1819.024,1817.498,-1000.65,-1.826,TIME,900.0,1059.83,-951.33
NY_ORB,2022-02-08 13:52:00+00:00,2022-02-08 16:29:00+00:00,BUY,2.83,1822.908,1825.138,546.19,1.93,TIME,790.0,1525.37,-803.72
LONDON_ORB,2022-02-09 11:15:00+00:00,2022-02-09 11:29:00+00:00,SELL,5.85,1826.268,1826.454,-284.34,-0.486,TIME,75.0,222.3,-251.55
NY_ORB,2022-02-09 14:05:00+00:00,2022-02-09 14:46:00+00:00,SELL,2.7,1827.318,1831.268,-1147.5,-4.25,SL,210.0,518.13,-996.57
LONDON_ORB,2022-02-10 08:35:00+00:00,2022-02-10 11:29:00+00:00,SELL,2.05,1832.168,1833.008,-233.7,-1.14,TIME,875.0,387.45,-290.31
LONDON_ORB,2022-02-11 10:40:00+00:00,2022-02-11 11:13:00+00:00,BUY,2.31,1827.498,1825.188,-602.91,-2.61,SL,170.0,19.87,-541.46
NY_ORB,2022-02-11 14:35:00+00:00,2022-02-11 15:15:00+00:00,BUY,2.15,1828.788,1833.5880000000002,967.5,4.5,TP,205.0,1336.45,0.0
ASIAN_MR,2022-02-14 01:10:00+00:00,2022-02-14 01:20:00+00:00,LONG,2.32,1857.148,1858.70495,291.61,1.2569500000001426,TP_Z_NEUTRAL,10.0,470.96,-23.2
LONDON_ORB,2022-02-14 08:20:00+00:00,2022-02-14 11:29:00+00:00,BUY,4.27,1854.568,1855.918,448.35,1.05,TIME,950.0,1648.22,-486.78
NY_ORB,2022-02-14 14:35:00+00:00,2022-02-14 16:29:00+00:00,BUY,2.02,1860.588,1863.668,561.56,2.78,TIME,575.0,2094.74,-123.22
ASIAN_MR,2022-02-15 02:40:00+00:00,2022-02-15 03:20:00+00:00,SHORT,3.67,1876.044,1877.522860378109,-652.84,-1.7788603781089478,SL_ATR,40.0,11.01,-790.52
LONDON_ORB,2022-02-15 08:25:00+00:00,2022-02-15 11:29:00+00:00,SELL,1.21,1868.554,1854.758,1632.96,13.496,TIME,925.0,1958.45,-191.72
NY_ORB,2022-02-15 14:07:00+00:00,2022-02-15 16:29:00+00:00,BUY,1.25,1853.544,1849.088,-594.44,-4.756,TIME,715.0,436.25,-898.19
LONDON_ORB,2022-02-16 08:18:00+00:00,2022-02-16 10:28:00+00:00,BUY,5.34,1856.968,1854.918,-1254.9,-2.35,SL,655.0,1367.04,-1206.84
NY_ORB,2022-02-16 14:35:00+00:00,2022-02-16 16:29:00+00:00,BUY,1.87,1857.008,1864.316,1310.47,7.008,TIME,575.0,1449.25,0.0
ASIAN_MR,2022-02-17 01:20:00+00:00,2022-02-17 01:50:00+00:00,LONG,4.18,1869.018,1870.3425,428.24,1.0244999999999436,TP_Z_NEUTRAL,30.0,451.44,-334.4
LONDON_ORB,2022-02-17 08:30:00+00:00,2022-02-17 08:30:00+00:00,BUY,6.77,1876.848,1880.112,2006.68,2.964,TP,5.0,5517.55,0.0
NY_ORB,2022-02-17 13:45:00+00:00,2022-02-17 14:01:00+00:00,BUY,1.86,1897.568,1891.368,-1209.0,-6.5,SL,85.0,18.6,-1294.56
ASIAN_MR,2022-02-18 01:40:00+00:00,2022-02-18 01:55:00+00:00,LONG,2.8,1893.268,1891.2481646364183,-649.55,-2.3198353635817055,SL_ATR,15.0,131.6,-1408.4
LONDON_ORB,2022-02-18 10:25:00+00:00,2022-02-18 11:29:00+00:00,SELL,2.77,1891.558,1888.708,706.35,2.55,TIME,325.0,1407.16,0.0
NY_ORB,2022-02-18 14:55:00+00:00,2022-02-18 16:29:00+00:00,SELL,2.95,1896.078,1893.178,767.0,2.6,TIME,475.0,1699.2,-126.85
ASIAN_MR,2022-02-21 04:15:00+00:00,2022-02-21 04:35:00+00:00,LONG,3.41,1894.078,1892.4040680048065,-673.11,-1.9739319951934704,SL_ATR,20.0,107.42,-1664.08
LONDON_ORB,2022-02-21 08:40:00+00:00,2022-02-21 11:29:00+00:00,BUY,3.65,1894.221,1896.838,845.68,2.317,TIME,850.0,1469.83,0.0
ASIAN_MR,2022-02-22 01:10:00+00:00,2022-02-22 01:40:00+00:00,LONG,2.14,1906.118,1909.5934999999997,679.56,3.1754999999997837,TP_Z_NEUTRAL,30.0,1046.46,-199.02
LONDON_ORB,2022-02-22 08:20:00+00:00,2022-02-22 08:58:00+00:00,SELL,2.6,1907.038,1897.9279999999999,2290.6,8.81,TP,195.0,2446.6,-247.0
NY_ORB,2022-02-22 15:10:00+00:00,2022-02-22 16:29:00+00:00,SELL,2.25,1900.538,1901.458,-274.5,-1.22,TIME,400.0,1521.0,-223.8
LONDON_ORB,2022-02-23 08:35:00+00:00,2022-02-23 08:44:00+00:00,BUY,5.23,1896.843,1894.538,-1362.49,-2.605,SL,50.0,65.45,-1383.26
NY_ORB,2022-02-23 13:49:00+00:00,2022-02-23 14:51:00+00:00,SELL,2.34,1899.278,1904.408,-1270.62,-5.43,SL,315.0,4.68,-1224.99
LONDON_ORB,2022-02-24 10:00:00+00:00,2022-02-24 10:00:00+00:00,BUY,2.71,1945.298,1953.5379999999998,2151.74,7.94,TP,5.0,2361.69,0.0
NY_ORB,2022-02-24 14:35:00+00:00,2022-02-24 14:35:00+00:00,SELL,1.78,1959.488,1945.8480000000002,2374.52,13.34,TP,5.0,2766.12,0.0
ASIAN_MR,2022-02-25 01:10:00+00:00,2022-02-25 01:20:00+00:00,SHORT,1.31,1916.578,1909.44395,895.26,6.8340499999998885,TP_Z_NEUTRAL,10.0,916.87,-168.99
LONDON_ORB,2022-02-25 08:20:00+00:00,2022-02-25 08:37:00+00:00,SELL,2.81,1911.108,1915.448,-1303.84,-4.64,SL,90.0,213.56,-1205.49
NY_ORB,2022-02-25 15:05:00+00:00,2022-02-25 16:29:00+00:00,SELL,1.99,1888.768,1885.968,497.5,2.5,TIME,425.0,1182.06,-325.29
LONDON_ORB,2022-02-28 10:55:00+00:00,2022-02-28 10:55:00+00:00,BUY,3.09,1898.65,1906.5140000000001,2337.28,7.564,TP,5.0,3164.47,0.0
NY_ORB,2022-02-28 14:35:00+00:00,2022-02-28 14:40:00+00:00,SELL,2.08,1909.961,1915.901,-1297.92,-6.24,SL,30.0,386.08,-1228.16
ASIAN_MR,2022-03-01 01:10:00+00:00,2022-03-01 02:00:00+00:00,LONG,4.0,1904.003,1902.4331029825992,-747.96,-1.8698970174007628,SL_ATR,50.0,466.0,-654.0
LONDON_ORB,2022-03-01 08:15:00+00:00,2022-03-01 10:30:00+00:00,BUY,2.64,1911.926,1921.6019999999999,2475.23,9.376,TP,680.0,2577.11,-234.49
NY_ORB,2022-03-01 14:40:00+00:00,2022-03-01 16:29:00+00:00,BUY,2.26,1919.243,1928.558,2037.39,9.015,TIME,550.0,2363.96,-307.36
ASIAN_MR,2022-03-02 03:20:00+00:00,2022-03-02 03:45:00+00:00,LONG,2.99,1934.148,1937.024,770.22,2.5759999999999765,TP_Z_NEUTRAL,25.0,804.31,-224.85
LONDON_ORB,2022-03-02 09:35:00+00:00,2022-03-02 10:25:00+00:00,SELL,3.03,1940.098,1931.002,2665.22,8.796,TP,255.0,2881.53,0.0
NY_ORB,2022-03-02 14:40:00+00:00,2022-03-02 15:29:00+00:00,SELL,1.75,1926.458,1934.438,-1449.0,-8.28,SL,250.0,755.82,-1585.5
ASIAN_MR,2022-03-03 01:05:00+00:00,2022-03-03 01:30:00+00:00,LONG,3.68,1927.288,1929.1634000000001,579.75,1.575400000000127,TP_Z_NEUTRAL,25.0,607.2,-290.72
LONDON_ORB,2022-03-03 09:05:00+00:00,2022-03-03 10:30:00+00:00,SELL,2.59,1929.098,1934.515,-1480.79,-5.717,SL,430.0,1433.31,-1638.26
NY_ORB,2022-03-03 13:55:00+00:00,2022-03-03 14:18:00+00:00,SELL,2.7,1926.854,1931.807,-1418.34,-5.253,SL,120.0,698.29,-1278.11
LONDON_ORB,2022-03-04 08:18:00+00:00,2022-03-04 08:37:00+00:00,SELL,3.48,1934.198,1937.948,-1409.4,-4.05,SL,100.0,97.44,-1240.21
NY_ORB,2022-03-04 14:35:00+00:00,2022-03-04 14:38:00+00:00,BUY,2.75,1947.012,1956.45,2513.01,9.138,TP,20.0,3340.12,0.0
ASIAN_MR,2022-03-07 01:05:00+00:00,2022-03-07 01:15:00+00:00,SHORT,1.6,1990.978,1988.5176,345.66,2.1604000000001635,TP_Z_NEUTRAL,10.0,335.68,-372.8
LONDON_ORB,2022-03-07 08:15:00+00:00,2022-03-07 11:29:00+00:00,BUY,2.71,1994.208,1994.808,81.3,0.3,TIME,975.0,2252.01,-357.72
NY_ORB,2022-03-07 14:00:00+00:00,2022-03-07 16:29:00+00:00,BUY,1.02,1974.448,1977.172,247.18,2.424,TIME,750.0,1744.2,-690.54
ASIAN_MR,2022-03-08 01:15:00+00:00,2022-03-08 01:25:00+00:00,LONG,2.29,1987.458,1984.512390767849,-743.24,-3.2456092321511276,SL_ATR,10.0,137.4,-1493.08
LONDON_ORB,2022-03-08 08:15:00+00:00,2022-03-08 11:29:00+00:00,SELL,1.51,2011.14,2005.728,771.95,5.112,TIME,975.0,1792.71,-153.52
NY_ORB,2022-03-08 13:45:00+00:00,2022-03-08 14:49:00+00:00,BUY,1.7,2018.458,2033.938,2580.6,15.18,TP,325.0,3614.2,-819.4
LONDON_ORB,2022-03-09 09:05:00+00:00,2022-03-09 09:05:00+00:00,SELL,3.18,2043.068,2034.264,2704.24,8.504,TP,5.0,3955.92,0.0
NY_ORB,2022-03-09 14:10:00+00:00,2022-03-09 14:10:00+00:00,SELL,2.02,1991.748,1977.484,2820.65,13.964,TP,5.0,2945.16,0.0
ASIAN_MR,2022-03-10 01:10:00+00:00,2022-03-10 01:15:00+00:00,LONG,2.0,1977.018,1973.2713542604135,-809.33,-4.046645739586483,SL_ATR,5.0,114.0,-1164.0
LONDON_ORB,2022-03-10 09:55:00+00:00,2022-03-10 11:06:00+00:00,BUY,1.69,1983.982,2002.4699999999998,3073.73,18.188,TP,360.0,3149.41,-272.84
NY_ORB,2022-03-10 13:50:00+00:00,2022-03-10 15:18:00+00:00,SELL,1.76,2000.468,1983.5600000000002,2922.97,16.608,TP,445.0,3319.36,-1135.98
ASIAN_MR,2022-03-11 01:00:00+00:00,2022-03-11 01:10:00+00:00,LONG,3.25,1992.248,1989.74654093781,-910.47,-2.8014590621899513,SL_ATR,10.0,13.0,-1339.0
LONDON_ORB,2022-03-11 08:40:00+00:00,2022-03-11 11:23:00+00:00,BUY,4.62,1991.448,1987.932,-1763.03,-3.816,SL,820.0,1567.99,-2922.65
NY_ORB,2022-03-11 14:11:00+00:00,2022-03-11 14:37:00+00:00,SELL,1.77,1963.398,1972.792,-1715.92,-9.694,SL,135.0,106.2,-1778.85
ASIAN_MR,2022-03-14 03:40:00+00:00,2022-03-14 04:20:00+00:00,SHORT,3.85,1974.858,1973.2258000000002,512.9,1.3321999999997842,TP_Z_NEUTRAL,40.0,387.31,-600.6
LONDON_ORB,2022-03-14 10:00:00+00:00,2022-03-14 11:24:00+00:00,SELL,2.71,1967.668,1956.3199999999995,2993.97,11.048,TP,425.0,3508.68,0.0
NY_ORB,2022-03-14 13:50:00+00:00,2022-03-14 16:29:00+00:00,SELL,3.02,1957.808,1957.241,80.73,0.267,TIME,800.0,2470.36,-981.5
LONDON_ORB,2022-03-15 08:25:00+00:00,2022-03-15 10:56:00+00:00,BUY,4.02,1930.373,1926.309,-1754.33,-4.364,SL,760.0,1952.11,-2719.53
NY_ORB,2022-03-15 14:15:00+00:00,2022-03-15 15:55:00+00:00,SELL,1.77,1916.178,1925.468,-1697.43,-9.59,SL,505.0,1633.71,-1791.24
LONDON_ORB,2022-03-16 08:20:00+00:00,2022-03-16 08:29:00+00:00,SELL,8.28,1914.328,1916.188,-1788.48,-2.16,SL,50.0,2285.28,-1324.8
NY_ORB,2022-03-16 14:15:00+00:00,2022-03-16 16:29:00+00:00,SELL,2.07,1912.648,1909.048,683.1,3.3,TIME,675.0,1811.25,-964.43
ASIAN_MR,2022-03-17 03:20:00+00:00,2022-03-17 03:55:00+00:00,SHORT,3.23,1936.948,1934.3954999999999,727.56,2.2525000000002366,TP_Z_NEUTRAL,35.0,326.23,-384.37
LONDON_ORB,2022-03-17 09:05:00+00:00,2022-03-17 09:22:00+00:00,BUY,6.52,1937.208,1934.838,-1740.84,-2.67,SL,90.0,1636.52,-1691.94
NY_ORB,2022-03-17 16:05:00+00:00,2022-03-17 16:29:00+00:00,BUY,2.43,1945.364,1943.348,-562.83,-2.316,TIME,125.0,45.98,-927.33
LONDON_ORB,2022-03-18 08:15:00+00:00,2022-03-18 08:30:00+00:00,SELL,5.02,1932.433,1935.448,-1664.22,-3.315,SL,80.0,97.8,-1450.78
ASIAN_MR,2022-03-21 01:55:00+00:00,2022-03-21 02:25:00+00:00,SHORT,1.77,1928.008,1924.0765,642.78,3.631500000000142,TP_Z_NEUTRAL,30.0,308.87,-91.15
LONDON_ORB,2022-03-21 08:45:00+00:00,2022-03-21 09:19:00+00:00,BUY,6.97,1925.628,1923.498,-1693.71,-2.43,SL,175.0,1118.68,-1630.98
NY_ORB,2022-03-21 13:50:00+00:00,2022-03-21 16:29:00+00:00,BUY,2.51,1926.753,1936.338,2330.54,9.285,TIME,800.0,2674.4,0.0
ASIAN_MR,2022-03-22 03:05:00+00:00,2022-03-22 03:45:00+00:00,SHORT,4.62,1935.528,1937.128288664093,-877.93,-1.9002886640928864,SL_ATR,40.0,459.69,-771.54
LONDON_ORB,2022-03-22 08:45:00+00:00,2022-03-22 11:29:00+00:00,SELL,2.01,1925.79,1928.128,-530.27,-2.638,TIME,825.0,631.32,-876.91
NY_ORB,2022-03-22 13:45:00+00:00,2022-03-22 14:06:00+00:00,SELL,3.08,1920.818,1911.568,2756.6,8.95,TP,110.0,3175.48,-1187.43
LONDON_ORB,2022-03-23 08:30:00+00:00,2022-03-23 08:38:00+00:00,SELL,5.84,1920.285,1922.838,-1666.1,-2.853,SL,45.0,36.17,-1414.98
NY_ORB,2022-03-23 14:20:00+00:00,2022-03-23 16:29:00+00:00,SELL,3.87,1931.223,1933.078,-834.08,-2.155,TIME,650.0,2122.6,-1104.98
ASIAN_MR,2022-03-24 01:35:00+00:00,2022-03-24 02:05:00+00:00,LONG,3.73,1942.678,1940.731130069727,-838.08,-2.2468699302731237,SL_ATR,30.0,197.69,-814.26
LONDON_ORB,2022-03-24 08:24:00+00:00,2022-03-24 10:22:00+00:00,SELL,4.86,1942.878,1945.809,-1570.32,-3.231,SL,595.0,2466.9,-1433.7
NY_ORB,2022-03-24 13:55:00+00:00,2022-03-24 14:18:00+00:00,SELL,2.82,1952.223,1957.103,-1460.76,-5.18,SL,120.0,414.54,-2137.56
ASIAN_MR,2022-03-25 02:20:00+00:00,2022-03-25 02:40:00+00:00,SHORT,1.9,1963.408,1961.6859499999998,270.19,1.422050000000081,TP_Z_NEUTRAL,20.0,492.1,-82.08
LONDON_ORB,2022-03-25 08:20:00+00:00,2022-03-25 09:00:00+00:00,BUY,5.88,1957.068,1954.689,-1575.32,-2.679,SL,205.0,2028.08,-1552.32
NY_ORB,2022-03-25 13:48:00+00:00,2022-03-25 16:29:00+00:00,BUY,2.03,1949.578,1956.628,1370.25,6.75,TIME,810.0,2466.45,-537.95
LONDON_ORB,2022-03-28 08:30:00+00:00,2022-03-28 08:38:00+00:00,SELL,6.73,1932.143,1928.0030000000002,2584.32,3.84,TP,45.0,3247.31,0.0
NY_ORB,2022-03-28 13:56:00+00:00,2022-03-28 16:29:00+00:00,BUY,2.33,1936.168,1938.018,361.15,1.55,TIME,770.0,1463.24,-639.5
LONDON_ORB,2022-03-29 08:30:00+00:00,2022-03-29 08:40:00+00:00,SELL,4.68,1917.664,1911.6159999999998,2690.1,5.748,TP,55.0,3578.4,0.0
NY_ORB,2022-03-29 13:50:00+00:00,2022-03-29 13:55:00+00:00,BUY,3.17,1897.948,1907.1880000000003,2833.98,8.94,TP,30.0,3131.96,0.0
ASIAN_MR,2022-03-30 01:05:00+00:00,2022-03-30 01:15:00+00:00,SHORT,4.16,1919.138,1920.990574251707,-895.47,-2.152574251706983,SL_ATR,10.0,56.16,-1379.04
LONDON_ORB,2022-03-30 10:05:00+00:00,2022-03-30 11:19:00+00:00,SELL,4.6,1920.537,1923.903,-1686.28,-3.666,SL,375.0,647.64,-1529.88
NY_ORB,2022-03-30 14:18:00+00:00,2022-03-30 16:29:00+00:00,BUY,1.87,1932.853,1932.218,-174.84,-0.935,TIME,660.0,1042.52,-358.1
LONDON_ORB,2022-03-31 08:20:00+00:00,2022-03-31 11:29:00+00:00,SELL,4.11,1928.928,1929.843,-499.37,-1.215,TIME,950.0,2696.16,-976.13
NY_ORB,2022-03-31 14:05:00+00:00,2022-03-31 16:29:00+00:00,BUY,3.71,1940.728,1940.848,-66.78,-0.18,TIME,725.0,1596.78,-1164.2
ASIAN_MR,2022-04-01 03:55:00+00:00,2022-04-01 04:30:00+00:00,SHORT,2.69,1938.053,1935.50125,605.72,2.251750000000084,TP_Z_NEUTRAL,35.0,392.74,-351.04
LONDON_ORB,2022-04-01 09:05:00+00:00,2022-04-01 10:49:00+00:00,BUY,4.67,1932.738,1929.56,-1624.23,-3.478,SL,525.0,1690.91,-1499.07
NY_ORB,2022-04-01 14:35:00+00:00,2022-04-01 16:29:00+00:00,SELL,1.65,1923.799,1924.633,-187.18,-1.134,TIME,575.0,684.2,-1100.37
NY_ORB,2022-04-04 14:00:00+00:00,2022-04-04 16:29:00+00:00,SELL,2.37,1930.553,1932.368,-501.16,-2.115,TIME,750.0,1494.38,-1337.77
LONDON_ORB,2022-04-05 08:45:00+00:00,2022-04-05 11:29:00+00:00,BUY,2.81,1927.898,1928.638,123.64,0.44,TIME,825.0,1239.21,-603.06
NY_ORB,2022-04-05 14:11:00+00:00,2022-04-05 15:28:00+00:00,SELL,2.54,1937.923,1926.673,2781.3,10.95,TP,390.0,3263.9,-77.47
ASIAN_MR,2022-04-06 01:30:00+00:00,2022-04-06 01:50:00+00:00,SHORT,3.2,1923.588,1920.5934999999997,862.24,2.694500000000244,TP_Z_NEUTRAL,20.0,816.0,-76.8
LONDON_ORB,2022-04-06 09:10:00+00:00,2022-04-06 09:10:00+00:00,BUY,9.34,1923.158,1926.4379999999996,2783.32,2.98,TP,5.0,5202.38,0.0
LONDON_ORB,2022-04-07 08:57:00+00:00,2022-04-07 11:08:00+00:00,BUY,9.68,1926.438,1924.812,-1864.29,-1.926,SL,660.0,2168.32,-2874.96
ASIAN_MR,2022-04-08 02:30:00+00:00,2022-04-08 02:40:00+00:00,LONG,5.4,1931.258,1929.8340288347492,-930.94,-1.723971165250805,SL_ATR,10.0,32.4,-1096.2
LONDON_ORB,2022-04-08 11:10:00+00:00,2022-04-08 11:29:00+00:00,SELL,5.14,1930.252,1932.518,-1318.89,-2.566,TIME,100.0,71.96,-1241.79
ASIAN_MR,2022-04-11 01:10:00+00:00,2022-04-11 01:55:00+00:00,SHORT,2.29,1946.414,1944.9427000000003,268.23,1.171299999999701,TP_Z_NEUTRAL,45.0,1063.93,-188.7
LONDON_ORB,2022-04-11 08:25:00+00:00,2022-04-11 08:44:00+00:00,BUY,3.95,1949.022,1956.75,2934.1,7.428,TP,100.0,3328.35,0.0
NY_ORB,2022-04-11 13:50:00+00:00,2022-04-11 14:15:00+00:00,SELL,2.73,1959.078,1947.538,3068.52,11.24,TP,130.0,3259.42,0.0
ASIAN_MR,2022-04-12 02:10:00+00:00,2022-04-12 03:10:00+00:00,SHORT,4.87,1956.298,1956.482,-235.71,-0.48399999999996907,TIME_STOP_60M,60.0,608.75,-696.41
LONDON_ORB,2022-04-12 11:25:00+00:00,2022-04-12 11:29:00+00:00,BUY,6.88,1955.098,1954.808,-405.92,-0.59,TIME,25.0,447.2,-1135.2
NY_ORB,2022-04-12 14:55:00+00:00,2022-04-12 16:29:00+00:00,BUY,2.21,1972.512,1973.732,203.32,0.92,TIME,475.0,1325.2,-646.12
ASIAN_MR,2022-04-13 01:45:00+00:00,2022-04-13 01:55:00+00:00,SHORT,4.44,1967.158,1968.9606242273205,-933.57,-2.1026242273206206,SL_ATR,10.0,8.88,-978.58
LONDON_ORB,2022-04-13 08:20:00+00:00,2022-04-13 09:46:00+00:00,BUY,5.78,1972.658,1978.1979999999999,3028.72,5.24,TP,435.0,3699.8,0.0
NY_ORB,2022-04-13 13:45:00+00:00,2022-04-13 14:54:00+00:00,SELL,3.52,1975.823,1980.562,-1773.67,-5.039,SL,350.0,960.96,-1592.7
ASIAN_MR,2022-04-14 02:00:00+00:00,2022-04-14 02:45:00+00:00,SHORT,6.08,1979.232,1975.9421499999996,1817.83,2.9898500000003425,TP_Z_NEUTRAL,45.0,817.15,-617.73
LONDON_ORB,2022-04-14 09:05:00+00:00,2022-04-14 09:05:00+00:00,SELL,9.94,1973.918,1970.6179999999997,2982.0,3.0,TP,5.0,5026.74,0.0
NY_ORB,2022-04-14 13:55:00+00:00,2022-04-14 16:29:00+00:00,SELL,3.0,1970.544,1969.098,343.71,1.146,TIME,775.0,3039.64,-601.29
LONDON_ORB,2022-04-18 08:20:00+00:00,2022-04-18 08:57:00+00:00,SELL,8.4,1990.962,1993.028,-1987.35,-2.366,SL,190.0,961.05,-1525.35
NY_ORB,2022-04-18 14:40:00+00:00,2022-04-18 16:29:00+00:00,SELL,3.79,1988.808,1990.032,-577.55,-1.524,TIME,550.0,2300.53,-463.85
LONDON_ORB,2022-04-19 09:20:00+00:00,2022-04-19 11:29:00+00:00,SELL,5.64,1977.408,1978.862,-989.3,-1.754,TIME,650.0,1574.6,-902.4
NY_ORB,2022-04-19 14:40:00+00:00,2022-04-19 16:29:00+00:00,SELL,1.86,1959.568,1955.948,617.52,3.32,TIME,550.0,1731.66,0.0
LONDON_ORB,2022-04-20 09:45:00+00:00,2022-04-20 10:04:00+00:00,BUY,5.41,1943.852,1949.9400000000003,3131.35,5.788,TP,100.0,3552.29,0.0
NY_ORB,2022-04-20 13:45:00+00:00,2022-04-20 16:29:00+00:00,BUY,2.81,1950.128,1951.438,283.81,1.01,TIME,825.0,1222.35,-437.28
LONDON_ORB,2022-04-21 08:35:00+00:00,2022-04-21 11:29:00+00:00,SELL,5.2,1946.438,1943.622,1308.23,2.516,TIME,875.0,3636.32,-771.77
NY_ORB,2022-04-21 15:45:00+00:00,2022-04-21 16:29:00+00:00,SELL,4.18,1943.732,1940.588,1188.88,2.844,TIME,225.0,2324.08,0.0
LONDON_ORB,2022-04-22 08:25:00+00:00,2022-04-22 08:52:00+00:00,SELL,10.0,1949.208,1945.8280000000004,3080.0,3.08,TP,140.0,4390.0,0.0
NY_ORB,2022-04-22 13:46:00+00:00,2022-04-22 14:49:00+00:00,BUY,1.61,1945.828,1934.122,-1932.92,-12.006,SL,320.0,73.6,-2007.67
LONDON_ORB,2022-04-25 09:50:00+00:00,2022-04-25 10:15:00+00:00,BUY,8.13,1916.381,1914.143,-2063.44,-2.538,SL,130.0,1367.42,-1860.19
ASIAN_MR,2022-04-26 02:55:00+00:00,2022-04-26 03:25:00+00:00,SHORT,4.3,1903.403,1900.9073,944.15,2.1956999999999427,TP_Z_NEUTRAL,30.0,285.95,-670.8
LONDON_ORB,2022-04-26 10:10:00+00:00,2022-04-26 11:29:00+00:00,BUY,2.9,1902.063,1906.423,1177.4,4.06,TIME,400.0,2163.4,0.0
NY_ORB,2022-04-26 13:50:00+00:00,2022-04-26 16:29:00+00:00,SELL,3.84,1906.373,1901.608,1714.67,4.465,TIME,800.0,2414.23,-671.55
LONDON_ORB,2022-04-27 11:15:00+00:00,2022-04-27 11:29:00+00:00,BUY,1.61,1897.898,1899.663,235.98,1.465,TIME,75.0,470.12,-65.09
NY_ORB,2022-04-27 13:45:00+00:00,2022-04-27 16:29:00+00:00,SELL,1.85,1884.19,1887.948,-750.64,-4.058,TIME,825.0,544.36,-1183.54
LONDON_ORB,2022-04-28 08:30:00+00:00,2022-04-28 08:41:00+00:00,SELL,5.04,1882.585,1886.178,-1962.16,-3.893,SL,60.0,991.28,-1785.76
ASIAN_MR,2022-04-29 01:10:00+00:00,2022-04-29 01:30:00+00:00,SHORT,2.69,1901.758,1903.4175320642337,-527.11,-1.9595320642336447,SL_ATR,20.0,250.17,-1070.62
NY_ORB,2022-04-29 13:55:00+00:00,2022-04-29 16:29:00+00:00,BUY,1.11,1910.518,1908.803,-223.66,-2.015,TIME,775.0,443.44,-709.62
LONDON_ORB,2022-05-02 08:45:00+00:00,2022-05-02 09:02:00+00:00,SELL,4.33,1883.325,1879.1790000000003,1665.27,3.846,TP,90.0,2865.13,0.0
NY_ORB,2022-05-02 15:30:00+00:00,2022-05-02 15:46:00+00:00,BUY,3.62,1861.448,1871.3080000000002,3460.72,9.56,TP,85.0,3764.8,0.0
LONDON_ORB,2022-05-03 08:50:00+00:00,2022-05-03 09:22:00+00:00,SELL,9.16,1854.488,1856.548,-2161.76,-2.36,SL,165.0,1758.72,-2519.0
NY_ORB,2022-05-03 15:30:00+00:00,2022-05-03 16:29:00+00:00,BUY,3.44,1868.998,1871.663,813.45,2.365,TIME,300.0,1907.37,-595.12
ASIAN_MR,2022-05-04 03:30:00+00:00,2022-05-04 04:30:00+00:00,SHORT,7.76,1864.998,1863.648,814.8,1.0500000000001364,TIME_STOP_60M,60.0,1377.4,-504.4
LONDON_ORB,2022-05-04 09:35:00+00:00,2022-05-04 11:29:00+00:00,SELL,8.41,1869.808,1868.048,1227.86,1.46,TIME,575.0,3330.36,-1562.62
NY_ORB,2022-05-04 13:50:00+00:00,2022-05-04 15:18:00+00:00,SELL,4.5,1865.103,1869.288,-2018.13,-4.485,SL,445.0,1604.37,-1784.13
ASIAN_MR,2022-05-05 01:15:00+00:00,2022-05-05 01:35:00+00:00,SHORT,3.47,1900.408,1903.0613024364643,-1024.8,-2.9533024364644005,SL_ATR,20.0,263.72,-990.69
LONDON_ORB,2022-05-05 09:55:00+00:00,2022-05-05 11:29:00+00:00,BUY,4.35,1895.208,1895.573,28.39,0.065,TIME,475.0,2157.6,-69.6
NY_ORB,2022-05-05 14:25:00+00:00,2022-05-05 14:47:00+00:00,SELL,2.75,1897.068,1883.648,3608.0,13.12,TP,115.0,3839.0,0.0
ASIAN_MR,2022-05-06 03:05:00+00:00,2022-05-06 04:05:00+00:00,SHORT,4.05,1876.492,1876.678,-196.83,-0.48600000000014915,TIME_STOP_60M,60.0,529.74,-330.48
LONDON_ORB,2022-05-06 08:35:00+00:00,2022-05-06 08:53:00+00:00,BUY,7.13,1875.698,1881.0780000000002,3622.04,5.08,TP,95.0,3957.15,0.0
NY_ORB,2022-05-06 13:50:00+00:00,2022-05-06 15:24:00+00:00,BUY,3.45,1880.258,1891.8860000000002,3908.11,11.328,TP,475.0,4074.45,-210.45
LONDON_ORB,2022-05-09 08:40:00+00:00,2022-05-09 10:24:00+00:00,SELL,4.87,1867.688,1859.4280000000003,3876.52,7.96,TP,525.0,4548.58,0.0
ASIAN_MR,2022-05-10 02:20:00+00:00,2022-05-10 02:25:00+00:00,SHORT,5.72,1857.733,1859.6120002641117,-1246.39,-2.1790002641117097,SL_ATR,5.0,97.24,-1118.26
LONDON_ORB,2022-05-10 08:50:00+00:00,2022-05-10 08:50:00+00:00,BUY,10.0,1859.963,1862.633,2370.0,2.37,TP,5.0,3860.0,0.0
NY_ORB,2022-05-10 13:50:00+00:00,2022-05-10 15:33:00+00:00,SELL,3.23,1858.004,1845.0859999999998,4075.72,12.618,TP,520.0,4476.78,-569.02
ASIAN_MR,2022-05-11 02:00:00+00:00,2022-05-11 02:15:00+00:00,SHORT,6.42,1836.868,1838.588545289597,-1297.19,-2.020545289597112,SL_ATR,15.0,372.36,-1264.74
LONDON_ORB,2022-05-11 09:15:00+00:00,2022-05-11 11:29:00+00:00,BUY,8.28,1850.772,1852.688,1338.05,1.616,TIME,675.0,2898.0,-140.76
LONDON_ORB,2022-05-12 09:05:00+00:00,2022-05-12 10:37:00+00:00,SELL,7.26,1848.866,1851.988,-2484.32,-3.422,SL,465.0,938.77,-2244.18
NY_ORB,2022-05-12 14:05:00+00:00,2022-05-12 15:45:00+00:00,SELL,5.19,1844.093,1835.7630000000001,4167.57,8.03,TP,505.0,5047.41,0.0
LONDON_ORB,2022-05-13 08:40:00+00:00,2022-05-13 10:32:00+00:00,SELL,7.65,1823.488,1817.468,4375.8,5.72,TP,565.0,5171.4,-792.48
NY_ORB,2022-05-13 13:56:00+00:00,2022-05-13 14:36:00+00:00,BUY,4.12,1807.078,1818.1779999999999,4449.6,10.8,TP,205.0,4589.68,-626.24
ASIAN_MR,2022-05-16 01:00:00+00:00,2022-05-16 01:45:00+00:00,SHORT,6.72,1815.464,1817.2680301062574,-1413.91,-2.1040301062574143,SL_ATR,45.0,770.11,-1360.13
LONDON_ORB,2022-05-16 09:30:00+00:00,2022-05-16 11:29:00+00:00,BUY,3.62,1799.378,1802.264,936.07,2.586,TIME,600.0,2831.44,-65.16
LONDON_ORB,2022-05-17 08:45:00+00:00,2022-05-17 11:29:00+00:00,BUY,7.61,1826.73,1830.038,2289.09,3.008,TIME,825.0,2722.86,-583.84
NY_ORB,2022-05-17 13:50:00+00:00,2022-05-17 16:29:00+00:00,SELL,6.2,1824.008,1820.818,1791.8,2.89,TIME,800.0,3854.54,-954.8
LONDON_ORB,2022-05-18 09:35:00+00:00,2022-05-18 11:14:00+00:00,BUY,10.0,1816.768,1814.773,-2295.0,-2.295,SL,500.0,3575.0,-2480.0
NY_ORB,2022-05-18 14:48:00+00:00,2022-05-18 15:07:00+00:00,SELL,6.49,1811.848,1815.698,-2693.35,-4.15,SL,100.0,323.26,-2411.81
ASIAN_MR,2022-05-19 03:05:00+00:00,2022-05-19 03:15:00+00:00,SHORT,9.21,1816.718,1815.77875,588.75,0.6392500000001291,TP_Z_NEUTRAL,10.0,823.37,-607.86
LONDON_ORB,2022-05-19 08:45:00+00:00,2022-05-19 08:45:00+00:00,BUY,10.0,1813.798,1818.258,4160.0,4.16,TP,5.0,6890.0,0.0
NY_ORB,2022-05-19 13:46:00+00:00,2022-05-19 16:29:00+00:00,BUY,3.14,1840.258,1842.638,653.12,2.08,TIME,820.0,2761.63,-814.52
ASIAN_MR,2022-05-20 01:20:00+00:00,2022-05-20 02:05:00+00:00,LONG,8.52,1838.898,1837.4188598433366,-1515.83,-1.779140156663334,SL_ATR,45.0,562.32,-1468.85
LONDON_ORB,2022-05-20 09:25:00+00:00,2022-05-20 11:27:00+00:00,BUY,10.0,1845.168,1843.068,-2400.0,-2.4,SL,615.0,2525.0,-2312.89
NY_ORB,2022-05-20 13:55:00+00:00,2022-05-20 15:08:00+00:00,SELL,5.2,1839.0,1843.718,-2609.48,-5.018,SL,370.0,3547.32,-2502.73
LONDON_ORB,2022-05-23 08:20:00+00:00,2022-05-23 09:23:00+00:00,BUY,9.58,1858.378,1863.338,4464.28,4.66,TP,320.0,5192.36,-397.57
NY_ORB,2022-05-23 13:46:00+00:00,2022-05-23 14:10:00+00:00,SELL,7.45,1853.758,1857.028,-2659.65,-3.57,SL,125.0,707.75,-2316.95
ASIAN_MR,2022-05-24 03:20:00+00:00,2022-05-24 03:50:00+00:00,SHORT,9.11,1854.084,1855.41366335206,-1484.62,-1.6296633520599244,SL_ATR,30.0,173.09,-1269.93
LONDON_ORB,2022-05-24 11:05:00+00:00,2022-05-24 11:29:00+00:00,SELL,10.0,1858.688,1858.044,344.05,0.344,TIME,125.0,2104.05,0.0
NY_ORB,2022-05-24 13:50:00+00:00,2022-05-24 16:29:00+00:00,BUY,6.02,1862.538,1865.488,1595.3,2.65,TIME,800.0,4235.07,-1420.72
ASIAN_MR,2022-05-25 01:10:00+00:00,2022-05-25 01:55:00+00:00,LONG,9.0,1862.348,1860.988334746814,-1493.7,-1.6596652531859946,SL_ATR,45.0,999.0,-1224.0
LONDON_ORB,2022-05-25 08:20:00+00:00,2022-05-25 08:25:00+00:00,BUY,10.0,1858.503,1856.788,-2014.89,-2.015,SL,30.0,1175.11,-1730.0
NY_ORB,2022-05-25 14:05:00+00:00,2022-05-25 16:29:00+00:00,SELL,5.92,1850.264,1846.463,2072.59,3.501,TIME,725.0,4810.59,-588.45
ASIAN_MR,2022-05-26 02:00:00+00:00,2022-05-26 02:30:00+00:00,LONG,9.49,1849.894,1852.4843,2173.49,2.2903000000000704,TP_Z_NEUTRAL,30.0,1118.87,-674.74
LONDON_ORB,2022-05-26 09:45:00+00:00,2022-05-26 11:29:00+00:00,SELL,7.36,1846.388,1842.668,2517.12,3.42,TIME,525.0,4114.24,-1004.64
NY_ORB,2022-05-26 13:48:00+00:00,2022-05-26 16:29:00+00:00,BUY,3.76,1847.898,1847.244,-358.77,-0.954,TIME,810.0,2054.84,-1522.49
LONDON_ORB,2022-05-27 08:53:00+00:00,2022-05-27 09:17:00+00:00,SELL,10.0,1857.633,1859.308,-1975.0,-1.975,SL,125.0,1075.0,-1592.92
NY_ORB,2022-05-27 15:05:00+00:00,2022-05-27 16:29:00+00:00,SELL,4.61,1854.883,1852.868,790.77,1.715,TIME,425.0,1818.49,-329.46
ASIAN_MR,2022-05-30 01:50:00+00:00,2022-05-30 02:05:00+00:00,SHORT,7.11,1856.208,1857.956427421954,-1456.43,-2.04842742195392,SL_ATR,15.0,60.44,-1542.87
LONDON_ORB,2022-05-30 08:25:00+00:00,2022-05-30 08:38:00+00:00,SELL,10.0,1858.343,1859.746,-1702.98,-1.703,SL,70.0,2070.0,-1105.09
NY_ORB,2022-05-30 14:05:00+00:00,2022-05-30 14:05:00+00:00,SELL,10.0,1860.013,1857.9329999999995,1780.0,1.78,TP,5.0,3810.0,0.0
LONDON_ORB,2022-05-31 08:50:00+00:00,2022-05-31 09:43:00+00:00,SELL,10.0,1854.248,1850.938,3010.0,3.01,TP,270.0,3780.0,0.0
NY_ORB,2022-05-31 14:05:00+00:00,2022-05-31 14:22:00+00:00,SELL,6.58,1851.494,1843.8559999999995,4828.47,7.338,TP,90.0,5402.81,0.0
LONDON_ORB,2022-06-01 09:00:00+00:00,2022-06-01 11:29:00+00:00,SELL,6.18,1832.614,1830.807,931.23,1.507,TIME,750.0,2630.08,-379.58
NY_ORB,2022-06-01 14:05:00+00:00,2022-06-01 16:17:00+00:00,SELL,6.88,1845.118,1848.988,-2868.96,-4.17,SL,665.0,4988.0,-2580.0
LONDON_ORB,2022-06-02 10:25:00+00:00,2022-06-02 10:25:00+00:00,BUY,10.0,1852.378,1855.0179999999998,2340.0,2.34,TP,5.0,4190.0,0.0
ASIAN_MR,2022-06-03 02:45:00+00:00,2022-06-03 03:20:00+00:00,LONG,10.0,1870.203,1868.9802892211258,-1522.71,-1.522710778874216,SL_ATR,35.0,531.0,-1669.0
LONDON_ORB,2022-06-03 09:05:00+00:00,2022-06-03 10:05:00+00:00,SELL,10.0,1864.243,1865.973,-2030.0,-2.03,SL,305.0,1035.0,-1953.04
NY_ORB,2022-06-03 16:20:00+00:00,2022-06-03 16:20:00+00:00,SELL,6.67,1859.578,1852.1079999999997,4782.39,7.17,TP,5.0,7610.47,0.0
ASIAN_MR,2022-06-06 02:35:00+00:00,2022-06-06 03:05:00+00:00,SHORT,10.0,1854.118,1855.1959132916916,-1377.91,-1.3779132916916297,SL_ATR,30.0,510.0,-1230.0
LONDON_ORB,2022-06-06 10:20:00+00:00,2022-06-06 11:29:00+00:00,BUY,10.0,1852.648,1853.258,310.0,0.31,TIME,350.0,2835.0,-930.0
NY_ORB,2022-06-06 14:05:00+00:00,2022-06-06 16:29:00+00:00,SELL,5.88,1849.608,1842.293,4124.82,7.015,TIME,725.0,4709.88,-370.44
LONDON_ORB,2022-06-07 08:40:00+00:00,2022-06-07 11:29:00+00:00,BUY,7.75,1845.538,1848.955,2415.64,3.117,TIME,850.0,4882.5,0.0
NY_ORB,2022-06-07 13:50:00+00:00,2022-06-07 13:55:00+00:00,BUY,9.26,1847.218,1853.1880000000003,5250.42,5.67,TP,30.0,5685.64,0.0
LONDON_ORB,2022-06-08 08:20:00+00:00,2022-06-08 10:03:00+00:00,SELL,10.0,1849.168,1850.418,-1550.0,-1.55,SL,520.0,2585.0,-1240.0
NY_ORB,2022-06-08 15:10:00+00:00,2022-06-08 15:36:00+00:00,BUY,10.0,1855.268,1859.388,3820.0,3.82,TP,135.0,4135.9,0.0
LONDON_ORB,2022-06-09 09:40:00+00:00,2022-06-09 10:15:00+00:00,SELL,10.0,1849.308,1850.468,-1460.0,-1.46,SL,180.0,1190.0,-880.0
LONDON_ORB,2022-06-10 09:30:00+00:00,2022-06-10 10:00:00+00:00,SELL,10.0,1845.294,1842.2660000000003,2727.92,2.728,TP,155.0,3350.0,0.0
NY_ORB,2022-06-10 14:35:00+00:00,2022-06-10 14:45:00+00:00,BUY,4.02,1835.698,1850.4980000000003,5829.0,14.5,TP,55.0,6052.66,0.0
ASIAN_MR,2022-06-13 01:10:00+00:00,2022-06-13 01:30:00+00:00,LONG,7.4,1869.728,1867.6814090907912,-1736.48,-2.3465909092088166,SL_ATR,20.0,384.8,-1867.76
LONDON_ORB,2022-06-13 09:55:00+00:00,2022-06-13 10:52:00+00:00,SELL,10.0,1855.863,1858.583,-3020.0,-3.02,SL,290.0,2360.0,-2492.07
NY_ORB,2022-06-13 14:35:00+00:00,2022-06-13 16:29:00+00:00,SELL,4.41,1830.521,1832.013,-790.12,-1.792,TIME,575.0,2793.0,-1288.46
ASIAN_MR,2022-06-14 02:40:00+00:00,2022-06-14 03:05:00+00:00,SHORT,8.23,1825.918,1827.6846415780267,-1700.85,-2.0666415780267924,SL_ATR,25.0,65.84,-1637.77
LONDON_ORB,2022-06-14 08:50:00+00:00,2022-06-14 10:14:00+00:00,SELL,10.0,1827.283,1821.7129999999997,5270.0,5.27,TP,425.0,6030.0,0.0
NY_ORB,2022-06-14 14:40:00+00:00,2022-06-14 16:29:00+00:00,SELL,8.24,1816.708,1812.578,3155.92,3.83,TIME,550.0,6122.32,-41.2
ASIAN_MR,2022-06-15 01:40:00+00:00,2022-06-15 02:30:00+00:00,SHORT,8.23,1815.718,1817.590536805755,-1788.0,-2.172536805754862,SL_ATR,50.0,584.33,-2905.19
LONDON_ORB,2022-06-15 10:40:00+00:00,2022-06-15 11:19:00+00:00,BUY,9.08,1821.702,1828.4219999999998,5829.36,6.42,TP,200.0,7278.38,0.0
NY_ORB,2022-06-15 15:35:00+00:00,2022-06-15 16:29:00+00:00,SELL,7.46,1824.684,1821.808,1921.54,2.576,TIME,275.0,3642.05,0.0
LONDON_ORB,2022-06-16 09:15:00+00:00,2022-06-16 10:08:00+00:00,BUY,10.0,1830.828,1828.248,-2880.0,-2.88,SL,270.0,4930.0,-3480.0
ASIAN_MR,2022-06-17 01:55:00+00:00,2022-06-17 02:40:00+00:00,LONG,8.78,1844.998,1843.223198302162,-1821.68,-2.074801697838029,SL_ATR,45.0,570.7,-2839.45
LONDON_ORB,2022-06-17 10:10:00+00:00,2022-06-17 11:29:00+00:00,SELL,10.0,1847.808,1845.758,1750.0,1.75,TIME,400.0,3401.85,-101.11
NY_ORB,2022-06-17 13:50:00+00:00,2022-06-17 16:29:00+00:00,SELL,6.24,1842.648,1840.244,1312.74,2.104,TIME,800.0,3806.4,-1404.0
LONDON_ORB,2022-06-20 10:05:00+00:00,2022-06-20 11:29:00+00:00,SELL,10.0,1838.808,1837.678,830.0,0.83,TIME,425.0,2504.89,-825.11
NY_ORB,2022-06-20 14:05:00+00:00,2022-06-20 16:29:00+00:00,SELL,10.0,1838.988,1838.023,665.0,0.665,TIME,725.0,2380.0,-405.0
LONDON_ORB,2022-06-21 08:30:00+00:00,2022-06-21 09:48:00+00:00,SELL,10.0,1836.484,1838.378,-2194.05,-2.194,SL,395.0,2345.95,-1651.9
NY_ORB,2022-06-21 13:50:00+00:00,2022-06-21 14:37:00+00:00,BUY,9.4,1835.963,1842.553,5912.6,6.29,TP,240.0,7024.54,0.0
LONDON_ORB,2022-06-22 09:30:00+00:00,2022-06-22 11:03:00+00:00,BUY,9.35,1826.723,1833.5929999999998,6142.95,6.57,TP,470.0,7362.92,-831.34
ASIAN_MR,2022-06-23 03:30:00+00:00,2022-06-23 04:15:00+00:00,SHORT,10.0,1834.208,1833.2415,666.5,0.6664999999999963,TP_Z_NEUTRAL,45.0,1870.0,-270.0
LONDON_ORB,2022-06-23 09:35:00+00:00,2022-06-23 10:02:00+00:00,SELL,10.0,1835.148,1829.6179999999997,5230.0,5.23,TP,140.0,6760.0,0.0
NY_ORB,2022-06-23 13:50:00+00:00,2022-06-23 13:52:00+00:00,BUY,10.0,1838.318,1844.5979999999997,5980.0,5.98,TP,15.0,7920.0,0.0
NY_ORB,2022-06-24 14:06:00+00:00,2022-06-24 14:13:00+00:00,SELL,8.58,1822.878,1827.013,-3805.0,-4.435,SL,40.0,600.6,-3766.62
ASIAN_MR,2022-06-27 01:35:00+00:00,2022-06-27 01:40:00+00:00,SHORT,10.0,1835.013,1836.756517127075,-2043.52,-2.043517127075165,SL_ATR,5.0,595.0,-1750.0
LONDON_ORB,2022-06-27 08:25:00+00:00,2022-06-27 08:30:00+00:00,BUY,10.0,1835.933,1838.993,2760.0,2.76,TP,30.0,3790.0,0.0
NY_ORB,2022-06-27 15:05:00+00:00,2022-06-27 16:29:00+00:00,SELL,10.0,1827.318,1824.661,2357.08,2.357,TIME,425.0,6640.0,0.0
LONDON_ORB,2022-06-28 09:00:00+00:00,2022-06-28 10:52:00+00:00,SELL,10.0,1826.398,1822.7579999999996,3340.0,3.34,TP,565.0,4180.0,-1350.0
NY_ORB,2022-06-28 13:50:00+00:00,2022-06-28 14:21:00+00:00,SELL,10.0,1822.073,1824.998,-3224.81,-3.225,SL,160.0,3594.07,-3184.81
LONDON_ORB,2022-06-29 09:35:00+00:00,2022-06-29 10:15:00+00:00,SELL,10.0,1815.828,1817.498,-1970.0,-1.97,SL,205.0,2230.0,-1565.0
NY_ORB,2022-06-29 13:47:00+00:00,2022-06-29 16:29:00+00:00,SELL,4.01,1821.778,1818.723,1104.98,2.755,TIME,815.0,2795.86,-797.99
LONDON_ORB,2022-06-30 08:40:00+00:00,2022-06-30 08:45:00+00:00,SELL,10.0,1814.303,1815.613,-1610.0,-1.61,SL,30.0,1840.0,-1140.0
NY_ORB,2022-06-30 14:50:00+00:00,2022-06-30 16:29:00+00:00,SELL,4.88,1816.058,1812.075,1797.17,3.683,TIME,500.0,5376.87,0.0
LONDON_ORB,2022-07-01 09:04:00+00:00,2022-07-01 10:11:00+00:00,BUY,10.0,1795.01,1792.994,-2316.0,-2.316,SL,340.0,1958.0,-2272.0
NY_ORB,2022-07-01 14:20:00+00:00,2022-07-01 16:29:00+00:00,BUY,5.31,1798.396,1802.518,2029.3,3.822,TIME,650.0,5489.66,0.0
ASIAN_MR,2022-07-04 03:25:00+00:00,2022-07-04 03:55:00+00:00,SHORT,10.0,1812.358,1809.9951999999998,2062.8,2.0628000000001068,TP_Z_NEUTRAL,30.0,1130.0,-80.0
LONDON_ORB,2022-07-04 08:45:00+00:00,2022-07-04 09:29:00+00:00,SELL,10.0,1807.618,1808.704,-1385.95,-1.386,SL,225.0,1234.05,-785.95
NY_ORB,2022-07-04 14:25:00+00:00,2022-07-04 15:04:00+00:00,BUY,10.0,1809.148,1807.994,-1454.06,-1.454,SL,200.0,1730.0,-1344.06
LONDON_ORB,2022-07-05 11:05:00+00:00,2022-07-05 11:29:00+00:00,SELL,9.8,1802.218,1798.558,3292.8,3.36,TIME,125.0,3767.21,-436.99
NY_ORB,2022-07-05 14:05:00+00:00,2022-07-05 14:05:00+00:00,SELL,5.9,1788.77,1776.074,7313.73,12.396,TP,5.0,9437.73,0.0
LONDON_ORB,2022-07-06 08:40:00+00:00,2022-07-06 11:29:00+00:00,SELL,8.5,1767.334,1761.268,4901.19,5.766,TIME,850.0,6290.0,-173.31
NY_ORB,2022-07-06 13:50:00+00:00,2022-07-06 14:13:00+00:00,SELL,9.69,1761.408,1753.5679999999998,7306.26,7.54,TP,120.0,8265.57,0.0
ASIAN_MR,2022-07-07 02:55:00+00:00,2022-07-07 03:10:00+00:00,SHORT,10.0,1743.878,1745.5717757816806,-1993.78,-1.9937757816806425,SL_ATR,15.0,654.0,-2460.0
LONDON_ORB,2022-07-07 08:55:00+00:00,2022-07-07 09:27:00+00:00,SELL,10.0,1741.824,1744.554,-3030.0,-3.03,SL,165.0,1850.0,-2624.14
LONDON_ORB,2022-07-08 08:25:00+00:00,2022-07-08 10:44:00+00:00,SELL,5.39,1736.089,1743.248,-4020.45,-7.459,SL,700.0,744.31,-3713.22
NY_ORB,2022-07-08 14:15:00+00:00,2022-07-08 14:45:00+00:00,BUY,9.6,1742.654,1750.498,7242.24,7.544,TP,155.0,9343.68,-1023.36
LONDON_ORB,2022-07-11 09:32:00+00:00,2022-07-11 11:10:00+00:00,SELL,10.0,1736.378,1738.018,-1940.0,-1.94,SL,495.0,2361.02,-1605.92
NY_ORB,2022-07-11 13:55:00+00:00,2022-07-11 16:22:00+00:00,BUY,10.0,1739.108,1735.427,-3980.91,-3.981,SL,740.0,2655.91,-3734.09
LONDON_ORB,2022-07-12 08:35:00+00:00,2022-07-12 08:38:00+00:00,BUY,10.0,1734.557,1738.843,3985.95,3.986,TP,20.0,4467.03,0.0
NY_ORB,2022-07-12 13:57:00+00:00,2022-07-12 15:07:00+00:00,SELL,9.87,1728.028,1731.984,-4200.67,-4.256,SL,355.0,457.97,-3691.38
ASIAN_MR,2022-07-13 01:20:00+00:00,2022-07-13 02:00:00+00:00,SHORT,10.0,1727.174,1725.18855,1685.45,1.6854499999999006,TP_Z_NEUTRAL,40.0,598.0,-1444.0
LONDON_ORB,2022-07-13 09:15:00+00:00,2022-07-13 11:29:00+00:00,BUY,10.0,1727.759,1730.038,1978.95,1.979,TIME,675.0,3998.95,-825.0
ASIAN_MR,2022-07-14 02:40:00+00:00,2022-07-14 03:05:00+00:00,SHORT,10.0,1729.984,1731.8716459590908,-2187.65,-2.1876459590908324,SL_ATR,25.0,1040.0,-2590.0
LONDON_ORB,2022-07-14 09:35:00+00:00,2022-07-14 09:35:00+00:00,SELL,10.0,1716.864,1713.056,3508.1,3.508,TP,5.0,4605.95,0.0
ASIAN_MR,2022-07-15 02:10:00+00:00,2022-07-15 02:40:00+00:00,SHORT,10.0,1715.068,1711.9478,2820.2,2.820200000000068,TP_Z_NEUTRAL,30.0,1760.0,-1450.0
LONDON_ORB,2022-07-15 10:40:00+00:00,2022-07-15 10:56:00+00:00,BUY,10.0,1703.708,1706.7880000000005,2780.0,2.78,TP,85.0,3230.0,0.0
ASIAN_MR,2022-07-18 03:25:00+00:00,2022-07-18 04:15:00+00:00,SHORT,10.0,1716.278,1714.2571,1720.9,1.7208999999999832,TP_Z_NEUTRAL,50.0,985.0,-410.0
LONDON_ORB,2022-07-18 09:25:00+00:00,2022-07-18 09:30:00+00:00,BUY,10.0,1719.618,1722.1859999999997,2268.06,2.268,TP,30.0,3910.0,0.0
ASIAN_MR,2022-07-19 03:55:00+00:00,2022-07-19 04:30:00+00:00,SHORT,10.0,1709.324,1707.77465,1249.35,1.249350000000004,TP_Z_NEUTRAL,35.0,1306.0,-451.0
LONDON_ORB,2022-07-19 11:10:00+00:00,2022-07-19 11:10:00+00:00,BUY,10.0,1712.178,1715.1580000000001,2680.0,2.68,TP,5.0,5032.96,0.0
ASIAN_MR,2022-07-20 03:35:00+00:00,2022-07-20 03:50:00+00:00,SHORT,10.0,1712.938,1711.27895,1359.05,1.3590500000002066,TP_Z_NEUTRAL,15.0,1840.0,-356.0
LONDON_ORB,2022-07-20 08:50:00+00:00,2022-07-20 09:30:00+00:00,BUY,10.0,1708.626,1711.742,2816.08,2.816,TP,205.0,3751.96,-1028.04
LONDON_ORB,2022-07-21 09:05:00+00:00,2022-07-21 09:05:00+00:00,SELL,10.0,1687.818,1684.4379999999999,3080.0,3.08,TP,5.0,5390.0,0.0
NY_ORB,2022-07-21 15:05:00+00:00,2022-07-21 16:29:00+00:00,BUY,5.47,1705.488,1712.586,3718.51,6.798,TIME,425.0,6979.72,0.0
LONDON_ORB,2022-07-22 09:30:00+00:00,2022-07-22 09:31:00+00:00,BUY,10.0,1718.908,1724.888,5680.0,5.68,TP,10.0,6270.0,0.0
NY_ORB,2022-07-22 13:45:00+00:00,2022-07-22 16:29:00+00:00,BUY,7.42,1728.598,1730.5,1188.91,1.602,TIME,825.0,7905.72,0.0
ASIAN_MR,2022-07-25 02:55:00+00:00,2022-07-25 03:20:00+00:00,SHORT,10.0,1727.278,1728.6950590762106,-1717.06,-1.7170590762105349,SL_ATR,25.0,900.0,-1486.0
LONDON_ORB,2022-07-25 08:35:00+00:00,2022-07-25 09:18:00+00:00,BUY,10.0,1727.194,1731.114,3620.0,3.62,TP,220.0,3930.0,0.0
NY_ORB,2022-07-25 14:10:00+00:00,2022-07-25 16:29:00+00:00,SELL,9.26,1719.098,1717.384,1309.13,1.414,TIME,700.0,4116.07,-439.85
LONDON_ORB,2022-07-26 09:25:00+00:00,2022-07-26 09:30:00+00:00,SELL,10.0,1723.714,1719.774,3640.0,3.64,TP,30.0,4576.1,0.0
NY_ORB,2022-07-26 14:05:00+00:00,2022-07-26 16:29:00+00:00,SELL,10.0,1718.824,1717.518,1005.93,1.006,TIME,725.0,4550.0,-2644.07
LONDON_ORB,2022-07-27 08:20:00+00:00,2022-07-27 11:29:00+00:00,BUY,10.0,1722.738,1721.824,-1214.0,-1.214,TIME,950.0,2310.0,-2990.0
NY_ORB,2022-07-27 13:49:00+00:00,2022-07-27 15:18:00+00:00,SELL,10.0,1714.134,1718.818,-4984.12,-4.984,SL,450.0,2818.82,-4642.94
ASIAN_MR,2022-07-28 02:20:00+00:00,2022-07-28 02:50:00+00:00,LONG,10.0,1734.875,1737.8515,2676.5,2.6764999999999874,TP_Z_NEUTRAL,30.0,2543.0,-97.0
LONDON_ORB,2022-07-28 08:15:00+00:00,2022-07-28 09:51:00+00:00,BUY,10.0,1747.524,1743.205,-4618.95,-4.619,SL,485.0,924.21,-4348.95
ASIAN_MR,2022-07-29 03:25:00+00:00,2022-07-29 03:45:00+00:00,SHORT,10.0,1758.644,1760.0376857291699,-1693.69,-1.6936857291698744,SL_ATR,20.0,336.0,-2454.0
LONDON_ORB,2022-07-29 09:20:00+00:00,2022-07-29 11:29:00+00:00,SELL,10.0,1761.884,1759.559,2025.0,2.025,TIME,650.0,5680.0,-1373.89
ASIAN_MR,2022-08-01 03:20:00+00:00,2022-08-01 04:10:00+00:00,LONG,10.0,1762.498,1761.1513387725572,-1646.66,-1.6466612274428372,SL_ATR,50.0,110.0,-1360.0
LONDON_ORB,2022-08-01 09:40:00+00:00,2022-08-01 09:43:00+00:00,BUY,10.0,1764.965,1770.639,5373.93,5.374,TP,20.0,5942.86,0.0
NY_ORB,2022-08-01 14:08:00+00:00,2022-08-01 14:11:00+00:00,SELL,10.0,1768.448,1772.158,-4010.0,-4.01,SL,20.0,514.09,-3500.0
LONDON_ORB,2022-08-02 08:20:00+00:00,2022-08-02 11:10:00+00:00,BUY,10.0,1772.57,1776.6579999999997,3787.95,3.788,TP,855.0,4197.95,-1940.0
NY_ORB,2022-08-02 13:50:00+00:00,2022-08-02 14:11:00+00:00,SELL,9.32,1777.737,1782.788,-4987.37,-5.351,SL,110.0,2420.29,-6301.48
ASIAN_MR,2022-08-03 01:20:00+00:00,2022-08-03 01:55:00+00:00,SHORT,10.0,1761.818,1764.0042316906668,-2486.23,-2.4862316906667727,SL_ATR,35.0,820.0,-3020.0
LONDON_ORB,2022-08-03 09:40:00+00:00,2022-08-03 10:24:00+00:00,SELL,10.0,1765.974,1761.4079999999997,4266.0,4.266,TP,225.0,4960.0,-678.0
NY_ORB,2022-08-03 14:05:00+00:00,2022-08-03 14:17:00+00:00,SELL,10.0,1765.338,1756.68,8357.78,8.358,TP,65.0,9123.89,0.0
ASIAN_MR,2022-08-04 01:00:00+00:00,2022-08-04 01:15:00+00:00,SHORT,10.0,1767.084,1768.2217761428676,-1437.78,-1.4377761428675513,SL_ATR,15.0,716.0,-1530.0
LONDON_ORB,2022-08-04 09:05:00+00:00,2022-08-04 09:08:00+00:00,BUY,10.0,1774.572,1778.2879999999998,3416.05,3.416,TP,20.0,3822.09,0.0
NY_ORB,2022-08-04 15:25:00+00:00,2022-08-04 15:25:00+00:00,BUY,10.0,1777.814,1785.1460000000004,7031.82,7.032,TP,5.0,10504.09,0.0
ASIAN_MR,2022-08-05 01:45:00+00:00,2022-08-05 02:40:00+00:00,LONG,10.0,1789.994,1792.33905,2045.05,2.0450500000001286,TP_Z_NEUTRAL,55.0,464.0,-1236.0
LONDON_ORB,2022-08-05 11:00:00+00:00,2022-08-05 11:29:00+00:00,SELL,10.0,1787.338,1786.36,677.92,0.678,TIME,150.0,3510.0,0.0
ASIAN_MR,2022-08-08 03:05:00+00:00,2022-08-08 03:45:00+00:00,LONG,10.0,1772.654,1774.31925,1365.25,1.3652500000000145,TP_Z_NEUTRAL,40.0,604.0,-886.0
LONDON_ORB,2022-08-08 10:35:00+00:00,2022-08-08 11:07:00+00:00,BUY,10.0,1777.634,1781.638,3704.0,3.704,TP,165.0,4140.0,0.0
NY_ORB,2022-08-08 14:05:00+00:00,2022-08-08 14:35:00+00:00,BUY,10.0,1782.944,1787.7439999999997,4500.0,4.5,TP,155.0,5530.0,0.0
ASIAN_MR,2022-08-09 01:10:00+00:00,2022-08-09 01:15:00+00:00,LONG,10.0,1787.448,1786.1836825590094,-1564.32,-1.5643174409906806,SL_ATR,5.0,266.0,-2110.0
LONDON_ORB,2022-08-09 08:19:00+00:00,2022-08-09 11:29:00+00:00,BUY,10.0,1791.462,1791.514,-248.12,-0.248,TIME,955.0,3116.25,-3335.0
NY_ORB,2022-08-09 15:00:00+00:00,2022-08-09 16:29:00+00:00,SELL,10.0,1795.648,1796.814,-1465.88,-1.466,TIME,450.0,5640.0,-2575.88
ASIAN_MR,2022-08-10 02:05:00+00:00,2022-08-10 03:00:00+00:00,SHORT,10.0,1793.438,1792.29935,838.65,0.8386500000000978,TP_Z_NEUTRAL,55.0,84.0,-1060.0
LONDON_ORB,2022-08-10 10:40:00+00:00,2022-08-10 11:29:00+00:00,BUY,10.0,1791.108,1790.382,-1026.05,-1.026,TIME,250.0,586.05,-1953.95
ASIAN_MR,2022-08-11 02:05:00+00:00,2022-08-11 02:40:00+00:00,LONG,10.0,1786.148,1784.6483593721007,-1799.64,-1.7996406278992254,SL_ATR,35.0,1236.0,-1500.0
LONDON_ORB,2022-08-11 09:00:00+00:00,2022-08-11 11:29:00+00:00,BUY,10.0,1788.024,1791.614,3290.0,3.29,TIME,750.0,4004.0,-276.0
NY_ORB,2022-08-11 15:10:00+00:00,2022-08-11 16:29:00+00:00,SELL,9.01,1790.958,1789.888,693.77,0.77,TIME,400.0,4225.69,-360.4
ASIAN_MR,2022-08-12 03:20:00+00:00,2022-08-12 03:40:00+00:00,SHORT,10.0,1789.858,1790.911869476538,-1353.87,-1.3538694765380115,SL_ATR,20.0,44.0,-1470.0
LONDON_ORB,2022-08-12 09:25:00+00:00,2022-08-12 11:13:00+00:00,SELL,10.0,1787.884,1789.684,-2100.0,-2.1,SL,545.0,2170.0,-1504.09
NY_ORB,2022-08-12 14:05:00+00:00,2022-08-12 15:35:00+00:00,SELL,10.0,1793.633,1796.724,-3391.15,-3.391,SL,455.0,3315.0,-2965.0
ASIAN_MR,2022-08-15 01:30:00+00:00,2022-08-15 01:50:00+00:00,LONG,10.0,1797.008,1799.0643,1756.3,1.7562999999999647,TP_Z_NEUTRAL,20.0,1560.0,-370.0
LONDON_ORB,2022-08-15 08:50:00+00:00,2022-08-15 08:51:00+00:00,SELL,10.0,1786.678,1784.0920000000003,2285.97,2.286,TP,10.0,3710.0,0.0
ASIAN_MR,2022-08-16 02:15:00+00:00,2022-08-16 03:00:00+00:00,SHORT,10.0,1781.598,1782.9718727364907,-1673.87,-1.673872736490739,SL_ATR,45.0,694.0,-1440.0
LONDON_ORB,2022-08-16 08:39:00+00:00,2022-08-16 10:28:00+00:00,BUY,10.0,1775.934,1773.918,-2316.0,-2.316,SL,550.0,1534.0,-2190.0
LONDON_ORB,2022-08-17 08:35:00+00:00,2022-08-17 08:41:00+00:00,BUY,10.0,1773.444,1776.5639999999999,2820.0,2.82,TP,35.0,3403.92,0.0
NY_ORB,2022-08-17 16:10:00+00:00,2022-08-17 16:29:00+00:00,SELL,6.36,1764.965,1760.554,2614.6,4.111,TIME,100.0,3076.33,0.0
ASIAN_MR,2022-08-18 01:20:00+00:00,2022-08-18 02:20:00+00:00,SHORT,10.0,1766.678,1764.175,2203.0,2.2030000000001566,TIME_STOP_60M,60.0,2670.0,-716.0
LONDON_ORB,2022-08-18 10:00:00+00:00,2022-08-18 10:06:00+00:00,BUY,10.0,1764.904,1769.7559999999999,4552.12,4.552,TP,35.0,5040.91,0.0
NY_ORB,2022-08-18 13:50:00+00:00,2022-08-18 15:05:00+00:00,SELL,10.0,1766.888,1760.9159999999997,5671.85,5.672,TP,380.0,6300.0,0.0
LONDON_ORB,2022-08-19 09:18:00+00:00,2022-08-19 10:02:00+00:00,BUY,10.0,1753.928,1751.768,-2460.0,-2.46,SL,225.0,270.0,-2530.0
NY_ORB,2022-08-19 14:35:00+00:00,2022-08-19 16:29:00+00:00,SELL,10.0,1751.808,1749.254,2254.0,2.254,TIME,575.0,6227.33,0.0
LONDON_ORB,2022-08-22 08:20:00+00:00,2022-08-22 08:51:00+00:00,SELL,10.0,1736.036,1732.924,2811.96,2.812,TP,160.0,3488.04,-221.96
LONDON_ORB,2022-08-23 08:20:00+00:00,2022-08-23 10:06:00+00:00,BUY,10.0,1740.118,1737.548,-2870.0,-2.87,SL,535.0,3646.13,-2610.0
NY_ORB,2022-08-23 13:50:00+00:00,2022-08-23 13:50:00+00:00,BUY,10.0,1740.734,1746.714,5680.0,5.68,TP,5.0,8264.07,0.0
LONDON_ORB,2022-08-24 10:25:00+00:00,2022-08-24 11:29:00+00:00,SELL,10.0,1747.244,1744.614,2330.0,2.33,TIME,325.0,3930.0,0.0
NY_ORB,2022-08-24 13:55:00+00:00,2022-08-24 14:20:00+00:00,BUY,10.0,1745.198,1749.8780000000004,4380.0,4.38,TP,130.0,4770.0,-1430.0
ASIAN_MR,2022-08-25 01:20:00+00:00,2022-08-25 01:45:00+00:00,SHORT,10.0,1755.104,1756.2589647419832,-1454.96,-1.4549647419831218,SL_ATR,25.0,160.0,-1394.0
LONDON_ORB,2022-08-25 09:05:00+00:00,2022-08-25 11:29:00+00:00,BUY,10.0,1763.038,1763.984,646.0,0.646,TIME,725.0,2330.0,-1314.0
LONDON_ORB,2022-08-26 11:20:00+00:00,2022-08-26 11:23:00+00:00,SELL,10.0,1750.858,1746.4059999999997,4151.94,4.152,TP,20.0,4833.89,0.0
NY_ORB,2022-08-26 14:05:00+00:00,2022-08-26 14:10:00+00:00,SELL,10.0,1750.278,1753.762,-3783.91,-3.784,SL,30.0,7010.0,-5650.0
LONDON_ORB,2022-08-29 09:15:00+00:00,2022-08-29 10:48:00+00:00,BUY,10.0,1723.137,1728.9949999999997,5558.15,5.558,TP,470.0,6071.11,-1678.89
NY_ORB,2022-08-29 15:05:00+00:00,2022-08-29 16:29:00+00:00,BUY,10.0,1740.204,1738.298,-2206.09,-2.206,TIME,425.0,883.91,-2016.09
NY_ORB,2022-08-30 14:00:00+00:00,2022-08-30 14:03:00+00:00,BUY,10.0,1732.288,1729.734,-2853.87,-2.854,SL,20.0,136.13,-3330.0
ASIAN_MR,2022-08-31 04:10:00+00:00,2022-08-31 04:35:00+00:00,SHORT,10.0,1724.614,1725.7442071802516,-1430.21,-1.4302071802515457,SL_ATR,25.0,210.0,-1150.0
LONDON_ORB,2022-08-31 08:20:00+00:00,2022-08-31 08:23:00+00:00,SELL,10.0,1719.768,1715.788,3680.0,3.68,TP,20.0,4590.0,0.0
NY_ORB,2022-08-31 13:45:00+00:00,2022-08-31 16:29:00+00:00,BUY,10.0,1714.764,1718.558,3493.89,3.494,TIME,825.0,8623.89,-700.0
LONDON_ORB,2022-09-01 08:20:00+00:00,2022-09-01 09:03:00+00:00,SELL,10.0,1702.598,1704.998,-2700.0,-2.7,SL,220.0,2140.0,-2120.0
NY_ORB,2022-09-01 14:05:00+00:00,2022-09-01 15:11:00+00:00,SELL,10.0,1694.528,1698.044,-3816.09,-3.816,SL,335.0,5860.0,-3536.09
ASIAN_MR,2022-09-02 03:15:00+00:00,2022-09-02 04:05:00+00:00,SHORT,10.0,1699.368,1697.84555,1222.45,1.2224499999999352,TP_Z_NEUTRAL,50.0,324.0,-836.0
LONDON_ORB,2022-09-02 09:30:00+00:00,2022-09-02 10:01:00+00:00,BUY,10.0,1703.754,1707.254,3200.0,3.2,TP,160.0,3501.09,0.0
NY_ORB,2022-09-02 16:25:00+00:00,2022-09-02 16:29:00+00:00,BUY,10.0,1711.984,1714.024,1740.0,1.74,TIME,25.0,2810.0,0.0
ASIAN_MR,2022-09-05 01:15:00+00:00,2022-09-05 02:05:00+00:00,SHORT,10.0,1712.185,1709.25265,2632.35,2.6323500000000424,TP_Z_NEUTRAL,50.0,2077.0,-379.0
LONDON_ORB,2022-09-05 10:35:00+00:00,2022-09-05 11:29:00+00:00,BUY,10.0,1712.324,1713.284,660.0,0.66,TIME,275.0,3231.09,0.0
NY_ORB,2022-09-05 14:35:00+00:00,2022-09-05 15:09:00+00:00,BUY,10.0,1712.135,1711.05,-1385.0,-1.385,SL,175.0,435.95,-1235.0
LONDON_ORB,2022-09-06 11:00:00+00:00,2022-09-06 11:24:00+00:00,SELL,10.0,1714.869,1712.5509999999997,2017.97,2.018,TP,125.0,2994.93,0.0
NY_ORB,2022-09-06 13:45:00+00:00,2022-09-06 14:00:00+00:00,BUY,10.0,1710.528,1707.318,-3510.0,-3.51,SL,80.0,1170.0,-5240.0
NY_ORB,2022-09-07 14:30:00+00:00,2022-09-07 14:30:00+00:00,BUY,10.0,1701.604,1710.954,9050.0,9.05,TP,5.0,9474.12,0.0
LONDON_ORB,2022-09-08 08:33:00+00:00,2022-09-08 08:36:00+00:00,BUY,10.0,1717.868,1716.121,-2046.96,-2.047,SL,20.0,10.0,-1780.0
NY_ORB,2022-09-08 13:49:00+00:00,2022-09-08 14:00:00+00:00,BUY,10.0,1715.994,1710.944,-5350.0,-5.35,SL,60.0,63.75,-5976.25
ASIAN_MR,2022-09-09 03:30:00+00:00,2022-09-09 03:55:00+00:00,SHORT,10.0,1720.058,1717.8999,1858.1,1.858100000000104,TP_Z_NEUTRAL,25.0,1360.0,-440.0
LONDON_ORB,2022-09-09 09:10:00+00:00,2022-09-09 09:23:00+00:00,SELL,10.0,1726.444,1728.698,-2554.0,-2.554,SL,70.0,1294.0,-2270.0
NY_ORB,2022-09-09 14:06:00+00:00,2022-09-09 14:36:00+00:00,BUY,10.0,1716.65,1712.612,-4338.0,-4.338,SL,155.0,776.0,-4041.0
NY_ORB,2022-09-12 14:24:00+00:00,2022-09-12 16:29:00+00:00,BUY,10.0,1728.997,1732.314,3017.33,3.017,TIME,630.0,6038.0,-3383.33
ASIAN_MR,2022-09-13 04:05:00+00:00,2022-09-13 04:20:00+00:00,LONG,10.0,1720.584,1721.6531000000002,769.1,0.7691000000001622,TP_Z_NEUTRAL,15.0,1224.0,-96.0
LONDON_ORB,2022-09-13 08:50:00+00:00,2022-09-13 09:32:00+00:00,BUY,10.0,1724.504,1727.216,2412.03,2.412,TP,215.0,2830.0,0.0
LONDON_ORB,2022-09-14 11:05:00+00:00,2022-09-14 11:29:00+00:00,SELL,10.0,1702.894,1703.548,-954.07,-0.954,TIME,125.0,22.96,-1814.07
LONDON_ORB,2022-09-15 08:20:00+00:00,2022-09-15 09:32:00+00:00,SELL,10.0,1687.988,1689.864,-2176.05,-2.176,SL,365.0,1873.95,-1600.0
NY_ORB,2022-09-15 14:50:00+00:00,2022-09-15 14:51:00+00:00,SELL,10.0,1680.298,1672.666,7331.9,7.332,TP,10.0,8133.81,0.0
LONDON_ORB,2022-09-16 09:10:00+00:00,2022-09-16 09:10:00+00:00,BUY,10.0,1656.755,1661.1490000000003,4093.89,4.094,TP,5.0,5783.06,0.0
NY_ORB,2022-09-16 13:51:00+00:00,2022-09-16 14:08:00+00:00,BUY,10.0,1660.948,1668.7140000000002,7466.19,7.466,TP,90.0,9570.0,-130.0
LONDON_ORB,2022-09-19 08:30:00+00:00,2022-09-19 08:38:00+00:00,BUY,10.0,1662.718,1666.4780000000003,3460.0,3.46,TP,45.0,3950.0,0.0
NY_ORB,2022-09-19 15:05:00+00:00,2022-09-19 16:29:00+00:00,BUY,10.0,1667.165,1670.275,2810.0,2.81,TIME,425.0,8063.12,0.0
LONDON_ORB,2022-09-20 10:25:00+00:00,2022-09-20 11:29:00+00:00,SELL,10.0,1669.126,1669.068,-242.08,-0.242,TIME,325.0,1767.92,-1049.17
ASIAN_MR,2022-09-21 02:25:00+00:00,2022-09-21 02:30:00+00:00,SHORT,10.0,1666.065,1664.71935,1045.65,1.0456499999999778,TP_Z_NEUTRAL,5.0,1760.0,0.0
LONDON_ORB,2022-09-21 09:10:00+00:00,2022-09-21 10:25:00+00:00,BUY,10.0,1671.298,1675.258,3660.0,3.66,TP,380.0,4017.0,0.0
NY_ORB,2022-09-21 14:35:00+00:00,2022-09-21 14:44:00+00:00,SELL,10.0,1672.008,1666.648,5060.0,5.06,TP,50.0,5700.0,0.0
ASIAN_MR,2022-09-22 02:50:00+00:00,2022-09-22 02:55:00+00:00,SHORT,10.0,1660.905,1662.9077822584109,-2302.78,-2.302782258410889,SL_ATR,5.0,60.0,-3993.0
LONDON_ORB,2022-09-22 08:15:00+00:00,2022-09-22 11:29:00+00:00,BUY,7.18,1666.828,1666.338,-567.22,-0.79,TIME,975.0,8039.21,-1558.06
LONDON_ORB,2022-09-23 09:00:00+00:00,2022-09-23 09:39:00+00:00,SELL,10.0,1665.075,1658.7190000000003,6056.0,6.056,TP,200.0,7136.8,0.0
NY_ORB,2022-09-23 13:50:00+00:00,2022-09-23 16:29:00+00:00,SELL,10.0,1647.238,1646.965,-27.14,-0.027,TIME,800.0,5792.14,-1737.14
LONDON_ORB,2022-09-26 10:15:00+00:00,2022-09-26 11:29:00+00:00,SELL,10.0,1642.631,1639.418,2913.0,2.913,TIME,375.0,6506.0,0.0
NY_ORB,2022-09-26 15:30:00+00:00,2022-09-26 16:03:00+00:00,SELL,10.0,1642.745,1633.0649999999996,9380.0,9.38,TP,170.0,10090.0,0.0
ASIAN_MR,2022-09-27 03:45:00+00:00,2022-09-27 04:45:00+00:00,SHORT,10.0,1631.215,1631.618,-703.0,-0.70300000000002,TIME_STOP_60M,60.0,467.0,-920.0
LONDON_ORB,2022-09-27 08:30:00+00:00,2022-09-27 09:27:00+00:00,BUY,10.0,1637.335,1634.045,-3590.0,-3.59,SL,290.0,662.92,-3357.92
NY_ORB,2022-09-27 14:08:00+00:00,2022-09-27 16:29:00+00:00,SELL,10.0,1634.548,1631.108,3140.0,3.14,TIME,710.0,4712.67,-3336.0
LONDON_ORB,2022-09-28 08:30:00+00:00,2022-09-28 10:02:00+00:00,SELL,10.0,1620.219,1622.948,-3028.97,-3.029,SL,465.0,4416.9,-5215.86
NY_ORB,2022-09-28 13:50:00+00:00,2022-09-28 15:50:00+00:00,BUY,10.0,1647.225,1657.6189999999997,10094.0,10.094,TP,605.0,10643.33,-576.67
ASIAN_MR,2022-09-29 01:20:00+00:00,2022-09-29 01:35:00+00:00,SHORT,10.0,1657.605,1655.40015,1904.85,1.9048500000000785,TP_Z_NEUTRAL,15.0,2457.0,-1680.0
LONDON_ORB,2022-09-29 09:30:00+00:00,2022-09-29 11:29:00+00:00,BUY,10.0,1647.945,1649.429,1183.81,1.184,TIME,600.0,3590.0,-1987.14
NY_ORB,2022-09-29 13:46:00+00:00,2022-09-29 15:08:00+00:00,SELL,8.65,1650.352,1658.048,-6916.54,-7.996,SL,415.0,5092.26,-7720.99
ASIAN_MR,2022-09-30 01:40:00+00:00,2022-09-30 02:00:00+00:00,LONG,10.0,1662.138,1660.4843363264981,-1953.66,-1.9536636735017965,SL_ATR,20.0,710.0,-1700.0
LONDON_ORB,2022-09-30 10:15:00+00:00,2022-09-30 10:30:00+00:00,SELL,10.0,1671.182,1665.436,5446.07,5.446,TP,80.0,6317.14,0.0
ASIAN_MR,2022-10-03 01:30:00+00:00,2022-10-03 01:40:00+00:00,SHORT,10.0,1667.185,1668.467745561441,-1582.75,-1.582745561441061,SL_ATR,10.0,130.0,-1293.0
LONDON_ORB,2022-10-03 09:30:00+00:00,2022-10-03 10:09:00+00:00,SELL,10.0,1661.036,1663.658,-2921.94,-2.922,SL,200.0,1440.97,-3544.84
NY_ORB,2022-10-03 14:05:00+00:00,2022-10-03 14:08:00+00:00,BUY,10.0,1670.506,1678.526,7720.0,7.72,TP,20.0,8742.0,0.0
ASIAN_MR,2022-10-04 03:45:00+00:00,2022-10-04 04:10:00+00:00,SHORT,10.0,1698.808,1696.7606500000002,1747.35,1.7473499999998239,TP_Z_NEUTRAL,25.0,1104.0,-1450.0
LONDON_ORB,2022-10-04 10:25:00+00:00,2022-10-04 10:57:00+00:00,BUY,10.0,1710.144,1707.064,-3380.0,-3.38,SL,165.0,1600.0,-3983.08
NY_ORB,2022-10-04 14:05:00+00:00,2022-10-04 14:37:00+00:00,BUY,10.0,1710.388,1718.7079999999996,8020.0,8.02,TP,165.0,8328.95,0.0
LONDON_ORB,2022-10-05 08:25:00+00:00,2022-10-05 10:14:00+00:00,SELL,10.0,1712.868,1705.788,6780.0,6.78,TP,550.0,8403.91,-2820.0
NY_ORB,2022-10-05 14:05:00+00:00,2022-10-05 16:29:00+00:00,SELL,10.0,1705.784,1710.348,-4863.85,-4.864,TIME,725.0,4870.77,-5343.85
ASIAN_MR,2022-10-06 03:15:00+00:00,2022-10-06 03:30:00+00:00,SHORT,10.0,1723.298,1721.42055,1577.45,1.5774499999999534,TP_Z_NEUTRAL,15.0,1050.0,-170.0
LONDON_ORB,2022-10-06 08:25:00+00:00,2022-10-06 11:29:00+00:00,SELL,10.0,1720.008,1712.557,7151.18,7.151,TIME,925.0,9240.0,0.0
NY_ORB,2022-10-06 13:50:00+00:00,2022-10-06 16:29:00+00:00,SELL,10.0,1711.404,1711.128,-24.29,-0.024,TIME,800.0,4592.14,-2927.86
ASIAN_MR,2022-10-07 01:00:00+00:00,2022-10-07 01:10:00+00:00,LONG,10.0,1711.037,1711.8968,559.8,0.5597999999999501,TP_Z_NEUTRAL,10.0,1505.0,-169.0
LONDON_ORB,2022-10-07 09:05:00+00:00,2022-10-07 10:12:00+00:00,BUY,10.0,1712.054,1709.348,-3006.0,-3.006,SL,340.0,2670.0,-2870.0
LONDON_ORB,2022-10-10 09:05:00+00:00,2022-10-10 09:22:00+00:00,BUY,10.0,1683.708,1681.056,-2952.0,-2.952,SL,90.0,737.0,-2690.0
NY_ORB,2022-10-10 13:47:00+00:00,2022-10-10 14:37:00+00:00,BUY,10.0,1674.918,1671.998,-3220.0,-3.22,SL,255.0,3580.0,-3070.0
LONDON_ORB,2022-10-11 10:05:00+00:00,2022-10-11 11:24:00+00:00,SELL,6.64,1664.368,1669.745,-3769.31,-5.677,SL,400.0,2296.11,-3888.83
NY_ORB,2022-10-11 14:16:00+00:00,2022-10-11 15:05:00+00:00,SELL,5.7,1666.635,1672.575,-3556.8,-6.24,SL,250.0,340.25,-3245.05
ASIAN_MR,2022-10-12 03:15:00+00:00,2022-10-12 03:30:00+00:00,SHORT,10.0,1664.808,1663.36835,1139.65,1.1396500000000287,TP_Z_NEUTRAL,15.0,943.0,-917.0
LONDON_ORB,2022-10-13 11:20:00+00:00,2022-10-13 11:28:00+00:00,BUY,10.0,1672.448,1675.8540000000005,3105.96,3.106,TP,45.0,3714.89,0.0
NY_ORB,2022-10-13 15:40:00+00:00,2022-10-13 15:40:00+00:00,BUY,10.0,1648.896,1659.9779999999998,10782.14,10.782,TP,5.0,19719.29,0.0
ASIAN_MR,2022-10-14 02:00:00+00:00,2022-10-14 02:35:00+00:00,SHORT,10.0,1667.688,1669.7859547815,-2397.95,-2.397954781499993,SL_ATR,35.0,240.0,-2400.0
LONDON_ORB,2022-10-14 09:05:00+00:00,2022-10-14 09:05:00+00:00,SELL,10.0,1664.678,1659.9040000000002,4474.12,4.474,TP,5.0,6490.0,0.0
NY_ORB,2022-10-14 13:45:00+00:00,2022-10-14 16:29:00+00:00,SELL,10.0,1650.308,1644.566,5442.14,5.442,TIME,825.0,9042.86,-2257.14
ASIAN_MR,2022-10-17 01:35:00+00:00,2022-10-17 02:25:00+00:00,SHORT,10.0,1650.858,1648.0485,2509.5,2.5094999999998437,TP_Z_NEUTRAL,50.0,40.0,-1640.0
LONDON_ORB,2022-10-17 08:30:00+00:00,2022-10-17 09:29:00+00:00,SELL,10.0,1654.948,1657.088,-2440.0,-2.44,SL,300.0,2150.0,-2054.86
ASIAN_MR,2022-10-18 01:05:00+00:00,2022-10-18 01:30:00+00:00,SHORT,10.0,1653.058,1650.94345,1814.55,1.8145500000000083,TP_Z_NEUTRAL,25.0,2160.0,-30.0
LONDON_ORB,2022-10-18 09:00:00+00:00,2022-10-18 09:00:00+00:00,SELL,10.0,1655.828,1652.5679999999998,2960.0,2.96,TP,5.0,7310.0,0.0
NY_ORB,2022-10-18 13:55:00+00:00,2022-10-18 15:21:00+00:00,SELL,10.0,1653.858,1648.6179999999997,4940.0,4.94,TP,435.0,7250.97,-430.0
LONDON_ORB,2022-10-19 10:01:00+00:00,2022-10-19 10:40:00+00:00,SELL,10.0,1641.068,1633.8079999999998,6960.0,6.96,TP,200.0,8300.0,-386.82
ASIAN_MR,2022-10-20 04:25:00+00:00,2022-10-20 04:50:00+00:00,SHORT,10.0,1629.287,1631.149832042742,-2162.83,-2.1628320427419565,SL_ATR,25.0,740.0,-3411.0
LONDON_ORB,2022-10-20 09:40:00+00:00,2022-10-20 10:40:00+00:00,BUY,10.0,1633.238,1636.6200000000001,3081.91,3.082,TP,305.0,3820.0,-510.0
NY_ORB,2022-10-20 14:05:00+00:00,2022-10-20 14:13:00+00:00,BUY,10.0,1633.238,1639.4000000000003,5861.92,5.862,TP,45.0,6280.0,0.0
LONDON_ORB,2022-10-21 09:05:00+00:00,2022-10-21 09:26:00+00:00,SELL,10.0,1621.987,1623.588,-1901.0,-1.901,SL,110.0,1569.0,-1731.0
NY_ORB,2022-10-21 15:25:00+00:00,2022-10-21 16:29:00+00:00,BUY,8.8,1638.898,1648.697,8359.02,9.499,TIME,325.0,13288.0,0.0
LONDON_ORB,2022-10-24 09:20:00+00:00,2022-10-24 09:57:00+00:00,SELL,10.0,1647.757,1649.908,-2451.08,-2.451,SL,190.0,2500.0,-1901.08
NY_ORB,2022-10-24 13:45:00+00:00,2022-10-24 14:23:00+00:00,BUY,10.0,1648.598,1644.557,-4341.0,-4.341,SL,195.0,5700.0,-4290.0
ASIAN_MR,2022-10-25 03:35:00+00:00,2022-10-25 04:15:00+00:00,SHORT,10.0,1651.588,1649.3847999999998,1903.2,1.9032000000001517,TP_Z_NEUTRAL,40.0,710.0,-660.0
LONDON_ORB,2022-10-25 09:00:00+00:00,2022-10-25 11:29:00+00:00,SELL,10.0,1644.877,1643.517,1060.0,1.06,TIME,750.0,6779.17,0.0
NY_ORB,2022-10-25 14:05:00+00:00,2022-10-25 16:29:00+00:00,BUY,10.0,1657.198,1655.448,-2050.0,-2.05,TIME,725.0,3160.0,-3600.0
ASIAN_MR,2022-10-26 03:00:00+00:00,2022-10-26 04:00:00+00:00,SHORT,10.0,1656.068,1656.728,-960.0,-0.9600000000000819,TIME_STOP_60M,60.0,851.0,-1350.0
LONDON_ORB,2022-10-26 08:16:00+00:00,2022-10-26 08:38:00+00:00,SELL,10.0,1669.807,1673.347,-3840.0,-3.84,SL,115.0,689.13,-3240.87
NY_ORB,2022-10-26 14:05:00+00:00,2022-10-26 16:29:00+00:00,BUY,10.0,1666.778,1667.278,200.0,0.2,TIME,725.0,5720.0,-2420.0
ASIAN_MR,2022-10-27 01:15:00+00:00,2022-10-27 01:25:00+00:00,SHORT,10.0,1669.958,1667.63175,2026.25,2.026250000000073,TP_Z_NEUTRAL,10.0,2000.0,-490.0
LONDON_ORB,2022-10-27 08:15:00+00:00,2022-10-27 09:05:00+00:00,BUY,10.0,1664.908,1662.208,-3000.0,-3.0,SL,255.0,1650.0,-2830.0
NY_ORB,2022-10-27 14:15:00+00:00,2022-10-27 16:28:00+00:00,BUY,10.0,1662.648,1659.227,-3720.87,-3.721,SL,670.0,2950.0,-3750.0
ASIAN_MR,2022-10-28 02:00:00+00:00,2022-10-28 02:35:00+00:00,SHORT,10.0,1665.808,1662.9410500000001,2566.95,2.566949999999861,TP_Z_NEUTRAL,35.0,1590.0,-200.0
LONDON_ORB,2022-10-28 08:35:00+00:00,2022-10-28 11:29:00+00:00,SELL,10.0,1650.278,1651.248,-1270.0,-1.27,TIME,875.0,4120.0,-1559.17
ASIAN_MR,2022-10-31 04:05:00+00:00,2022-10-31 04:35:00+00:00,SHORT,10.0,1644.538,1642.7226500000002,1515.35,1.515349999999853,TP_Z_NEUTRAL,30.0,1041.0,-790.0
LONDON_ORB,2022-10-31 08:20:00+00:00,2022-10-31 11:02:00+00:00,SELL,10.0,1638.478,1641.357,-3178.93,-3.179,SL,815.0,3061.07,-2690.0
ASIAN_MR,2022-11-01 01:05:00+00:00,2022-11-01 01:25:00+00:00,SHORT,10.0,1634.627,1635.7139114220035,-1386.91,-1.3869114220035954,SL_ATR,20.0,1489.0,-1321.0
LONDON_ORB,2022-11-01 09:39:00+00:00,2022-11-01 11:29:00+00:00,BUY,10.0,1648.487,1654.288,5500.87,5.501,TIME,555.0,6220.87,-520.0
NY_ORB,2022-11-01 14:05:00+00:00,2022-11-01 14:05:00+00:00,SELL,10.0,1651.578,1646.938,4340.0,4.34,TP,5.0,7550.88,0.0
LONDON_ORB,2022-11-03 10:00:00+00:00,2022-11-03 11:23:00+00:00,SELL,10.0,1626.498,1619.7800000000002,6417.92,6.418,TP,420.0,7660.0,0.0
NY_ORB,2022-11-03 14:05:00+00:00,2022-11-03 16:29:00+00:00,BUY,10.0,1623.428,1626.248,2520.0,2.52,TIME,725.0,7920.0,-3380.0
ASIAN_MR,2022-11-04 02:00:00+00:00,2022-11-04 02:20:00+00:00,SHORT,10.0,1633.438,1634.7843467268403,-1646.35,-1.6463467268402383,SL_ATR,20.0,220.0,-1980.0
LONDON_ORB,2022-11-04 09:20:00+00:00,2022-11-04 09:45:00+00:00,BUY,10.0,1649.408,1644.748,-4960.0,-4.96,SL,130.0,2848.82,-5310.0
NY_ORB,2022-11-04 16:05:00+00:00,2022-11-04 16:29:00+00:00,BUY,10.0,1666.128,1672.798,6370.0,6.37,TIME,125.0,6890.0,0.0
LONDON_ORB,2022-11-07 08:20:00+00:00,2022-11-07 09:28:00+00:00,BUY,10.0,1671.018,1679.38,8062.11,8.062,TP,345.0,8750.0,0.0
NY_ORB,2022-11-07 14:40:00+00:00,2022-11-07 15:20:00+00:00,BUY,10.0,1678.108,1676.178,-2230.0,-2.23,SL,205.0,3650.0,-2040.0
LONDON_ORB,2022-11-08 08:50:00+00:00,2022-11-08 09:40:00+00:00,SELL,10.0,1668.848,1670.977,-2428.95,-2.429,SL,255.0,4291.05,-2480.0
NY_ORB,2022-11-08 14:30:00+00:00,2022-11-08 14:48:00+00:00,BUY,10.0,1674.348,1678.208,3560.0,3.56,TP,95.0,3900.0,0.0
ASIAN_MR,2022-11-09 03:10:00+00:00,2022-11-09 03:30:00+00:00,SHORT,10.0,1711.038,1708.4119999999998,2326.0,2.326000000000204,TP_Z_NEUTRAL,20.0,1990.0,-90.0
LONDON_ORB,2022-11-09 10:00:00+00:00,2022-11-09 11:29:00+00:00,SELL,10.0,1711.257,1708.258,2698.95,2.699,TIME,450.0,7480.0,0.0
NY_ORB,2022-11-09 14:05:00+00:00,2022-11-09 14:41:00+00:00,BUY,10.0,1709.098,1713.98,4582.12,4.582,TP,185.0,5060.0,0.0
ASIAN_MR,2022-11-10 01:10:00+00:00,2022-11-10 01:30:00+00:00,SHORT,10.0,1707.818,1706.1569,1361.1,1.361100000000033,TP_Z_NEUTRAL,20.0,890.0,-940.0
LONDON_ORB,2022-11-10 11:02:00+00:00,2022-11-10 11:29:00+00:00,SELL,10.0,1705.468,1707.318,-2150.0,-2.15,TIME,140.0,90.0,-2270.0
NY_ORB,2022-11-10 13:45:00+00:00,2022-11-10 16:29:00+00:00,BUY,3.13,1736.148,1747.617,3496.21,11.169,TIME,825.0,5311.61,-2369.41
ASIAN_MR,2022-11-11 01:40:00+00:00,2022-11-11 02:10:00+00:00,LONG,10.0,1747.978,1751.0400000000002,2762.0,2.7620000000001257,TP_Z_NEUTRAL,30.0,1509.0,-870.0
LONDON_ORB,2022-11-11 10:05:00+00:00,2022-11-11 11:02:00+00:00,BUY,10.0,1761.107,1755.337,-6070.0,-6.07,SL,290.0,5180.71,-5929.29
NY_ORB,2022-11-11 14:35:00+00:00,2022-11-11 15:29:00+00:00,SELL,10.0,1759.778,1763.787,-4309.0,-4.309,SL,275.0,4380.0,-4260.0
ASIAN_MR,2022-11-14 02:10:00+00:00,2022-11-14 02:30:00+00:00,LONG,10.0,1761.077,1763.0497500000001,1672.75,1.6727500000001327,TP_Z_NEUTRAL,20.0,2141.0,-349.0
LONDON_ORB,2022-11-14 08:28:00+00:00,2022-11-14 11:29:00+00:00,SELL,10.0,1761.917,1755.478,6138.95,6.139,TIME,910.0,7758.95,-1331.05
NY_ORB,2022-11-14 14:40:00+00:00,2022-11-14 14:56:00+00:00,BUY,10.0,1763.468,1769.508,5740.0,5.74,TP,85.0,6190.0,0.0
LONDON_ORB,2022-11-15 09:55:00+00:00,2022-11-15 11:29:00+00:00,SELL,10.0,1778.617,1776.198,2118.95,2.119,TIME,475.0,5008.95,0.0
NY_ORB,2022-11-15 14:35:00+00:00,2022-11-15 16:29:00+00:00,SELL,7.5,1775.298,1769.528,4102.5,5.47,TIME,575.0,5431.07,0.0
NY_ORB,2022-11-16 14:40:00+00:00,2022-11-16 16:29:00+00:00,SELL,10.0,1774.348,1777.198,-3150.0,-3.15,TIME,550.0,1600.0,-5600.0
ASIAN_MR,2022-11-17 02:10:00+00:00,2022-11-17 02:20:00+00:00,LONG,10.0,1768.527,1767.184303449425,-1642.7,-1.642696550575056,SL_ATR,10.0,151.0,-1709.0
LONDON_ORB,2022-11-17 08:20:00+00:00,2022-11-17 09:02:00+00:00,BUY,10.0,1769.218,1766.797,-2720.91,-2.721,SL,215.0,1659.09,-2660.0
NY_ORB,2022-11-17 13:50:00+00:00,2022-11-17 16:29:00+00:00,SELL,10.0,1758.357,1759.188,-1131.0,-1.131,TIME,800.0,4089.0,-4370.0
ASIAN_MR,2022-11-18 03:25:00+00:00,2022-11-18 04:25:00+00:00,LONG,10.0,1761.927,1763.778,1551.0,1.5510000000001127,TIME_STOP_60M,60.0,3661.0,-770.0
LONDON_ORB,2022-11-18 08:17:00+00:00,2022-11-18 09:27:00+00:00,SELL,10.0,1762.317,1765.728,-3710.87,-3.711,SL,355.0,1779.13,-3120.87
NY_ORB,2022-11-18 13:50:00+00:00,2022-11-18 14:29:00+00:00,SELL,10.0,1760.807,1755.5249999999999,4982.0,4.982,TP,200.0,5807.0,-251.0
ASIAN_MR,2022-11-21 01:10:00+00:00,2022-11-21 01:15:00+00:00,LONG,10.0,1748.538,1747.3009356274652,-1537.06,-1.53706437253486,SL_ATR,5.0,150.0,-3230.0
LONDON_ORB,2022-11-21 09:45:00+00:00,2022-11-21 11:29:00+00:00,SELL,10.0,1741.528,1739.918,1310.0,1.31,TIME,525.0,4700.0,-570.0
NY_ORB,2022-11-21 14:36:00+00:00,2022-11-21 16:09:00+00:00,SELL,10.0,1742.248,1734.6280000000002,7320.0,7.32,TP,470.0,8140.0,-630.0
ASIAN_MR,2022-11-22 01:15:00+00:00,2022-11-22 01:30:00+00:00,SHORT,10.0,1743.078,1744.3187438034558,-1540.74,-1.540743803455871,SL_ATR,15.0,50.0,-1770.0
LONDON_ORB,2022-11-22 08:20:00+00:00,2022-11-22 11:29:00+00:00,BUY,10.0,1744.308,1748.108,3500.0,3.5,TIME,950.0,3960.0,-1290.0
NY_ORB,2022-11-22 13:50:00+00:00,2022-11-22 13:54:00+00:00,BUY,10.0,1745.068,1743.968,-1400.0,-1.4,SL,25.0,920.0,-1110.0
LONDON_ORB,2022-11-23 08:45:00+00:00,2022-11-23 09:03:00+00:00,SELL,10.0,1742.518,1738.4180000000001,3800.0,3.8,TP,95.0,4517.95,0.0
NY_ORB,2022-11-23 14:50:00+00:00,2022-11-23 16:29:00+00:00,BUY,7.67,1739.977,1742.918,2025.98,2.641,TIME,500.0,5807.29,-1119.82
LONDON_ORB,2022-11-24 08:16:00+00:00,2022-11-24 11:29:00+00:00,BUY,10.0,1754.408,1755.948,1240.0,1.24,TIME,970.0,4018.95,-1220.0
NY_ORB,2022-11-24 15:35:00+00:00,2022-11-24 16:29:00+00:00,BUY,10.0,1756.598,1756.638,-260.0,-0.26,TIME,275.0,1790.0,-401.06
ASIAN_MR,2022-11-25 04:05:00+00:00,2022-11-25 04:30:00+00:00,SHORT,10.0,1760.117,1758.4606500000002,1356.35,1.3563499999997475,TP_Z_NEUTRAL,25.0,1440.0,-801.0
LONDON_ORB,2022-11-25 09:41:00+00:00,2022-11-25 09:43:00+00:00,BUY,10.0,1752.125,1749.928,-2496.94,-2.497,SL,15.0,111.94,-2276.94
NY_ORB,2022-11-25 13:55:00+00:00,2022-11-25 14:51:00+00:00,BUY,10.0,1748.088,1751.3879999999997,3000.0,3.0,TP,285.0,3860.0,-1160.0
ASIAN_MR,2022-11-28 01:20:00+00:00,2022-11-28 01:30:00+00:00,LONG,10.0,1749.398,1747.962913628227,-1735.09,-1.735086371772968,SL_ATR,10.0,210.0,-1691.0
LONDON_ORB,2022-11-28 09:05:00+00:00,2022-11-28 09:38:00+00:00,BUY,10.0,1753.978,1762.438,8160.0,8.16,TP,170.0,8500.0,0.0
NY_ORB,2022-11-28 13:45:00+00:00,2022-11-28 14:00:00+00:00,BUY,10.0,1755.618,1752.757,-3161.07,-3.161,SL,80.0,1020.0,-3701.07
ASIAN_MR,2022-11-29 01:50:00+00:00,2022-11-29 02:10:00+00:00,SHORT,10.0,1745.558,1746.916067697391,-1658.07,-1.6580676973911068,SL_ATR,20.0,881.0,-1490.0
LONDON_ORB,2022-11-29 08:50:00+00:00,2022-11-29 09:47:00+00:00,BUY,10.0,1755.418,1752.468,-3250.0,-3.25,SL,290.0,3480.0,-2980.0
NY_ORB,2022-11-29 13:55:00+00:00,2022-11-29 14:03:00+00:00,SELL,10.0,1751.188,1752.848,-1960.0,-1.96,SL,45.0,930.0,-1480.0
ASIAN_MR,2022-11-30 01:45:00+00:00,2022-11-30 02:10:00+00:00,SHORT,10.0,1753.738,1750.8654,2572.6,2.572600000000148,TP_Z_NEUTRAL,25.0,2411.0,-80.0
LONDON_ORB,2022-11-30 08:45:00+00:00,2022-11-30 09:03:00+00:00,BUY,10.0,1756.708,1760.2500000000005,3242.0,3.242,TP,95.0,3890.0,0.0
NY_ORB,2022-11-30 14:51:00+00:00,2022-11-30 16:29:00+00:00,SELL,8.9,1754.917,1753.018,1422.89,1.599,TIME,495.0,5285.49,-1941.31
ASIAN_MR,2022-12-01 02:10:00+00:00,2022-12-01 02:45:00+00:00,LONG,10.0,1773.698,1776.5164,2518.4,2.5183999999998834,TP_Z_NEUTRAL,35.0,1910.0,-181.0
LONDON_ORB,2022-12-01 08:15:00+00:00,2022-12-01 11:29:00+00:00,BUY,10.0,1777.528,1780.018,2190.0,2.19,TIME,975.0,2530.0,-2610.0
NY_ORB,2022-12-01 13:55:00+00:00,2022-12-01 14:50:00+00:00,BUY,10.0,1790.917,1801.5169999999998,10300.0,10.3,TP,280.0,10800.0,-1958.67
LONDON_ORB,2022-12-02 10:00:00+00:00,2022-12-02 10:07:00+00:00,BUY,10.0,1801.598,1799.168,-2730.0,-2.73,SL,40.0,100.0,-2430.0
NY_ORB,2022-12-02 13:45:00+00:00,2022-12-02 16:29:00+00:00,SELL,5.74,1780.868,1790.418,-5653.9,-9.85,TIME,825.0,1406.3,-5619.46
ASIAN_MR,2022-12-05 01:05:00+00:00,2022-12-05 01:25:00+00:00,SHORT,10.0,1802.348,1804.1575914602095,-2109.59,-2.1095914602095034,SL_ATR,20.0,910.0,-2360.0
LONDON_ORB,2022-12-05 08:15:00+00:00,2022-12-05 11:29:00+00:00,SELL,10.0,1797.687,1794.778,2608.97,2.609,TIME,975.0,4488.97,-1571.03
NY_ORB,2022-12-05 13:48:00+00:00,2022-12-05 14:49:00+00:00,SELL,10.0,1792.638,1786.4379999999996,5900.0,5.9,TP,310.0,6820.0,-560.0
ASIAN_MR,2022-12-06 01:25:00+00:00,2022-12-06 02:10:00+00:00,SHORT,10.0,1773.758,1775.3782623688687,-1920.26,-1.92026236886868,SL_ATR,45.0,340.0,-1790.0
LONDON_ORB,2022-12-06 08:45:00+00:00,2022-12-06 09:14:00+00:00,BUY,10.0,1772.808,1770.948,-2160.0,-2.16,SL,150.0,869.07,-2420.0
NY_ORB,2022-12-06 13:50:00+00:00,2022-12-06 15:05:00+00:00,SELL,10.0,1777.878,1772.2779999999996,5300.0,5.3,TP,380.0,5921.03,-730.0
ASIAN_MR,2022-12-07 02:05:00+00:00,2022-12-07 02:25:00+00:00,SHORT,10.0,1773.148,1774.611509965413,-1763.51,-1.7635099654130955,SL_ATR,20.0,561.0,-1900.0
LONDON_ORB,2022-12-07 08:50:00+00:00,2022-12-07 11:29:00+00:00,BUY,10.0,1772.908,1773.868,660.0,0.66,TIME,800.0,2880.0,-1670.0
NY_ORB,2022-12-07 13:55:00+00:00,2022-12-07 14:38:00+00:00,BUY,10.0,1778.688,1784.2680000000005,5280.0,5.28,TP,220.0,5610.0,-2770.0
ASIAN_MR,2022-12-08 01:05:00+00:00,2022-12-08 01:15:00+00:00,LONG,10.0,1783.508,1782.2812756787835,-1526.72,-1.5267243212165795,SL_ATR,10.0,919.0,-1240.0
LONDON_ORB,2022-12-08 08:15:00+00:00,2022-12-08 11:29:00+00:00,SELL,10.0,1783.848,1783.358,190.0,0.19,TIME,975.0,2391.0,-1120.0
NY_ORB,2022-12-08 13:45:00+00:00,2022-12-08 14:53:00+00:00,SELL,10.0,1787.017,1791.798,-5081.18,-5.081,SL,345.0,2718.82,-4681.18
ASIAN_MR,2022-12-09 01:15:00+00:00,2022-12-09 01:20:00+00:00,SHORT,10.0,1793.208,1794.557240034251,-1649.24,-1.6492400342508973,SL_ATR,5.0,220.0,-1360.0
LONDON_ORB,2022-12-09 09:35:00+00:00,2022-12-09 09:55:00+00:00,SELL,10.0,1790.557,1792.628,-2371.03,-2.371,SL,105.0,1788.97,-1971.03
ASIAN_MR,2022-12-12 01:10:00+00:00,2022-12-12 01:30:00+00:00,LONG,10.0,1791.198,1793.6413,2143.3,2.1432999999999085,TP_Z_NEUTRAL,20.0,1650.0,-150.0
LONDON_ORB,2022-12-12 10:00:00+00:00,2022-12-12 10:39:00+00:00,BUY,10.0,1791.668,1789.597,-2371.03,-2.371,SL,200.0,960.0,-2100.0
NY_ORB,2022-12-12 14:37:00+00:00,2022-12-12 15:40:00+00:00,SELL,10.0,1788.358,1783.918,4140.0,4.14,TP,320.0,5370.0,-1680.0
LONDON_ORB,2022-12-13 08:25:00+00:00,2022-12-13 11:29:00+00:00,SELL,10.0,1786.015,1787.545,-1830.0,-1.83,TIME,925.0,3526.94,-1633.06
NY_ORB,2022-12-13 14:02:00+00:00,2022-12-13 16:29:00+00:00,BUY,3.43,1813.197,1813.215,-97.18,-0.282,TIME,740.0,3827.88,-1565.22
ASIAN_MR,2022-12-14 01:10:00+00:00,2022-12-14 01:40:00+00:00,SHORT,10.0,1811.448,1810.0658500000002,1082.15,1.0821499999999105,TP_Z_NEUTRAL,30.0,1043.0,-1107.0
LONDON_ORB,2022-12-14 08:15:00+00:00,2022-12-14 11:29:00+00:00,BUY,10.0,1809.308,1808.525,-1082.96,-1.083,TIME,975.0,867.04,-2632.96
NY_ORB,2022-12-14 14:35:00+00:00,2022-12-14 15:49:00+00:00,BUY,10.0,1808.975,1812.0749999999998,2800.0,2.8,TP,375.0,3270.0,-720.0
ASIAN_MR,2022-12-15 01:05:00+00:00,2022-12-15 01:10:00+00:00,LONG,10.0,1805.065,1803.6959141617388,-1669.09,-1.6690858382612987,SL_ATR,5.0,690.0,-2030.0
LONDON_ORB,2022-12-15 08:21:00+00:00,2022-12-15 11:29:00+00:00,SELL,10.0,1780.408,1779.265,843.33,0.843,TIME,945.0,6800.0,-1776.67
ASIAN_MR,2022-12-16 02:35:00+00:00,2022-12-16 02:40:00+00:00,SHORT,10.0,1782.205,1783.5749870291706,-1669.99,-1.6699870291707157,SL_ATR,5.0,210.0,-1850.0
LONDON_ORB,2022-12-16 08:20:00+00:00,2022-12-16 09:22:00+00:00,SELL,10.0,1776.715,1778.965,-2550.0,-2.55,SL,315.0,2510.0,-2580.0
NY_ORB,2022-12-16 14:15:00+00:00,2022-12-16 14:36:00+00:00,SELL,10.0,1783.445,1786.015,-2870.0,-2.87,SL,110.0,1370.0,-2352.9
ASIAN_MR,2022-12-19 03:10:00+00:00,2022-12-19 03:25:00+00:00,SHORT,10.0,1795.645,1794.5934499999998,751.55,0.7515500000001338,TP_Z_NEUTRAL,15.0,1510.0,-340.0
LONDON_ORB,2022-12-19 08:17:00+00:00,2022-12-19 11:29:00+00:00,BUY,10.0,1795.775,1796.018,-57.1,-0.057,TIME,965.0,2861.94,-1598.06
NY_ORB,2022-12-19 14:40:00+00:00,2022-12-19 15:21:00+00:00,SELL,10.0,1792.055,1794.225,-2470.0,-2.47,SL,210.0,3260.0,-2320.0
LONDON_ORB,2022-12-20 08:45:00+00:00,2022-12-20 08:49:00+00:00,BUY,10.0,1797.725,1805.3849999999998,7360.0,7.36,TP,25.0,7660.0,0.0
NY_ORB,2022-12-20 14:50:00+00:00,2022-12-20 14:50:00+00:00,BUY,10.0,1804.645,1812.339,7393.81,7.394,TP,5.0,7702.86,0.0
ASIAN_MR,2022-12-21 01:10:00+00:00,2022-12-21 01:25:00+00:00,SHORT,10.0,1818.805,1817.6694,835.6,0.8356000000000676,TP_Z_NEUTRAL,15.0,840.0,-290.0
LONDON_ORB,2022-12-21 11:05:00+00:00,2022-12-21 11:29:00+00:00,SELL,10.0,1814.065,1812.335,1430.0,1.43,TIME,125.0,2360.0,0.0
NY_ORB,2022-12-21 13:50:00+00:00,2022-12-21 14:53:00+00:00,SELL,10.0,1817.625,1819.715,-2390.0,-2.39,SL,320.0,2177.89,-2222.89
ASIAN_MR,2022-12-22 01:05:00+00:00,2022-12-22 01:45:00+00:00,SHORT,10.0,1818.645,1816.2283499999999,2116.65,2.116650000000118,TP_Z_NEUTRAL,40.0,800.0,-960.0
LONDON_ORB,2022-12-22 08:20:00+00:00,2022-12-22 09:26:00+00:00,BUY,10.0,1817.315,1815.928,-1687.07,-1.687,SL,335.0,1860.0,-1440.0
NY_ORB,2022-12-22 13:46:00+00:00,2022-12-22 16:29:00+00:00,SELL,10.0,1809.987,1796.585,13102.0,13.102,TIME,820.0,15492.0,-1465.0
LONDON_ORB,2022-12-23 08:20:00+00:00,2022-12-23 08:56:00+00:00,SELL,10.0,1796.765,1797.995,-1530.0,-1.53,SL,185.0,1760.0,-940.0
NY_ORB,2022-12-23 13:55:00+00:00,2022-12-23 15:30:00+00:00,SELL,10.0,1794.157,1800.165,-6307.69,-6.308,SL,480.0,3092.31,-5810.77
ASIAN_MR,2022-12-27 02:00:00+00:00,2022-12-27 02:30:00+00:00,SHORT,10.0,1803.875,1805.3358515523528,-1760.85,-1.7608515523527786,SL_ATR,30.0,110.0,-1710.0
LONDON_ORB,2022-12-27 10:05:00+00:00,2022-12-27 11:29:00+00:00,BUY,10.0,1807.045,1809.058,1713.02,1.713,TIME,425.0,2660.0,0.0
NY_ORB,2022-12-27 14:10:00+00:00,2022-12-27 14:40:00+00:00,SELL,10.0,1805.835,1808.135,-2600.0,-2.6,SL,155.0,3646.86,-2630.0
ASIAN_MR,2022-12-28 01:30:00+00:00,2022-12-28 01:50:00+00:00,SHORT,10.0,1813.908,1811.7002,1907.8,1.9077999999999065,TP_Z_NEUTRAL,20.0,2400.0,-340.0
LONDON_ORB,2022-12-28 08:16:00+00:00,2022-12-28 11:29:00+00:00,SELL,10.0,1805.915,1802.965,2650.0,2.65,TIME,970.0,6800.0,-942.67
NY_ORB,2022-12-28 13:55:00+00:00,2022-12-28 14:36:00+00:00,SELL,10.0,1805.335,1807.455,-2420.0,-2.42,SL,210.0,2100.0,-2392.11
ASIAN_MR,2022-12-29 01:45:00+00:00,2022-12-29 01:50:00+00:00,SHORT,10.0,1807.575,1806.1324500000003,1142.55,1.1425499999997555,TP_Z_NEUTRAL,5.0,1928.0,0.0
LONDON_ORB,2022-12-29 09:30:00+00:00,2022-12-29 10:30:00+00:00,BUY,10.0,1809.285,1806.215,-3370.0,-3.37,SL,305.0,1390.0,-4046.92
NY_ORB,2022-12-29 14:05:00+00:00,2022-12-29 16:29:00+00:00,BUY,10.0,1811.995,1812.185,-110.0,-0.11,TIME,725.0,6003.33,-3350.0
LONDON_ORB,2022-12-30 09:40:00+00:00,2022-12-30 11:26:00+00:00,SELL,10.0,1816.215,1818.345,-2430.0,-2.43,SL,535.0,3040.0,-1842.89
NY_ORB,2022-12-30 14:10:00+00:00,2022-12-30 15:02:00+00:00,BUY,10.0,1821.708,1817.055,-4952.94,-4.953,SL,265.0,2248.82,-5162.94
ASIAN_MR,2023-01-03 02:50:00+00:00,2023-01-03 03:05:00+00:00,SHORT,8.62,1837.898,1840.550581133402,-2545.12,-2.952581133402009,SL_ATR,15.0,199.12,-2617.89
LONDON_ORB,2023-01-03 08:20:00+00:00,2023-01-03 11:29:00+00:00,SELL,8.0,1842.218,1833.058,7088.0,8.86,TIME,950.0,8538.29,-416.0
NY_ORB,2023-01-03 14:35:00+00:00,2023-01-03 14:38:00+00:00,BUY,10.0,1840.305,1847.1190000000004,6513.91,6.514,TP,20.0,6930.0,0.0
LONDON_ORB,2023-01-04 08:20:00+00:00,2023-01-04 11:29:00+00:00,BUY,10.0,1859.958,1860.128,-130.0,-0.13,TIME,950.0,5076.92,-2403.08
NY_ORB,2023-01-04 14:05:00+00:00,2023-01-04 15:11:00+00:00,SELL,10.0,1858.525,1850.9790000000003,7246.19,7.246,TP,335.0,8080.0,-2310.0
ASIAN_MR,2023-01-05 01:50:00+00:00,2023-01-05 02:00:00+00:00,SHORT,10.0,1858.425,1856.2563000000002,1868.7,1.868699999999717,TP_Z_NEUTRAL,10.0,2670.0,-450.0
LONDON_ORB,2023-01-05 10:33:00+00:00,2023-01-05 11:29:00+00:00,BUY,10.0,1850.335,1848.145,-2490.0,-2.49,TIME,285.0,712.67,-2850.0
NY_ORB,2023-01-05 13:50:00+00:00,2023-01-05 15:17:00+00:00,SELL,10.0,1841.005,1830.4590000000003,10246.0,10.246,TP,440.0,12240.0,0.0
ASIAN_MR,2023-01-06 01:50:00+00:00,2023-01-06 02:00:00+00:00,SHORT,10.0,1835.225,1836.470293846335,-1545.29,-1.5452938463350165,SL_ATR,10.0,130.0,-2290.0
LONDON_ORB,2023-01-06 08:20:00+00:00,2023-01-06 08:29:00+00:00,BUY,10.0,1839.708,1837.765,-2242.93,-2.243,SL,50.0,427.07,-2142.93
NY_ORB,2023-01-06 13:47:00+00:00,2023-01-06 16:29:00+00:00,BUY,6.05,1849.475,1860.288,6360.97,10.513,TIME,815.0,8920.12,-5384.5
NY_ORB,2023-01-09 14:45:00+00:00,2023-01-09 15:36:00+00:00,BUY,10.0,1877.525,1874.115,-3710.0,-3.71,SL,260.0,3920.0,-4140.0
ASIAN_MR,2023-01-10 01:35:00+00:00,2023-01-10 01:45:00+00:00,SHORT,10.0,1873.935,1875.4984457710912,-1863.45,-1.8634457710912102,SL_ATR,10.0,500.0,-1750.0
LONDON_ORB,2023-01-10 08:35:00+00:00,2023-01-10 11:29:00+00:00,BUY,10.0,1873.595,1876.365,2470.0,2.47,TIME,875.0,3620.0,-290.0
NY_ORB,2023-01-10 14:05:00+00:00,2023-01-10 14:16:00+00:00,BUY,10.0,1873.335,1877.531,3896.05,3.896,TP,60.0,4520.0,0.0
ASIAN_MR,2023-01-11 01:35:00+00:00,2023-01-11 02:25:00+00:00,LONG,10.0,1872.778,1876.0916499999998,3013.65,3.013649999999825,TP_Z_NEUTRAL,50.0,1887.0,-633.0
LONDON_ORB,2023-01-11 08:50:00+00:00,2023-01-11 11:29:00+00:00,BUY,10.0,1882.925,1884.338,1112.89,1.113,TIME,800.0,3622.89,-597.89
NY_ORB,2023-01-11 14:40:00+00:00,2023-01-11 16:17:00+00:00,SELL,10.0,1875.877,1867.661,7915.79,7.916,TP,490.0,8650.0,0.0
ASIAN_MR,2023-01-12 02:05:00+00:00,2023-01-12 02:25:00+00:00,SHORT,10.0,1880.895,1882.202663344016,-1607.66,-1.607663344015964,SL_ATR,20.0,800.0,-1392.0
NY_ORB,2023-01-12 13:52:00+00:00,2023-01-12 16:29:00+00:00,BUY,3.76,1899.048,1892.265,-2663.33,-7.083,TIME,790.0,912.43,-7246.77
LONDON_ORB,2023-01-13 08:18:00+00:00,2023-01-13 11:29:00+00:00,BUY,10.0,1904.375,1903.565,-1110.0,-1.11,TIME,960.0,5163.33,-1720.0
NY_ORB,2023-01-13 14:35:00+00:00,2023-01-13 14:46:00+00:00,BUY,10.0,1900.005,1907.6250000000005,7320.0,7.32,TP,60.0,8050.0,0.0
ASIAN_MR,2023-01-16 01:25:00+00:00,2023-01-16 01:35:00+00:00,SHORT,10.0,1921.075,1918.79395,1981.05,1.9810500000000502,TP_Z_NEUTRAL,10.0,2117.0,-600.0
LONDON_ORB,2023-01-16 09:43:00+00:00,2023-01-16 11:29:00+00:00,BUY,10.0,1916.978,1917.665,387.14,0.387,TIME,535.0,947.14,-2330.0
NY_ORB,2023-01-16 15:05:00+00:00,2023-01-16 16:29:00+00:00,BUY,10.0,1914.535,1914.905,70.0,0.07,TIME,425.0,2060.0,0.0
ASIAN_MR,2023-01-17 01:15:00+00:00,2023-01-17 01:35:00+00:00,LONG,10.0,1914.895,1913.4442598986898,-1750.74,-1.7507401013102026,SL_ATR,20.0,1880.0,-1870.0
ASIAN_MR,2023-01-18 02:05:00+00:00,2023-01-18 02:25:00+00:00,SHORT,10.0,1909.518,1907.9058,1312.2,1.3122000000000298,TP_Z_NEUTRAL,20.0,1413.0,-540.0
LONDON_ORB,2023-01-18 08:20:00+00:00,2023-01-18 11:29:00+00:00,BUY,10.0,1912.285,1914.345,1760.0,1.76,TIME,950.0,3532.94,-2200.0
ASIAN_MR,2023-01-19 01:30:00+00:00,2023-01-19 02:10:00+00:00,LONG,10.0,1902.795,1900.8606328841818,-2234.37,-2.234367115818304,SL_ATR,40.0,940.0,-1940.0
LONDON_ORB,2023-01-19 08:15:00+00:00,2023-01-19 09:09:00+00:00,BUY,10.0,1913.805,1910.278,-3826.96,-3.827,SL,275.0,2860.0,-3726.96
NY_ORB,2023-01-19 15:05:00+00:00,2023-01-19 16:29:00+00:00,BUY,10.0,1913.088,1919.055,5667.14,5.667,TIME,425.0,10157.14,0.0
ASIAN_MR,2023-01-20 03:50:00+00:00,2023-01-20 04:15:00+00:00,LONG,10.0,1927.685,1926.4211995363753,-1563.8,-1.5638004636246479,SL_ATR,25.0,280.0,-1758.0
LONDON_ORB,2023-01-20 09:20:00+00:00,2023-01-20 11:29:00+00:00,SELL,10.0,1931.488,1928.715,2473.08,2.473,TIME,650.0,3973.08,-966.92
NY_ORB,2023-01-20 13:55:00+00:00,2023-01-20 15:29:00+00:00,SELL,10.0,1925.435,1929.215,-4080.0,-4.08,SL,475.0,4927.14,-4930.0
ASIAN_MR,2023-01-23 02:20:00+00:00,2023-01-23 02:45:00+00:00,SHORT,10.0,1934.458,1932.3675500000002,1790.45,1.7904499999999188,TP_Z_NEUTRAL,25.0,1410.0,-390.0
LONDON_ORB,2023-01-23 08:40:00+00:00,2023-01-23 08:40:00+00:00,BUY,10.0,1920.395,1923.185,2490.0,2.49,TP,5.0,6492.98,0.0
NY_ORB,2023-01-23 14:07:00+00:00,2023-01-23 16:07:00+00:00,SELL,10.0,1919.0,1925.385,-6684.62,-6.685,SL,605.0,7752.31,-6897.69
ASIAN_MR,2023-01-24 01:50:00+00:00,2023-01-24 02:00:00+00:00,SHORT,10.0,1934.678,1935.755420690577,-1377.42,-1.3774206905769006,SL_ATR,10.0,123.0,-2307.0
LONDON_ORB,2023-01-24 08:35:00+00:00,2023-01-24 11:29:00+00:00,SELL,10.0,1938.058,1935.975,1783.16,1.783,TIME,875.0,3803.16,-1550.0
NY_ORB,2023-01-24 13:47:00+00:00,2023-01-24 14:45:00+00:00,SELL,10.0,1933.345,1926.6990000000003,6345.83,6.346,TP,295.0,8387.08,-630.0
LONDON_ORB,2023-01-25 10:10:00+00:00,2023-01-25 11:29:00+00:00,SELL,10.0,1927.895,1924.745,2850.0,2.85,TIME,400.0,5290.0,0.0
NY_ORB,2023-01-25 14:00:00+00:00,2023-01-25 14:11:00+00:00,SELL,10.0,1923.925,1926.675,-3050.0,-3.05,SL,60.0,2270.0,-2500.0
ASIAN_MR,2023-01-26 01:15:00+00:00,2023-01-26 01:40:00+00:00,LONG,10.0,1942.848,1946.64915,3501.15,3.501150000000007,TP_Z_NEUTRAL,25.0,2407.0,-433.0
LONDON_ORB,2023-01-26 09:20:00+00:00,2023-01-26 11:29:00+00:00,SELL,10.0,1939.785,1934.545,4940.0,4.94,TIME,650.0,6000.0,0.0
NY_ORB,2023-01-26 13:51:00+00:00,2023-01-26 14:49:00+00:00,BUY,10.0,1937.957,1931.005,-7251.67,-7.252,SL,295.0,4358.33,-8620.0
ASIAN_MR,2023-01-27 02:55:00+00:00,2023-01-27 03:40:00+00:00,LONG,10.0,1925.665,1924.2438048307663,-1721.2,-1.7211951692336698,SL_ATR,45.0,1963.0,-1800.0
LONDON_ORB,2023-01-27 09:50:00+00:00,2023-01-27 11:15:00+00:00,BUY,10.0,1925.265,1929.939,4374.12,4.374,TP,430.0,4732.06,-420.0
NY_ORB,2023-01-27 14:00:00+00:00,2023-01-27 15:46:00+00:00,SELL,10.0,1930.357,1921.2350000000001,8822.22,8.822,TP,535.0,10642.22,-767.78
ASIAN_MR,2023-01-30 01:20:00+00:00,2023-01-30 01:55:00+00:00,LONG,10.0,1925.705,1928.11195,2106.95,2.106950000000052,TP_Z_NEUTRAL,35.0,3410.0,-900.0
LONDON_ORB,2023-01-30 10:10:00+00:00,2023-01-30 10:34:00+00:00,BUY,10.0,1924.475,1928.6309999999999,3856.05,3.856,TP,125.0,4280.0,0.0
NY_ORB,2023-01-30 15:08:00+00:00,2023-01-30 16:29:00+00:00,SELL,10.0,1925.885,1923.895,1690.0,1.69,TIME,410.0,3240.0,-3300.0
ASIAN_MR,2023-01-31 03:20:00+00:00,2023-01-31 03:35:00+00:00,LONG,10.0,1923.735,1922.48118995117,-1553.81,-1.5538100488297915,SL_ATR,15.0,360.0,-1690.0
LONDON_ORB,2023-01-31 09:35:00+00:00,2023-01-31 11:29:00+00:00,SELL,10.0,1907.235,1902.925,4010.0,4.01,TIME,575.0,5100.0,0.0
NY_ORB,2023-01-31 13:50:00+00:00,2023-01-31 15:01:00+00:00,BUY,10.0,1916.848,1926.81,9661.88,9.662,TP,360.0,10556.88,-513.12
ASIAN_MR,2023-02-01 01:25:00+00:00,2023-02-01 01:30:00+00:00,LONG,10.0,1926.155,1927.1823500000003,727.35,0.7273500000002968,TP_Z_NEUTRAL,5.0,1170.0,-40.0
LONDON_ORB,2023-02-01 09:50:00+00:00,2023-02-01 11:25:00+00:00,BUY,10.0,1924.935,1928.2749999999996,3040.0,3.04,TP,480.0,3710.0,-1280.0
NY_ORB,2023-02-01 13:46:00+00:00,2023-02-01 14:50:00+00:00,BUY,10.0,1930.715,1926.725,-4290.0,-4.29,SL,325.0,2103.0,-4297.0
LONDON_ORB,2023-02-02 10:50:00+00:00,2023-02-02 11:29:00+00:00,SELL,10.0,1954.885,1955.065,-480.0,-0.48,TIME,200.0,3340.0,-240.0
NY_ORB,2023-02-02 13:50:00+00:00,2023-02-02 14:45:00+00:00,SELL,10.0,1947.955,1936.495,11160.0,11.16,TP,280.0,11955.0,-610.0
LONDON_ORB,2023-02-03 08:25:00+00:00,2023-02-03 08:28:00+00:00,SELL,10.0,1912.065,1914.005,-2240.0,-2.24,SL,20.0,1000.0,-1820.0
NY_ORB,2023-02-03 13:45:00+00:00,2023-02-03 16:29:00+00:00,SELL,4.12,1886.405,1866.048,8263.35,20.057,TIME,825.0,8510.55,-1602.68
ASIAN_MR,2023-02-06 01:35:00+00:00,2023-02-06 02:10:00+00:00,SHORT,10.0,1871.115,1873.828876269813,-3013.88,-3.0138762698129993,SL_ATR,35.0,1050.0,-3380.0
LONDON_ORB,2023-02-06 08:20:00+00:00,2023-02-06 09:09:00+00:00,BUY,10.0,1879.075,1875.425,-3950.0,-3.95,SL,250.0,2080.0,-4006.82
NY_ORB,2023-02-06 14:21:00+00:00,2023-02-06 15:13:00+00:00,BUY,10.0,1873.218,1869.745,-3773.04,-3.773,SL,265.0,2436.96,-3833.04
LONDON_ORB,2023-02-07 11:00:00+00:00,2023-02-07 11:29:00+00:00,SELL,10.0,1872.328,1868.595,3432.67,3.433,TIME,150.0,4762.67,0.0
NY_ORB,2023-02-07 14:35:00+00:00,2023-02-07 15:51:00+00:00,BUY,10.0,1869.305,1876.7250000000001,7120.0,7.12,TP,385.0,7543.18,-2746.82
NY_ORB,2023-02-08 14:15:00+00:00,2023-02-08 14:24:00+00:00,BUY,10.0,1876.315,1882.4950000000003,5880.0,5.88,TP,50.0,6440.0,0.0
ASIAN_MR,2023-02-09 01:40:00+00:00,2023-02-09 02:00:00+00:00,SHORT,10.0,1875.588,1876.9083559847334,-1620.36,-1.6203559847333964,SL_ATR,20.0,0.0,-2667.0
LONDON_ORB,2023-02-09 09:29:00+00:00,2023-02-09 09:58:00+00:00,SELL,10.0,1879.825,1883.295,-3770.0,-3.77,SL,150.0,70.0,-3200.0
NY_ORB,2023-02-09 13:45:00+00:00,2023-02-09 14:58:00+00:00,BUY,10.0,1883.875,1879.547,-4627.78,-4.628,SL,370.0,6222.78,-5110.0
ASIAN_MR,2023-02-10 01:10:00+00:00,2023-02-10 01:30:00+00:00,SHORT,10.0,1864.915,1862.1245,2490.5,2.4905000000000657,TP_Z_NEUTRAL,20.0,3360.0,-410.0
LONDON_ORB,2023-02-10 09:20:00+00:00,2023-02-10 11:29:00+00:00,SELL,10.0,1865.765,1861.798,3667.33,3.667,TIME,650.0,5368.0,0.0
NY_ORB,2023-02-10 13:50:00+00:00,2023-02-10 14:40:00+00:00,BUY,10.0,1864.445,1861.715,-3030.0,-3.03,SL,255.0,3983.1,-2740.0
LONDON_ORB,2023-02-13 08:25:00+00:00,2023-02-13 09:13:00+00:00,SELL,10.0,1862.335,1859.295,2740.0,2.74,TP,245.0,3380.0,-1170.0
NY_ORB,2023-02-13 14:35:00+00:00,2023-02-13 14:39:00+00:00,SELL,10.0,1855.755,1857.965,-2510.0,-2.51,SL,25.0,2676.94,-2400.0
ASIAN_MR,2023-02-14 02:40:00+00:00,2023-02-14 03:00:00+00:00,SHORT,10.0,1857.705,1856.20315,1201.85,1.2018499999998766,TP_Z_NEUTRAL,20.0,820.0,-670.0
LONDON_ORB,2023-02-14 10:00:00+00:00,2023-02-14 11:12:00+00:00,BUY,10.0,1860.215,1857.885,-2630.0,-2.63,SL,365.0,2760.0,-2420.0
ASIAN_MR,2023-02-15 01:40:00+00:00,2023-02-15 02:05:00+00:00,SHORT,10.0,1858.235,1859.5111344816223,-1576.13,-1.576134481622421,SL_ATR,25.0,880.0,-1763.0
LONDON_ORB,2023-02-15 08:30:00+00:00,2023-02-15 11:29:00+00:00,BUY,10.0,1835.655,1834.5,-1455.0,-1.455,TIME,900.0,1980.0,-3020.0
NY_ORB,2023-02-15 13:45:00+00:00,2023-02-15 15:44:00+00:00,BUY,10.0,1836.185,1831.488,-4997.06,-4.997,SL,600.0,2610.0,-5630.0
LONDON_ORB,2023-02-16 08:20:00+00:00,2023-02-16 08:34:00+00:00,BUY,10.0,1843.155,1840.185,-3270.0,-3.27,SL,75.0,480.0,-3227.04
NY_ORB,2023-02-16 13:47:00+00:00,2023-02-16 16:29:00+00:00,SELL,7.48,1830.625,1836.725,-4787.2,-6.4,TIME,815.0,2296.36,-4794.68
LONDON_ORB,2023-02-17 09:05:00+00:00,2023-02-17 09:34:00+00:00,SELL,10.0,1819.795,1823.968,-4473.16,-4.473,SL,150.0,240.0,-4510.0
NY_ORB,2023-02-17 14:38:00+00:00,2023-02-17 15:01:00+00:00,SELL,10.0,1825.595,1828.945,-3650.0,-3.65,SL,120.0,3030.0,-3730.0
ASIAN_MR,2023-02-20 04:10:00+00:00,2023-02-20 04:20:00+00:00,SHORT,10.0,1843.195,1844.330593510769,-1435.59,-1.435593510769013,SL_ATR,10.0,30.0,-1390.0
LONDON_ORB,2023-02-20 08:17:00+00:00,2023-02-20 11:29:00+00:00,SELL,10.0,1845.208,1844.275,633.06,0.633,TIME,965.0,4213.06,-826.94
NY_ORB,2023-02-20 13:55:00+00:00,2023-02-20 15:19:00+00:00,BUY,10.0,1846.515,1844.325,-2490.0,-2.49,SL,425.0,430.0,-2890.0
LONDON_ORB,2023-02-21 08:30:00+00:00,2023-02-21 08:56:00+00:00,SELL,10.0,1832.325,1834.668,-2642.94,-2.643,SL,135.0,1330.0,-2380.0
NY_ORB,2023-02-21 14:05:00+00:00,2023-02-21 14:26:00+00:00,BUY,10.0,1836.985,1841.4249999999995,4140.0,4.14,TP,110.0,5073.06,0.0
LONDON_ORB,2023-02-22 08:25:00+00:00,2023-02-22 08:44:00+00:00,SELL,10.0,1838.598,1833.6639999999998,4634.06,4.634,TP,100.0,5820.0,0.0
NY_ORB,2023-02-22 14:38:00+00:00,2023-02-22 14:42:00+00:00,BUY,10.0,1837.195,1834.938,-2556.86,-2.557,SL,25.0,720.0,-2460.0
ASIAN_MR,2023-02-23 01:35:00+00:00,2023-02-23 01:45:00+00:00,SHORT,10.0,1826.535,1827.9604752731846,-1725.48,-1.7254752731844747,SL_ATR,10.0,100.0,-1560.0
LONDON_ORB,2023-02-23 11:20:00+00:00,2023-02-23 11:29:00+00:00,SELL,10.0,1826.715,1824.865,1550.0,1.55,TIME,50.0,2817.04,0.0
NY_ORB,2023-02-23 13:57:00+00:00,2023-02-23 16:29:00+00:00,BUY,10.0,1825.535,1821.115,-4720.0,-4.72,TIME,765.0,4490.0,-7160.0
LONDON_ORB,2023-02-24 08:25:00+00:00,2023-02-24 11:29:00+00:00,BUY,10.0,1821.995,1820.915,-1380.0,-1.38,TIME,925.0,3500.0,-1150.0
NY_ORB,2023-02-24 14:37:00+00:00,2023-02-24 16:29:00+00:00,SELL,10.0,1811.498,1813.055,-1856.67,-1.857,TIME,565.0,2623.33,-4110.0
LONDON_ORB,2023-02-27 10:50:00+00:00,2023-02-27 11:29:00+00:00,SELL,10.0,1810.395,1811.178,-1083.14,-1.083,TIME,200.0,260.0,-1530.0
NY_ORB,2023-02-27 13:56:00+00:00,2023-02-27 16:29:00+00:00,BUY,10.0,1814.765,1813.505,-1560.0,-1.56,TIME,770.0,5240.0,-1547.06
LONDON_ORB,2023-02-28 08:20:00+00:00,2023-02-28 08:53:00+00:00,SELL,10.0,1806.975,1810.715,-4040.0,-4.04,SL,170.0,1057.14,-4990.0
NY_ORB,2023-02-28 13:45:00+00:00,2023-02-28 13:57:00+00:00,BUY,10.0,1809.424,1814.056,4332.0,4.332,TP,65.0,4701.14,-776.0
ASIAN_MR,2023-03-01 01:40:00+00:00,2023-03-01 01:50:00+00:00,SHORT,10.0,1826.265,1827.5635780598113,-1598.58,-1.5985780598112342,SL_ATR,10.0,10.0,-2890.0
LONDON_ORB,2023-03-01 09:05:00+00:00,2023-03-01 09:16:00+00:00,BUY,10.0,1835.705,1832.375,-3630.0,-3.63,SL,60.0,1550.0,-3420.0
NY_ORB,2023-03-01 13:55:00+00:00,2023-03-01 14:56:00+00:00,BUY,10.0,1836.895,1843.255,6060.0,6.06,TP,310.0,7390.0,-1270.0
ASIAN_MR,2023-03-02 01:00:00+00:00,2023-03-02 01:05:00+00:00,LONG,10.0,1835.608,1834.5533364949604,-1354.66,-1.3546635050395708,SL_ATR,5.0,90.0,-1074.0
LONDON_ORB,2023-03-02 08:45:00+00:00,2023-03-02 11:29:00+00:00,BUY,10.0,1832.095,1834.905,2510.0,2.51,TIME,825.0,3190.0,-1756.94
NY_ORB,2023-03-02 14:05:00+00:00,2023-03-02 16:29:00+00:00,BUY,10.0,1834.344,1836.265,1620.95,1.621,TIME,725.0,4520.95,-1810.0
ASIAN_MR,2023-03-03 01:10:00+00:00,2023-03-03 01:30:00+00:00,SHORT,10.0,1840.715,1838.7174499999996,1697.55,1.697550000000274,TP_Z_NEUTRAL,20.0,2150.0,-720.0
LONDON_ORB,2023-03-03 09:10:00+00:00,2023-03-03 11:16:00+00:00,BUY,10.0,1844.735,1848.8949999999998,3860.0,3.86,TP,635.0,4280.0,0.0
NY_ORB,2023-03-03 14:20:00+00:00,2023-03-03 15:00:00+00:00,SELL,10.0,1845.855,1842.089,3465.95,3.466,TP,205.0,4130.0,0.0
LONDON_ORB,2023-03-06 11:10:00+00:00,2023-03-06 11:10:00+00:00,SELL,10.0,1855.385,1851.965,3120.0,3.12,TP,5.0,6260.0,0.0
NY_ORB,2023-03-06 14:40:00+00:00,2023-03-06 15:05:00+00:00,BUY,10.0,1852.065,1850.155,-2210.0,-2.21,SL,130.0,870.0,-2450.0
ASIAN_MR,2023-03-07 01:55:00+00:00,2023-03-07 02:05:00+00:00,SHORT,10.0,1847.745,1848.9963158080047,-1551.32,-1.551315808004847,SL_ATR,10.0,600.0,-2030.0
LONDON_ORB,2023-03-07 08:15:00+00:00,2023-03-07 11:29:00+00:00,SELL,10.0,1846.035,1842.605,3130.0,3.13,TIME,975.0,3930.0,-2230.0
NY_ORB,2023-03-07 13:45:00+00:00,2023-03-07 14:02:00+00:00,BUY,10.0,1837.205,1833.325,-4180.0,-4.18,SL,90.0,20.0,-4870.0
LONDON_ORB,2023-03-08 08:16:00+00:00,2023-03-08 08:32:00+00:00,SELL,10.0,1813.435,1815.108,-1972.92,-1.973,SL,85.0,310.0,-1420.0
NY_ORB,2023-03-08 14:35:00+00:00,2023-03-08 14:51:00+00:00,BUY,10.0,1815.045,1820.8250000000003,5480.0,5.48,TP,85.0,6420.0,0.0
LONDON_ORB,2023-03-09 08:26:00+00:00,2023-03-09 11:25:00+00:00,BUY,10.0,1815.665,1819.8049999999998,3840.0,3.84,TP,900.0,4290.0,-1190.0
NY_ORB,2023-03-09 14:00:00+00:00,2023-03-09 16:29:00+00:00,BUY,10.0,1823.828,1827.565,3437.27,3.437,TIME,750.0,11737.27,0.0
LONDON_ORB,2023-03-10 08:19:00+00:00,2023-03-10 11:29:00+00:00,SELL,10.0,1833.405,1835.905,-2800.0,-2.8,TIME,955.0,2627.14,-3352.86
NY_ORB,2023-03-10 13:45:00+00:00,2023-03-10 16:29:00+00:00,BUY,8.1,1844.245,1856.035,9306.9,11.49,TIME,825.0,18713.7,-3531.6
ASIAN_MR,2023-03-13 02:35:00+00:00,2023-03-13 02:55:00+00:00,SHORT,10.0,1884.045,1887.3633323241975,-3618.33,-3.6183323241973993,SL_ATR,20.0,150.0,-4730.0
LONDON_ORB,2023-03-13 08:55:00+00:00,2023-03-13 09:24:00+00:00,BUY,10.0,1879.355,1887.315,7660.0,7.66,TP,150.0,9000.0,0.0
NY_ORB,2023-03-13 14:00:00+00:00,2023-03-13 14:44:00+00:00,SELL,9.68,1897.758,1909.658,-11809.6,-12.2,SL,225.0,1416.05,-11438.99
ASIAN_MR,2023-03-14 01:45:00+00:00,2023-03-14 02:35:00+00:00,LONG,10.0,1906.358,1904.2941765387845,-2363.82,-2.3638234612154063,SL_ATR,50.0,1450.0,-2400.0
LONDON_ORB,2023-03-14 08:40:00+00:00,2023-03-14 11:29:00+00:00,SELL,10.0,1908.155,1904.048,3806.88,3.807,TIME,850.0,7500.0,0.0
NY_ORB,2023-03-14 13:48:00+00:00,2023-03-14 15:00:00+00:00,SELL,10.0,1898.208,1908.075,-10167.5,-10.167,SL,365.0,2980.0,-9927.5
ASIAN_MR,2023-03-15 03:55:00+00:00,2023-03-15 04:40:00+00:00,LONG,10.0,1902.725,1901.633748599005,-1391.25,-1.3912514009949064,SL_ATR,45.0,660.0,-1540.0
LONDON_ORB,2023-03-15 08:15:00+00:00,2023-03-15 09:40:00+00:00,SELL,10.0,1888.935,1896.675,-8040.0,-8.04,SL,430.0,3370.0,-7550.0
ASIAN_MR,2023-03-16 03:30:00+00:00,2023-03-16 03:45:00+00:00,SHORT,10.0,1912.615,1914.4923048998835,-2177.3,-2.1773048998834836,SL_ATR,15.0,770.0,-2250.0
LONDON_ORB,2023-03-16 08:15:00+00:00,2023-03-16 11:29:00+00:00,BUY,10.0,1919.795,1923.675,3580.0,3.58,TIME,975.0,4900.0,-3440.0
NY_ORB,2023-03-16 14:55:00+00:00,2023-03-16 16:29:00+00:00,SELL,10.0,1924.355,1917.805,6250.0,6.25,TIME,475.0,11110.0,0.0
ASIAN_MR,2023-03-17 02:45:00+00:00,2023-03-17 03:20:00+00:00,SHORT,10.0,1926.928,1928.8464417054258,-2218.44,-2.218441705425721,SL_ATR,35.0,563.0,-2167.0
LONDON_ORB,2023-03-17 08:15:00+00:00,2023-03-17 08:28:00+00:00,SELL,10.0,1927.605,1931.055,-3750.0,-3.75,SL,70.0,410.0,-3270.0
NY_ORB,2023-03-17 14:35:00+00:00,2023-03-17 14:44:00+00:00,BUY,10.0,1950.115,1961.7749999999999,11360.0,11.36,TP,50.0,11732.86,0.0
ASIAN_MR,2023-03-20 01:05:00+00:00,2023-03-20 01:35:00+00:00,LONG,10.0,1969.485,1975.3103500000002,5525.35,5.525350000000299,TP_Z_NEUTRAL,30.0,3080.0,-1470.0
LONDON_ORB,2023-03-20 09:19:00+00:00,2023-03-20 10:34:00+00:00,SELL,10.0,1995.415,1978.1949999999997,16920.0,16.92,TP,380.0,19750.0,-500.0
NY_ORB,2023-03-20 14:00:00+00:00,2023-03-20 14:12:00+00:00,SELL,10.0,1978.854,1967.066,11487.86,11.488,TP,65.0,13105.71,0.0
ASIAN_MR,2023-03-21 02:55:00+00:00,2023-03-21 03:30:00+00:00,SHORT,10.0,1983.128,1984.756457643602,-1928.46,-1.9284576436021326,SL_ATR,35.0,1313.0,-1897.0
NY_ORB,2023-03-21 13:46:00+00:00,2023-03-21 16:29:00+00:00,SELL,10.0,1955.055,1943.545,11210.0,11.21,TIME,820.0,12091.25,-1570.0
ASIAN_MR,2023-03-22 01:05:00+00:00,2023-03-22 01:35:00+00:00,SHORT,10.0,1944.755,1943.4527999999998,1002.2,1.0022000000003117,TP_Z_NEUTRAL,30.0,1970.0,-1390.0
NY_ORB,2023-03-22 14:50:00+00:00,2023-03-22 16:29:00+00:00,BUY,10.0,1944.335,1948.425,3790.0,3.79,TIME,500.0,7520.0,0.0
ASIAN_MR,2023-03-23 02:35:00+00:00,2023-03-23 03:20:00+00:00,SHORT,10.0,1974.588,1970.2676499999998,4020.35,4.02035000000019,TP_Z_NEUTRAL,45.0,1094.0,-1587.0
NY_ORB,2023-03-23 16:15:00+00:00,2023-03-23 16:15:00+00:00,BUY,10.0,1979.458,1988.1840000000002,8426.11,8.426,TP,5.0,8970.0,0.0
ASIAN_MR,2023-03-24 03:05:00+00:00,2023-03-24 03:20:00+00:00,LONG,10.0,1990.448,1991.5929499999997,844.95,0.8449499999996533,TP_Z_NEUTRAL,15.0,780.0,-323.0
LONDON_ORB,2023-03-24 08:23:00+00:00,2023-03-24 09:38:00+00:00,SELL,10.0,1988.285,1992.765,-4780.0,-4.78,SL,380.0,7150.0,-4650.0
NY_ORB,2023-03-24 13:52:00+00:00,2023-03-24 16:29:00+00:00,SELL,10.0,1993.744,1985.155,8289.17,8.289,TIME,790.0,10055.83,-4574.17
LONDON_ORB,2023-03-27 09:25:00+00:00,2023-03-27 09:25:00+00:00,SELL,10.0,1969.595,1964.535,4760.0,4.76,TP,5.0,7420.0,0.0
NY_ORB,2023-03-27 13:50:00+00:00,2023-03-27 14:19:00+00:00,SELL,10.0,1947.304,1950.785,-3780.87,-3.781,SL,150.0,1609.13,-4250.87
ASIAN_MR,2023-03-28 01:30:00+00:00,2023-03-28 02:05:00+00:00,SHORT,10.0,1962.925,1959.6420999999998,2982.9,2.9829000000001544,TP_Z_NEUTRAL,35.0,2240.0,-680.0
LONDON_ORB,2023-03-28 09:35:00+00:00,2023-03-28 10:01:00+00:00,SELL,10.0,1952.925,1955.055,-2430.0,-2.43,SL,135.0,1547.11,-1850.0
NY_ORB,2023-03-28 14:35:00+00:00,2023-03-28 16:29:00+00:00,BUY,10.0,1965.865,1968.055,1890.0,1.89,TIME,575.0,4003.12,-1260.0
ASIAN_MR,2023-03-29 01:20:00+00:00,2023-03-29 01:25:00+00:00,LONG,10.0,1968.855,1967.2971359237297,-1857.86,-1.8578640762703345,SL_ATR,5.0,0.0,-1630.0
LONDON_ORB,2023-03-29 09:35:00+00:00,2023-03-29 09:35:00+00:00,BUY,10.0,1962.775,1966.949,3873.95,3.874,TP,5.0,4350.0,0.0
NY_ORB,2023-03-29 14:08:00+00:00,2023-03-29 15:58:00+00:00,BUY,10.0,1965.925,1961.485,-4740.0,-4.74,SL,555.0,5680.0,-5330.0
ASIAN_MR,2023-03-30 01:10:00+00:00,2023-03-30 01:40:00+00:00,LONG,10.0,1958.505,1957.0422617323068,-1762.74,-1.7627382676933394,SL_ATR,30.0,1630.0,-3301.0
LONDON_ORB,2023-03-30 10:35:00+00:00,2023-03-30 11:29:00+00:00,BUY,10.0,1968.105,1969.055,650.0,0.65,TIME,275.0,2983.1,0.0
NY_ORB,2023-03-30 14:20:00+00:00,2023-03-30 16:00:00+00:00,BUY,10.0,1968.458,1975.1440000000002,6385.83,6.386,TP,505.0,7617.08,-362.92
ASIAN_MR,2023-03-31 01:15:00+00:00,2023-03-31 01:30:00+00:00,SHORT,10.0,1981.145,1982.4911051936176,-1646.11,-1.6461051936176319,SL_ATR,15.0,790.0,-1790.0
NY_ORB,2023-03-31 14:55:00+00:00,2023-03-31 16:29:00+00:00,SELL,10.0,1979.535,1978.538,697.22,0.697,TIME,475.0,4750.0,-1430.0
LONDON_ORB,2023-04-03 10:00:00+00:00,2023-04-03 10:15:00+00:00,BUY,10.0,1964.255,1970.5890000000004,6034.0,6.034,TP,80.0,6490.0,0.0
NY_ORB,2023-04-03 14:05:00+00:00,2023-04-03 16:29:00+00:00,BUY,10.0,1980.248,1989.998,9450.0,9.45,TIME,725.0,10110.0,-740.0
ASIAN_MR,2023-04-04 04:00:00+00:00,2023-04-04 04:20:00+00:00,LONG,10.0,1978.525,1979.8515,1026.5,1.0264999999998963,TP_Z_NEUTRAL,20.0,1280.0,-60.0
LONDON_ORB,2023-04-04 10:30:00+00:00,2023-04-04 10:46:00+00:00,BUY,10.0,1983.475,1981.565,-2210.0,-2.21,SL,85.0,620.0,-2170.0
NY_ORB,2023-04-04 13:45:00+00:00,2023-04-04 14:05:00+00:00,BUY,10.0,1992.615,2004.535,11620.0,11.62,TP,105.0,12789.23,-2180.0
ASIAN_MR,2023-04-05 02:45:00+00:00,2023-04-05 03:15:00+00:00,SHORT,10.0,2024.005,2021.2382000000002,2466.8,2.4667999999998758,TP_Z_NEUTRAL,30.0,1697.0,-710.0
LONDON_ORB,2023-04-05 09:50:00+00:00,2023-04-05 11:29:00+00:00,SELL,10.0,2024.278,2024.065,-87.11,-0.087,TIME,500.0,2894.0,-797.11
NY_ORB,2023-04-05 13:50:00+00:00,2023-04-05 14:00:00+00:00,SELL,10.0,2023.655,2029.015,-5660.0,-5.66,SL,55.0,1900.0,-7803.33
ASIAN_MR,2023-04-06 01:10:00+00:00,2023-04-06 01:55:00+00:00,LONG,10.0,2014.115,2012.5807631980533,-1834.24,-1.8342368019466904,SL_ATR,45.0,1033.0,-1750.0
LONDON_ORB,2023-04-06 10:45:00+00:00,2023-04-06 11:29:00+00:00,BUY,10.0,2016.745,2018.358,1313.08,1.313,TIME,225.0,4058.97,0.0
NY_ORB,2023-04-06 13:45:00+00:00,2023-04-06 16:10:00+00:00,SELL,10.0,2004.815,2014.054,-9538.89,-9.539,SL,730.0,3815.56,-9130.0
ASIAN_MR,2023-04-10 02:10:00+00:00,2023-04-10 02:30:00+00:00,LONG,10.0,1995.305,1993.1954816849186,-2409.52,-2.409518315081459,SL_ATR,20.0,160.0,-2577.0
LONDON_ORB,2023-04-10 08:35:00+00:00,2023-04-10 10:46:00+00:00,BUY,10.0,1997.885,2002.059,3873.95,3.874,TP,660.0,4780.0,-1160.0
NY_ORB,2023-04-10 14:40:00+00:00,2023-04-10 16:29:00+00:00,SELL,10.0,1986.114,1987.365,-1551.0,-1.551,TIME,550.0,1829.0,-3891.0
ASIAN_MR,2023-04-11 01:25:00+00:00,2023-04-11 01:30:00+00:00,LONG,10.0,1990.155,1988.9384156538215,-1516.58,-1.516584346178479,SL_ATR,5.0,20.0,-1540.0
LONDON_ORB,2023-04-11 08:25:00+00:00,2023-04-11 11:20:00+00:00,BUY,10.0,2003.278,2001.125,-2452.97,-2.453,SL,880.0,4070.0,-2632.97
NY_ORB,2023-04-11 15:25:00+00:00,2023-04-11 16:29:00+00:00,BUY,10.0,2001.335,2005.154,3519.0,3.519,TIME,325.0,4623.0,0.0
ASIAN_MR,2023-04-12 01:30:00+00:00,2023-04-12 01:35:00+00:00,SHORT,10.0,2009.615,2010.932552088625,-1617.55,-1.617552088625007,SL_ATR,5.0,170.0,-2180.0
LONDON_ORB,2023-04-12 10:05:00+00:00,2023-04-12 11:29:00+00:00,SELL,10.0,2010.125,2009.855,-30.0,-0.03,TIME,425.0,2896.96,-860.0
NY_ORB,2023-04-12 13:45:00+00:00,2023-04-12 16:29:00+00:00,SELL,9.25,2005.905,2008.505,-2682.5,-2.9,TIME,825.0,4329.0,-6586.0
LONDON_ORB,2023-04-13 08:20:00+00:00,2023-04-13 11:29:00+00:00,BUY,10.0,2026.334,2026.018,-616.0,-0.616,TIME,950.0,2721.0,-1489.0
NY_ORB,2023-04-13 13:50:00+00:00,2023-04-13 14:36:00+00:00,BUY,10.0,2043.135,2039.965,-3470.0,-3.47,SL,235.0,5403.2,-4050.0
LONDON_ORB,2023-04-14 08:25:00+00:00,2023-04-14 10:00:00+00:00,SELL,10.0,2033.755,2039.245,-5790.0,-5.79,SL,480.0,2030.0,-5380.0
NY_ORB,2023-04-14 15:05:00+00:00,2023-04-14 15:05:00+00:00,SELL,9.82,2022.065,2010.2050000000004,11351.92,11.56,TP,5.0,27476.36,0.0
LONDON_ORB,2023-04-17 10:15:00+00:00,2023-04-17 11:29:00+00:00,SELL,10.0,2009.275,2008.375,600.0,0.6,TIME,375.0,4460.0,0.0
NY_ORB,2023-04-17 14:40:00+00:00,2023-04-17 14:46:00+00:00,SELL,10.0,1995.785,1985.825,9660.0,9.66,TP,35.0,14426.88,0.0
ASIAN_MR,2023-04-18 01:10:00+00:00,2023-04-18 01:35:00+00:00,SHORT,10.0,1996.415,1997.5481181576865,-1433.12,-1.4331181576865675,SL_ATR,25.0,787.0,-2280.0
LONDON_ORB,2023-04-18 09:30:00+00:00,2023-04-18 11:29:00+00:00,SELL,10.0,2002.055,2003.888,-2133.08,-2.133,TIME,600.0,3060.0,-2600.0
NY_ORB,2023-04-18 13:46:00+00:00,2023-04-18 14:08:00+00:00,BUY,10.0,1996.195,2006.195,9700.0,9.7,TP,115.0,10703.12,-120.0
ASIAN_MR,2023-04-19 01:00:00+00:00,2023-04-19 01:15:00+00:00,SHORT,10.0,2006.868,2005.7292000000002,838.8,0.8387999999997191,TP_Z_NEUTRAL,15.0,2253.0,-517.0
LONDON_ORB,2023-04-19 08:40:00+00:00,2023-04-19 11:09:00+00:00,SELL,10.0,1984.278,1970.104,13873.64,13.874,TP,750.0,14492.73,0.0
NY_ORB,2023-04-19 13:52:00+00:00,2023-04-19 16:29:00+00:00,BUY,10.0,1991.528,1992.895,1066.67,1.067,TIME,790.0,4270.0,-2773.33
LONDON_ORB,2023-04-20 08:15:00+00:00,2023-04-20 09:11:00+00:00,BUY,10.0,1997.905,1994.374,-3830.87,-3.831,SL,285.0,1090.0,-4500.87
NY_ORB,2023-04-20 14:05:00+00:00,2023-04-20 14:54:00+00:00,BUY,10.0,2006.798,2002.915,-4182.86,-4.183,SL,250.0,5457.14,-3902.86
LONDON_ORB,2023-04-21 10:40:00+00:00,2023-04-21 11:03:00+00:00,BUY,10.0,1989.475,1986.425,-3350.0,-3.35,SL,120.0,2413.08,-3050.0
NY_ORB,2023-04-21 13:50:00+00:00,2023-04-21 13:52:00+00:00,SELL,10.0,1990.225,1974.9589999999998,14966.0,14.966,TP,15.0,16310.0,0.0
LONDON_ORB,2023-04-24 09:25:00+00:00,2023-04-24 11:29:00+00:00,BUY,10.0,1983.035,1984.744,1408.92,1.409,TIME,625.0,3770.0,-220.0
NY_ORB,2023-04-24 13:50:00+00:00,2023-04-24 14:28:00+00:00,SELL,10.0,1974.785,1981.835,-7350.0,-7.35,SL,195.0,790.0,-6962.73
LONDON_ORB,2023-04-25 09:51:00+00:00,2023-04-25 10:30:00+00:00,SELL,10.0,1988.395,1983.7150000000001,4380.0,4.38,TP,200.0,4990.0,-610.0
ASIAN_MR,2023-04-26 01:00:00+00:00,2023-04-26 01:20:00+00:00,LONG,10.0,1997.985,1996.1905875683233,-2094.41,-2.094412431676619,SL_ATR,20.0,920.0,-2307.0
LONDON_ORB,2023-04-26 09:25:00+00:00,2023-04-26 11:29:00+00:00,BUY,10.0,1998.195,2000.555,2060.0,2.06,TIME,625.0,3430.0,-1270.0
NY_ORB,2023-04-26 14:05:00+00:00,2023-04-26 16:18:00+00:00,SELL,10.0,2001.764,1988.4419999999998,13021.67,13.022,TP,670.0,14789.17,-2280.83
ASIAN_MR,2023-04-27 01:35:00+00:00,2023-04-27 01:50:00+00:00,SHORT,10.0,1993.275,1991.2049499999998,1770.05,1.7700500000002648,TP_Z_NEUTRAL,15.0,1507.0,-160.0
LONDON_ORB,2023-04-27 09:35:00+00:00,2023-04-27 10:16:00+00:00,SELL,10.0,1997.885,1999.585,-2000.0,-2.0,SL,210.0,2097.02,-1890.0
NY_ORB,2023-04-28 14:38:00+00:00,2023-04-28 16:29:00+00:00,BUY,10.0,1989.995,1990.955,660.0,0.66,TIME,560.0,4920.0,-2530.0
ASIAN_MR,2023-05-01 04:15:00+00:00,2023-05-01 04:50:00+00:00,SHORT,10.0,1984.298,1982.4238,1574.2,1.5741999999999734,TP_Z_NEUTRAL,35.0,373.0,-1347.0
LONDON_ORB,2023-05-01 09:20:00+00:00,2023-05-01 09:47:00+00:00,BUY,10.0,1981.165,1984.3649999999998,2900.0,2.9,TP,140.0,3240.0,-21.0
NY_ORB,2023-05-01 14:05:00+00:00,2023-05-01 14:05:00+00:00,SELL,10.0,1998.985,1989.2589999999998,9426.25,9.426,TP,5.0,10900.0,0.0
LONDON_ORB,2023-05-02 09:50:00+00:00,2023-05-02 10:44:00+00:00,BUY,10.0,1981.595,1987.6290000000001,5734.07,5.734,TP,275.0,6070.0,0.0
NY_ORB,2023-05-02 14:05:00+00:00,2023-05-02 14:11:00+00:00,BUY,10.0,1989.265,1996.3250000000005,6760.0,6.76,TP,35.0,7693.04,0.0
LONDON_ORB,2023-05-03 10:15:00+00:00,2023-05-03 11:29:00+00:00,BUY,10.0,2015.498,2015.515,-282.94,-0.283,TIME,375.0,1457.06,-153.97
NY_ORB,2023-05-03 14:05:00+00:00,2023-05-03 14:48:00+00:00,SELL,10.0,2016.065,2020.045,-4280.0,-4.28,SL,220.0,4300.0,-3790.0
LONDON_ORB,2023-05-04 10:15:00+00:00,2023-05-04 10:15:00+00:00,BUY,10.0,2035.424,2038.516,2791.92,2.792,TP,5.0,4080.96,0.0
NY_ORB,2023-05-04 13:50:00+00:00,2023-05-04 14:44:00+00:00,BUY,10.0,2041.005,2059.2070000000003,17902.22,17.902,TP,275.0,18520.0,0.0
ASIAN_MR,2023-05-05 02:30:00+00:00,2023-05-05 03:00:00+00:00,LONG,10.0,2045.935,2049.8913000000002,3656.3,3.656300000000283,TP_Z_NEUTRAL,30.0,2250.0,0.0
LONDON_ORB,2023-05-05 09:45:00+00:00,2023-05-05 11:29:00+00:00,SELL,10.0,2038.735,2037.935,500.0,0.5,TIME,525.0,2600.0,-472.9
ASIAN_MR,2023-05-08 02:35:00+00:00,2023-05-08 03:20:00+00:00,SHORT,10.0,2020.094,2021.7516984878303,-1957.7,-1.9576984878302028,SL_ATR,45.0,700.0,-2260.0
LONDON_ORB,2023-05-08 10:15:00+00:00,2023-05-08 11:29:00+00:00,BUY,10.0,2022.554,2024.834,1980.0,1.98,TIME,375.0,2860.0,0.0
NY_ORB,2023-05-08 13:47:00+00:00,2023-05-08 16:29:00+00:00,BUY,10.0,2022.895,2026.914,3718.75,3.719,TIME,815.0,6438.75,-810.0
ASIAN_MR,2023-05-09 01:25:00+00:00,2023-05-09 01:45:00+00:00,SHORT,10.0,2023.325,2020.8715999999997,2153.4,2.153400000000329,TP_Z_NEUTRAL,20.0,1851.0,-870.0
LONDON_ORB,2023-05-09 08:40:00+00:00,2023-05-09 09:43:00+00:00,BUY,10.0,2025.254,2027.772,2217.97,2.218,TP,320.0,2540.0,-390.0
NY_ORB,2023-05-09 13:48:00+00:00,2023-05-09 16:29:00+00:00,BUY,10.0,2027.948,2031.534,3285.91,3.286,TIME,810.0,4635.91,-3604.09
ASIAN_MR,2023-05-10 01:35:00+00:00,2023-05-10 01:55:00+00:00,LONG,10.0,2034.325,2033.1591900018584,-1465.81,-1.46580999814164,SL_ATR,20.0,280.0,-1720.0
LONDON_ORB,2023-05-10 08:35:00+00:00,2023-05-10 10:28:00+00:00,SELL,10.0,2029.784,2031.774,-2290.0,-2.29,SL,570.0,3646.0,-1760.0
LONDON_ORB,2023-05-11 11:10:00+00:00,2023-05-11 11:14:00+00:00,BUY,10.0,2025.544,2032.2620000000004,6417.92,6.418,TP,25.0,9260.0,0.0
NY_ORB,2023-05-11 13:50:00+00:00,2023-05-11 16:29:00+00:00,SELL,10.0,2024.774,2017.104,7370.0,7.37,TIME,800.0,13730.0,0.0
LONDON_ORB,2023-05-12 09:35:00+00:00,2023-05-12 09:43:00+00:00,SELL,10.0,2007.505,2003.2670000000003,3937.89,3.938,TP,45.0,6081.05,0.0
NY_ORB,2023-05-12 13:50:00+00:00,2023-05-12 14:00:00+00:00,BUY,10.0,2020.094,2016.594,-3800.0,-3.8,SL,55.0,910.87,-3669.13
ASIAN_MR,2023-05-15 01:10:00+00:00,2023-05-15 01:35:00+00:00,SHORT,10.0,2015.304,2016.8836311883808,-1879.63,-1.8796311883807448,SL_ATR,25.0,970.0,-3411.0
LONDON_ORB,2023-05-15 11:05:00+00:00,2023-05-15 11:05:00+00:00,SELL,10.0,2017.565,2014.085,3180.0,3.18,TP,5.0,4960.0,0.0
NY_ORB,2023-05-15 13:50:00+00:00,2023-05-15 14:24:00+00:00,BUY,10.0,2018.604,2015.384,-3520.0,-3.52,SL,175.0,3510.0,-3328.8
ASIAN_MR,2023-05-16 01:15:00+00:00,2023-05-16 02:15:00+00:00,SHORT,10.0,2017.385,2015.544,1541.0,1.5409999999998945,TIME_STOP_60M,60.0,2681.0,-850.0
LONDON_ORB,2023-05-16 10:20:00+00:00,2023-05-16 11:29:00+00:00,SELL,10.0,2009.228,2007.625,1303.0,1.303,TIME,350.0,2104.0,-37.0
NY_ORB,2023-05-16 15:10:00+00:00,2023-05-16 15:10:00+00:00,SELL,10.0,2007.474,2002.394,4780.0,4.78,TP,5.0,8830.0,0.0
LONDON_ORB,2023-05-17 08:20:00+00:00,2023-05-17 10:39:00+00:00,SELL,10.0,1986.534,1989.034,-2800.0,-2.8,SL,700.0,2900.0,-2280.0
NY_ORB,2023-05-17 14:00:00+00:00,2023-05-17 14:17:00+00:00,SELL,10.0,1979.795,1984.274,-4778.89,-4.779,SL,90.0,4860.0,-4318.89
LONDON_ORB,2023-05-18 08:30:00+00:00,2023-05-18 09:36:00+00:00,BUY,10.0,1974.644,1977.7839999999999,2840.0,2.84,TP,335.0,3200.0,-619.02
ASIAN_MR,2023-05-19 01:10:00+00:00,2023-05-19 01:55:00+00:00,SHORT,10.0,1959.825,1958.6440000000002,881.0,0.8809999999998126,TP_Z_NEUTRAL,45.0,5920.0,-230.0
LONDON_ORB,2023-05-19 08:55:00+00:00,2023-05-19 09:36:00+00:00,SELL,10.0,1964.958,1966.865,-2206.9,-2.207,SL,210.0,684.05,-1726.9
NY_ORB,2023-05-19 15:12:00+00:00,2023-05-19 15:16:00+00:00,BUY,10.0,1961.825,1970.0850000000003,7960.0,7.96,TP,25.0,10540.0,-1610.0
LONDON_ORB,2023-05-22 11:15:00+00:00,2023-05-22 11:29:00+00:00,BUY,10.0,1976.875,1976.515,-660.0,-0.66,TIME,75.0,770.0,-580.0
NY_ORB,2023-05-22 14:12:00+00:00,2023-05-22 16:29:00+00:00,SELL,10.0,1972.015,1975.235,-3520.0,-3.52,TIME,690.0,3250.0,-3300.0
LONDON_ORB,2023-05-23 11:20:00+00:00,2023-05-23 11:29:00+00:00,BUY,10.0,1957.115,1958.235,820.0,0.82,TIME,50.0,2440.0,0.0
NY_ORB,2023-05-23 13:50:00+00:00,2023-05-23 13:57:00+00:00,SELL,10.0,1966.334,1970.358,-4324.0,-4.324,SL,40.0,1239.0,-4591.0
ASIAN_MR,2023-05-24 04:00:00+00:00,2023-05-24 04:15:00+00:00,SHORT,10.0,1976.325,1977.4414024065122,-1416.4,-1.4164024065121794,SL_ATR,15.0,200.0,-2079.0
LONDON_ORB,2023-05-24 11:05:00+00:00,2023-05-24 11:29:00+00:00,BUY,10.0,1976.075,1978.715,2340.0,2.34,TIME,125.0,2660.0,0.0
NY_ORB,2023-05-24 14:05:00+00:00,2023-05-24 15:54:00+00:00,SELL,10.0,1971.365,1962.805,8260.0,8.26,TP,550.0,10090.0,-680.0
LONDON_ORB,2023-05-25 08:30:00+00:00,2023-05-25 11:29:00+00:00,BUY,10.0,1961.784,1961.245,-839.0,-0.839,TIME,900.0,2841.0,-1469.0
ASIAN_MR,2023-05-26 01:20:00+00:00,2023-05-26 01:45:00+00:00,SHORT,10.0,1943.525,1945.429869288279,-2204.87,-2.20486928827886,SL_ATR,25.0,690.0,-2290.0
NY_ORB,2023-05-26 14:35:00+00:00,2023-05-26 16:29:00+00:00,SELL,10.0,1946.015,1945.525,190.0,0.19,TIME,575.0,7330.0,-460.0
LONDON_ORB,2023-05-29 11:00:00+00:00,2023-05-29 11:29:00+00:00,BUY,10.0,1944.515,1946.185,1370.0,1.37,TIME,150.0,1900.0,0.0
ASIAN_MR,2023-05-30 01:05:00+00:00,2023-05-30 02:00:00+00:00,SHORT,10.0,1944.295,1945.623222459046,-1628.22,-1.6282224590459464,SL_ATR,55.0,1700.0,-1340.0
LONDON_ORB,2023-05-30 09:25:00+00:00,2023-05-30 09:31:00+00:00,BUY,10.0,1944.095,1949.115,4720.0,4.72,TP,35.0,5529.06,0.0
NY_ORB,2023-05-30 14:10:00+00:00,2023-05-30 16:05:00+00:00,BUY,10.0,1956.635,1963.035,6100.0,6.1,TP,580.0,6649.2,-2430.0
LONDON_ORB,2023-05-31 09:35:00+00:00,2023-05-31 10:21:00+00:00,BUY,10.0,1958.165,1955.454,-3011.0,-3.011,SL,235.0,1723.0,-3340.0
NY_ORB,2023-05-31 13:46:00+00:00,2023-05-31 14:00:00+00:00,BUY,10.0,1969.888,1962.558,-7630.0,-7.63,SL,75.0,3700.0,-10103.64
ASIAN_MR,2023-06-01 01:40:00+00:00,2023-06-01 01:55:00+00:00,LONG,10.0,1962.455,1965.5194,2764.4,2.764399999999978,TP_Z_NEUTRAL,15.0,3560.0,0.0
LONDON_ORB,2023-06-01 09:35:00+00:00,2023-06-01 10:03:00+00:00,BUY,10.0,1956.665,1960.625,3660.0,3.66,TP,145.0,4200.0,0.0
NY_ORB,2023-06-01 14:05:00+00:00,2023-06-01 16:29:00+00:00,BUY,10.0,1973.198,1980.055,6556.92,6.557,TIME,725.0,9816.92,-3533.08
ASIAN_MR,2023-06-02 03:25:00+00:00,2023-06-02 04:05:00+00:00,SHORT,10.0,1982.908,1979.77265,2835.35,2.8353499999997895,TP_Z_NEUTRAL,40.0,1603.0,0.0
LONDON_ORB,2023-06-02 09:35:00+00:00,2023-06-02 09:35:00+00:00,BUY,10.0,1975.925,1977.965,1740.0,1.74,TP,5.0,4670.0,0.0
NY_ORB,2023-06-02 13:50:00+00:00,2023-06-02 16:29:00+00:00,SELL,10.0,1966.845,1955.915,10630.0,10.63,TIME,800.0,11670.0,-290.0
ASIAN_MR,2023-06-05 03:45:00+00:00,2023-06-05 04:00:00+00:00,SHORT,10.0,1946.975,1945.6096499999999,1065.35,1.0653500000000349,TP_Z_NEUTRAL,15.0,1040.0,-470.0
LONDON_ORB,2023-06-05 08:17:00+00:00,2023-06-05 11:29:00+00:00,BUY,10.0,1943.445,1940.025,-3720.0,-3.72,TIME,965.0,2420.0,-4206.88
NY_ORB,2023-06-05 13:50:00+00:00,2023-06-05 14:00:00+00:00,BUY,10.0,1946.565,1951.2650000000003,4400.0,4.4,TP,55.0,7422.94,-890.0
ASIAN_MR,2023-06-06 02:15:00+00:00,2023-06-06 02:35:00+00:00,SHORT,10.0,1962.685,1960.5551500000001,1829.85,1.8298499999998057,TP_Z_NEUTRAL,20.0,1960.0,-590.0
LONDON_ORB,2023-06-06 08:19:00+00:00,2023-06-06 08:53:00+00:00,SELL,10.0,1957.395,1960.245,-3150.0,-3.15,SL,175.0,200.0,-3012.86
NY_ORB,2023-06-06 13:55:00+00:00,2023-06-06 16:02:00+00:00,SELL,10.0,1957.755,1964.578,-7123.33,-7.123,SL,640.0,3500.0,-6800.0
ASIAN_MR,2023-06-07 01:30:00+00:00,2023-06-07 01:40:00+00:00,SHORT,10.0,1966.085,1964.6744000000003,1110.6,1.1105999999997038,TP_Z_NEUTRAL,10.0,1500.0,-420.0
LONDON_ORB,2023-06-07 09:50:00+00:00,2023-06-07 11:29:00+00:00,BUY,10.0,1959.335,1962.695,3060.0,3.06,TIME,500.0,6953.18,0.0
NY_ORB,2023-06-07 13:47:00+00:00,2023-06-07 14:35:00+00:00,BUY,10.0,1962.755,1958.305,-4750.0,-4.75,SL,245.0,7330.0,-4780.0
LONDON_ORB,2023-06-08 11:10:00+00:00,2023-06-08 11:29:00+00:00,SELL,10.0,1946.644,1945.915,428.98,0.429,TIME,100.0,1478.98,0.0
LONDON_ORB,2023-06-12 08:25:00+00:00,2023-06-12 11:29:00+00:00,BUY,10.0,1964.015,1963.355,-960.0,-0.96,TIME,925.0,2850.0,-2430.0
NY_ORB,2023-06-12 13:50:00+00:00,2023-06-12 13:50:00+00:00,SELL,10.0,1955.945,1950.965,4680.0,4.68,TP,5.0,5540.0,0.0
ASIAN_MR,2023-06-13 03:35:00+00:00,2023-06-13 03:55:00+00:00,SHORT,10.0,1960.675,1961.7687434361003,-1393.74,-1.3937434361003398,SL_ATR,20.0,497.0,-1350.0
LONDON_ORB,2023-06-13 10:00:00+00:00,2023-06-13 10:55:00+00:00,BUY,10.0,1962.755,1965.5350000000003,2480.0,2.48,TP,280.0,3180.0,-830.0
NY_ORB,2023-06-13 15:25:00+00:00,2023-06-13 16:29:00+00:00,SELL,10.0,1954.745,1946.365,8080.0,8.08,TIME,325.0,12770.0,0.0
ASIAN_MR,2023-06-14 01:20:00+00:00,2023-06-14 01:45:00+00:00,SHORT,10.0,1946.155,1947.3206945106253,-1465.69,-1.4656945106253716,SL_ATR,25.0,491.0,-1440.0
ASIAN_MR,2023-06-15 03:10:00+00:00,2023-06-15 04:10:00+00:00,SHORT,10.0,1935.725,1933.775,1650.0,1.649999999999818,TIME_STOP_60M,60.0,2520.0,-630.0
LONDON_ORB,2023-06-15 09:20:00+00:00,2023-06-15 11:03:00+00:00,BUY,10.0,1934.485,1932.724,-2060.89,-2.061,SL,520.0,2180.0,-1810.0
LONDON_ORB,2023-06-16 08:30:00+00:00,2023-06-16 10:54:00+00:00,BUY,10.0,1961.805,1965.1450000000002,3040.0,3.04,TP,725.0,3640.0,-910.0
NY_ORB,2023-06-16 13:45:00+00:00,2023-06-16 14:20:00+00:00,BUY,10.0,1962.535,1956.305,-6530.0,-6.53,SL,180.0,3393.08,-6400.0
LONDON_ORB,2023-06-19 08:20:00+00:00,2023-06-19 08:24:00+00:00,BUY,10.0,1956.125,1958.4050000000002,1980.0,1.98,TP,25.0,2330.0,0.0
NY_ORB,2023-06-19 14:00:00+00:00,2023-06-19 14:34:00+00:00,SELL,10.0,1951.798,1952.935,-1437.0,-1.437,SL,175.0,1134.0,-977.0
LONDON_ORB,2023-06-20 10:20:00+00:00,2023-06-20 11:29:00+00:00,SELL,10.0,1953.445,1951.675,1470.0,1.47,TIME,350.0,3560.0,-33.08
LONDON_ORB,2023-06-21 10:26:00+00:00,2023-06-21 10:36:00+00:00,SELL,10.0,1934.145,1935.435,-1590.0,-1.59,SL,55.0,350.0,-1100.0
LONDON_ORB,2023-06-22 08:25:00+00:00,2023-06-22 11:29:00+00:00,SELL,10.0,1929.028,1927.495,1232.94,1.233,TIME,925.0,4264.12,-607.06
NY_ORB,2023-06-22 14:40:00+00:00,2023-06-22 16:29:00+00:00,SELL,10.0,1918.985,1916.055,2630.0,2.63,TIME,550.0,6310.0,-1300.0
NY_ORB,2023-06-23 14:00:00+00:00,2023-06-23 14:44:00+00:00,SELL,10.0,1931.925,1924.5649999999998,7060.0,7.06,TP,225.0,7780.0,-1029.09
LONDON_ORB,2023-06-26 08:30:00+00:00,2023-06-26 08:49:00+00:00,BUY,10.0,1930.115,1932.8349999999998,2420.0,2.42,TP,100.0,2950.0,0.0
NY_ORB,2023-06-26 13:50:00+00:00,2023-06-26 15:23:00+00:00,SELL,10.0,1924.215,1928.315,-4400.0,-4.4,SL,470.0,2440.0,-4153.0
LONDON_ORB,2023-06-27 08:15:00+00:00,2023-06-27 11:18:00+00:00,SELL,10.0,1926.175,1921.4349999999997,4440.0,4.44,TP,920.0,5047.06,-590.0
NY_ORB,2023-06-27 13:50:00+00:00,2023-06-27 14:01:00+00:00,SELL,10.0,1926.708,1918.9540000000002,7453.81,7.454,TP,60.0,8752.86,-747.14
LONDON_ORB,2023-06-28 09:36:00+00:00,2023-06-28 09:45:00+00:00,BUY,10.0,1911.558,1908.748,-3110.0,-3.11,SL,50.0,297.14,-2852.86
NY_ORB,2023-06-28 13:45:00+00:00,2023-06-28 15:23:00+00:00,SELL,10.0,1904.485,1911.398,-7213.33,-7.213,SL,495.0,1790.0,-6720.0
ASIAN_MR,2023-06-29 01:20:00+00:00,2023-06-29 01:45:00+00:00,SHORT,10.0,1911.968,1909.4709500000001,2197.05,2.197049999999945,TP_Z_NEUTRAL,25.0,1644.0,-286.0
LONDON_ORB,2023-06-29 08:20:00+00:00,2023-06-29 09:22:00+00:00,BUY,10.0,1906.055,1904.355,-2000.0,-2.0,SL,315.0,1730.0,-1830.0
NY_ORB,2023-06-29 14:10:00+00:00,2023-06-29 14:11:00+00:00,BUY,10.0,1897.045,1905.3050000000003,7960.0,7.96,TP,10.0,9380.0,0.0
LONDON_ORB,2023-06-30 08:25:00+00:00,2023-06-30 09:58:00+00:00,SELL,10.0,1903.585,1905.425,-2140.0,-2.14,SL,470.0,3120.0,-1610.0
ASIAN_MR,2023-07-03 03:55:00+00:00,2023-07-03 04:25:00+00:00,SHORT,10.0,1918.194,1919.2838884125274,-1389.89,-1.3898884125274436,SL_ATR,30.0,439.0,-1281.0
LONDON_ORB,2023-07-03 08:28:00+00:00,2023-07-03 11:29:00+00:00,BUY,10.0,1912.255,1912.385,-170.0,-0.17,TIME,910.0,2040.0,-850.0
NY_ORB,2023-07-03 14:05:00+00:00,2023-07-03 16:29:00+00:00,BUY,10.0,1924.875,1925.245,70.0,0.07,TIME,725.0,5333.2,-800.0
LONDON_ORB,2023-07-04 08:35:00+00:00,2023-07-04 08:47:00+00:00,SELL,10.0,1927.048,1928.178,-1430.0,-1.43,SL,65.0,350.0,-967.04
NY_ORB,2023-07-04 14:10:00+00:00,2023-07-04 14:40:00+00:00,BUY,10.0,1928.835,1927.825,-1310.0,-1.31,SL,155.0,580.0,-1040.0
LONDON_ORB,2023-07-05 09:10:00+00:00,2023-07-05 10:53:00+00:00,BUY,10.0,1927.948,1926.838,-1410.0,-1.41,SL,520.0,1480.0,-1200.0
LONDON_ORB,2023-07-06 08:20:00+00:00,2023-07-06 09:31:00+00:00,SELL,10.0,1918.085,1919.648,-1862.94,-1.863,SL,360.0,1977.06,-1270.0
NY_ORB,2023-07-06 14:05:00+00:00,2023-07-06 16:29:00+00:00,SELL,10.0,1910.165,1909.345,520.0,0.52,TIME,725.0,7480.0,-2072.94
NY_ORB,2023-07-07 15:10:00+00:00,2023-07-07 16:29:00+00:00,BUY,10.0,1925.534,1928.545,2711.18,2.711,TIME,400.0,5871.18,0.0
ASIAN_MR,2023-07-10 01:05:00+00:00,2023-07-10 01:25:00+00:00,SHORT,10.0,1925.295,1926.6755129717035,-1680.51,-1.6805129717034106,SL_ATR,20.0,710.0,-1540.0
LONDON_ORB,2023-07-10 08:47:00+00:00,2023-07-10 09:43:00+00:00,BUY,10.0,1924.788,1923.314,-1774.07,-1.774,SL,285.0,1347.04,-1604.07
NY_ORB,2023-07-10 13:50:00+00:00,2023-07-10 16:29:00+00:00,BUY,10.0,1923.558,1923.815,-43.18,-0.043,TIME,800.0,1326.82,-2993.18
ASIAN_MR,2023-07-11 03:05:00+00:00,2023-07-11 03:15:00+00:00,SHORT,10.0,1927.955,1926.2108,1444.2,1.4441999999998643,TP_Z_NEUTRAL,10.0,1427.0,-10.0
LONDON_ORB,2023-07-11 09:55:00+00:00,2023-07-11 11:29:00+00:00,BUY,10.0,1934.265,1936.578,2012.94,2.013,TIME,475.0,4009.12,0.0
ASIAN_MR,2023-07-12 02:35:00+00:00,2023-07-12 03:00:00+00:00,SHORT,10.0,1940.535,1938.0319,2203.1,2.2031000000001315,TP_Z_NEUTRAL,25.0,2911.0,-280.0
LONDON_ORB,2023-07-12 08:45:00+00:00,2023-07-12 11:20:00+00:00,BUY,10.0,1934.635,1933.635,-1300.0,-1.3,SL,780.0,1750.0,-1200.0
LONDON_ORB,2023-07-13 10:15:00+00:00,2023-07-13 11:29:00+00:00,SELL,10.0,1961.035,1958.825,1910.0,1.91,TIME,375.0,2920.0,0.0
NY_ORB,2023-07-13 15:55:00+00:00,2023-07-13 16:29:00+00:00,SELL,10.0,1956.935,1959.305,-2670.0,-2.67,TIME,175.0,2310.0,-2380.0
NY_ORB,2023-07-14 14:05:00+00:00,2023-07-14 14:48:00+00:00,SELL,10.0,1955.435,1958.645,-3510.0,-3.51,SL,220.0,4470.0,-3420.0
LONDON_ORB,2023-07-17 08:25:00+00:00,2023-07-17 09:57:00+00:00,BUY,10.0,1954.235,1958.9549999999997,4420.0,4.42,TP,465.0,4820.0,-30.0
LONDON_ORB,2023-07-18 10:50:00+00:00,2023-07-18 11:16:00+00:00,BUY,10.0,1962.925,1967.2049999999997,3980.0,3.98,TP,135.0,9002.97,-1350.0
ASIAN_MR,2023-07-19 02:10:00+00:00,2023-07-19 02:25:00+00:00,LONG,10.0,1975.555,1974.3711943757382,-1483.81,-1.4838056242618223,SL_ATR,15.0,190.0,-1220.0
LONDON_ORB,2023-07-19 08:50:00+00:00,2023-07-19 09:22:00+00:00,SELL,10.0,1977.388,1978.935,-1846.92,-1.847,SL,165.0,643.08,-1426.92
NY_ORB,2023-07-19 14:55:00+00:00,2023-07-19 16:29:00+00:00,SELL,10.0,1975.478,1974.495,683.0,0.683,TIME,475.0,3503.0,-837.0
LONDON_ORB,2023-07-20 08:15:00+00:00,2023-07-20 11:29:00+00:00,BUY,10.0,1981.135,1981.295,-140.0,-0.14,TIME,975.0,2550.0,-1916.92
NY_ORB,2023-07-20 14:10:00+00:00,2023-07-20 16:29:00+00:00,SELL,10.0,1972.645,1967.445,4900.0,4.9,TIME,700.0,7340.0,-790.0
LONDON_ORB,2023-07-21 08:26:00+00:00,2023-07-21 08:32:00+00:00,SELL,10.0,1962.715,1965.015,-2600.0,-2.6,SL,35.0,30.0,-2210.0
NY_ORB,2023-07-21 13:50:00+00:00,2023-07-21 14:37:00+00:00,SELL,10.0,1960.595,1964.255,-3960.0,-3.96,SL,240.0,2650.0,-3400.0
LONDON_ORB,2023-07-24 09:10:00+00:00,2023-07-24 09:16:00+00:00,SELL,10.0,1962.598,1963.718,-1420.0,-1.42,SL,35.0,1082.96,-887.04
NY_ORB,2023-07-24 13:50:00+00:00,2023-07-24 13:53:00+00:00,BUY,10.0,1963.325,1960.635,-2990.0,-2.99,SL,20.0,690.0,-2940.0
ASIAN_MR,2023-07-25 01:40:00+00:00,2023-07-25 01:45:00+00:00,SHORT,10.0,1960.385,1961.650187209904,-1565.19,-1.5651872099040702,SL_ATR,5.0,100.0,-1430.0
LONDON_ORB,2023-07-25 11:05:00+00:00,2023-07-25 11:29:00+00:00,SELL,10.0,1959.295,1953.855,5140.0,5.14,TIME,125.0,6190.0,0.0
NY_ORB,2023-07-25 13:55:00+00:00,2023-07-25 14:56:00+00:00,SELL,10.0,1957.525,1961.025,-3800.0,-3.8,SL,310.0,5626.96,-3720.0
ASIAN_MR,2023-07-26 01:35:00+00:00,2023-07-26 01:55:00+00:00,LONG,10.0,1962.635,1964.587,1652.0,1.6519999999999981,TP_Z_NEUTRAL,20.0,1390.0,-460.0
LONDON_ORB,2023-07-26 10:25:00+00:00,2023-07-26 10:51:00+00:00,SELL,10.0,1970.005,1971.525,-1820.0,-1.82,SL,135.0,500.0,-1240.0
NY_ORB,2023-07-26 15:20:00+00:00,2023-07-26 16:29:00+00:00,BUY,10.0,1968.705,1971.305,2300.0,2.3,TIME,350.0,6230.0,0.0
ASIAN_MR,2023-07-27 01:15:00+00:00,2023-07-27 01:40:00+00:00,SHORT,10.0,1975.345,1976.4791578680374,-1434.16,-1.4341578680373914,SL_ATR,25.0,1350.0,-1350.0
LONDON_ORB,2023-07-27 09:25:00+00:00,2023-07-27 11:29:00+00:00,SELL,10.0,1978.588,1976.688,1600.0,1.6,TIME,625.0,5143.03,0.0
ASIAN_MR,2023-07-28 01:50:00+00:00,2023-07-28 02:10:00+00:00,SHORT,10.0,1950.525,1947.9151000000002,2309.9,2.3098999999999252,TP_Z_NEUTRAL,20.0,2110.0,-550.0
LONDON_ORB,2023-07-28 09:35:00+00:00,2023-07-28 10:26:00+00:00,BUY,10.0,1949.784,1953.6640000000002,3580.0,3.58,TP,260.0,3950.98,0.0
LONDON_ORB,2023-07-31 08:55:00+00:00,2023-07-31 09:29:00+00:00,SELL,10.0,1954.505,1955.845,-1640.0,-1.64,SL,175.0,1750.0,-1050.0
NY_ORB,2023-07-31 13:50:00+00:00,2023-07-31 16:29:00+00:00,BUY,10.0,1968.648,1971.168,2220.0,2.22,TIME,800.0,3646.82,-3163.18
LONDON_ORB,2023-08-01 09:35:00+00:00,2023-08-01 10:35:00+00:00,BUY,10.0,1955.975,1954.625,-1650.0,-1.65,SL,305.0,1483.05,-1360.0
NY_ORB,2023-08-01 14:05:00+00:00,2023-08-01 14:31:00+00:00,BUY,10.0,1948.638,1944.335,-4603.16,-4.603,SL,135.0,796.84,-4914.21
LONDON_ORB,2023-08-02 11:05:00+00:00,2023-08-02 11:05:00+00:00,BUY,10.0,1949.964,1953.444,3180.0,3.18,TP,5.0,3773.91,0.0
NY_ORB,2023-08-02 14:15:00+00:00,2023-08-02 14:18:00+00:00,SELL,10.0,1944.195,1938.735,5160.0,5.16,TP,20.0,7690.0,0.0
LONDON_ORB,2023-08-03 10:35:00+00:00,2023-08-03 11:29:00+00:00,SELL,10.0,1935.928,1935.435,192.94,0.193,TIME,275.0,3142.94,-1087.06
NY_ORB,2023-08-03 14:08:00+00:00,2023-08-03 16:29:00+00:00,BUY,10.0,1937.624,1935.125,-2798.75,-2.799,TIME,710.0,1031.25,-4918.75
LONDON_ORB,2023-08-04 09:30:00+00:00,2023-08-04 09:36:00+00:00,BUY,10.0,1933.345,1932.145,-1500.0,-1.5,SL,35.0,740.0,-1260.0
LONDON_ORB,2023-08-07 10:06:00+00:00,2023-08-07 11:29:00+00:00,SELL,10.0,1934.535,1934.235,0.0,0.0,TIME,420.0,1257.03,-1000.0
NY_ORB,2023-08-07 13:50:00+00:00,2023-08-07 14:00:00+00:00,SELL,10.0,1938.284,1933.2820000000002,4701.88,4.702,TP,55.0,6469.06,0.0
LONDON_ORB,2023-08-08 09:05:00+00:00,2023-08-08 10:59:00+00:00,BUY,10.0,1932.625,1930.435,-2490.0,-2.49,SL,575.0,2690.0,-2347.03
LONDON_ORB,2023-08-09 08:20:00+00:00,2023-08-09 08:50:00+00:00,SELL,10.0,1929.705,1927.7849999999999,1620.0,1.62,TP,155.0,2330.0,0.0
NY_ORB,2023-08-09 14:05:00+00:00,2023-08-09 14:28:00+00:00,BUY,10.0,1925.615,1922.865,-3050.0,-3.05,SL,120.0,1890.0,-3210.0
ASIAN_MR,2023-08-10 01:40:00+00:00,2023-08-10 02:40:00+00:00,SHORT,10.0,1918.125,1917.755,70.0,0.06999999999989087,TIME_STOP_60M,60.0,957.0,-970.0
LONDON_ORB,2023-08-10 08:37:00+00:00,2023-08-10 08:39:00+00:00,SELL,10.0,1918.835,1919.995,-1460.0,-1.46,SL,15.0,270.0,-930.0
LONDON_ORB,2023-08-11 08:35:00+00:00,2023-08-11 08:44:00+00:00,SELL,10.0,1917.385,1918.585,-1500.0,-1.5,SL,50.0,20.0,-1260.0
NY_ORB,2023-08-11 14:05:00+00:00,2023-08-11 16:29:00+00:00,BUY,10.0,1917.685,1914.665,-3320.0,-3.32,TIME,725.0,2780.0,-4810.0
LONDON_ORB,2023-08-14 09:35:00+00:00,2023-08-14 11:29:00+00:00,SELL,10.0,1914.225,1913.735,190.0,0.19,TIME,575.0,1740.0,-640.0
NY_ORB,2023-08-14 13:50:00+00:00,2023-08-14 14:11:00+00:00,SELL,10.0,1903.925,1906.085,-2460.0,-2.46,SL,110.0,1090.0,-2280.0
LONDON_ORB,2023-08-15 11:05:00+00:00,2023-08-15 11:29:00+00:00,SELL,10.0,1903.545,1903.365,-120.0,-0.12,TIME,125.0,1690.0,0.0
NY_ORB,2023-08-15 14:50:00+00:00,2023-08-15 16:29:00+00:00,BUY,10.0,1904.205,1904.935,430.0,0.43,TIME,500.0,7320.0,0.0
ASIAN_MR,2023-08-16 01:45:00+00:00,2023-08-16 02:15:00+00:00,SHORT,10.0,1903.005,1904.074191877488,-1369.19,-1.3691918774878105,SL_ATR,30.0,600.0,-1160.0
LONDON_ORB,2023-08-16 09:10:00+00:00,2023-08-16 09:10:00+00:00,BUY,10.0,1904.615,1906.4550000000002,1540.0,1.54,TP,5.0,2060.0,0.0
LONDON_ORB,2023-08-17 10:05:00+00:00,2023-08-17 10:21:00+00:00,BUY,10.0,1896.375,1898.495,1820.0,1.82,TP,85.0,2410.0,-300.0
NY_ORB,2023-08-17 13:45:00+00:00,2023-08-17 15:56:00+00:00,SELL,10.0,1898.215,1889.9549999999997,7960.0,7.96,TP,660.0,8610.0,-1120.0
ASIAN_MR,2023-08-18 01:20:00+00:00,2023-08-18 01:45:00+00:00,SHORT,10.0,1894.365,1892.1855,1879.5,1.8794999999999618,TP_Z_NEUTRAL,25.0,1370.0,-700.0
LONDON_ORB,2023-08-18 10:10:00+00:00,2023-08-18 10:14:00+00:00,BUY,10.0,1893.385,1895.265,1580.0,1.58,TP,25.0,1900.0,0.0
NY_ORB,2023-08-18 13:45:00+00:00,2023-08-18 15:41:00+00:00,BUY,10.0,1894.915,1890.708,-4506.84,-4.507,SL,585.0,1763.16,-4276.84
ASIAN_MR,2023-08-21 02:35:00+00:00,2023-08-21 02:50:00+00:00,SHORT,10.0,1889.985,1891.383343108944,-1698.34,-1.6983431089441183,SL_ATR,15.0,120.0,-2350.0
LONDON_ORB,2023-08-21 09:25:00+00:00,2023-08-21 10:22:00+00:00,BUY,10.0,1889.305,1887.475,-2130.0,-2.13,SL,290.0,1520.0,-2110.0
LONDON_ORB,2023-08-22 08:25:00+00:00,2023-08-22 09:37:00+00:00,SELL,10.0,1900.485,1902.165,-1980.0,-1.98,SL,365.0,2200.0,-1400.0
NY_ORB,2023-08-22 13:55:00+00:00,2023-08-22 14:14:00+00:00,SELL,10.0,1892.715,1894.615,-2200.0,-2.2,SL,100.0,3696.9,-1860.0
LONDON_ORB,2023-08-23 10:55:00+00:00,2023-08-23 11:29:00+00:00,SELL,10.0,1903.425,1902.885,240.0,0.24,TIME,175.0,756.98,-710.0
NY_ORB,2023-08-23 13:50:00+00:00,2023-08-23 16:29:00+00:00,BUY,10.0,1912.105,1919.375,6970.0,6.97,TIME,800.0,7480.0,0.0
NY_ORB,2023-08-24 13:48:00+00:00,2023-08-24 14:47:00+00:00,BUY,10.0,1915.245,1922.1449999999995,6600.0,6.6,TP,300.0,7210.0,-990.0
LONDON_ORB,2023-08-25 08:20:00+00:00,2023-08-25 09:28:00+00:00,BUY,10.0,1914.645,1917.545,2600.0,2.6,TP,345.0,2990.0,-1206.91
NY_ORB,2023-08-25 14:05:00+00:00,2023-08-25 14:05:00+00:00,BUY,10.0,1915.695,1920.615,4620.0,4.62,TP,5.0,5080.0,0.0
LONDON_ORB,2023-08-28 11:05:00+00:00,2023-08-28 11:29:00+00:00,BUY,10.0,1914.655,1914.625,-330.0,-0.33,TIME,125.0,590.0,-376.98
NY_ORB,2023-08-28 13:45:00+00:00,2023-08-28 16:29:00+00:00,BUY,10.0,1917.705,1923.075,5070.0,5.07,TIME,825.0,8250.0,-1690.0
LONDON_ORB,2023-08-29 09:04:00+00:00,2023-08-29 10:25:00+00:00,BUY,10.0,1923.395,1922.098,-1596.94,-1.597,SL,410.0,1010.0,-1400.0
NY_ORB,2023-08-29 13:45:00+00:00,2023-08-29 14:00:00+00:00,BUY,10.0,1919.955,1925.877,5621.85,5.622,TP,80.0,8280.0,-570.0
LONDON_ORB,2023-08-30 11:15:00+00:00,2023-08-30 11:29:00+00:00,BUY,10.0,1936.855,1938.625,1470.0,1.47,TIME,75.0,1900.0,0.0
NY_ORB,2023-08-30 13:51:00+00:00,2023-08-30 16:21:00+00:00,BUY,10.0,1947.145,1943.395,-4050.0,-4.05,SL,755.0,1820.0,-3770.0
LONDON_ORB,2023-08-31 09:05:00+00:00,2023-08-31 10:29:00+00:00,SELL,10.0,1944.795,1945.425,-930.0,-0.93,SL,425.0,1230.0,-412.99
NY_ORB,2023-08-31 13:45:00+00:00,2023-08-31 15:36:00+00:00,BUY,10.0,1944.325,1940.245,-4380.0,-4.38,SL,560.0,690.0,-4397.0
LONDON_ORB,2023-09-01 10:25:00+00:00,2023-09-01 11:29:00+00:00,BUY,10.0,1943.685,1944.855,870.0,0.87,TIME,325.0,1620.0,-300.0
NY_ORB,2023-09-01 14:05:00+00:00,2023-09-01 16:29:00+00:00,SELL,10.0,1943.735,1939.195,4240.0,4.24,TIME,725.0,9380.0,0.0
LONDON_ORB,2023-09-04 09:25:00+00:00,2023-09-04 09:32:00+00:00,SELL,10.0,1943.445,1942.1989999999998,946.02,0.946,TP,40.0,1590.0,0.0
NY_ORB,2023-09-04 13:50:00+00:00,2023-09-04 14:00:00+00:00,BUY,10.0,1938.765,1937.795,-1270.0,-1.27,SL,55.0,1150.0,-1320.0
LONDON_ORB,2023-09-05 08:40:00+00:00,2023-09-05 09:28:00+00:00,SELL,10.0,1934.215,1931.4749999999997,2440.0,2.44,TP,245.0,3200.0,0.0
NY_ORB,2023-09-05 13:50:00+00:00,2023-09-05 14:01:00+00:00,SELL,10.0,1931.255,1926.4950000000003,4460.0,4.46,TP,60.0,5120.0,0.0
LONDON_ORB,2023-09-06 09:55:00+00:00,2023-09-06 10:10:00+00:00,BUY,10.0,1924.005,1926.8150000000005,2510.0,2.51,TP,80.0,3570.0,0.0
NY_ORB,2023-09-06 13:45:00+00:00,2023-09-06 14:01:00+00:00,BUY,10.0,1925.605,1921.045,-4860.0,-4.86,SL,85.0,3450.0,-5491.11
LONDON_ORB,2023-09-07 08:35:00+00:00,2023-09-07 09:32:00+00:00,BUY,10.0,1918.228,1920.134,1605.95,1.606,TP,290.0,2077.02,-42.98
NY_ORB,2023-09-07 13:50:00+00:00,2023-09-07 16:29:00+00:00,SELL,10.0,1919.195,1919.788,-893.2,-0.893,TIME,800.0,2086.8,-2220.0
LONDON_ORB,2023-09-08 09:25:00+00:00,2023-09-08 10:37:00+00:00,BUY,10.0,1924.705,1923.755,-1250.0,-1.25,SL,365.0,790.0,-1000.0
NY_ORB,2023-09-08 13:50:00+00:00,2023-09-08 15:12:00+00:00,BUY,10.0,1924.698,1921.375,-3622.92,-3.623,SL,415.0,4897.08,-3372.92
ASIAN_MR,2023-09-11 01:15:00+00:00,2023-09-11 01:30:00+00:00,SHORT,10.0,1920.505,1921.594493592184,-1389.49,-1.3894935921839988,SL_ATR,15.0,970.0,-1090.0
LONDON_ORB,2023-09-11 09:00:00+00:00,2023-09-11 09:52:00+00:00,BUY,10.0,1926.745,1925.275,-1770.0,-1.77,SL,265.0,1180.0,-1480.0
NY_ORB,2023-09-11 13:50:00+00:00,2023-09-11 14:35:00+00:00,SELL,10.0,1927.275,1921.795,5180.0,5.18,TP,230.0,5840.0,0.0
LONDON_ORB,2023-09-12 08:15:00+00:00,2023-09-12 09:35:00+00:00,BUY,10.0,1920.445,1918.528,-2216.9,-2.217,SL,405.0,830.0,-1940.0
NY_ORB,2023-09-12 13:50:00+00:00,2023-09-12 14:28:00+00:00,SELL,10.0,1908.405,1911.785,-3680.0,-3.68,SL,195.0,120.0,-3200.0
LONDON_ORB,2023-09-13 09:35:00+00:00,2023-09-13 09:45:00+00:00,BUY,10.0,1912.205,1911.068,-1437.0,-1.437,SL,55.0,180.0,-1280.0
NY_ORB,2023-09-13 16:20:00+00:00,2023-09-13 16:29:00+00:00,SELL,10.0,1912.975,1911.165,1510.0,1.51,TIME,50.0,3280.0,0.0
LONDON_ORB,2023-09-14 10:25:00+00:00,2023-09-14 10:53:00+00:00,BUY,10.0,1906.385,1908.2989999999998,1614.05,1.614,TP,145.0,2040.0,0.0
LONDON_ORB,2023-09-15 11:19:00+00:00,2023-09-15 11:29:00+00:00,BUY,10.0,1918.158,1918.478,20.0,0.02,TIME,55.0,567.09,-92.91
NY_ORB,2023-09-15 13:50:00+00:00,2023-09-15 14:00:00+00:00,SELL,10.0,1923.905,1926.675,-3070.0,-3.07,SL,55.0,696.9,-3470.0
NY_ORB,2023-09-18 16:10:00+00:00,2023-09-18 16:29:00+00:00,BUY,10.0,1927.645,1929.095,1150.0,1.15,TIME,100.0,1670.0,0.0
LONDON_ORB,2023-09-19 10:30:00+00:00,2023-09-19 10:39:00+00:00,BUY,10.0,1934.815,1936.489,1373.96,1.374,TP,50.0,1763.02,0.0
NY_ORB,2023-09-19 14:05:00+00:00,2023-09-19 16:29:00+00:00,SELL,10.0,1932.675,1932.845,-470.0,-0.47,TIME,725.0,1737.14,-2460.0
LONDON_ORB,2023-09-20 09:05:00+00:00,2023-09-20 09:53:00+00:00,BUY,10.0,1929.365,1930.845,1180.0,1.18,TP,245.0,1580.0,0.0
NY_ORB,2023-09-20 13:45:00+00:00,2023-09-20 16:29:00+00:00,BUY,10.0,1940.985,1945.415,4130.0,4.13,TIME,825.0,4759.0,-770.0
LONDON_ORB,2023-09-21 08:55:00+00:00,2023-09-21 08:55:00+00:00,SELL,10.0,1926.125,1923.725,2100.0,2.1,TP,5.0,3060.0,0.0
NY_ORB,2023-09-21 14:05:00+00:00,2023-09-21 14:33:00+00:00,BUY,10.0,1917.985,1923.1049999999998,4820.0,4.82,TP,145.0,5510.0,-780.0
LONDON_ORB,2023-09-22 09:15:00+00:00,2023-09-22 11:29:00+00:00,SELL,10.0,1926.595,1925.505,790.0,0.79,TIME,675.0,2380.0,0.0
NY_ORB,2023-09-22 13:51:00+00:00,2023-09-22 13:56:00+00:00,SELL,10.0,1925.385,1926.995,-1910.0,-1.91,SL,30.0,600.0,-2140.0
LONDON_ORB,2023-09-25 08:20:00+00:00,2023-09-25 08:39:00+00:00,SELL,10.0,1922.618,1923.665,-1346.97,-1.347,SL,100.0,1810.0,-786.97
NY_ORB,2023-09-25 13:55:00+00:00,2023-09-25 14:08:00+00:00,BUY,10.0,1924.135,1922.145,-2290.0,-2.29,SL,70.0,2080.0,-2530.0
LONDON_ORB,2023-09-26 09:35:00+00:00,2023-09-26 11:29:00+00:00,SELL,10.0,1913.475,1912.875,300.0,0.3,TIME,575.0,3036.9,-70.0
NY_ORB,2023-09-26 14:05:00+00:00,2023-09-26 15:05:00+00:00,BUY,10.0,1906.715,1904.525,-2490.0,-2.49,SL,305.0,2610.0,-2530.0
LONDON_ORB,2023-09-27 09:55:00+00:00,2023-09-27 11:15:00+00:00,SELL,10.0,1896.228,1893.174,2754.04,2.754,TP,405.0,3523.08,-56.92
NY_ORB,2023-09-27 13:49:00+00:00,2023-09-27 16:27:00+00:00,SELL,10.0,1885.625,1877.245,8080.0,8.08,TP,795.0,8760.0,-3340.0
LONDON_ORB,2023-09-28 09:45:00+00:00,2023-09-28 10:17:00+00:00,BUY,10.0,1876.155,1874.925,-1530.0,-1.53,SL,165.0,980.0,-1350.0
NY_ORB,2023-09-28 14:40:00+00:00,2023-09-28 15:05:00+00:00,SELL,10.0,1872.735,1864.1549999999995,8280.0,8.28,TP,130.0,9210.0,0.0
LONDON_ORB,2023-09-29 11:10:00+00:00,2023-09-29 11:26:00+00:00,SELL,10.0,1871.815,1868.1150000000002,3400.0,3.4,TP,85.0,4000.0,0.0
NY_ORB,2023-09-29 14:05:00+00:00,2023-09-29 14:09:00+00:00,SELL,10.0,1872.415,1865.255,6860.0,6.86,TP,25.0,10590.0,0.0
LONDON_ORB,2023-10-02 09:25:00+00:00,2023-10-02 09:30:00+00:00,SELL,10.0,1839.625,1833.4250000000002,5900.0,5.9,TP,30.0,8611.15,0.0
NY_ORB,2023-10-02 14:05:00+00:00,2023-10-02 16:29:00+00:00,SELL,10.0,1832.205,1831.645,260.0,0.26,TIME,725.0,5140.0,-2320.0
LONDON_ORB,2023-10-03 08:20:00+00:00,2023-10-03 09:10:00+00:00,BUY,10.0,1828.065,1823.905,-4460.0,-4.46,SL,255.0,1000.0,-4360.0
NY_ORB,2023-10-03 14:05:00+00:00,2023-10-03 14:35:00+00:00,SELL,10.0,1823.195,1831.245,-8350.0,-8.35,SL,155.0,4050.0,-10010.0
ASIAN_MR,2023-10-04 04:20:00+00:00,2023-10-04 04:50:00+00:00,SHORT,10.0,1822.225,1823.309284903246,-1384.28,-1.3842849032460436,SL_ATR,30.0,440.0,-1470.0
LONDON_ORB,2023-10-04 11:15:00+00:00,2023-10-04 11:15:00+00:00,BUY,10.0,1823.355,1825.795,2140.0,2.14,TP,5.0,3740.0,0.0
NY_ORB,2023-10-04 13:50:00+00:00,2023-10-04 15:18:00+00:00,SELL,10.0,1822.075,1824.955,-3180.0,-3.18,SL,445.0,5100.0,-2740.0
LONDON_ORB,2023-10-05 09:50:00+00:00,2023-10-05 11:29:00+00:00,BUY,10.0,1822.285,1821.065,-1520.0,-1.52,TIME,500.0,1560.0,-1630.0
NY_ORB,2023-10-05 13:52:00+00:00,2023-10-05 13:56:00+00:00,SELL,10.0,1818.575,1821.205,-2930.0,-2.93,SL,25.0,180.0,-2810.0
ASIAN_MR,2023-10-06 01:40:00+00:00,2023-10-06 02:30:00+00:00,SHORT,10.0,1822.308,1823.460953554039,-1452.95,-1.4529535540389589,SL_ATR,50.0,473.0,-1350.0
LONDON_ORB,2023-10-06 10:05:00+00:00,2023-10-06 10:12:00+00:00,BUY,10.0,1821.665,1824.185,2220.0,2.22,TP,40.0,2740.0,-406.98
NY_ORB,2023-10-06 15:15:00+00:00,2023-10-06 16:29:00+00:00,BUY,10.0,1825.935,1831.925,5690.0,5.69,TIME,375.0,8790.0,0.0
LONDON_ORB,2023-10-09 09:20:00+00:00,2023-10-09 11:00:00+00:00,BUY,10.0,1850.555,1849.685,-1170.0,-1.17,SL,505.0,1700.0,-890.98
NY_ORB,2023-10-09 13:45:00+00:00,2023-10-09 16:29:00+00:00,BUY,10.0,1847.745,1849.435,1390.0,1.39,TIME,825.0,5390.0,-3040.0
ASIAN_MR,2023-10-10 02:55:00+00:00,2023-10-10 03:25:00+00:00,LONG,10.0,1862.885,1863.9078000000002,722.8,0.7228000000001884,TP_Z_NEUTRAL,30.0,750.0,-560.0
LONDON_ORB,2023-10-10 11:25:00+00:00,2023-10-10 11:29:00+00:00,SELL,10.0,1855.295,1855.705,-710.0,-0.71,TIME,25.0,530.0,-500.0
LONDON_ORB,2023-10-11 10:25:00+00:00,2023-10-11 10:25:00+00:00,BUY,10.0,1868.475,1871.7949999999996,3020.0,3.02,TP,5.0,4682.92,0.0
NY_ORB,2023-10-11 16:05:00+00:00,2023-10-11 16:29:00+00:00,BUY,10.0,1872.325,1875.035,2410.0,2.41,TIME,125.0,4780.0,0.0
LONDON_ORB,2023-10-12 10:35:00+00:00,2023-10-12 11:29:00+00:00,BUY,10.0,1880.265,1881.938,1372.98,1.373,TIME,275.0,2860.0,0.0
LONDON_ORB,2023-10-13 09:30:00+00:00,2023-10-13 09:38:00+00:00,BUY,10.0,1883.675,1887.195,3220.0,3.22,TP,45.0,4300.0,0.0
NY_ORB,2023-10-13 13:50:00+00:00,2023-10-13 15:26:00+00:00,BUY,10.0,1910.765,1921.3650000000005,10300.0,10.3,TP,485.0,10630.0,-2851.33
LONDON_ORB,2023-10-16 09:40:00+00:00,2023-10-16 10:59:00+00:00,BUY,10.0,1913.445,1917.6849999999997,3940.0,3.94,TP,400.0,4810.0,0.0
NY_ORB,2023-10-16 13:45:00+00:00,2023-10-16 16:29:00+00:00,BUY,10.0,1918.525,1921.245,2420.0,2.42,TIME,825.0,3700.0,-2390.0
LONDON_ORB,2023-10-17 09:05:00+00:00,2023-10-17 10:13:00+00:00,BUY,10.0,1920.285,1923.765,3180.0,3.18,TP,345.0,5300.0,0.0
NY_ORB,2023-10-17 13:50:00+00:00,2023-10-17 16:29:00+00:00,BUY,10.0,1925.578,1924.715,-1162.94,-1.163,TIME,800.0,5227.06,-2962.94
ASIAN_MR,2023-10-18 03:15:00+00:00,2023-10-18 03:40:00+00:00,LONG,10.0,1935.765,1938.9361000000001,2871.1,2.871100000000024,TP_Z_NEUTRAL,25.0,2220.0,-620.0
LONDON_ORB,2023-10-18 09:35:00+00:00,2023-10-18 09:35:00+00:00,BUY,10.0,1939.655,1944.735,4780.0,4.78,TP,5.0,5210.0,0.0
NY_ORB,2023-10-18 13:51:00+00:00,2023-10-18 14:42:00+00:00,BUY,10.0,1959.638,1950.185,-9752.5,-9.753,SL,260.0,397.5,-9562.5
ASIAN_MR,2023-10-19 01:40:00+00:00,2023-10-19 02:15:00+00:00,LONG,10.0,1947.745,1950.48515,2440.15,2.4401500000000853,TP_Z_NEUTRAL,35.0,2220.0,-120.0
NY_ORB,2023-10-19 15:35:00+00:00,2023-10-19 16:29:00+00:00,BUY,10.0,1955.355,1956.165,510.0,0.51,TIME,275.0,5750.0,-2270.0
ASIAN_MR,2023-10-20 01:10:00+00:00,2023-10-20 01:30:00+00:00,LONG,10.0,1973.065,1975.6204000000002,2255.4,2.255400000000191,TP_Z_NEUTRAL,20.0,2050.0,-840.0
LONDON_ORB,2023-10-20 08:50:00+00:00,2023-10-20 11:29:00+00:00,BUY,10.0,1982.205,1982.765,260.0,0.26,TIME,800.0,3590.0,-2070.0
NY_ORB,2023-10-20 13:50:00+00:00,2023-10-20 13:51:00+00:00,BUY,10.0,1979.795,1984.6350000000002,4540.0,4.54,TP,10.0,4950.0,0.0
NY_ORB,2023-10-23 13:45:00+00:00,2023-10-23 14:54:00+00:00,SELL,10.0,1970.055,1978.555,-8800.0,-8.8,SL,350.0,30.0,-8290.0
LONDON_ORB,2023-10-24 08:50:00+00:00,2023-10-24 09:18:00+00:00,SELL,10.0,1973.615,1969.155,4160.0,4.16,TP,145.0,6300.0,0.0
NY_ORB,2023-10-24 15:40:00+00:00,2023-10-24 16:29:00+00:00,BUY,10.0,1964.395,1973.138,8442.78,8.443,TIME,250.0,8852.78,0.0
ASIAN_MR,2023-10-25 02:55:00+00:00,2023-10-25 03:40:00+00:00,LONG,10.0,1972.585,1970.9425294598373,-1942.47,-1.9424705401627762,SL_ATR,45.0,660.0,-1780.0
LONDON_ORB,2023-10-25 08:25:00+00:00,2023-10-25 08:35:00+00:00,BUY,10.0,1971.575,1973.555,1680.0,1.68,TP,55.0,2380.0,0.0
NY_ORB,2023-10-25 13:48:00+00:00,2023-10-25 14:07:00+00:00,BUY,10.0,1980.254,1976.395,-4159.05,-4.159,SL,100.0,6860.95,-4149.05
ASIAN_MR,2023-10-26 01:35:00+00:00,2023-10-26 01:40:00+00:00,SHORT,10.0,1985.238,1983.90205,1035.95,1.035950000000139,TP_Z_NEUTRAL,5.0,1153.0,0.0
LONDON_ORB,2023-10-26 10:40:00+00:00,2023-10-26 11:29:00+00:00,SELL,10.0,1988.558,1987.065,1193.06,1.193,TIME,250.0,2643.89,0.0
NY_ORB,2023-10-26 16:20:00+00:00,2023-10-26 16:29:00+00:00,BUY,10.0,1981.725,1985.318,3292.94,3.293,TIME,50.0,4020.0,0.0
ASIAN_MR,2023-10-27 01:20:00+00:00,2023-10-27 01:30:00+00:00,SHORT,10.0,1985.678,1983.9553,1422.7,1.4227000000000316,TP_Z_NEUTRAL,10.0,1593.0,-40.0
LONDON_ORB,2023-10-27 08:20:00+00:00,2023-10-27 09:53:00+00:00,BUY,10.0,1987.255,1985.415,-2140.0,-2.14,SL,470.0,560.0,-2120.0
LONDON_ORB,2023-10-30 09:20:00+00:00,2023-10-30 11:29:00+00:00,BUY,10.0,1994.295,1994.445,-150.0,-0.15,TIME,650.0,3010.0,-1710.0
NY_ORB,2023-10-30 14:05:00+00:00,2023-10-30 14:36:00+00:00,BUY,10.0,2000.915,1996.645,-4570.0,-4.57,SL,160.0,1450.0,-4730.0
ASIAN_MR,2023-10-31 04:00:00+00:00,2023-10-31 04:40:00+00:00,LONG,10.0,1992.135,1990.8064535681008,-1628.55,-1.6285464318992127,SL_ATR,40.0,780.0,-1470.0
LONDON_ORB,2023-10-31 08:20:00+00:00,2023-10-31 10:47:00+00:00,BUY,10.0,1996.235,1998.8769999999997,2341.97,2.342,TP,740.0,2710.0,-900.0
NY_ORB,2023-10-31 13:55:00+00:00,2023-10-31 14:13:00+00:00,BUY,10.0,1998.274,2005.9119999999998,7338.1,7.338,TP,95.0,7920.0,0.0
ASIAN_MR,2023-11-01 04:15:00+00:00,2023-11-01 04:30:00+00:00,LONG,10.0,1975.785,1977.9251500000003,1840.15,1.840150000000176,TP_Z_NEUTRAL,15.0,1343.0,-320.0
LONDON_ORB,2023-11-01 08:50:00+00:00,2023-11-01 08:51:00+00:00,BUY,10.0,1978.505,1981.5450000000005,2740.0,2.74,TP,10.0,3650.0,0.0
NY_ORB,2023-11-01 14:05:00+00:00,2023-11-01 14:13:00+00:00,BUY,10.0,1984.048,1990.1940000000002,5846.15,5.846,TP,45.0,6236.92,0.0
ASIAN_MR,2023-11-02 03:00:00+00:00,2023-11-02 03:40:00+00:00,LONG,10.0,1983.835,1985.8224999999998,1687.5,1.687499999999727,TP_Z_NEUTRAL,40.0,1260.0,-320.0
LONDON_ORB,2023-11-02 08:40:00+00:00,2023-11-02 08:40:00+00:00,BUY,10.0,1985.595,1988.0490000000002,2154.0,2.154,TP,5.0,2650.0,0.0
NY_ORB,2023-11-02 14:10:00+00:00,2023-11-02 16:29:00+00:00,SELL,10.0,1983.355,1981.045,2010.0,2.01,TIME,700.0,4580.0,-1770.0
ASIAN_MR,2023-11-06 03:00:00+00:00,2023-11-06 03:20:00+00:00,LONG,10.0,1987.338,1985.9302889062844,-1707.71,-1.707711093715534,SL_ATR,20.0,867.0,-2953.0
LONDON_ORB,2023-11-06 08:20:00+00:00,2023-11-06 11:29:00+00:00,BUY,10.0,1986.038,1987.045,707.08,0.707,TIME,950.0,2217.08,-772.92
NY_ORB,2023-11-06 14:50:00+00:00,2023-11-06 16:29:00+00:00,SELL,10.0,1985.755,1981.885,3570.0,3.57,TIME,500.0,5900.0,-880.0
LONDON_ORB,2023-11-07 08:25:00+00:00,2023-11-07 11:29:00+00:00,SELL,10.0,1968.138,1964.515,3323.0,3.323,TIME,925.0,4080.0,-797.0
LONDON_ORB,2023-11-08 08:19:00+00:00,2023-11-08 10:14:00+00:00,SELL,10.0,1967.035,1963.2750000000003,3460.0,3.46,TP,580.0,4280.0,-1350.0
NY_ORB,2023-11-08 14:35:00+00:00,2023-11-08 15:02:00+00:00,SELL,10.0,1962.895,1958.495,4100.0,4.1,TP,140.0,4720.0,-460.0
ASIAN_MR,2023-11-09 01:00:00+00:00,2023-11-09 01:20:00+00:00,SHORT,10.0,1951.715,1952.8318267627697,-1416.83,-1.4168267627697333,SL_ATR,20.0,350.0,-2470.0
LONDON_ORB,2023-11-09 08:15:00+00:00,2023-11-09 08:44:00+00:00,SELL,10.0,1946.475,1949.485,-3310.0,-3.31,SL,150.0,1900.0,-2720.0
NY_ORB,2023-11-09 13:55:00+00:00,2023-11-09 14:43:00+00:00,BUY,10.0,1948.845,1957.0850000000003,7940.0,7.94,TP,245.0,8600.0,-360.0
LONDON_ORB,2023-11-10 08:44:00+00:00,2023-11-10 09:00:00+00:00,BUY,10.0,1956.015,1954.585,-1730.0,-1.73,SL,85.0,170.0,-2000.0
NY_ORB,2023-11-10 15:05:00+00:00,2023-11-10 15:07:00+00:00,SELL,10.0,1944.065,1945.975,-2210.0,-2.21,SL,15.0,1830.0,-1880.0
LONDON_ORB,2023-11-13 09:35:00+00:00,2023-11-13 10:25:00+00:00,BUY,10.0,1939.215,1937.145,-2370.0,-2.37,SL,255.0,1170.0,-2256.92
NY_ORB,2023-11-13 15:00:00+00:00,2023-11-13 15:55:00+00:00,SELL,10.0,1935.405,1937.985,-2880.0,-2.88,SL,280.0,3890.0,-2860.0
LONDON_ORB,2023-11-14 08:35:00+00:00,2023-11-14 08:45:00+00:00,BUY,10.0,1945.845,1944.295,-1850.0,-1.85,SL,55.0,70.0,-1590.0
NY_ORB,2023-11-14 14:40:00+00:00,2023-11-14 16:29:00+00:00,BUY,4.46,1959.025,1964.385,2256.76,5.06,TIME,550.0,5267.26,0.0
ASIAN_MR,2023-11-15 03:05:00+00:00,2023-11-15 03:45:00+00:00,SHORT,10.0,1965.178,1966.3476068789057,-1469.61,-1.4696068789055972,SL_ATR,40.0,243.0,-1417.0
LONDON_ORB,2023-11-15 08:25:00+00:00,2023-11-15 10:23:00+00:00,BUY,10.0,1970.955,1973.435,2180.0,2.18,TP,595.0,2890.0,-1030.0
NY_ORB,2023-11-15 14:55:00+00:00,2023-11-15 16:29:00+00:00,SELL,10.0,1963.275,1962.765,210.0,0.21,TIME,475.0,7000.0,-1082.86
ASIAN_MR,2023-11-16 02:50:00+00:00,2023-11-16 03:10:00+00:00,SHORT,10.0,1960.525,1961.941535621782,-1716.54,-1.7165356217818044,SL_ATR,20.0,650.0,-1470.0
LONDON_ORB,2023-11-16 09:10:00+00:00,2023-11-16 10:34:00+00:00,BUY,10.0,1966.885,1964.988,-2196.9,-2.197,SL,425.0,1540.0,-1920.95
NY_ORB,2023-11-16 14:23:00+00:00,2023-11-16 16:29:00+00:00,BUY,10.0,1972.844,1983.378,10233.64,10.234,TIME,635.0,15003.64,-1369.09
ASIAN_MR,2023-11-17 01:05:00+00:00,2023-11-17 01:30:00+00:00,SHORT,10.0,1985.015,1982.7133000000001,2001.7,2.0016999999999827,TP_Z_NEUTRAL,25.0,2157.0,-560.0
LONDON_ORB,2023-11-17 08:35:00+00:00,2023-11-17 11:29:00+00:00,BUY,10.0,1987.585,1990.905,3020.0,3.02,TIME,875.0,5750.0,-1440.0
NY_ORB,2023-11-17 13:45:00+00:00,2023-11-17 16:29:00+00:00,SELL,10.0,1984.405,1981.665,2440.0,2.44,TIME,825.0,5110.0,-2190.0
ASIAN_MR,2023-11-20 01:10:00+00:00,2023-11-20 01:15:00+00:00,SHORT,10.0,1980.515,1982.112704180288,-1897.7,-1.897704180287792,SL_ATR,5.0,117.0,-2230.0
LONDON_ORB,2023-11-20 08:20:00+00:00,2023-11-20 09:32:00+00:00,SELL,10.0,1978.135,1979.905,-2070.0,-2.07,SL,365.0,2134.89,-1690.0
NY_ORB,2023-11-20 14:50:00+00:00,2023-11-20 16:29:00+00:00,BUY,10.0,1971.905,1973.485,1280.0,1.28,TIME,500.0,3060.0,-3200.0
LONDON_ORB,2023-11-21 08:45:00+00:00,2023-11-21 08:50:00+00:00,SELL,10.0,1991.978,1987.5040000000004,4173.89,4.174,TP,30.0,5523.06,0.0
NY_ORB,2023-11-21 13:46:00+00:00,2023-11-21 14:16:00+00:00,SELL,10.0,1993.775,2000.205,-6730.0,-6.73,SL,155.0,210.0,-6170.0
LONDON_ORB,2023-11-22 08:30:00+00:00,2023-11-22 11:29:00+00:00,SELL,10.0,2003.225,2002.755,170.0,0.17,TIME,900.0,4210.0,-280.0
NY_ORB,2023-11-22 14:42:00+00:00,2023-11-22 15:02:00+00:00,BUY,10.0,2001.635,1996.685,-5250.0,-5.25,SL,105.0,690.0,-5200.0
ASIAN_MR,2023-11-23 01:50:00+00:00,2023-11-23 02:00:00+00:00,SHORT,10.0,1993.448,1994.6399131345413,-1491.91,-1.4919131345412098,SL_ATR,10.0,363.0,-1477.0
LONDON_ORB,2023-11-23 08:22:00+00:00,2023-11-23 11:29:00+00:00,SELL,10.0,1994.425,1993.695,430.0,0.43,TIME,940.0,2330.0,-1500.0
NY_ORB,2023-11-23 14:55:00+00:00,2023-11-23 15:37:00+00:00,BUY,10.0,1993.225,1991.915,-1610.0,-1.61,SL,215.0,1080.0,-1400.0
LONDON_ORB,2023-11-24 09:55:00+00:00,2023-11-24 11:29:00+00:00,BUY,10.0,1994.205,1995.225,720.0,0.72,TIME,475.0,1980.0,-160.0
NY_ORB,2023-11-24 14:35:00+00:00,2023-11-24 16:29:00+00:00,BUY,10.0,2001.788,2000.148,-1940.0,-1.94,TIME,575.0,1727.14,-4740.0
LONDON_ORB,2023-11-27 08:50:00+00:00,2023-11-27 11:29:00+00:00,BUY,10.0,2013.305,2013.165,-440.0,-0.44,TIME,800.0,2090.0,-1680.0
NY_ORB,2023-11-27 15:06:00+00:00,2023-11-27 16:29:00+00:00,SELL,10.0,2009.685,2008.745,640.0,0.64,TIME,420.0,2070.0,-4430.0
ASIAN_MR,2023-11-28 01:30:00+00:00,2023-11-28 01:40:00+00:00,LONG,10.0,2014.655,2016.1961,1241.1,1.2410999999999148,TP_Z_NEUTRAL,10.0,2860.0,-140.0
LONDON_ORB,2023-11-28 08:30:00+00:00,2023-11-28 08:49:00+00:00,SELL,10.0,2013.115,2014.645,-1830.0,-1.83,SL,100.0,130.0,-1360.0
NY_ORB,2023-11-28 14:25:00+00:00,2023-11-28 16:06:00+00:00,BUY,10.0,2021.414,2033.1119999999999,11397.86,11.398,TP,510.0,11860.71,0.0
ASIAN_MR,2023-11-29 01:00:00+00:00,2023-11-29 01:45:00+00:00,SHORT,10.0,2049.178,2045.08165,3796.35,3.7963499999998023,TP_Z_NEUTRAL,45.0,2593.0,-757.0
LONDON_ORB,2023-11-29 08:19:00+00:00,2023-11-29 09:31:00+00:00,SELL,10.0,2042.035,2038.1350000000004,3600.0,3.6,TP,365.0,4340.0,-1480.0
NY_ORB,2023-11-29 14:41:00+00:00,2023-11-29 16:29:00+00:00,BUY,10.0,2042.765,2040.565,-2500.0,-2.5,TIME,545.0,4080.0,-3750.0
ASIAN_MR,2023-11-30 01:45:00+00:00,2023-11-30 01:50:00+00:00,LONG,10.0,2044.355,2043.2921532961843,-1362.85,-1.3628467038156942,SL_ATR,5.0,170.0,-1120.0
LONDON_ORB,2023-11-30 08:25:00+00:00,2023-11-30 08:32:00+00:00,SELL,10.0,2044.358,2042.704,1354.02,1.354,TP,40.0,2022.99,0.0
NY_ORB,2023-11-30 13:54:00+00:00,2023-11-30 16:29:00+00:00,SELL,10.0,2036.305,2039.385,-3380.0,-3.38,TIME,780.0,5047.0,-3410.0
ASIAN_MR,2023-12-01 03:50:00+00:00,2023-12-01 04:25:00+00:00,LONG,10.0,2039.195,2040.91355,1418.55,1.4185500000000502,TP_Z_NEUTRAL,35.0,650.0,-427.0
LONDON_ORB,2023-12-01 08:50:00+00:00,2023-12-01 08:50:00+00:00,BUY,10.0,2040.495,2043.1689999999999,2374.0,2.374,TP,5.0,2970.0,0.0
NY_ORB,2023-12-01 14:35:00+00:00,2023-12-01 15:00:00+00:00,BUY,10.0,2038.365,2045.2250000000001,6560.0,6.56,TP,130.0,7070.0,-430.0
LONDON_ORB,2023-12-04 10:10:00+00:00,2023-12-04 11:29:00+00:00,BUY,10.0,2064.365,2069.655,4990.0,4.99,TIME,400.0,6020.0,-396.67
NY_ORB,2023-12-04 13:55:00+00:00,2023-12-04 14:13:00+00:00,SELL,10.0,2059.595,2048.854999999999,10440.0,10.44,TP,95.0,11220.0,-280.0
LONDON_ORB,2023-12-05 08:30:00+00:00,2023-12-05 09:03:00+00:00,BUY,10.0,2036.395,2032.565,-4130.0,-4.13,SL,170.0,1540.0,-4000.0
NY_ORB,2023-12-05 14:50:00+00:00,2023-12-05 14:50:00+00:00,SELL,10.0,2026.625,2018.3249999999998,8000.0,8.0,TP,5.0,10666.84,0.0
LONDON_ORB,2023-12-06 08:45:00+00:00,2023-12-06 08:45:00+00:00,SELL,10.0,2032.045,2026.8050000000003,4940.0,4.94,TP,5.0,5850.0,0.0
NY_ORB,2023-12-06 14:50:00+00:00,2023-12-06 15:47:00+00:00,SELL,10.0,2028.375,2031.378,-3302.96,-3.303,SL,290.0,5820.0,-3130.0
LONDON_ORB,2023-12-07 08:40:00+00:00,2023-12-07 11:29:00+00:00,BUY,10.0,2031.385,2031.405,-280.0,-0.28,TIME,850.0,3640.0,-387.0
NY_ORB,2023-12-07 13:47:00+00:00,2023-12-07 14:41:00+00:00,BUY,10.0,2039.485,2030.084,-9701.11,-9.701,SL,275.0,293.33,-9470.0
LONDON_ORB,2023-12-08 08:55:00+00:00,2023-12-08 10:07:00+00:00,SELL,10.0,2027.955,2030.725,-3070.0,-3.07,SL,365.0,1530.0,-3060.0
NY_ORB,2023-12-08 14:05:00+00:00,2023-12-08 16:29:00+00:00,SELL,10.0,2014.315,2005.185,8830.0,8.83,TIME,725.0,11820.0,-800.0
LONDON_ORB,2023-12-11 08:25:00+00:00,2023-12-11 09:51:00+00:00,BUY,10.0,1995.365,1991.848,-3816.96,-3.817,SL,435.0,2350.0,-3560.0
NY_ORB,2023-12-11 13:46:00+00:00,2023-12-11 15:02:00+00:00,SELL,10.0,1991.935,1986.355,5280.0,5.28,TP,385.0,6430.0,-2420.0
ASIAN_MR,2023-12-12 03:35:00+00:00,2023-12-12 03:45:00+00:00,SHORT,10.0,1984.855,1986.2214957049912,-1666.5,-1.6664957049911664,SL_ATR,10.0,20.0,-1380.0
LONDON_ORB,2023-12-12 09:05:00+00:00,2023-12-12 10:35:00+00:00,SELL,10.0,1985.235,1988.158,-3222.96,-3.223,SL,455.0,2620.0,-2660.0
NY_ORB,2023-12-12 13:45:00+00:00,2023-12-12 16:29:00+00:00,SELL,10.0,1983.848,1981.975,1573.33,1.573,TIME,825.0,3873.33,-5846.67
LONDON_ORB,2023-12-13 10:20:00+00:00,2023-12-13 10:55:00+00:00,BUY,10.0,1980.025,1983.0850000000005,2760.0,2.76,TP,180.0,3140.0,0.0
NY_ORB,2023-12-13 15:15:00+00:00,2023-12-13 16:29:00+00:00,SELL,10.0,1981.345,1981.885,-840.0,-0.84,TIME,375.0,3010.0,-2320.0
LONDON_ORB,2023-12-14 08:30:00+00:00,2023-12-14 11:29:00+00:00,BUY,10.0,2035.885,2034.445,-1740.0,-1.74,TIME,900.0,4330.0,-3670.0
NY_ORB,2023-12-14 13:45:00+00:00,2023-12-14 14:38:00+00:00,BUY,10.0,2033.925,2046.885,12660.0,12.66,TP,270.0,13070.0,-710.0
ASIAN_MR,2023-12-15 02:30:00+00:00,2023-12-15 03:20:00+00:00,SHORT,10.0,2036.128,2033.44115,2386.85,2.3868499999998223,TP_Z_NEUTRAL,50.0,1193.0,-1217.0
LONDON_ORB,2023-12-15 08:15:00+00:00,2023-12-15 09:04:00+00:00,BUY,10.0,2038.958,2043.226,3968.11,3.968,TP,250.0,4677.03,-1950.0
NY_ORB,2023-12-15 13:47:00+00:00,2023-12-15 16:29:00+00:00,SELL,10.0,2026.865,2035.858,-9292.0,-9.293,TIME,815.0,28.0,-11640.0
ASIAN_MR,2023-12-18 01:15:00+00:00,2023-12-18 01:35:00+00:00,SHORT,10.0,2022.095,2019.19395,2601.05,2.6010499999999412,TP_Z_NEUTRAL,20.0,2450.0,-850.0
LONDON_ORB,2023-12-18 08:30:00+00:00,2023-12-18 09:18:00+00:00,BUY,10.0,2023.405,2026.905,3200.0,3.2,TP,245.0,3810.0,-700.0
NY_ORB,2023-12-18 13:50:00+00:00,2023-12-18 14:16:00+00:00,BUY,10.0,2025.445,2022.655,-3090.0,-3.09,SL,135.0,1360.0,-2900.0
ASIAN_MR,2023-12-19 02:20:00+00:00,2023-12-19 02:30:00+00:00,LONG,10.0,2024.545,2026.3789499999998,1533.95,1.5339499999997315,TP_Z_NEUTRAL,10.0,1530.0,0.0
LONDON_ORB,2023-12-19 11:10:00+00:00,2023-12-19 11:29:00+00:00,BUY,10.0,2025.275,2026.745,1170.0,1.17,TIME,100.0,1850.0,0.0
NY_ORB,2023-12-19 14:35:00+00:00,2023-12-19 14:42:00+00:00,BUY,10.0,2031.005,2036.3450000000003,5040.0,5.04,TP,40.0,5580.0,0.0
LONDON_ORB,2023-12-20 09:15:00+00:00,2023-12-20 09:47:00+00:00,BUY,10.0,2042.225,2039.665,-2860.0,-2.86,SL,165.0,140.0,-2650.0
NY_ORB,2023-12-20 13:45:00+00:00,2023-12-20 16:29:00+00:00,BUY,10.0,2033.425,2034.705,980.0,0.98,TIME,825.0,6330.0,-3057.0
ASIAN_MR,2023-12-21 01:40:00+00:00,2023-12-21 02:00:00+00:00,SHORT,10.0,2034.825,2035.9293613440188,-1404.36,-1.4043613440187983,SL_ATR,20.0,247.0,-2530.0
LONDON_ORB,2023-12-22 09:15:00+00:00,2023-12-22 09:36:00+00:00,BUY,10.0,2050.928,2053.754,2525.96,2.526,TP,110.0,2987.02,0.0
NY_ORB,2023-12-22 13:50:00+00:00,2023-12-22 16:29:00+00:00,BUY,10.0,2063.465,2059.615,-4150.0,-4.15,TIME,800.0,7060.0,-5920.0
ASIAN_MR,2023-12-26 02:00:00+00:00,2023-12-26 02:20:00+00:00,SHORT,10.0,2062.678,2064.146541422912,-1768.54,-1.7685414229120398,SL_ATR,20.0,773.0,-1546.0
LONDON_ORB,2023-12-26 09:10:00+00:00,2023-12-26 11:29:00+00:00,SELL,10.0,2062.645,2063.508,-1163.0,-1.163,TIME,695.0,1570.0,-1390.0
NY_ORB,2023-12-26 14:40:00+00:00,2023-12-26 14:40:00+00:00,SELL,10.0,2060.615,2056.3949999999995,3920.0,3.92,TP,5.0,5030.0,0.0
ASIAN_MR,2023-12-27 01:40:00+00:00,2023-12-27 02:20:00+00:00,SHORT,10.0,2067.215,2065.5586,1356.4,1.3564000000003034,TP_Z_NEUTRAL,40.0,2561.0,-310.0
LONDON_ORB,2023-12-27 08:18:00+00:00,2023-12-27 10:25:00+00:00,BUY,10.0,2068.178,2065.735,-2743.03,-2.743,SL,640.0,1026.97,-2773.03
NY_ORB,2023-12-27 14:35:00+00:00,2023-12-27 15:13:00+00:00,BUY,10.0,2068.285,2072.8049999999994,4220.0,4.22,TP,195.0,5030.0,-1770.0
ASIAN_MR,2023-12-28 01:35:00+00:00,2023-12-28 01:50:00+00:00,SHORT,10.0,2083.218,2084.7103313090647,-1792.33,-1.7923313090648663,SL_ATR,15.0,270.0,-4107.0
LONDON_ORB,2023-12-28 08:15:00+00:00,2023-12-28 11:29:00+00:00,SELL,10.0,2081.625,2077.325,4000.0,4.0,TIME,975.0,8631.18,-308.82
NY_ORB,2023-12-28 13:50:00+00:00,2023-12-28 14:57:00+00:00,SELL,10.0,2076.075,2078.905,-3130.0,-3.13,SL,340.0,4210.0,-3202.86
ASIAN_MR,2023-12-29 01:30:00+00:00,2023-12-29 01:35:00+00:00,SHORT,10.0,2068.845,2070.045598412668,-1500.6,-1.5005984126681142,SL_ATR,5.0,60.0,-1640.0
LONDON_ORB,2023-12-29 09:00:00+00:00,2023-12-29 09:51:00+00:00,SELL,10.0,2071.085,2066.6850000000004,4100.0,4.1,TP,260.0,4896.94,0.0
NY_ORB,2023-12-29 13:55:00+00:00,2023-12-29 13:56:00+00:00,SELL,10.0,2063.088,2058.5480000000002,4240.0,4.24,TP,10.0,4963.14,0.0
ASIAN_MR,2024-01-02 01:15:00+00:00,2024-01-02 01:50:00+00:00,SHORT,10.0,2068.185,2064.9173,2967.7,2.967699999999877,TP_Z_NEUTRAL,35.0,1400.0,-850.0
LONDON_ORB,2024-01-02 09:35:00+00:00,2024-01-02 11:29:00+00:00,BUY,10.0,2074.465,2074.935,170.0,0.17,TIME,575.0,4360.0,-1730.0
NY_ORB,2024-01-02 13:55:00+00:00,2024-01-02 15:37:00+00:00,SELL,10.0,2066.835,2058.575,7960.0,7.96,TP,515.0,11016.84,-3760.0
LONDON_ORB,2024-01-03 08:30:00+00:00,2024-01-03 09:13:00+00:00,SELL,10.0,2062.345,2058.5789999999993,3465.95,3.466,TP,220.0,4250.0,0.0
NY_ORB,2024-01-03 13:50:00+00:00,2024-01-03 14:36:00+00:00,SELL,10.0,2041.405,2034.485,6620.0,6.62,TP,235.0,8700.0,-820.0
ASIAN_MR,2024-01-04 03:30:00+00:00,2024-01-04 03:50:00+00:00,SHORT,10.0,2046.155,2044.2604,1594.6,1.5946000000000822,TP_Z_NEUTRAL,20.0,797.0,-653.0
LONDON_ORB,2024-01-04 09:35:00+00:00,2024-01-04 10:50:00+00:00,BUY,10.0,2048.545,2046.578,-2267.07,-2.267,SL,380.0,2310.0,-1980.0
NY_ORB,2024-01-04 14:50:00+00:00,2024-01-04 15:13:00+00:00,SELL,10.0,2038.715,2044.755,-6340.0,-6.34,SL,120.0,2560.0,-6023.08
ASIAN_MR,2024-01-05 01:20:00+00:00,2024-01-05 01:55:00+00:00,SHORT,10.0,2046.675,2044.5862499999998,1788.75,1.7887500000001182,TP_Z_NEUTRAL,35.0,1320.0,-830.0
LONDON_ORB,2024-01-05 09:55:00+00:00,2024-01-05 10:06:00+00:00,SELL,10.0,2042.055,2037.689,4065.95,4.066,TP,60.0,4770.0,0.0
NY_ORB,2024-01-05 13:53:00+00:00,2024-01-05 16:29:00+00:00,BUY,10.0,2038.985,2050.435,11150.0,11.15,TIME,785.0,24854.0,-1970.0
LONDON_ORB,2024-01-08 11:10:00+00:00,2024-01-08 11:18:00+00:00,SELL,10.0,2027.735,2019.9149999999997,7520.0,7.52,TP,45.0,11131.0,0.0
NY_ORB,2024-01-08 13:55:00+00:00,2024-01-08 14:40:00+00:00,SELL,10.0,2019.615,2023.228,-3913.18,-3.913,SL,230.0,1230.0,-3870.0
LONDON_ORB,2024-01-09 10:34:00+00:00,2024-01-09 11:29:00+00:00,BUY,10.0,2038.078,2035.018,-3360.0,-3.36,TIME,280.0,350.0,-4282.86
NY_ORB,2024-01-09 16:00:00+00:00,2024-01-09 16:29:00+00:00,SELL,10.0,2032.948,2029.125,3523.33,3.523,TIME,150.0,6933.33,0.0
LONDON_ORB,2024-01-10 10:05:00+00:00,2024-01-10 11:29:00+00:00,BUY,10.0,2034.465,2033.005,-1760.0,-1.76,TIME,425.0,5120.0,-1726.84
NY_ORB,2024-01-10 14:35:00+00:00,2024-01-10 14:41:00+00:00,BUY,10.0,2032.615,2030.325,-2590.0,-2.59,SL,35.0,40.0,-3460.0
ASIAN_MR,2024-01-11 01:55:00+00:00,2024-01-11 02:15:00+00:00,SHORT,10.0,2029.635,2030.9577394744438,-1622.74,-1.6227394744437789,SL_ATR,20.0,870.0,-2173.0
NY_ORB,2024-01-11 16:25:00+00:00,2024-01-11 16:29:00+00:00,SELL,9.86,2024.975,2018.285,6300.54,6.39,TIME,25.0,8861.67,0.0
ASIAN_MR,2024-01-12 01:50:00+00:00,2024-01-12 02:00:00+00:00,SHORT,10.0,2033.435,2035.113436063176,-1978.44,-1.9784360631761502,SL_ATR,10.0,170.0,-1743.0
LONDON_ORB,2024-01-12 10:45:00+00:00,2024-01-12 10:52:00+00:00,BUY,10.0,2039.588,2044.014,4126.11,4.126,TP,40.0,4436.94,0.0
NY_ORB,2024-01-12 13:55:00+00:00,2024-01-12 16:29:00+00:00,BUY,10.0,2055.875,2055.295,-880.0,-0.88,TIME,775.0,6270.0,-5010.0
ASIAN_MR,2024-01-15 01:55:00+00:00,2024-01-15 02:15:00+00:00,SHORT,10.0,2050.975,2052.365467761103,-1690.47,-1.690467761103082,SL_ATR,20.0,1200.0,-2520.0
LONDON_ORB,2024-01-15 10:35:00+00:00,2024-01-15 11:29:00+00:00,SELL,10.0,2053.785,2052.565,920.0,0.92,TIME,275.0,2320.0,0.0
NY_ORB,2024-01-15 14:34:00+00:00,2024-01-15 15:50:00+00:00,SELL,10.0,2052.045,2053.595,-1850.0,-1.85,SL,385.0,2755.0,-1413.08
LONDON_ORB,2024-01-16 08:35:00+00:00,2024-01-16 08:41:00+00:00,SELL,10.0,2047.038,2042.444,4294.0,4.294,TP,35.0,5012.86,0.0
ASIAN_MR,2024-01-17 01:55:00+00:00,2024-01-17 02:05:00+00:00,SHORT,10.0,2030.145,2031.6095562559542,-1764.56,-1.7645562559542214,SL_ATR,10.0,410.0,-2480.0
LONDON_ORB,2024-01-17 10:00:00+00:00,2024-01-17 10:30:00+00:00,SELL,10.0,2023.838,2026.498,-2960.0,-2.96,SL,155.0,1123.0,-3990.0
NY_ORB,2024-01-17 14:15:00+00:00,2024-01-17 16:29:00+00:00,SELL,10.0,2018.845,2009.295,9250.0,9.25,TIME,675.0,12750.0,-3860.0
ASIAN_MR,2024-01-18 01:05:00+00:00,2024-01-18 01:20:00+00:00,SHORT,10.0,2010.655,2009.1693,1185.7,1.1856999999999516,TP_Z_NEUTRAL,15.0,920.0,-310.0
LONDON_ORB,2024-01-18 10:01:00+00:00,2024-01-18 10:20:00+00:00,SELL,10.0,2009.575,2012.218,-2943.0,-2.943,SL,100.0,460.0,-2363.0
ASIAN_MR,2024-01-19 01:35:00+00:00,2024-01-19 02:00:00+00:00,SHORT,10.0,2024.185,2023.1689,716.1,0.7161000000000513,TP_Z_NEUTRAL,25.0,1340.0,-1290.0
LONDON_ORB,2024-01-19 08:55:00+00:00,2024-01-19 11:11:00+00:00,BUY,10.0,2028.345,2031.519,2874.0,2.874,TP,685.0,3233.0,-820.0
NY_ORB,2024-01-19 14:40:00+00:00,2024-01-19 15:08:00+00:00,SELL,10.0,2034.625,2025.319,9005.88,9.006,TP,145.0,9660.0,0.0
ASIAN_MR,2024-01-22 01:10:00+00:00,2024-01-22 01:50:00+00:00,SHORT,10.0,2030.885,2027.8661,2718.9,2.7189000000000307,TP_Z_NEUTRAL,40.0,1970.0,-330.0
LONDON_ORB,2024-01-22 08:37:00+00:00,2024-01-22 08:51:00+00:00,BUY,10.0,2023.515,2020.755,-3060.0,-3.06,SL,75.0,260.0,-3090.0
NY_ORB,2024-01-22 14:45:00+00:00,2024-01-22 15:14:00+00:00,SELL,10.0,2022.575,2025.185,-2910.0,-2.91,SL,150.0,4440.0,-2320.0
ASIAN_MR,2024-01-23 02:40:00+00:00,2024-01-23 03:05:00+00:00,SHORT,10.0,2023.515,2021.5129499999998,1702.05,1.7020500000002812,TP_Z_NEUTRAL,25.0,1880.0,-50.0
LONDON_ORB,2024-01-23 10:10:00+00:00,2024-01-23 11:00:00+00:00,SELL,10.0,2029.355,2024.755,4300.0,4.3,TP,255.0,5396.86,0.0
NY_ORB,2024-01-23 14:40:00+00:00,2024-01-23 16:29:00+00:00,SELL,10.0,2025.285,2023.645,1340.0,1.34,TIME,550.0,3780.0,-2370.0
LONDON_ORB,2024-01-24 08:35:00+00:00,2024-01-24 11:29:00+00:00,BUY,10.0,2031.745,2031.875,-170.0,-0.17,TIME,875.0,2320.0,-2756.9
NY_ORB,2024-01-24 14:40:00+00:00,2024-01-24 15:03:00+00:00,SELL,10.0,2031.118,2020.2039999999997,10614.0,10.614,TP,120.0,11992.67,0.0
LONDON_ORB,2024-01-25 08:20:00+00:00,2024-01-25 09:37:00+00:00,SELL,10.0,2014.285,2015.858,-1872.94,-1.873,SL,390.0,1720.0,-1590.0
NY_ORB,2024-01-25 14:15:00+00:00,2024-01-25 16:29:00+00:00,BUY,10.0,2022.915,2016.135,-7080.0,-7.08,TIME,675.0,2260.0,-7020.0
ASIAN_MR,2024-01-26 01:10:00+00:00,2024-01-26 01:20:00+00:00,SHORT,10.0,2022.485,2023.782250264066,-1597.25,-1.5972502640661788,SL_ATR,10.0,357.0,-1640.0
ASIAN_MR,2024-01-29 01:15:00+00:00,2024-01-29 01:50:00+00:00,SHORT,10.0,2024.645,2021.614,2731.0,2.7309999999999492,TP_Z_NEUTRAL,35.0,2140.0,-20.0
LONDON_ORB,2024-01-29 10:00:00+00:00,2024-01-29 11:29:00+00:00,SELL,10.0,2030.875,2026.455,4120.0,4.12,TIME,450.0,5517.0,0.0
NY_ORB,2024-01-29 13:46:00+00:00,2024-01-29 14:30:00+00:00,BUY,10.0,2035.755,2031.135,-4920.0,-4.92,SL,225.0,1710.0,-4890.0
LONDON_ORB,2024-01-30 09:55:00+00:00,2024-01-30 11:20:00+00:00,SELL,10.0,2036.888,2033.7079999999996,2880.0,2.88,TP,430.0,3513.0,-357.0
NY_ORB,2024-01-30 13:45:00+00:00,2024-01-30 14:09:00+00:00,BUY,10.0,2036.595,2040.3350000000003,3440.0,3.44,TP,125.0,4233.02,-680.0
LONDON_ORB,2024-01-31 09:25:00+00:00,2024-01-31 11:29:00+00:00,BUY,10.0,2037.595,2037.975,80.0,0.08,TIME,625.0,2080.0,-1170.0
NY_ORB,2024-01-31 13:47:00+00:00,2024-01-31 14:45:00+00:00,BUY,10.0,2042.015,2050.5750000000007,8260.0,8.26,TP,295.0,10080.0,-1380.0
ASIAN_MR,2024-02-01 02:20:00+00:00,2024-02-01 03:15:00+00:00,SHORT,10.0,2046.865,2041.9795,4585.5,4.585500000000093,TP_Z_NEUTRAL,55.0,1147.0,-1550.0
LONDON_ORB,2024-02-01 10:40:00+00:00,2024-02-01 10:56:00+00:00,SELL,10.0,2039.315,2032.4550000000004,6560.0,6.56,TP,85.0,8315.22,0.0
NY_ORB,2024-02-01 14:05:00+00:00,2024-02-01 16:29:00+00:00,BUY,10.0,2041.895,2059.325,17130.0,17.13,TIME,725.0,19340.0,-3140.0
ASIAN_MR,2024-02-02 01:20:00+00:00,2024-02-02 01:55:00+00:00,LONG,10.0,2053.575,2055.1436499999995,1268.65,1.2686499999997067,TP_Z_NEUTRAL,35.0,1063.0,-477.0
LONDON_ORB,2024-02-02 09:30:00+00:00,2024-02-02 11:29:00+00:00,SELL,10.0,2054.595,2055.265,-970.0,-0.97,TIME,600.0,2000.0,-970.0
NY_ORB,2024-02-02 13:50:00+00:00,2024-02-02 16:29:00+00:00,SELL,10.0,2032.795,2034.495,-2000.0,-2.0,TIME,800.0,5160.0,-4060.0
ASIAN_MR,2024-02-05 02:00:00+00:00,2024-02-05 02:15:00+00:00,SHORT,10.0,2037.865,2035.93515,1629.85,1.6298499999999876,TP_Z_NEUTRAL,15.0,1530.0,-330.0
LONDON_ORB,2024-02-05 10:25:00+00:00,2024-02-05 11:29:00+00:00,SELL,10.0,2024.508,2026.028,-1820.0,-1.82,TIME,325.0,1173.08,-1576.92
NY_ORB,2024-02-05 13:55:00+00:00,2024-02-05 14:31:00+00:00,SELL,10.0,2016.545,2019.255,-3010.0,-3.01,SL,185.0,1710.0,-2700.0
LONDON_ORB,2024-02-06 08:35:00+00:00,2024-02-06 11:29:00+00:00,SELL,10.0,2025.238,2025.415,-476.95,-0.477,TIME,875.0,2443.05,-976.95
NY_ORB,2024-02-06 13:50:00+00:00,2024-02-06 14:47:00+00:00,BUY,10.0,2028.495,2032.6349999999998,3840.0,3.84,TP,290.0,4440.0,-1660.0
LONDON_ORB,2024-02-07 08:20:00+00:00,2024-02-07 11:22:00+00:00,SELL,10.0,2033.855,2035.205,-1650.0,-1.65,SL,915.0,2716.95,-1070.0
NY_ORB,2024-02-07 13:50:00+00:00,2024-02-07 14:00:00+00:00,SELL,10.0,2034.135,2036.498,-2662.94,-2.663,SL,55.0,140.0,-2090.0
LONDON_ORB,2024-02-08 09:45:00+00:00,2024-02-08 10:23:00+00:00,BUY,10.0,2033.208,2036.5680000000002,3060.0,3.06,TP,195.0,3720.0,-482.92
NY_ORB,2024-02-08 13:49:00+00:00,2024-02-08 14:25:00+00:00,SELL,10.0,2021.635,2025.705,-4370.0,-4.37,SL,185.0,1540.0,-4270.0
LONDON_ORB,2024-02-09 08:15:00+00:00,2024-02-09 11:29:00+00:00,SELL,10.0,2031.115,2032.778,-1962.86,-1.963,TIME,975.0,690.0,-2380.0
NY_ORB,2024-02-09 14:25:00+00:00,2024-02-09 16:29:00+00:00,SELL,10.0,2026.055,2022.025,3730.0,3.73,TIME,625.0,5860.0,-1060.0
LONDON_ORB,2024-02-12 08:20:00+00:00,2024-02-12 08:46:00+00:00,BUY,10.0,2025.885,2024.828,-1356.97,-1.357,SL,135.0,1273.03,-1250.0
NY_ORB,2024-02-12 13:50:00+00:00,2024-02-12 14:22:00+00:00,SELL,10.0,2021.575,2015.115,6160.0,6.16,TP,165.0,6810.0,0.0
LONDON_ORB,2024-02-13 08:35:00+00:00,2024-02-13 11:21:00+00:00,BUY,10.0,2025.815,2028.0150000000003,1900.0,1.9,TP,835.0,2240.0,-940.0
NY_ORB,2024-02-13 13:47:00+00:00,2024-02-13 16:29:00+00:00,SELL,10.0,2010.655,1993.955,16400.0,16.4,TIME,815.0,20670.0,-960.0
LONDON_ORB,2024-02-14 08:15:00+00:00,2024-02-14 09:32:00+00:00,SELL,10.0,1987.428,1990.555,-3426.92,-3.427,SL,390.0,1483.08,-3100.0
NY_ORB,2024-02-14 13:45:00+00:00,2024-02-14 15:11:00+00:00,SELL,10.0,1990.435,1985.049,5086.0,5.086,TP,435.0,6347.0,-1750.0
LONDON_ORB,2024-02-15 10:50:00+00:00,2024-02-15 11:29:00+00:00,BUY,10.0,1995.375,1996.175,500.0,0.5,TIME,200.0,1850.0,0.0
NY_ORB,2024-02-15 14:35:00+00:00,2024-02-15 16:29:00+00:00,BUY,10.0,2004.155,1999.275,-5180.0,-5.18,TIME,575.0,4020.0,-5280.0
LONDON_ORB,2024-02-16 08:15:00+00:00,2024-02-16 08:45:00+00:00,SELL,10.0,2004.435,2005.585,-1450.0,-1.45,SL,155.0,190.0,-930.0
NY_ORB,2024-02-16 15:40:00+00:00,2024-02-16 16:29:00+00:00,BUY,10.0,2006.435,2008.315,1580.0,1.58,TIME,250.0,4480.0,0.0
ASIAN_MR,2024-02-19 04:05:00+00:00,2024-02-19 04:20:00+00:00,LONG,10.0,2019.528,2018.3259122006932,-1502.09,-1.5020877993068098,SL_ATR,15.0,277.0,-1303.0
LONDON_ORB,2024-02-19 08:20:00+00:00,2024-02-19 08:30:00+00:00,BUY,10.0,2021.075,2020.075,-1300.0,-1.3,SL,55.0,70.0,-1130.0
NY_ORB,2024-02-19 16:05:00+00:00,2024-02-19 16:05:00+00:00,SELL,10.0,2016.855,2014.1750000000002,2380.0,2.38,TP,5.0,3460.0,0.0
ASIAN_MR,2024-02-20 01:35:00+00:00,2024-02-20 01:55:00+00:00,SHORT,10.0,2017.915,2016.1225,1492.5,1.4925000000000181,TP_Z_NEUTRAL,20.0,1340.0,-670.0
LONDON_ORB,2024-02-20 08:25:00+00:00,2024-02-20 09:07:00+00:00,BUY,10.0,2021.498,2023.0840000000003,1286.04,1.286,TP,215.0,1887.03,-742.97
NY_ORB,2024-02-20 14:15:00+00:00,2024-02-20 14:32:00+00:00,BUY,10.0,2030.085,2027.395,-2990.0,-2.99,SL,90.0,360.0,-2720.0
LONDON_ORB,2024-02-21 10:40:00+00:00,2024-02-21 11:13:00+00:00,BUY,10.0,2029.165,2027.958,-1506.97,-1.507,SL,170.0,910.0,-1350.0
NY_ORB,2024-02-21 13:55:00+00:00,2024-02-21 16:00:00+00:00,SELL,10.0,2028.495,2023.7749999999996,4420.0,4.42,TP,630.0,5210.0,-1710.0
LONDON_ORB,2024-02-22 11:05:00+00:00,2024-02-22 11:29:00+00:00,SELL,10.0,2031.335,2028.015,3020.0,3.02,TIME,125.0,4180.0,0.0
NY_ORB,2024-02-22 15:05:00+00:00,2024-02-22 16:29:00+00:00,SELL,10.0,2022.355,2022.298,-242.67,-0.243,TIME,425.0,2267.33,-2010.0
LONDON_ORB,2024-02-23 08:38:00+00:00,2024-02-23 10:47:00+00:00,SELL,10.0,2020.135,2022.545,-2710.0,-2.71,SL,650.0,4180.0,-2230.0
NY_ORB,2024-02-23 14:40:00+00:00,2024-02-23 14:55:00+00:00,SELL,10.0,2025.675,2027.345,-1970.0,-1.97,SL,80.0,1460.0,-1590.0
LONDON_ORB,2024-02-26 10:35:00+00:00,2024-02-26 11:06:00+00:00,SELL,10.0,2034.125,2031.3850000000002,2440.0,2.44,TP,160.0,3290.0,-170.0
NY_ORB,2024-02-26 14:15:00+00:00,2024-02-26 14:30:00+00:00,SELL,10.0,2031.935,2027.149,4486.06,4.486,TP,80.0,5490.0,0.0
LONDON_ORB,2024-02-27 08:25:00+00:00,2024-02-27 08:31:00+00:00,BUY,10.0,2035.675,2037.9149999999997,1940.0,1.94,TP,35.0,2370.0,0.0
NY_ORB,2024-02-27 14:20:00+00:00,2024-02-27 16:29:00+00:00,SELL,10.0,2035.575,2033.848,1426.9,1.427,TIME,650.0,3860.0,-1260.0
LONDON_ORB,2024-02-28 08:55:00+00:00,2024-02-28 10:00:00+00:00,SELL,10.0,2027.535,2025.055,2180.0,2.18,TP,330.0,3180.0,0.0
NY_ORB,2024-02-28 14:05:00+00:00,2024-02-28 14:54:00+00:00,BUY,10.0,2036.095,2032.068,-4327.0,-4.327,SL,250.0,1440.0,-4150.0
LONDON_ORB,2024-02-29 09:50:00+00:00,2024-02-29 10:39:00+00:00,SELL,10.0,2035.455,2031.875,3280.0,3.28,TP,250.0,3980.0,0.0
NY_ORB,2024-02-29 13:45:00+00:00,2024-02-29 16:29:00+00:00,BUY,10.0,2043.965,2044.665,400.0,0.4,TIME,825.0,6640.0,-150.0
LONDON_ORB,2024-03-01 08:16:00+00:00,2024-03-01 09:37:00+00:00,SELL,10.0,2043.145,2045.595,-2750.0,-2.75,SL,410.0,4230.0,-2260.0
NY_ORB,2024-03-01 14:45:00+00:00,2024-03-01 15:10:00+00:00,SELL,10.0,2050.525,2054.428,-4203.0,-4.203,SL,130.0,5030.0,-4503.0
LONDON_ORB,2024-03-04 08:20:00+00:00,2024-03-04 10:31:00+00:00,SELL,10.0,2085.935,2082.935,2700.0,2.7,TP,660.0,3390.0,-130.0
NY_ORB,2024-03-04 13:47:00+00:00,2024-03-04 14:16:00+00:00,BUY,10.0,2085.835,2094.7690000000002,8633.89,8.634,TP,150.0,9822.78,-360.0
ASIAN_MR,2024-03-05 03:25:00+00:00,2024-03-05 03:40:00+00:00,SHORT,10.0,2113.575,2112.35275,922.25,0.9222499999998035,TP_Z_NEUTRAL,15.0,860.0,-270.0
LONDON_ORB,2024-03-05 08:30:00+00:00,2024-03-05 11:29:00+00:00,BUY,10.0,2118.775,2126.745,7670.0,7.67,TIME,900.0,8460.0,0.0
NY_ORB,2024-03-05 13:50:00+00:00,2024-03-05 16:29:00+00:00,SELL,10.0,2124.985,2126.215,-1530.0,-1.53,TIME,800.0,2720.0,-14402.0
LONDON_ORB,2024-03-06 09:57:00+00:00,2024-03-06 10:11:00+00:00,BUY,10.0,2128.805,2126.348,-2756.97,-2.757,SL,75.0,910.0,-2586.97
NY_ORB,2024-03-06 14:35:00+00:00,2024-03-06 14:47:00+00:00,BUY,10.0,2136.315,2146.2550000000006,9640.0,9.64,TP,65.0,10710.0,0.0
ASIAN_MR,2024-03-07 01:05:00+00:00,2024-03-07 01:20:00+00:00,LONG,10.0,2146.785,2144.8912268297963,-2193.77,-2.1937731702035306,SL_ATR,15.0,470.0,-2737.0
LONDON_ORB,2024-03-07 11:05:00+00:00,2024-03-07 11:29:00+00:00,SELL,10.0,2155.255,2154.035,920.0,0.92,TIME,125.0,2126.89,-430.0
NY_ORB,2024-03-07 13:51:00+00:00,2024-03-07 16:29:00+00:00,SELL,10.0,2158.025,2157.735,-10.0,-0.01,TIME,795.0,10200.0,-2210.0
LONDON_ORB,2024-03-08 08:30:00+00:00,2024-03-08 09:56:00+00:00,BUY,10.0,2163.665,2168.965,5000.0,5.0,TP,435.0,5360.0,-340.0
ASIAN_MR,2024-03-11 04:05:00+00:00,2024-03-11 04:45:00+00:00,SHORT,10.0,2180.335,2178.4325999999996,1602.4,1.602400000000398,TP_Z_NEUTRAL,40.0,200.0,-1020.0
LONDON_ORB,2024-03-11 08:16:00+00:00,2024-03-11 09:13:00+00:00,SELL,10.0,2180.725,2176.2589999999996,4166.11,4.166,TP,290.0,4940.0,-800.0
NY_ORB,2024-03-11 14:05:00+00:00,2024-03-11 15:18:00+00:00,SELL,10.0,2177.485,2184.035,-6850.0,-6.85,SL,370.0,1450.0,-6320.0
ASIAN_MR,2024-03-12 03:10:00+00:00,2024-03-12 04:10:00+00:00,LONG,10.0,2177.545,2178.085,240.0,0.23999999999996363,TIME_STOP_60M,60.0,920.0,-850.0
LONDON_ORB,2024-03-12 08:39:00+00:00,2024-03-12 08:55:00+00:00,SELL,10.0,2176.665,2177.705,-1340.0,-1.34,SL,85.0,800.0,-760.0
ASIAN_MR,2024-03-13 03:45:00+00:00,2024-03-13 04:00:00+00:00,LONG,10.0,2157.985,2159.66615,1381.15,1.3811499999998886,TP_Z_NEUTRAL,15.0,1560.0,-30.0
LONDON_ORB,2024-03-13 10:31:00+00:00,2024-03-13 11:29:00+00:00,BUY,10.0,2160.995,2162.535,1240.0,1.24,TIME,295.0,2940.0,-570.0
NY_ORB,2024-03-13 16:20:00+00:00,2024-03-13 16:29:00+00:00,BUY,10.0,2171.455,2173.345,1590.0,1.59,TIME,50.0,2110.0,0.0
ASIAN_MR,2024-03-14 01:05:00+00:00,2024-03-14 01:10:00+00:00,SHORT,10.0,2176.405,2175.1351499999996,969.85,0.9698500000005879,TP_Z_NEUTRAL,5.0,1530.0,-30.0
LONDON_ORB,2024-03-14 09:35:00+00:00,2024-03-14 09:35:00+00:00,BUY,10.0,2169.095,2171.1949999999993,1800.0,1.8,TP,5.0,2480.0,0.0
NY_ORB,2024-03-14 15:20:00+00:00,2024-03-14 16:29:00+00:00,SELL,10.0,2159.525,2159.375,-150.0,-0.15,TIME,350.0,6860.0,-990.0
ASIAN_MR,2024-03-15 01:20:00+00:00,2024-03-15 01:35:00+00:00,SHORT,10.0,2164.475,2162.2865,1888.5,1.888499999999749,TP_Z_NEUTRAL,15.0,1270.0,-620.0
LONDON_ORB,2024-03-15 09:40:00+00:00,2024-03-15 09:56:00+00:00,BUY,10.0,2167.628,2171.534,3606.1,3.606,TP,85.0,4637.07,-242.93
NY_ORB,2024-03-15 14:55:00+00:00,2024-03-15 16:29:00+00:00,BUY,10.0,2159.915,2162.875,2660.0,2.66,TIME,475.0,6050.0,-1860.0
ASIAN_MR,2024-03-18 01:25:00+00:00,2024-03-18 02:15:00+00:00,LONG,10.0,2151.475,2154.9154000000003,3140.4,3.140400000000409,TP_Z_NEUTRAL,50.0,1920.0,-170.0
LONDON_ORB,2024-03-18 08:15:00+00:00,2024-03-18 10:54:00+00:00,BUY,10.0,2152.745,2158.125,5080.0,5.08,TP,800.0,5600.0,-1330.0
NY_ORB,2024-03-18 14:05:00+00:00,2024-03-18 16:04:00+00:00,BUY,10.0,2158.025,2155.465,-2860.0,-2.86,SL,600.0,3152.9,-3360.0
ASIAN_MR,2024-03-19 01:35:00+00:00,2024-03-19 01:55:00+00:00,LONG,10.0,2159.245,2161.2416,1696.6,1.696599999999944,TP_Z_NEUTRAL,20.0,1233.0,-580.0
LONDON_ORB,2024-03-19 08:15:00+00:00,2024-03-19 10:15:00+00:00,SELL,10.0,2151.825,2155.825,-4300.0,-4.3,SL,605.0,4780.0,-3820.0
ASIAN_MR,2024-03-20 01:25:00+00:00,2024-03-20 02:00:00+00:00,SHORT,10.0,2159.135,2156.8658,1969.2,1.9692000000001826,TP_Z_NEUTRAL,35.0,1857.0,-443.0
LONDON_ORB,2024-03-20 09:55:00+00:00,2024-03-20 11:29:00+00:00,SELL,10.0,2154.735,2153.715,720.0,0.72,TIME,475.0,2520.0,-100.0
NY_ORB,2024-03-20 14:05:00+00:00,2024-03-20 14:05:00+00:00,BUY,10.0,2154.808,2163.6539999999995,8546.11,8.546,TP,5.0,9880.0,0.0
LONDON_ORB,2024-03-21 08:35:00+00:00,2024-03-21 08:42:00+00:00,SELL,10.0,2204.185,2199.485,4400.0,4.4,TP,40.0,7447.06,0.0
NY_ORB,2024-03-21 13:50:00+00:00,2024-03-21 14:01:00+00:00,SELL,10.0,2197.765,2189.024999999999,8440.0,8.44,TP,60.0,11610.0,0.0
LONDON_ORB,2024-03-22 09:00:00+00:00,2024-03-22 09:56:00+00:00,BUY,10.0,2169.175,2165.685,-3790.0,-3.79,SL,285.0,840.0,-3590.0
NY_ORB,2024-03-22 13:50:00+00:00,2024-03-22 14:20:00+00:00,BUY,10.0,2176.395,2173.045,-3650.0,-3.65,SL,155.0,3640.0,-3657.08
ASIAN_MR,2024-03-25 01:25:00+00:00,2024-03-25 01:35:00+00:00,SHORT,10.0,2172.395,2174.90057696839,-2805.58,-2.8055769683899596,SL_ATR,10.0,450.0,-4440.0
ASIAN_MR,2024-03-26 01:50:00+00:00,2024-03-26 02:15:00+00:00,LONG,10.0,2168.965,2172.02995,2764.95,2.7649499999999536,TP_Z_NEUTRAL,25.0,1370.0,-1220.0
LONDON_ORB,2024-03-26 08:20:00+00:00,2024-03-26 08:30:00+00:00,BUY,10.0,2173.448,2177.4539999999993,3706.0,3.706,TP,55.0,4267.0,0.0
NY_ORB,2024-03-26 15:15:00+00:00,2024-03-26 16:29:00+00:00,SELL,10.0,2178.275,2176.715,1260.0,1.26,TIME,375.0,6680.0,-490.0
ASIAN_MR,2024-03-27 03:15:00+00:00,2024-03-27 03:55:00+00:00,SHORT,10.0,2178.675,2176.2056000000002,2169.4,2.1693999999999507,TP_Z_NEUTRAL,40.0,1040.0,-1570.0
LONDON_ORB,2024-03-27 08:30:00+00:00,2024-03-27 08:44:00+00:00,SELL,10.0,2180.155,2177.435000000001,2420.0,2.42,TP,75.0,3090.0,0.0
ASIAN_MR,2024-03-28 02:35:00+00:00,2024-03-28 03:30:00+00:00,SHORT,10.0,2193.948,2195.912196370381,-2264.2,-2.2641963703811596,SL_ATR,55.0,783.0,-2007.0
LONDON_ORB,2024-03-28 08:40:00+00:00,2024-03-28 10:17:00+00:00,BUY,10.0,2193.805,2199.9649999999997,5860.0,5.86,TP,490.0,6738.85,-1420.0
NY_ORB,2024-03-28 13:55:00+00:00,2024-03-28 14:38:00+00:00,SELL,10.0,2205.415,2209.945,-4830.0,-4.83,SL,220.0,3321.11,-4482.78
ASIAN_MR,2024-04-01 03:20:00+00:00,2024-04-01 03:35:00+00:00,SHORT,10.0,2258.845,2261.7436359562957,-3198.64,-3.1986359562959477,SL_ATR,15.0,590.0,-3790.0
LONDON_ORB,2024-04-01 09:25:00+00:00,2024-04-01 09:40:00+00:00,SELL,10.0,2256.935,2250.6349999999998,6000.0,6.0,TP,80.0,7040.0,0.0
NY_ORB,2024-04-01 13:50:00+00:00,2024-04-01 14:06:00+00:00,SELL,10.0,2247.945,2235.0670000000005,12578.33,12.578,TP,85.0,13650.0,0.0
ASIAN_MR,2024-04-02 03:00:00+00:00,2024-04-02 03:40:00+00:00,SHORT,10.0,2254.015,2249.84275,3872.25,3.8722500000000766,TP_Z_NEUTRAL,40.0,1870.0,-1150.0
LONDON_ORB,2024-04-02 09:35:00+00:00,2024-04-02 10:11:00+00:00,BUY,10.0,2262.555,2256.075,-6780.0,-6.78,SL,185.0,2580.0,-7386.67
NY_ORB,2024-04-02 13:50:00+00:00,2024-04-02 14:56:00+00:00,BUY,10.0,2264.268,2257.645,-6923.33,-6.923,SL,335.0,12590.0,-7090.0
NY_ORB,2024-04-03 14:05:00+00:00,2024-04-03 15:36:00+00:00,BUY,10.0,2276.828,2287.414,10286.0,10.286,TP,460.0,11416.67,-2722.67
NY_ORB,2024-04-04 14:05:00+00:00,2024-04-04 16:29:00+00:00,BUY,10.0,2290.135,2291.115,680.0,0.68,TIME,725.0,9170.0,-1640.0
LONDON_ORB,2024-04-05 08:36:00+00:00,2024-04-05 09:42:00+00:00,SELL,10.0,2288.158,2291.685,-3826.96,-3.827,SL,335.0,3390.0,-4140.0
NY_ORB,2024-04-05 14:35:00+00:00,2024-04-05 14:35:00+00:00,BUY,10.0,2298.188,2310.254,11766.15,11.766,TP,5.0,21380.0,0.0
ASIAN_MR,2024-04-08 01:45:00+00:00,2024-04-08 01:50:00+00:00,SHORT,10.0,2316.505,2320.8168733825,-4611.87,-4.611873382499925,SL_ATR,5.0,0.0,-4600.0
LONDON_ORB,2024-04-08 10:35:00+00:00,2024-04-08 11:29:00+00:00,BUY,10.0,2340.535,2340.008,-827.0,-0.827,TIME,275.0,2900.0,-2900.0
NY_ORB,2024-04-08 14:05:00+00:00,2024-04-08 16:29:00+00:00,SELL,10.0,2328.225,2328.715,-790.0,-0.79,TIME,725.0,9650.0,-3360.0
LONDON_ORB,2024-04-09 09:25:00+00:00,2024-04-09 09:25:00+00:00,BUY,10.0,2354.315,2360.4150000000004,5800.0,5.8,TP,5.0,10400.0,0.0
NY_ORB,2024-04-09 14:40:00+00:00,2024-04-09 16:29:00+00:00,SELL,10.0,2352.685,2346.595,5790.0,5.79,TIME,550.0,14560.0,-940.0
ASIAN_MR,2024-04-10 01:15:00+00:00,2024-04-10 01:55:00+00:00,LONG,10.0,2347.605,2351.8715,3966.5,3.9665000000001784,TP_Z_NEUTRAL,40.0,2310.0,-2020.0
LONDON_ORB,2024-04-10 08:30:00+00:00,2024-04-10 09:20:00+00:00,BUY,10.0,2354.075,2352.378,-1997.02,-1.997,SL,255.0,1720.0,-1900.0
ASIAN_MR,2024-04-11 01:10:00+00:00,2024-04-11 01:15:00+00:00,SHORT,10.0,2338.485,2340.8287115386047,-2643.71,-2.643711538604566,SL_ATR,5.0,250.0,-2720.0
LONDON_ORB,2024-04-11 08:15:00+00:00,2024-04-11 10:51:00+00:00,SELL,10.0,2331.625,2337.858,-6533.08,-6.533,SL,785.0,5970.0,-5980.0
NY_ORB,2024-04-11 14:20:00+00:00,2024-04-11 16:02:00+00:00,SELL,10.0,2341.355,2346.055,-5000.0,-5.0,SL,515.0,9160.0,-4690.0
ASIAN_MR,2024-04-12 01:05:00+00:00,2024-04-12 01:45:00+00:00,SHORT,10.0,2385.785,2389.402095136645,-3917.1,-3.9170951366452753,SL_ATR,40.0,4440.0,-3620.0
LONDON_ORB,2024-04-12 11:20:00+00:00,2024-04-12 11:29:00+00:00,SELL,10.0,2396.325,2393.475,2550.0,2.55,TIME,50.0,4380.0,0.0
NY_ORB,2024-04-12 13:48:00+00:00,2024-04-12 14:56:00+00:00,BUY,10.0,2404.295,2426.255,21660.0,21.66,TP,345.0,22290.0,-4160.0
ASIAN_MR,2024-04-15 02:15:00+00:00,2024-04-15 02:50:00+00:00,SHORT,10.0,2361.125,2356.1136500000002,4711.35,4.711349999999766,TP_Z_NEUTRAL,35.0,3050.0,-1670.0
LONDON_ORB,2024-04-15 08:35:00+00:00,2024-04-15 10:57:00+00:00,SELL,10.0,2348.885,2355.935,-7350.0,-7.35,SL,715.0,4270.0,-7030.0
NY_ORB,2024-04-15 14:05:00+00:00,2024-04-15 16:29:00+00:00,SELL,10.0,2343.015,2348.525,-5810.0,-5.81,TIME,725.0,19156.67,-9440.0
ASIAN_MR,2024-04-16 03:00:00+00:00,2024-04-16 03:25:00+00:00,SHORT,10.0,2385.685,2388.6893148087447,-3304.31,-3.304314808744766,SL_ATR,25.0,1400.0,-3513.0
LONDON_ORB,2024-04-16 10:10:00+00:00,2024-04-16 10:14:00+00:00,BUY,10.0,2368.315,2374.8750000000005,6260.0,6.26,TP,25.0,6912.92,0.0
NY_ORB,2024-04-16 14:00:00+00:00,2024-04-16 14:52:00+00:00,SELL,10.0,2369.705,2378.455,-9050.0,-9.05,SL,265.0,6270.0,-8940.0
LONDON_ORB,2024-04-17 08:35:00+00:00,2024-04-17 08:35:00+00:00,BUY,10.0,2385.055,2390.408999999999,5054.0,5.054,TP,5.0,5860.0,0.0
NY_ORB,2024-04-17 14:05:00+00:00,2024-04-17 14:32:00+00:00,SELL,10.0,2387.835,2393.478,-5942.86,-5.943,SL,140.0,1840.0,-5902.86
ASIAN_MR,2024-04-18 02:40:00+00:00,2024-04-18 03:40:00+00:00,SHORT,10.0,2372.745,2374.845,-2400.0,-2.399999999999909,TIME_STOP_60M,60.0,487.0,-2460.0
LONDON_ORB,2024-04-18 10:25:00+00:00,2024-04-18 11:29:00+00:00,BUY,10.0,2380.108,2381.355,947.14,0.947,TIME,325.0,3777.14,-1240.0
LONDON_ORB,2024-04-19 11:05:00+00:00,2024-04-19 11:29:00+00:00,SELL,10.0,2379.528,2374.655,4572.86,4.573,TIME,125.0,6722.86,0.0
NY_ORB,2024-04-19 13:50:00+00:00,2024-04-19 14:15:00+00:00,SELL,10.0,2380.615,2386.698,-6383.08,-6.383,SL,130.0,3060.0,-6110.0
ASIAN_MR,2024-04-22 01:40:00+00:00,2024-04-22 02:20:00+00:00,LONG,10.0,2376.735,2373.9246295820067,-3110.37,-3.1103704179934537,SL_ATR,40.0,2320.0,-3840.0
LONDON_ORB,2024-04-22 11:05:00+00:00,2024-04-22 11:06:00+00:00,SELL,10.0,2359.665,2353.0649999999996,6300.0,6.3,TP,10.0,7480.83,0.0
LONDON_ORB,2024-04-23 09:15:00+00:00,2024-04-23 09:15:00+00:00,SELL,10.0,2305.535,2298.5549999999994,6680.0,6.68,TP,5.0,8470.0,0.0
NY_ORB,2024-04-23 13:50:00+00:00,2024-04-23 16:29:00+00:00,BUY,10.0,2319.745,2326.675,6630.0,6.63,TIME,800.0,12300.0,-5400.0
ASIAN_MR,2024-04-24 03:25:00+00:00,2024-04-24 03:55:00+00:00,SHORT,10.0,2324.745,2327.4804096828625,-3035.41,-3.0354096828626096,SL_ATR,30.0,940.0,-3300.0
LONDON_ORB,2024-04-24 09:20:00+00:00,2024-04-24 11:29:00+00:00,SELL,10.0,2317.448,2315.455,1692.78,1.693,TIME,650.0,5812.78,-967.22
NY_ORB,2024-04-24 13:50:00+00:00,2024-04-24 14:36:00+00:00,SELL,10.0,2319.455,2325.885,-6730.0,-6.73,SL,235.0,2690.0,-6130.0
ASIAN_MR,2024-04-25 02:35:00+00:00,2024-04-25 02:50:00+00:00,SHORT,10.0,2321.445,2319.2358,1909.2,1.9092000000002372,TP_Z_NEUTRAL,15.0,1257.0,-80.0
LONDON_ORB,2024-04-25 11:10:00+00:00,2024-04-25 11:29:00+00:00,BUY,10.0,2328.725,2326.908,-2117.14,-2.117,TIME,100.0,1460.0,-1870.0
NY_ORB,2024-04-25 14:35:00+00:00,2024-04-25 14:40:00+00:00,BUY,10.0,2324.755,2343.415,18360.0,18.36,TP,30.0,19953.33,0.0
NY_ORB,2024-04-26 14:40:00+00:00,2024-04-26 16:29:00+00:00,SELL,10.0,2338.755,2335.955,2500.0,2.5,TIME,550.0,10150.0,-60.0
ASIAN_MR,2024-04-29 04:20:00+00:00,2024-04-29 05:00:00+00:00,SHORT,10.0,2331.725,2334.5252016903273,-3100.2,-3.1002016903274123,SL_ATR,40.0,1790.0,-4523.0
LONDON_ORB,2024-04-29 09:10:00+00:00,2024-04-29 09:46:00+00:00,BUY,10.0,2337.865,2340.9049999999997,2740.0,2.74,TP,185.0,3220.0,-690.0
NY_ORB,2024-04-29 14:30:00+00:00,2024-04-29 16:29:00+00:00,BUY,10.0,2336.535,2343.655,6820.0,6.82,TIME,600.0,10050.0,-3877.14
LONDON_ORB,2024-04-30 08:30:00+00:00,2024-04-30 08:56:00+00:00,SELL,10.0,2316.015,2311.2949999999996,4420.0,4.42,TP,135.0,5470.0,0.0
NY_ORB,2024-04-30 14:10:00+00:00,2024-04-30 16:29:00+00:00,SELL,10.0,2303.285,2298.555,4430.0,4.43,TIME,700.0,10267.0,-3580.0
LONDON_ORB,2024-05-01 09:50:00+00:00,2024-05-01 09:50:00+00:00,BUY,10.0,2286.685,2291.065,4080.0,4.08,TP,5.0,6320.0,0.0
NY_ORB,2024-05-01 14:05:00+00:00,2024-05-01 14:45:00+00:00,BUY,10.0,2303.085,2299.368,-4016.82,-4.017,SL,205.0,7193.18,-4310.0
LONDON_ORB,2024-05-02 08:30:00+00:00,2024-05-02 10:03:00+00:00,SELL,10.0,2306.548,2297.8139999999994,8433.89,8.434,TP,470.0,9290.0,-567.22
NY_ORB,2024-05-02 14:20:00+00:00,2024-05-02 16:29:00+00:00,BUY,10.0,2295.755,2301.255,5200.0,5.2,TIME,650.0,11070.0,-1297.14
ASIAN_MR,2024-05-03 04:15:00+00:00,2024-05-03 04:30:00+00:00,SHORT,10.0,2303.135,2304.5277480822597,-1692.75,-1.692748082259459,SL_ATR,15.0,1107.0,-2500.0
LONDON_ORB,2024-05-03 09:42:00+00:00,2024-05-03 10:50:00+00:00,BUY,10.0,2302.555,2298.255,-4600.0,-4.6,SL,345.0,250.0,-4636.84
LONDON_ORB,2024-05-06 09:50:00+00:00,2024-05-06 11:29:00+00:00,SELL,10.0,2320.345,2320.558,-512.9,-0.513,TIME,500.0,1670.0,-2000.0
NY_ORB,2024-05-06 14:45:00+00:00,2024-05-06 16:29:00+00:00,SELL,10.0,2322.275,2324.585,-2610.0,-2.61,TIME,525.0,2880.0,-5002.5
ASIAN_MR,2024-05-07 02:15:00+00:00,2024-05-07 02:35:00+00:00,LONG,10.0,2320.705,2325.30165,4296.65,4.296649999999954,TP_Z_NEUTRAL,20.0,3490.0,0.0
NY_ORB,2024-05-07 15:00:00+00:00,2024-05-07 16:29:00+00:00,SELL,10.0,2316.578,2315.518,760.0,0.76,TIME,450.0,4153.12,-2426.88
ASIAN_MR,2024-05-08 03:00:00+00:00,2024-05-08 04:00:00+00:00,SHORT,10.0,2316.485,2317.515,-1330.0,-1.3299999999997454,TIME_STOP_60M,60.0,1187.0,-1240.0
LONDON_ORB,2024-05-08 08:36:00+00:00,2024-05-08 10:03:00+00:00,BUY,10.0,2306.685,2312.945,5960.0,5.96,TP,440.0,6660.0,-1420.0
ASIAN_MR,2024-05-09 01:35:00+00:00,2024-05-09 01:50:00+00:00,SHORT,10.0,2311.115,2309.33345,1481.55,1.4815499999996973,TP_Z_NEUTRAL,15.0,1150.0,-1080.0
LONDON_ORB,2024-05-09 09:50:00+00:00,2024-05-09 10:42:00+00:00,SELL,10.0,2308.925,2312.905,-4280.0,-4.28,SL,265.0,1790.0,-3760.0
NY_ORB,2024-05-09 14:10:00+00:00,2024-05-09 14:10:00+00:00,BUY,10.0,2321.545,2330.1050000000005,8260.0,8.26,TP,5.0,10143.16,0.0
ASIAN_MR,2024-05-10 01:05:00+00:00,2024-05-10 01:15:00+00:00,SHORT,10.0,2350.168,2352.1627447513197,-2294.74,-2.2947447513195582,SL_ATR,10.0,1340.0,-5046.0
LONDON_ORB,2024-05-10 09:00:00+00:00,2024-05-10 09:09:00+00:00,BUY,10.0,2368.235,2373.2550000000006,4720.0,4.72,TP,50.0,5100.0,0.0
NY_ORB,2024-05-10 14:05:00+00:00,2024-05-10 14:22:00+00:00,BUY,10.0,2368.895,2363.485,-5710.0,-5.71,SL,90.0,3978.67,-6040.0
ASIAN_MR,2024-05-13 01:30:00+00:00,2024-05-13 01:40:00+00:00,LONG,10.0,2357.205,2354.9642308778034,-2540.77,-2.540769122196525,SL_ATR,10.0,53.0,-2490.0
LONDON_ORB,2024-05-13 08:30:00+00:00,2024-05-13 08:30:00+00:00,SELL,10.0,2348.065,2343.6790000000005,4086.11,4.086,TP,5.0,4996.94,0.0
NY_ORB,2024-05-13 15:05:00+00:00,2024-05-13 16:29:00+00:00,SELL,10.0,2342.308,2335.588,6420.0,6.42,TIME,425.0,10322.86,0.0
LONDON_ORB,2024-05-14 08:25:00+00:00,2024-05-14 08:33:00+00:00,BUY,10.0,2339.595,2337.805,-2090.0,-2.09,SL,45.0,50.0,-1900.0
NY_ORB,2024-05-14 14:10:00+00:00,2024-05-14 16:29:00+00:00,BUY,10.0,2349.655,2348.818,-1137.06,-1.137,TIME,700.0,5762.94,-3450.0
ASIAN_MR,2024-05-15 01:35:00+00:00,2024-05-15 02:10:00+00:00,SHORT,10.0,2357.768,2355.96425,1503.75,1.5037500000000363,TP_Z_NEUTRAL,35.0,1240.0,-717.0
LONDON_ORB,2024-05-15 08:30:00+00:00,2024-05-15 08:30:00+00:00,BUY,10.0,2364.385,2368.6450000000004,3960.0,3.96,TP,5.0,4830.0,0.0
NY_ORB,2024-05-15 13:47:00+00:00,2024-05-15 14:36:00+00:00,SELL,10.0,2361.165,2370.265,-9400.0,-9.4,SL,250.0,9430.0,-9798.89
ASIAN_MR,2024-05-16 01:55:00+00:00,2024-05-16 02:05:00+00:00,LONG,10.0,2391.485,2388.4996655586597,-3285.33,-3.2853344413404555,SL_ATR,10.0,0.0,-4500.0
LONDON_ORB,2024-05-16 08:15:00+00:00,2024-05-16 10:30:00+00:00,SELL,10.0,2388.365,2382.584999999999,5480.0,5.48,TP,680.0,6290.0,-70.0
ASIAN_MR,2024-05-17 02:55:00+00:00,2024-05-17 03:25:00+00:00,LONG,10.0,2375.025,2377.53195,2206.95,2.206949999999961,TP_Z_NEUTRAL,30.0,2110.0,-450.0
LONDON_ORB,2024-05-17 09:05:00+00:00,2024-05-17 09:29:00+00:00,BUY,10.0,2384.695,2381.795,-3200.0,-3.2,SL,125.0,1750.0,-2940.0
NY_ORB,2024-05-17 14:02:00+00:00,2024-05-17 15:05:00+00:00,BUY,10.0,2403.405,2418.645000000001,14940.0,14.94,TP,320.0,15583.0,-4780.0
ASIAN_MR,2024-05-20 01:10:00+00:00,2024-05-20 02:10:00+00:00,SHORT,10.0,2434.135,2431.865,1970.0,1.9700000000004365,TIME_STOP_60M,60.0,7760.0,-2870.0
LONDON_ORB,2024-05-20 09:06:00+00:00,2024-05-20 10:35:00+00:00,BUY,10.0,2443.495,2437.915,-5880.0,-5.88,SL,450.0,3520.0,-7480.0
NY_ORB,2024-05-20 15:40:00+00:00,2024-05-20 16:29:00+00:00,BUY,10.0,2419.295,2425.945,6350.0,6.35,TIME,250.0,6913.33,0.0
LONDON_ORB,2024-05-21 09:45:00+00:00,2024-05-21 10:51:00+00:00,SELL,10.0,2417.065,2419.875,-3110.0,-3.11,SL,335.0,3220.0,-2620.0
NY_ORB,2024-05-21 15:45:00+00:00,2024-05-21 16:29:00+00:00,SELL,10.0,2424.738,2419.308,5130.0,5.13,TIME,225.0,6862.86,-457.14
ASIAN_MR,2024-05-22 01:40:00+00:00,2024-05-22 01:45:00+00:00,LONG,10.0,2419.724,2421.38,1356.0,1.355999999999949,TP_Z_NEUTRAL,5.0,2120.0,-150.0
LONDON_ORB,2024-05-22 08:25:00+00:00,2024-05-22 08:28:00+00:00,SELL,10.0,2415.184,2410.964000000001,3920.0,3.92,TP,20.0,4580.0,0.0
NY_ORB,2024-05-22 14:10:00+00:00,2024-05-22 14:16:00+00:00,SELL,10.0,2405.675,2393.2750000000005,12100.0,12.1,TP,35.0,13776.92,0.0
ASIAN_MR,2024-05-23 04:05:00+00:00,2024-05-23 05:05:00+00:00,SHORT,10.0,2372.695,2370.958,1437.0,1.43700000000008,TIME_STOP_60M,60.0,2237.0,-1113.0
LONDON_ORB,2024-05-23 08:35:00+00:00,2024-05-23 09:16:00+00:00,BUY,10.0,2357.685,2362.5989999999997,4613.94,4.614,TP,210.0,5710.0,0.0
NY_ORB,2024-05-23 13:50:00+00:00,2024-05-23 14:17:00+00:00,SELL,10.0,2362.105,2347.4249999999997,14380.0,14.38,TP,140.0,15480.0,-1640.0
ASIAN_MR,2024-05-24 04:15:00+00:00,2024-05-24 05:15:00+00:00,SHORT,10.0,2333.045,2334.498,-1753.0,-1.7529999999999746,TIME_STOP_60M,60.0,1140.0,-1940.0
LONDON_ORB,2024-05-24 10:20:00+00:00,2024-05-24 11:29:00+00:00,BUY,10.0,2338.775,2340.635,1560.0,1.56,TIME,350.0,4960.0,-270.0
NY_ORB,2024-05-24 14:07:00+00:00,2024-05-24 16:29:00+00:00,SELL,10.0,2340.358,2335.638,4420.0,4.42,TIME,715.0,8102.73,-1467.27
ASIAN_MR,2024-05-27 03:00:00+00:00,2024-05-27 03:35:00+00:00,SHORT,10.0,2345.185,2340.7164,4168.6,4.1686000000001515,TP_Z_NEUTRAL,35.0,1700.0,-2300.0
LONDON_ORB,2024-05-27 08:45:00+00:00,2024-05-27 11:29:00+00:00,BUY,10.0,2341.528,2344.485,2656.96,2.657,TIME,825.0,4556.96,0.0
NY_ORB,2024-05-27 13:50:00+00:00,2024-05-27 16:29:00+00:00,BUY,10.0,2353.035,2353.955,620.0,0.62,TIME,800.0,5352.78,-1007.22
ASIAN_MR,2024-05-28 01:40:00+00:00,2024-05-28 02:10:00+00:00,SHORT,10.0,2354.395,2352.0511500000002,2043.85,2.0438499999997477,TP_Z_NEUTRAL,30.0,1487.0,-1833.0
LONDON_ORB,2024-05-28 08:19:00+00:00,2024-05-28 08:57:00+00:00,SELL,10.0,2340.635,2344.935,-4600.0,-4.6,SL,195.0,480.0,-4120.0
NY_ORB,2024-05-28 14:05:00+00:00,2024-05-28 16:29:00+00:00,SELL,10.0,2357.025,2357.355,-630.0,-0.63,TIME,725.0,9220.0,-5080.0
LONDON_ORB,2024-05-29 11:10:00+00:00,2024-05-29 11:29:00+00:00,SELL,10.0,2348.684,2344.725,3658.85,3.659,TIME,100.0,6058.85,0.0
LONDON_ORB,2024-05-30 09:30:00+00:00,2024-05-30 09:46:00+00:00,BUY,10.0,2335.205,2331.955,-3550.0,-3.55,SL,85.0,2210.0,-3670.0
NY_ORB,2024-05-30 15:20:00+00:00,2024-05-30 16:29:00+00:00,SELL,10.0,2342.435,2343.835,-1700.0,-1.7,TIME,350.0,1671.25,-2770.0
LONDON_ORB,2024-05-31 09:35:00+00:00,2024-05-31 11:29:00+00:00,BUY,10.0,2342.225,2343.575,1050.0,1.05,TIME,575.0,2560.0,-780.0
NY_ORB,2024-05-31 13:55:00+00:00,2024-05-31 14:10:00+00:00,SELL,10.0,2350.135,2341.6490000000003,8185.79,8.186,TP,80.0,9300.0,0.0
LONDON_ORB,2024-06-03 10:20:00+00:00,2024-06-03 11:29:00+00:00,BUY,10.0,2327.515,2331.208,3392.86,3.393,TIME,350.0,5612.86,-1170.0
NY_ORB,2024-06-03 14:05:00+00:00,2024-06-03 16:29:00+00:00,BUY,10.0,2336.605,2343.575,6670.0,6.67,TIME,725.0,8970.0,-1246.88
LONDON_ORB,2024-06-04 09:05:00+00:00,2024-06-04 11:29:00+00:00,SELL,10.0,2334.735,2325.4,9035.0,9.035,TIME,725.0,9335.0,0.0
NY_ORB,2024-06-04 14:00:00+00:00,2024-06-04 16:29:00+00:00,SELL,10.0,2326.675,2323.695,2680.0,2.68,TIME,750.0,11167.5,-5660.0
ASIAN_MR,2024-06-05 01:55:00+00:00,2024-06-05 02:15:00+00:00,SHORT,10.0,2330.305,2332.054418487387,-2049.42,-2.0494184873871744,SL_ATR,20.0,540.0,-1760.0
LONDON_ORB,2024-06-05 10:10:00+00:00,2024-06-05 10:42:00+00:00,SELL,10.0,2331.245,2334.485,-3540.0,-3.54,SL,165.0,1896.8,-3100.0
NY_ORB,2024-06-05 13:50:00+00:00,2024-06-05 13:56:00+00:00,SELL,10.0,2339.275,2343.075,-4100.0,-4.1,SL,35.0,520.0,-3830.0
LONDON_ORB,2024-06-06 08:35:00+00:00,2024-06-06 08:54:00+00:00,SELL,10.0,2361.655,2362.995,-1640.0,-1.64,SL,100.0,1980.0,-1040.0
NY_ORB,2024-06-06 16:20:00+00:00,2024-06-06 16:29:00+00:00,BUY,10.0,2366.898,2374.375,7177.27,7.177,TIME,50.0,7517.27,0.0
ASIAN_MR,2024-06-07 01:15:00+00:00,2024-06-07 01:25:00+00:00,LONG,10.0,2374.355,2372.3022108760606,-2352.79,-2.352789123939419,SL_ATR,10.0,640.0,-2780.0
LONDON_ORB,2024-06-07 08:15:00+00:00,2024-06-07 11:29:00+00:00,SELL,9.89,2350.805,2334.515,15814.11,15.99,TIME,975.0,19621.76,-6655.97
ASIAN_MR,2024-06-10 02:05:00+00:00,2024-06-10 02:30:00+00:00,SHORT,10.0,2298.665,2296.1562999999996,2208.7,2.2087000000003174,TP_Z_NEUTRAL,25.0,1140.0,-1430.0
LONDON_ORB,2024-06-10 11:05:00+00:00,2024-06-10 11:29:00+00:00,BUY,10.0,2297.395,2298.925,1230.0,1.23,TIME,125.0,3660.0,0.0
NY_ORB,2024-06-10 15:45:00+00:00,2024-06-10 16:29:00+00:00,BUY,10.0,2306.195,2312.508,6012.94,6.013,TIME,225.0,6640.0,-590.0
LONDON_ORB,2024-06-11 08:30:00+00:00,2024-06-11 09:28:00+00:00,BUY,10.0,2306.465,2303.115,-3650.0,-3.65,SL,295.0,840.0,-3510.0
LONDON_ORB,2024-06-12 09:58:00+00:00,2024-06-12 11:29:00+00:00,SELL,10.0,2313.785,2313.885,-400.0,-0.4,TIME,460.0,1656.98,-883.02
LONDON_ORB,2024-06-13 09:15:00+00:00,2024-06-13 09:41:00+00:00,BUY,10.0,2317.125,2314.585,-2840.0,-2.84,SL,135.0,1160.0,-2540.0
NY_ORB,2024-06-13 14:10:00+00:00,2024-06-13 15:47:00+00:00,SELL,10.0,2317.905,2304.3650000000002,13240.0,13.24,TP,490.0,16240.0,0.0
LONDON_ORB,2024-06-14 10:25:00+00:00,2024-06-14 11:29:00+00:00,BUY,10.0,2321.525,2328.905,7080.0,7.08,TIME,325.0,11040.0,0.0
NY_ORB,2024-06-14 14:10:00+00:00,2024-06-14 15:52:00+00:00,BUY,10.0,2331.828,2324.088,-8040.0,-8.04,SL,515.0,3530.0,-7753.0
LONDON_ORB,2024-06-17 10:50:00+00:00,2024-06-17 11:29:00+00:00,BUY,10.0,2319.805,2321.195,1090.0,1.09,TIME,200.0,2030.0,-380.0
NY_ORB,2024-06-17 13:45:00+00:00,2024-06-17 14:29:00+00:00,SELL,10.0,2319.564,2325.615,-6350.77,-6.351,SL,225.0,1349.23,-6930.77
LONDON_ORB,2024-06-18 08:30:00+00:00,2024-06-18 10:25:00+00:00,SELL,10.0,2313.125,2308.647,4178.06,4.178,TP,580.0,5276.94,-1040.0
LONDON_ORB,2024-06-19 09:10:00+00:00,2024-06-19 11:29:00+00:00,SELL,10.0,2331.725,2328.685,2740.0,2.74,TIME,700.0,6010.0,0.0
NY_ORB,2024-06-19 14:05:00+00:00,2024-06-19 16:00:00+00:00,SELL,10.0,2327.878,2330.295,-2716.97,-2.717,SL,580.0,3643.03,-2360.0
ASIAN_MR,2024-06-20 01:05:00+00:00,2024-06-20 01:10:00+00:00,SHORT,10.0,2332.775,2334.2715593766848,-1796.56,-1.7965593766846724,SL_ATR,5.0,220.0,-1600.0
LONDON_ORB,2024-06-20 11:25:00+00:00,2024-06-20 11:29:00+00:00,BUY,10.0,2338.588,2339.445,556.88,0.557,TIME,25.0,1746.88,-233.12
NY_ORB,2024-06-20 13:48:00+00:00,2024-06-20 14:48:00+00:00,BUY,10.0,2345.258,2361.084,15526.0,15.526,TP,305.0,16957.0,-483.0
ASIAN_MR,2024-06-21 01:35:00+00:00,2024-06-21 02:05:00+00:00,LONG,10.0,2358.725,2361.80535,2780.35,2.7803500000001806,TP_Z_NEUTRAL,30.0,1973.0,-60.0
LONDON_ORB,2024-06-21 08:22:00+00:00,2024-06-21 10:04:00+00:00,BUY,10.0,2365.125,2362.558,-2867.1,-2.867,SL,515.0,2890.0,-2790.0
NY_ORB,2024-06-21 13:50:00+00:00,2024-06-21 13:55:00+00:00,SELL,10.0,2348.945,2335.0050000000006,13640.0,13.64,TP,30.0,14280.0,0.0
ASIAN_MR,2024-06-24 01:10:00+00:00,2024-06-24 01:30:00+00:00,SHORT,10.0,2322.645,2324.6805233417545,-2335.52,-2.3355233417544694,SL_ATR,20.0,1270.0,-2633.0
LONDON_ORB,2024-06-24 09:10:00+00:00,2024-06-24 09:33:00+00:00,SELL,10.0,2329.055,2321.7889999999993,6965.91,6.966,TP,120.0,8430.0,-1460.0
NY_ORB,2024-06-24 13:50:00+00:00,2024-06-24 14:42:00+00:00,SELL,10.0,2330.388,2333.765,-3677.08,-3.677,SL,265.0,3572.92,-3120.0
LONDON_ORB,2024-06-25 09:20:00+00:00,2024-06-25 10:22:00+00:00,BUY,10.0,2327.365,2336.5249999999996,8860.0,8.86,TP,315.0,9242.94,0.0
NY_ORB,2024-06-25 15:35:00+00:00,2024-06-25 15:55:00+00:00,SELL,10.0,2320.175,2324.435,-4560.0,-4.56,SL,105.0,2380.0,-4030.0
LONDON_ORB,2024-06-26 10:20:00+00:00,2024-06-26 11:00:00+00:00,SELL,10.0,2313.095,2307.055,5740.0,5.74,TP,205.0,6450.0,0.0
NY_ORB,2024-06-26 14:05:00+00:00,2024-06-26 16:29:00+00:00,BUY,10.0,2299.885,2301.195,1010.0,1.01,TIME,725.0,4150.0,-4627.33
ASIAN_MR,2024-06-27 04:10:00+00:00,2024-06-27 04:30:00+00:00,SHORT,10.0,2300.668,2299.04295,1325.05,1.325050000000101,TP_Z_NEUTRAL,20.0,1380.0,-190.0
LONDON_ORB,2024-06-27 09:05:00+00:00,2024-06-27 09:05:00+00:00,BUY,10.0,2304.335,2309.135,4500.0,4.5,TP,5.0,5203.03,0.0
NY_ORB,2024-06-27 14:05:00+00:00,2024-06-27 16:29:00+00:00,BUY,10.0,2324.808,2325.015,-93.33,-0.093,TIME,725.0,6016.67,-2262.67
ASIAN_MR,2024-06-28 02:50:00+00:00,2024-06-28 03:25:00+00:00,SHORT,10.0,2323.605,2321.55235,1752.65,1.752650000000085,TP_Z_NEUTRAL,35.0,1650.0,-1253.0
LONDON_ORB,2024-06-28 08:25:00+00:00,2024-06-28 10:19:00+00:00,BUY,10.0,2328.335,2332.295,3660.0,3.66,TP,575.0,4790.0,-1200.0
LONDON_ORB,2024-07-01 08:30:00+00:00,2024-07-01 09:18:00+00:00,BUY,10.0,2324.215,2329.0950000000003,4580.0,4.58,TP,245.0,5050.0,-640.0
NY_ORB,2024-07-01 13:47:00+00:00,2024-07-01 13:59:00+00:00,BUY,10.0,2333.095,2325.475,-7920.0,-7.92,SL,65.0,973.0,-9397.0
ASIAN_MR,2024-07-02 02:00:00+00:00,2024-07-02 02:15:00+00:00,SHORT,10.0,2333.798,2332.5482500000003,949.75,0.9497499999994943,TP_Z_NEUTRAL,15.0,1593.0,-310.0
LONDON_ORB,2024-07-02 08:30:00+00:00,2024-07-02 08:51:00+00:00,SELL,10.0,2329.928,2331.658,-2030.0,-2.03,SL,110.0,1623.04,-1586.96
NY_ORB,2024-07-02 13:49:00+00:00,2024-07-02 14:09:00+00:00,BUY,10.0,2333.728,2326.998,-7030.0,-7.03,SL,105.0,2940.0,-9203.33
ASIAN_MR,2024-07-03 01:40:00+00:00,2024-07-03 02:05:00+00:00,LONG,10.0,2329.045,2330.6398500000005,1294.85,1.294850000000406,TP_Z_NEUTRAL,25.0,1913.0,-510.0
LONDON_ORB,2024-07-03 10:40:00+00:00,2024-07-03 11:08:00+00:00,BUY,10.0,2347.438,2345.105,-2632.94,-2.633,SL,145.0,1980.0,-2530.0
NY_ORB,2024-07-03 14:05:00+00:00,2024-07-03 16:29:00+00:00,BUY,10.0,2357.758,2358.385,327.0,0.327,TIME,725.0,7037.0,-173.0
LONDON_ORB,2024-07-04 08:35:00+00:00,2024-07-04 08:53:00+00:00,SELL,10.0,2356.755,2358.825,-2370.0,-2.37,SL,95.0,1340.0,-1793.08
NY_ORB,2024-07-04 14:00:00+00:00,2024-07-04 14:19:00+00:00,BUY,10.0,2358.158,2360.024,1566.05,1.566,TP,100.0,2256.98,-280.0
ASIAN_MR,2024-07-05 02:10:00+00:00,2024-07-05 02:25:00+00:00,SHORT,10.0,2360.035,2361.689862148482,-1954.86,-1.9548621484821525,SL_ATR,15.0,680.0,-1923.0
LONDON_ORB,2024-07-05 09:55:00+00:00,2024-07-05 11:29:00+00:00,SELL,10.0,2364.515,2364.935,-720.0,-0.72,TIME,475.0,2800.0,-1283.08
ASIAN_MR,2024-07-08 01:15:00+00:00,2024-07-08 01:35:00+00:00,SHORT,10.0,2389.358,2386.66325,2394.75,2.394750000000113,TP_Z_NEUTRAL,20.0,2123.0,-50.0
LONDON_ORB,2024-07-08 08:35:00+00:00,2024-07-08 08:37:00+00:00,SELL,10.0,2377.185,2374.1649999999995,2720.0,2.72,TP,15.0,3400.0,0.0
NY_ORB,2024-07-08 13:50:00+00:00,2024-07-08 14:02:00+00:00,SELL,10.0,2371.995,2376.968,-5273.12,-5.273,SL,65.0,1786.88,-4700.0
ASIAN_MR,2024-07-09 04:05:00+00:00,2024-07-09 04:30:00+00:00,SHORT,10.0,2368.045,2365.4175499999997,2327.45,2.3274500000004084,TP_Z_NEUTRAL,25.0,1787.0,-613.0
LONDON_ORB,2024-07-09 09:20:00+00:00,2024-07-09 11:29:00+00:00,BUY,10.0,2360.878,2360.375,-803.12,-0.803,TIME,650.0,4636.88,-1253.12
NY_ORB,2024-07-09 14:05:00+00:00,2024-07-09 14:59:00+00:00,SELL,10.0,2362.715,2354.3150000000005,8100.0,8.1,TP,275.0,8740.0,-2303.16
ASIAN_MR,2024-07-10 01:10:00+00:00,2024-07-10 02:10:00+00:00,LONG,10.0,2364.025,2367.898,3573.0,3.5730000000000475,TIME_STOP_60M,60.0,5720.0,-137.0
LONDON_ORB,2024-07-10 08:15:00+00:00,2024-07-10 11:29:00+00:00,BUY,10.0,2373.255,2373.375,-180.0,-0.18,TIME,975.0,1963.1,-1670.0
NY_ORB,2024-07-10 13:55:00+00:00,2024-07-10 14:21:00+00:00,BUY,10.0,2381.545,2378.084,-3760.87,-3.761,SL,135.0,5003.04,-3880.0
ASIAN_MR,2024-07-11 03:30:00+00:00,2024-07-11 04:25:00+00:00,SHORT,10.0,2379.445,2380.9087701780913,-1763.77,-1.7637701780911812,SL_ATR,55.0,930.0,-2030.0
NY_ORB,2024-07-11 13:48:00+00:00,2024-07-11 14:01:00+00:00,SELL,10.0,2395.835,2409.165,-13630.0,-13.63,SL,70.0,140.0,-13440.0
ASIAN_MR,2024-07-12 01:30:00+00:00,2024-07-12 02:20:00+00:00,LONG,10.0,2409.315,2406.8151636883576,-2799.84,-2.7998363116424114,SL_ATR,50.0,713.0,-2680.0
LONDON_ORB,2024-07-12 08:45:00+00:00,2024-07-12 09:32:00+00:00,BUY,10.0,2406.365,2403.685,-2980.0,-2.98,SL,240.0,1783.0,-3040.0
LONDON_ORB,2024-07-15 09:20:00+00:00,2024-07-15 09:20:00+00:00,BUY,10.0,2408.045,2410.3050000000003,1960.0,1.96,TP,5.0,2420.0,0.0
NY_ORB,2024-07-15 14:00:00+00:00,2024-07-15 14:52:00+00:00,BUY,10.0,2417.155,2427.869000000001,10414.0,10.414,TP,265.0,11170.0,0.0
ASIAN_MR,2024-07-16 01:15:00+00:00,2024-07-16 01:30:00+00:00,SHORT,10.0,2424.528,2426.077825403483,-1849.83,-1.8498254034832826,SL_ATR,15.0,790.0,-2347.0
LONDON_ORB,2024-07-16 09:40:00+00:00,2024-07-16 11:29:00+00:00,BUY,10.0,2437.435,2441.055,3320.0,3.32,TIME,550.0,5910.0,0.0
NY_ORB,2024-07-16 15:25:00+00:00,2024-07-16 16:29:00+00:00,BUY,10.0,2446.678,2462.605,15627.5,15.627,TIME,325.0,18450.0,0.0
LONDON_ORB,2024-07-17 08:25:00+00:00,2024-07-17 10:54:00+00:00,SELL,10.0,2473.958,2467.564,6094.0,6.094,TP,750.0,7380.0,-2757.2
NY_ORB,2024-07-17 14:15:00+00:00,2024-07-17 16:29:00+00:00,SELL,10.0,2471.175,2453.255,17620.0,17.62,TIME,675.0,18470.0,-1400.0
ASIAN_MR,2024-07-18 01:15:00+00:00,2024-07-18 01:20:00+00:00,SHORT,10.0,2461.975,2463.9808009791936,-2305.8,-2.3058009791937364,SL_ATR,5.0,60.0,-2040.0
LONDON_ORB,2024-07-18 10:55:00+00:00,2024-07-18 10:55:00+00:00,SELL,10.0,2471.448,2467.788,3360.0,3.36,TP,5.0,7232.95,0.0
NY_ORB,2024-07-18 14:00:00+00:00,2024-07-18 16:03:00+00:00,BUY,10.0,2463.965,2457.495,-6770.0,-6.77,SL,620.0,5810.0,-7870.0
LONDON_ORB,2024-07-19 10:10:00+00:00,2024-07-19 11:29:00+00:00,SELL,10.0,2416.215,2413.748,2167.33,2.167,TIME,400.0,5900.0,0.0
NY_ORB,2024-07-19 15:10:00+00:00,2024-07-19 16:29:00+00:00,BUY,10.0,2406.555,2402.128,-4727.14,-4.727,TIME,400.0,1720.0,-5310.0
LONDON_ORB,2024-07-22 09:46:00+00:00,2024-07-22 11:29:00+00:00,BUY,10.0,2404.155,2403.015,-1440.0,-1.44,TIME,520.0,4112.86,-2180.0
LONDON_ORB,2024-07-23 11:25:00+00:00,2024-07-23 11:25:00+00:00,BUY,10.0,2398.805,2403.984999999999,4880.0,4.88,TP,5.0,13102.9,0.0
LONDON_ORB,2024-07-24 09:25:00+00:00,2024-07-24 09:52:00+00:00,SELL,10.0,2412.175,2414.988,-3112.86,-3.113,SL,140.0,1670.0,-2570.0
NY_ORB,2024-07-24 13:50:00+00:00,2024-07-24 16:29:00+00:00,BUY,10.0,2423.895,2420.805,-3390.0,-3.39,TIME,800.0,8050.0,-4790.0
LONDON_ORB,2024-07-25 10:40:00+00:00,2024-07-25 11:18:00+00:00,BUY,10.0,2377.295,2373.705,-3890.0,-3.89,SL,195.0,5190.0,-3800.0
NY_ORB,2024-07-25 14:20:00+00:00,2024-07-25 16:29:00+00:00,SELL,10.0,2364.375,2362.215,1860.0,1.86,TIME,650.0,6990.0,-4030.0
ASIAN_MR,2024-07-26 01:50:00+00:00,2024-07-26 02:30:00+00:00,SHORT,10.0,2370.945,2373.9986931563344,-3353.69,-3.3536931563342476,SL_ATR,40.0,530.0,-4360.0
NY_ORB,2024-07-26 13:46:00+00:00,2024-07-26 16:29:00+00:00,BUY,10.0,2382.595,2387.678,4783.08,4.783,TIME,820.0,8060.0,-3850.0
NY_ORB,2024-07-29 13:45:00+00:00,2024-07-29 14:44:00+00:00,SELL,10.0,2391.318,2381.3240000000005,9693.75,9.694,TP,300.0,10983.12,-2606.88
ASIAN_MR,2024-07-30 03:30:00+00:00,2024-07-30 04:00:00+00:00,SHORT,10.0,2383.925,2386.347535879234,-2722.54,-2.722535879233692,SL_ATR,30.0,270.0,-2543.0
LONDON_ORB,2024-07-30 10:11:00+00:00,2024-07-30 10:52:00+00:00,SELL,10.0,2389.695,2391.395,-2000.0,-2.0,SL,210.0,1990.0,-1712.98
NY_ORB,2024-07-30 13:45:00+00:00,2024-07-30 16:29:00+00:00,SELL,10.0,2392.548,2390.238,2010.0,2.01,TIME,825.0,9283.12,-3316.88
ASIAN_MR,2024-07-31 03:35:00+00:00,2024-07-31 04:05:00+00:00,SHORT,10.0,2417.955,2409.7042,7950.8,7.950799999999799,TP_Z_NEUTRAL,30.0,3180.0,-940.0
LONDON_ORB,2024-07-31 11:05:00+00:00,2024-07-31 11:29:00+00:00,BUY,10.0,2418.335,2419.505,870.0,0.87,TIME,125.0,2633.06,0.0
NY_ORB,2024-07-31 13:52:00+00:00,2024-07-31 14:52:00+00:00,BUY,10.0,2425.055,2419.735,-5620.0,-5.62,SL,305.0,3863.33,-5596.67
LONDON_ORB,2024-08-01 08:30:00+00:00,2024-08-01 08:39:00+00:00,SELL,10.0,2439.745,2434.745,4700.0,4.7,TP,50.0,5860.0,0.0
NY_ORB,2024-08-01 14:05:00+00:00,2024-08-01 14:08:00+00:00,BUY,10.0,2457.225,2450.724,-6800.83,-6.801,SL,20.0,2860.0,-8250.0
ASIAN_MR,2024-08-02 03:15:00+00:00,2024-08-02 03:30:00+00:00,SHORT,10.0,2457.964,2451.1241,6539.9,6.539899999999943,TP_Z_NEUTRAL,15.0,5759.0,0.0
LONDON_ORB,2024-08-02 10:25:00+00:00,2024-08-02 11:13:00+00:00,BUY,10.0,2463.585,2460.815,-3070.0,-3.07,SL,245.0,1320.0,-2940.0
NY_ORB,2024-08-02 14:35:00+00:00,2024-08-02 14:37:00+00:00,SELL,10.0,2462.504,2444.9359999999997,17267.78,17.268,TP,15.0,19875.56,0.0
ASIAN_MR,2024-08-05 03:55:00+00:00,2024-08-05 04:10:00+00:00,SHORT,10.0,2450.835,2455.5076435536325,-4972.64,-4.972643553632497,SL_ATR,15.0,87.0,-5550.0
LONDON_ORB,2024-08-05 09:20:00+00:00,2024-08-05 10:49:00+00:00,SELL,10.0,2427.995,2415.3149999999996,12380.0,12.38,TP,450.0,13250.0,-640.0
ASIAN_MR,2024-08-06 04:20:00+00:00,2024-08-06 04:30:00+00:00,SHORT,10.0,2410.795,2408.8701,1624.9,1.6248999999999796,TP_Z_NEUTRAL,10.0,2020.0,0.0
NY_ORB,2024-08-06 14:15:00+00:00,2024-08-06 14:29:00+00:00,BUY,10.0,2397.395,2390.235,-7460.0,-7.46,SL,75.0,220.0,-7360.0
LONDON_ORB,2024-08-07 09:05:00+00:00,2024-08-07 10:40:00+00:00,BUY,10.0,2391.235,2397.315,5780.0,5.78,TP,480.0,6310.0,0.0
NY_ORB,2024-08-07 15:02:00+00:00,2024-08-07 16:29:00+00:00,SELL,10.0,2398.478,2394.238,3940.0,3.94,TIME,440.0,6633.08,-3236.92
LONDON_ORB,2024-08-08 09:05:00+00:00,2024-08-08 09:14:00+00:00,BUY,10.0,2398.015,2395.955,-2360.0,-2.36,SL,50.0,850.0,-2120.0
NY_ORB,2024-08-08 14:15:00+00:00,2024-08-08 16:29:00+00:00,BUY,10.0,2415.355,2423.025,7370.0,7.37,TIME,675.0,8840.0,-3557.0
ASIAN_MR,2024-08-09 03:00:00+00:00,2024-08-09 03:35:00+00:00,LONG,10.0,2422.845,2420.203242816696,-2941.76,-2.94175718330398,SL_ATR,35.0,410.0,-3090.0
LONDON_ORB,2024-08-09 10:31:00+00:00,2024-08-09 11:29:00+00:00,BUY,10.0,2426.615,2429.038,2122.86,2.123,TIME,295.0,5890.0,-800.0
NY_ORB,2024-08-09 13:45:00+00:00,2024-08-09 14:21:00+00:00,SELL,10.0,2421.998,2433.008,-11310.0,-11.31,SL,185.0,1032.86,-10997.14
ASIAN_MR,2024-08-12 01:50:00+00:00,2024-08-12 02:15:00+00:00,LONG,10.0,2425.355,2427.87655,2221.55,2.221549999999934,TP_Z_NEUTRAL,25.0,1430.0,-1660.0
LONDON_ORB,2024-08-12 09:14:00+00:00,2024-08-12 11:29:00+00:00,BUY,10.0,2442.305,2441.805,-800.0,-0.8,TIME,680.0,2710.0,-1440.0
NY_ORB,2024-08-12 13:51:00+00:00,2024-08-12 14:20:00+00:00,BUY,10.0,2454.545,2445.665,-9180.0,-9.18,SL,150.0,2818.89,-10150.0
ASIAN_MR,2024-08-13 03:00:00+00:00,2024-08-13 03:45:00+00:00,LONG,10.0,2462.185,2464.85455,2369.55,2.369550000000072,TP_Z_NEUTRAL,45.0,2070.0,-487.0
LONDON_ORB,2024-08-13 10:00:00+00:00,2024-08-13 11:13:00+00:00,SELL,10.0,2461.645,2464.195,-2850.0,-2.85,SL,370.0,2340.0,-2350.0
ASIAN_MR,2024-08-14 01:25:00+00:00,2024-08-14 01:45:00+00:00,SHORT,10.0,2470.905,2466.51125,4093.75,4.093750000000182,TP_Z_NEUTRAL,20.0,5130.0,-1170.0
LONDON_ORB,2024-08-14 08:38:00+00:00,2024-08-14 11:29:00+00:00,BUY,10.0,2472.375,2473.418,743.18,0.743,TIME,860.0,6240.0,-1990.0
NY_ORB,2024-08-14 14:35:00+00:00,2024-08-14 16:29:00+00:00,SELL,10.0,2449.228,2440.955,7972.5,7.973,TIME,575.0,10322.5,-4917.5
ASIAN_MR,2024-08-15 03:55:00+00:00,2024-08-15 04:10:00+00:00,SHORT,10.0,2453.565,2455.242885572755,-1977.89,-1.9778855727548035,SL_ATR,15.0,0.0,-1743.0
LONDON_ORB,2024-08-15 08:20:00+00:00,2024-08-15 08:32:00+00:00,SELL,10.0,2454.405,2456.025,-1920.0,-1.92,SL,65.0,480.0,-1680.0
ASIAN_MR,2024-08-16 02:25:00+00:00,2024-08-16 03:10:00+00:00,LONG,10.0,2454.785,2452.7768552677167,-2308.14,-2.308144732283199,SL_ATR,45.0,1490.0,-2860.0
LONDON_ORB,2024-08-16 10:15:00+00:00,2024-08-16 11:16:00+00:00,BUY,10.0,2463.128,2469.7280000000005,6300.0,6.3,TP,310.0,6687.08,0.0
NY_ORB,2024-08-16 14:05:00+00:00,2024-08-16 16:26:00+00:00,SELL,10.0,2486.028,2496.245,-10517.5,-10.517,SL,710.0,8712.5,-10330.0
ASIAN_MR,2024-08-19 03:05:00+00:00,2024-08-19 03:25:00+00:00,SHORT,10.0,2504.615,2500.3349,3980.1,3.980099999999948,TP_Z_NEUTRAL,20.0,4190.0,-310.0
LONDON_ORB,2024-08-19 09:35:00+00:00,2024-08-19 10:08:00+00:00,SELL,10.0,2502.635,2497.715000000001,4620.0,4.62,TP,170.0,5510.0,0.0
ASIAN_MR,2024-08-20 03:55:00+00:00,2024-08-20 04:20:00+00:00,SHORT,10.0,2501.665,2500.3396000000002,1025.4,1.0253999999997176,TP_Z_NEUTRAL,25.0,1340.0,-660.0
NY_ORB,2024-08-20 15:05:00+00:00,2024-08-20 16:29:00+00:00,SELL,10.0,2519.744,2505.394,14050.0,14.05,TIME,425.0,19058.57,0.0
ASIAN_MR,2024-08-21 02:15:00+00:00,2024-08-21 03:00:00+00:00,SHORT,10.0,2518.995,2514.8075999999996,3887.4,3.8874000000002527,TP_Z_NEUTRAL,45.0,3220.0,-290.0
ASIAN_MR,2024-08-22 01:55:00+00:00,2024-08-22 02:20:00+00:00,LONG,10.0,2507.475,2505.5391568209857,-2235.84,-2.2358431790142275,SL_ATR,25.0,1040.0,-2480.0
LONDON_ORB,2024-08-22 09:20:00+00:00,2024-08-22 09:41:00+00:00,SELL,10.0,2504.315,2507.365,-3350.0,-3.35,SL,110.0,530.0,-3650.0
NY_ORB,2024-08-22 14:15:00+00:00,2024-08-22 16:29:00+00:00,SELL,10.0,2483.748,2483.775,-326.67,-0.327,TIME,675.0,13043.33,-2006.67
ASIAN_MR,2024-08-23 03:20:00+00:00,2024-08-23 04:20:00+00:00,SHORT,10.0,2492.305,2493.395,-1390.0,-1.3900000000001456,TIME_STOP_60M,60.0,1140.0,-2080.0
LONDON_ORB,2024-08-23 09:15:00+00:00,2024-08-23 11:29:00+00:00,BUY,10.0,2496.345,2499.545,2900.0,2.9,TIME,675.0,5380.0,-830.0
NY_ORB,2024-08-23 14:05:00+00:00,2024-08-23 14:05:00+00:00,BUY,10.0,2500.125,2510.465,10040.0,10.04,TP,5.0,12123.33,0.0
ASIAN_MR,2024-08-26 03:15:00+00:00,2024-08-26 03:50:00+00:00,LONG,10.0,2511.135,2509.2793425613345,-2155.66,-2.15565743866573,SL_ATR,35.0,760.0,-1930.0
LONDON_ORB,2024-08-26 08:45:00+00:00,2024-08-26 11:29:00+00:00,BUY,10.0,2525.025,2521.235,-4090.0,-4.09,TIME,825.0,1530.0,-4197.22
NY_ORB,2024-08-26 13:50:00+00:00,2024-08-26 14:00:00+00:00,SELL,10.0,2522.655,2515.4950000000003,6860.0,6.86,TP,55.0,7880.0,0.0
ASIAN_MR,2024-08-27 01:15:00+00:00,2024-08-27 01:45:00+00:00,LONG,10.0,2511.515,2509.8764014250587,-1938.6,-1.9385985749411703,SL_ATR,30.0,1870.0,-3200.0
NY_ORB,2024-08-27 14:15:00+00:00,2024-08-27 16:29:00+00:00,BUY,10.0,2513.008,2512.855,-452.73,-0.453,TIME,675.0,7197.27,-3250.0
ASIAN_MR,2024-08-28 01:05:00+00:00,2024-08-28 01:25:00+00:00,LONG,10.0,2521.805,2520.1675164821663,-1937.48,-1.9374835178335161,SL_ATR,20.0,340.0,-1660.0
LONDON_ORB,2024-08-28 10:40:00+00:00,2024-08-28 11:29:00+00:00,SELL,10.0,2505.825,2503.845,1680.0,1.68,TIME,250.0,4170.0,-230.0
NY_ORB,2024-08-28 16:21:00+00:00,2024-08-28 16:29:00+00:00,SELL,10.0,2499.335,2498.845,190.0,0.19,TIME,45.0,3040.0,-1570.0
ASIAN_MR,2024-08-29 02:40:00+00:00,2024-08-29 02:50:00+00:00,SHORT,10.0,2514.545,2513.08875,1156.25,1.1562500000001819,TP_Z_NEUTRAL,10.0,1410.0,-160.0
LONDON_ORB,2024-08-29 08:16:00+00:00,2024-08-29 08:27:00+00:00,BUY,10.0,2519.165,2515.225,-4240.0,-4.24,SL,60.0,860.0,-4211.0
NY_ORB,2024-08-29 16:10:00+00:00,2024-08-29 16:20:00+00:00,BUY,10.0,2514.398,2523.0840000000007,8386.11,8.386,TP,55.0,8720.0,0.0
LONDON_ORB,2024-08-30 08:40:00+00:00,2024-08-30 10:33:00+00:00,BUY,10.0,2523.665,2518.755,-5210.0,-5.21,SL,570.0,3060.0,-5276.88
NY_ORB,2024-08-30 14:30:00+00:00,2024-08-30 15:52:00+00:00,SELL,10.0,2512.888,2500.728,11860.0,11.86,TP,415.0,12753.08,-1516.92
LONDON_ORB,2024-09-02 08:40:00+00:00,2024-09-02 11:03:00+00:00,BUY,10.0,2501.175,2497.905,-3570.0,-3.57,SL,720.0,5950.0,-3350.0
LONDON_ORB,2024-09-03 10:10:00+00:00,2024-09-03 10:32:00+00:00,SELL,10.0,2500.455,2494.8949999999995,5260.0,5.26,TP,115.0,5880.0,0.0
NY_ORB,2024-09-03 13:50:00+00:00,2024-09-03 16:29:00+00:00,SELL,10.0,2480.145,2486.445,-6600.0,-6.6,TIME,800.0,6900.0,-9260.0
ASIAN_MR,2024-09-04 02:40:00+00:00,2024-09-04 03:20:00+00:00,SHORT,10.0,2495.668,2493.34925,2018.75,2.0187499999999092,TP_Z_NEUTRAL,40.0,1183.0,-737.0
LONDON_ORB,2024-09-04 08:55:00+00:00,2024-09-04 08:58:00+00:00,SELL,10.0,2479.985,2473.565,6120.0,6.12,TP,20.0,6790.0,0.0
NY_ORB,2024-09-04 14:05:00+00:00,2024-09-04 14:49:00+00:00,BUY,10.0,2489.965,2499.665000000001,9400.0,9.4,TP,225.0,9870.0,-1756.88
ASIAN_MR,2024-09-05 01:25:00+00:00,2024-09-05 01:45:00+00:00,SHORT,10.0,2497.925,2495.8707499999996,1754.25,1.754250000000593,TP_Z_NEUTRAL,20.0,2280.0,-199.0
LONDON_ORB,2024-09-05 08:16:00+00:00,2024-09-05 08:39:00+00:00,BUY,10.0,2509.355,2516.315,6660.0,6.66,TP,120.0,7180.0,-580.87
NY_ORB,2024-09-05 14:05:00+00:00,2024-09-05 14:06:00+00:00,SELL,10.0,2515.464,2507.8819999999996,7281.9,7.282,TP,10.0,7909.05,0.0
ASIAN_MR,2024-09-06 01:20:00+00:00,2024-09-06 01:30:00+00:00,LONG,10.0,2514.975,2513.7421389248443,-1532.86,-1.532861075155597,SL_ATR,10.0,420.0,-1530.0
LONDON_ORB,2024-09-06 09:35:00+00:00,2024-09-06 11:29:00+00:00,BUY,10.0,2518.155,2518.395,-60.0,-0.06,TIME,575.0,2050.0,-1060.0
NY_ORB,2024-09-06 15:05:00+00:00,2024-09-06 16:02:00+00:00,BUY,10.0,2511.665,2501.905,-10060.0,-10.06,SL,290.0,6360.0,-10130.0
LONDON_ORB,2024-09-09 10:15:00+00:00,2024-09-09 10:35:00+00:00,BUY,10.0,2495.525,2493.315,-2510.0,-2.51,SL,105.0,990.0,-2210.0
NY_ORB,2024-09-09 14:20:00+00:00,2024-09-09 16:29:00+00:00,SELL,10.0,2500.065,2501.775,-2010.0,-2.01,TIME,650.0,6950.0,-3043.18
LONDON_ORB,2024-09-10 10:20:00+00:00,2024-09-10 10:20:00+00:00,BUY,10.0,2502.595,2506.095,3200.0,3.2,TP,5.0,6960.0,0.0
NY_ORB,2024-09-10 13:55:00+00:00,2024-09-10 15:34:00+00:00,SELL,10.0,2508.265,2514.985,-7020.0,-7.02,SL,500.0,7280.83,-6440.0
ASIAN_MR,2024-09-11 01:05:00+00:00,2024-09-11 01:20:00+00:00,LONG,10.0,2515.965,2517.6254,1360.4,1.360399999999754,TP_Z_NEUTRAL,15.0,1483.0,-170.0
LONDON_ORB,2024-09-11 08:45:00+00:00,2024-09-11 10:17:00+00:00,BUY,10.0,2524.238,2520.585,-3953.18,-3.953,SL,465.0,2846.82,-3853.18
ASIAN_MR,2024-09-12 01:30:00+00:00,2024-09-12 01:55:00+00:00,SHORT,10.0,2514.135,2512.3358,1499.2,1.4992000000003827,TP_Z_NEUTRAL,25.0,1587.0,-929.0
LONDON_ORB,2024-09-12 09:35:00+00:00,2024-09-12 10:46:00+00:00,BUY,10.0,2517.525,2514.985,-2840.0,-2.84,SL,360.0,3380.0,-2930.0
ASIAN_MR,2024-09-13 03:05:00+00:00,2024-09-13 03:30:00+00:00,SHORT,10.0,2565.605,2567.9364122371962,-2631.41,-2.6314122371962183,SL_ATR,25.0,207.0,-4320.0
LONDON_ORB,2024-09-13 10:04:00+00:00,2024-09-13 11:29:00+00:00,SELL,10.0,2567.805,2566.115,1390.0,1.39,TIME,430.0,2310.0,-540.0
NY_ORB,2024-09-13 13:58:00+00:00,2024-09-13 16:04:00+00:00,SELL,10.0,2576.284,2583.258,-7273.64,-7.274,SL,635.0,3306.36,-6733.64
ASIAN_MR,2024-09-16 02:25:00+00:00,2024-09-16 03:00:00+00:00,SHORT,10.0,2584.435,2585.90436722465,-1769.37,-1.7693672246498864,SL_ATR,35.0,630.0,-1480.0
LONDON_ORB,2024-09-16 08:20:00+00:00,2024-09-16 08:20:00+00:00,BUY,10.0,2583.035,2586.5689999999995,3234.0,3.234,TP,5.0,3720.0,0.0
NY_ORB,2024-09-16 13:49:00+00:00,2024-09-16 14:07:00+00:00,BUY,10.0,2586.225,2581.115,-5410.0,-5.41,SL,95.0,2980.0,-5630.0
ASIAN_MR,2024-09-17 01:00:00+00:00,2024-09-17 01:10:00+00:00,LONG,10.0,2580.725,2579.479852875123,-1545.15,-1.545147124876894,SL_ATR,10.0,190.0,-1271.0
LONDON_ORB,2024-09-17 08:40:00+00:00,2024-09-17 09:04:00+00:00,SELL,10.0,2581.934,2577.8140000000003,3820.0,3.82,TP,125.0,4508.97,0.0
NY_ORB,2024-09-17 15:30:00+00:00,2024-09-17 15:34:00+00:00,SELL,10.0,2572.955,2563.809,8845.88,8.846,TP,25.0,10170.0,0.0
ASIAN_MR,2024-09-18 03:35:00+00:00,2024-09-18 04:05:00+00:00,SHORT,10.0,2575.595,2573.0377,2257.3,2.2572999999999412,TP_Z_NEUTRAL,30.0,1337.0,-700.0
LONDON_ORB,2024-09-18 09:05:00+00:00,2024-09-18 09:58:00+00:00,SELL,10.0,2569.475,2571.855,-2680.0,-2.68,SL,270.0,1477.06,-2310.0
NY_ORB,2024-09-18 13:55:00+00:00,2024-09-18 16:29:00+00:00,SELL,10.0,2571.748,2571.665,-216.67,-0.217,TIME,775.0,3853.33,-2956.67
LONDON_ORB,2024-09-19 09:20:00+00:00,2024-09-19 09:24:00+00:00,BUY,10.0,2584.984,2592.0219999999995,6737.83,6.738,TP,25.0,7240.87,0.0
NY_ORB,2024-09-19 13:45:00+00:00,2024-09-19 14:30:00+00:00,SELL,10.0,2573.798,2581.195,-7697.27,-7.697,SL,230.0,4172.73,-8146.36
ASIAN_MR,2024-09-20 01:20:00+00:00,2024-09-20 01:35:00+00:00,LONG,10.0,2585.495,2587.1175,1322.5,1.3224999999999454,TP_Z_NEUTRAL,15.0,2620.0,-500.0
LONDON_ORB,2024-09-20 08:40:00+00:00,2024-09-20 08:40:00+00:00,BUY,10.0,2607.424,2611.4359999999997,3712.0,3.712,TP,5.0,5001.0,0.0
NY_ORB,2024-09-20 13:45:00+00:00,2024-09-20 14:12:00+00:00,SELL,10.0,2604.545,2611.525,-7280.0,-7.28,SL,140.0,2100.0,-6862.73
ASIAN_MR,2024-09-23 02:55:00+00:00,2024-09-23 03:05:00+00:00,SHORT,10.0,2625.245,2627.555625368028,-2610.63,-2.610625368028013,SL_ATR,10.0,510.0,-2650.0
LONDON_ORB,2024-09-23 11:25:00+00:00,2024-09-23 11:29:00+00:00,BUY,10.0,2618.755,2622.795,3740.0,3.74,TIME,25.0,4490.0,0.0
NY_ORB,2024-09-23 13:50:00+00:00,2024-09-23 15:07:00+00:00,BUY,10.0,2631.655,2626.215,-5740.0,-5.74,SL,390.0,3060.0,-5990.0
ASIAN_MR,2024-09-24 03:45:00+00:00,2024-09-24 04:05:00+00:00,SHORT,10.0,2634.284,2629.8917,4092.3,4.092299999999978,TP_Z_NEUTRAL,20.0,2419.0,-1041.0
LONDON_ORB,2024-09-24 09:35:00+00:00,2024-09-24 10:09:00+00:00,BUY,10.0,2629.385,2632.7250000000004,3040.0,3.04,TP,175.0,3608.96,-1520.0
NY_ORB,2024-09-24 14:45:00+00:00,2024-09-24 14:48:00+00:00,BUY,10.0,2635.845,2643.0449999999996,6900.0,6.9,TP,20.0,7410.0,0.0
NY_ORB,2024-09-25 13:48:00+00:00,2024-09-25 14:45:00+00:00,BUY,10.0,2665.455,2660.048,-5707.33,-5.707,SL,290.0,1890.0,-5450.0
ASIAN_MR,2024-09-26 02:50:00+00:00,2024-09-26 03:10:00+00:00,LONG,10.0,2657.765,2659.23085,1165.85,1.1658500000000458,TP_Z_NEUTRAL,20.0,1990.0,-630.0
LONDON_ORB,2024-09-26 08:25:00+00:00,2024-09-26 10:44:00+00:00,BUY,10.0,2667.575,2673.754999999999,5880.0,5.88,TP,700.0,6450.0,-1190.0
ASIAN_MR,2024-09-27 01:40:00+00:00,2024-09-27 01:55:00+00:00,LONG,10.0,2667.695,2669.99035,1995.35,1.9953499999998712,TP_Z_NEUTRAL,15.0,1970.0,-630.0
NY_ORB,2024-09-27 14:25:00+00:00,2024-09-27 14:58:00+00:00,SELL,10.0,2664.604,2652.7639999999997,11540.0,11.54,TP,170.0,13650.0,0.0
ASIAN_MR,2024-09-30 01:25:00+00:00,2024-09-30 01:40:00+00:00,LONG,10.0,2658.985,2656.4520789534236,-2832.92,-2.8329210465765753,SL_ATR,15.0,710.0,-3480.0
LONDON_ORB,2024-09-30 09:05:00+00:00,2024-09-30 10:32:00+00:00,SELL,10.0,2650.485,2643.105,7080.0,7.08,TP,440.0,8016.82,-1030.0
NY_ORB,2024-09-30 13:45:00+00:00,2024-09-30 16:29:00+00:00,SELL,10.0,2631.755,2636.718,-5263.33,-5.263,TIME,825.0,3141.11,-6460.0
ASIAN_MR,2024-10-01 01:40:00+00:00,2024-10-01 01:55:00+00:00,SHORT,10.0,2638.145,2639.494974029295,-1649.97,-1.6499740292950265,SL_ATR,15.0,50.0,-1530.0
LONDON_ORB,2024-10-01 09:00:00+00:00,2024-10-01 11:29:00+00:00,BUY,10.0,2646.655,2648.065,1110.0,1.11,TIME,750.0,4960.0,-1397.1
NY_ORB,2024-10-01 13:50:00+00:00,2024-10-01 16:29:00+00:00,BUY,10.0,2668.185,2664.864,-3620.0,-3.621,TIME,800.0,3550.0,-14408.0
ASIAN_MR,2024-10-02 03:45:00+00:00,2024-10-02 04:15:00+00:00,LONG,10.0,2656.625,2654.865908189179,-2059.09,-2.0590918108207914,SL_ATR,30.0,0.0,-1987.0
LONDON_ORB,2024-10-02 08:15:00+00:00,2024-10-02 09:33:00+00:00,SELL,10.0,2648.565,2655.715,-7450.0,-7.45,SL,395.0,70.0,-6850.0
NY_ORB,2024-10-02 15:20:00+00:00,2024-10-02 16:29:00+00:00,SELL,10.0,2653.264,2649.388,3576.15,3.576,TIME,350.0,8556.15,0.0
ASIAN_MR,2024-10-03 03:25:00+00:00,2024-10-03 03:30:00+00:00,LONG,10.0,2654.085,2656.17045,1785.45,1.785450000000037,TP_Z_NEUTRAL,5.0,1570.0,-80.0
LONDON_ORB,2024-10-03 09:15:00+00:00,2024-10-03 09:42:00+00:00,SELL,10.0,2643.695,2647.315,-3920.0,-3.92,SL,140.0,1730.0,-3540.0
NY_ORB,2024-10-03 14:05:00+00:00,2024-10-03 14:13:00+00:00,SELL,10.0,2647.314,2651.235,-4221.0,-4.221,SL,45.0,3706.0,-5840.0
ASIAN_MR,2024-10-04 02:45:00+00:00,2024-10-04 03:40:00+00:00,SHORT,10.0,2663.005,2659.0937999999996,3611.2,3.611200000000463,TP_Z_NEUTRAL,55.0,1970.0,-469.0
LONDON_ORB,2024-10-04 10:05:00+00:00,2024-10-04 11:29:00+00:00,SELL,10.0,2659.345,2659.175,-130.0,-0.13,TIME,425.0,2260.0,-1250.0
NY_ORB,2024-10-04 15:46:00+00:00,2024-10-04 15:58:00+00:00,SELL,10.0,2648.635,2653.428,-5092.94,-5.093,SL,65.0,1000.0,-4518.82
ASIAN_MR,2024-10-07 01:50:00+00:00,2024-10-07 02:30:00+00:00,LONG,10.0,2646.605,2649.3165999999997,2411.6,2.411599999999635,TP_Z_NEUTRAL,40.0,1890.0,-967.0
LONDON_ORB,2024-10-07 08:16:00+00:00,2024-10-07 09:52:00+00:00,SELL,10.0,2651.925,2656.208,-4583.16,-4.583,SL,485.0,1360.0,-4070.0
NY_ORB,2024-10-07 15:00:00+00:00,2024-10-07 15:32:00+00:00,SELL,10.0,2643.735,2647.375,-3940.0,-3.94,SL,165.0,4740.0,-3370.0
LONDON_ORB,2024-10-08 08:29:00+00:00,2024-10-08 10:33:00+00:00,BUY,10.0,2635.435,2642.815,7080.0,7.08,TP,625.0,7643.18,-780.0
NY_ORB,2024-10-08 14:25:00+00:00,2024-10-08 14:29:00+00:00,SELL,10.0,2636.545,2626.6590000000006,9586.25,9.586,TP,25.0,10526.88,0.0
LONDON_ORB,2024-10-09 09:45:00+00:00,2024-10-09 11:29:00+00:00,BUY,10.0,2614.728,2621.014,5986.11,5.986,TIME,525.0,7530.0,-190.0
NY_ORB,2024-10-09 15:05:00+00:00,2024-10-09 16:29:00+00:00,BUY,10.0,2613.055,2610.998,-2356.92,-2.357,TIME,425.0,4700.0,-2400.77
ASIAN_MR,2024-10-10 02:35:00+00:00,2024-10-10 02:55:00+00:00,SHORT,10.0,2612.778,2614.890281357674,-2412.28,-2.412281357674419,SL_ATR,20.0,463.0,-2687.0
LONDON_ORB,2024-10-10 11:05:00+00:00,2024-10-10 11:28:00+00:00,BUY,10.0,2616.635,2613.415,-3520.0,-3.52,SL,120.0,1430.0,-3420.0
ASIAN_MR,2024-10-11 02:30:00+00:00,2024-10-11 02:45:00+00:00,SHORT,10.0,2640.285,2642.9493351274077,-2964.34,-2.9643351274078666,SL_ATR,15.0,60.0,-3010.0
LONDON_ORB,2024-10-11 09:10:00+00:00,2024-10-11 11:29:00+00:00,SELL,10.0,2642.375,2639.475,2600.0,2.6,TIME,700.0,6350.0,0.0
ASIAN_MR,2024-10-14 03:00:00+00:00,2024-10-14 03:55:00+00:00,SHORT,10.0,2654.775,2648.62245,5852.55,5.852550000000247,TP_Z_NEUTRAL,55.0,1211.0,-2510.0
LONDON_ORB,2024-10-14 09:10:00+00:00,2024-10-14 09:30:00+00:00,BUY,10.0,2661.764,2658.898,-3166.07,-3.166,SL,105.0,821.07,-3448.93
NY_ORB,2024-10-14 13:45:00+00:00,2024-10-14 14:05:00+00:00,BUY,10.0,2659.224,2652.595,-6929.17,-6.929,SL,105.0,1840.83,-7645.83
ASIAN_MR,2024-10-15 02:25:00+00:00,2024-10-15 02:40:00+00:00,SHORT,10.0,2651.675,2649.3826500000005,1992.35,1.9923499999997147,TP_Z_NEUTRAL,15.0,2010.0,-460.0
LONDON_ORB,2024-10-15 09:25:00+00:00,2024-10-15 11:29:00+00:00,BUY,10.0,2654.495,2650.765,-4030.0,-4.03,TIME,625.0,2150.0,-3930.0
NY_ORB,2024-10-15 13:46:00+00:00,2024-10-15 13:59:00+00:00,BUY,10.0,2652.425,2647.185,-5540.0,-5.54,SL,70.0,770.0,-5567.33
ASIAN_MR,2024-10-16 01:15:00+00:00,2024-10-16 01:40:00+00:00,SHORT,10.0,2663.455,2665.4395596801096,-2284.56,-2.284559680109669,SL_ATR,25.0,2450.0,-2240.0
LONDON_ORB,2024-10-16 08:55:00+00:00,2024-10-16 09:03:00+00:00,BUY,10.0,2676.465,2680.545,3780.0,3.78,TP,45.0,4430.0,0.0
NY_ORB,2024-10-16 13:50:00+00:00,2024-10-16 14:48:00+00:00,SELL,10.0,2680.325,2670.379,9646.25,9.646,TP,295.0,10370.0,-1020.0
LONDON_ORB,2024-10-17 09:15:00+00:00,2024-10-17 10:14:00+00:00,SELL,10.0,2680.265,2682.935,-2970.0,-2.97,SL,300.0,3471.0,-2860.0
NY_ORB,2024-10-17 15:30:00+00:00,2024-10-17 16:29:00+00:00,BUY,10.0,2686.598,2687.335,437.33,0.437,TIME,300.0,9246.67,0.0
ASIAN_MR,2024-10-18 01:10:00+00:00,2024-10-18 01:20:00+00:00,SHORT,10.0,2697.184,2698.9356386737404,-2051.64,-2.051638673740217,SL_ATR,10.0,1220.0,-2041.0
LONDON_ORB,2024-10-18 09:15:00+00:00,2024-10-18 09:18:00+00:00,BUY,10.0,2704.845,2710.4649999999997,5320.0,5.32,TP,20.0,5650.0,0.0
ASIAN_MR,2024-10-21 01:15:00+00:00,2024-10-21 01:55:00+00:00,SHORT,10.0,2727.575,2723.69905,3575.95,3.575949999999648,TP_Z_NEUTRAL,40.0,2150.0,-1500.0
LONDON_ORB,2024-10-21 08:15:00+00:00,2024-10-21 10:22:00+00:00,BUY,10.0,2731.825,2729.315,-2810.0,-2.81,SL,640.0,4950.0,-2750.0
NY_ORB,2024-10-21 13:46:00+00:00,2024-10-21 14:28:00+00:00,BUY,10.0,2740.365,2733.575,-7090.0,-7.09,SL,215.0,53.33,-7860.0
ASIAN_MR,2024-10-22 01:35:00+00:00,2024-10-22 02:25:00+00:00,SHORT,10.0,2729.205,2724.936,3969.0,3.9689999999997783,TP_Z_NEUTRAL,50.0,1620.0,-1330.0
LONDON_ORB,2024-10-22 08:25:00+00:00,2024-10-22 09:42:00+00:00,BUY,10.0,2734.265,2731.405,-3160.0,-3.16,SL,390.0,3998.93,-2860.0
NY_ORB,2024-10-22 14:00:00+00:00,2024-10-22 14:21:00+00:00,SELL,10.0,2737.205,2740.545,-3640.0,-3.64,SL,110.0,3620.0,-3150.0
ASIAN_MR,2024-10-23 01:45:00+00:00,2024-10-23 02:40:00+00:00,LONG,10.0,2739.565,2744.2056500000003,4340.65,4.340650000000278,TP_Z_NEUTRAL,55.0,600.0,-1800.0
LONDON_ORB,2024-10-23 08:50:00+00:00,2024-10-23 09:14:00+00:00,BUY,10.0,2755.825,2754.535,-1590.0,-1.59,SL,125.0,1690.0,-1960.0
NY_ORB,2024-10-23 14:15:00+00:00,2024-10-23 15:13:00+00:00,SELL,10.0,2731.555,2713.515,17740.0,17.74,TP,295.0,20040.0,0.0
ASIAN_MR,2024-10-24 01:20:00+00:00,2024-10-24 01:50:00+00:00,SHORT,10.0,2724.555,2720.6570999999994,3597.9,3.597900000000391,TP_Z_NEUTRAL,30.0,1555.0,-2140.0
LONDON_ORB,2024-10-24 09:35:00+00:00,2024-10-24 11:29:00+00:00,BUY,10.0,2735.525,2735.835,10.0,0.01,TIME,575.0,3492.8,-500.0
NY_ORB,2024-10-24 13:50:00+00:00,2024-10-24 14:26:00+00:00,SELL,10.0,2737.655,2726.6150000000002,10740.0,10.74,TP,185.0,12090.0,0.0
LONDON_ORB,2024-10-25 08:25:00+00:00,2024-10-25 09:03:00+00:00,SELL,10.0,2724.145,2718.6249999999995,5220.0,5.22,TP,195.0,6144.83,0.0
NY_ORB,2024-10-25 13:55:00+00:00,2024-10-25 14:02:00+00:00,SELL,10.0,2726.465,2731.295,-5130.0,-5.13,SL,40.0,740.0,-4662.94
ASIAN_MR,2024-10-28 01:20:00+00:00,2024-10-28 01:45:00+00:00,LONG,10.0,2726.585,2732.61765,5732.65,5.7326500000001035,TP_Z_NEUTRAL,25.0,3250.0,-577.0
LONDON_ORB,2024-10-28 08:40:00+00:00,2024-10-28 08:59:00+00:00,SELL,10.0,2737.294,2732.0319999999992,4962.0,4.962,TP,100.0,6006.0,0.0
NY_ORB,2024-10-28 14:10:00+00:00,2024-10-28 16:29:00+00:00,BUY,10.0,2742.695,2743.735,740.0,0.74,TIME,700.0,3092.78,-3140.0
ASIAN_MR,2024-10-29 01:10:00+00:00,2024-10-29 01:35:00+00:00,SHORT,10.0,2748.385,2750.1612740752125,-2076.27,-2.0762740752123134,SL_ATR,25.0,1657.0,-2830.0
LONDON_ORB,2024-10-29 08:25:00+00:00,2024-10-29 08:26:00+00:00,SELL,10.0,2750.625,2747.125,3200.0,3.2,TP,10.0,4071.09,0.0
NY_ORB,2024-10-29 13:45:00+00:00,2024-10-29 16:29:00+00:00,BUY,10.0,2760.825,2768.608,7483.33,7.483,TIME,825.0,10780.0,-720.0
ASIAN_MR,2024-10-30 01:55:00+00:00,2024-10-30 02:10:00+00:00,SHORT,10.0,2781.555,2778.7363,2518.7,2.518699999999808,TP_Z_NEUTRAL,15.0,2400.0,-170.0
LONDON_ORB,2024-10-30 08:37:00+00:00,2024-10-30 09:52:00+00:00,SELL,10.0,2781.635,2783.775,-2440.0,-2.44,SL,380.0,2160.0,-2270.0
ASIAN_MR,2024-10-31 01:05:00+00:00,2024-10-31 01:15:00+00:00,SHORT,10.0,2788.555,2786.7928,1462.2,1.462199999999666,TP_Z_NEUTRAL,10.0,1770.0,-900.0
LONDON_ORB,2024-10-31 10:10:00+00:00,2024-10-31 11:29:00+00:00,SELL,10.0,2778.845,2777.725,820.0,0.82,TIME,400.0,5647.0,-3620.0
NY_ORB,2024-10-31 13:50:00+00:00,2024-10-31 14:34:00+00:00,SELL,10.0,2761.338,2747.984000000001,13054.17,13.054,TP,225.0,16338.33,0.0
ASIAN_MR,2024-11-01 02:00:00+00:00,2024-11-01 02:10:00+00:00,SHORT,10.0,2749.295,2746.79185,2203.15,2.2031500000000053,TP_Z_NEUTRAL,10.0,2930.0,-1150.0
LONDON_ORB,2024-11-01 08:40:00+00:00,2024-11-01 09:37:00+00:00,BUY,10.0,2752.765,2748.455,-4610.0,-4.61,SL,290.0,2580.0,-4911.05
NY_ORB,2024-11-01 14:40:00+00:00,2024-11-01 16:29:00+00:00,SELL,10.0,2751.995,2743.465,8230.0,8.23,TIME,550.0,12420.0,0.0
LONDON_ORB,2024-11-04 08:35:00+00:00,2024-11-04 08:52:00+00:00,BUY,10.0,2737.105,2734.145,-3260.0,-3.26,SL,90.0,1102.96,-3007.04
NY_ORB,2024-11-04 14:40:00+00:00,2024-11-04 14:43:00+00:00,SELL,10.0,2738.615,2744.855,-6540.0,-6.54,SL,20.0,50.0,-6000.0
LONDON_ORB,2024-11-05 09:15:00+00:00,2024-11-05 11:29:00+00:00,BUY,10.0,2736.335,2740.885,4250.0,4.25,TIME,675.0,8600.0,-840.0
NY_ORB,2024-11-05 14:07:00+00:00,2024-11-05 15:00:00+00:00,BUY,10.0,2744.388,2741.215,-3472.8,-3.473,SL,270.0,5487.2,-3373.2
LONDON_ORB,2024-11-06 09:50:00+00:00,2024-11-06 11:23:00+00:00,SELL,10.0,2723.025,2713.4650000000006,9260.0,9.26,TP,470.0,10177.06,-4080.0
LONDON_ORB,2024-11-07 08:19:00+00:00,2024-11-07 08:30:00+00:00,BUY,10.0,2666.188,2661.635,-4852.78,-4.853,SL,60.0,397.22,-4732.78
NY_ORB,2024-11-07 14:20:00+00:00,2024-11-07 15:11:00+00:00,BUY,10.0,2683.965,2695.885,11620.0,11.62,TP,260.0,12300.0,0.0
NY_ORB,2024-11-08 13:55:00+00:00,2024-11-08 14:45:00+00:00,BUY,10.0,2696.415,2690.368,-6346.92,-6.347,SL,255.0,7520.0,-8770.0
LONDON_ORB,2024-11-11 09:25:00+00:00,2024-11-11 10:10:00+00:00,SELL,10.0,2668.525,2671.515,-3290.0,-3.29,SL,230.0,4760.0,-2958.89
LONDON_ORB,2024-11-12 09:10:00+00:00,2024-11-12 11:29:00+00:00,SELL,10.0,2598.085,2597.805,-20.0,-0.02,TIME,700.0,8577.0,-903.0
NY_ORB,2024-11-12 14:40:00+00:00,2024-11-12 15:04:00+00:00,BUY,10.0,2614.685,2605.735,-9250.0,-9.25,SL,125.0,1700.0,-9630.0
ASIAN_MR,2024-11-13 01:10:00+00:00,2024-11-13 01:15:00+00:00,SHORT,10.0,2602.805,2608.065,-5560.0,-5.560000000000218,HARD_CUT_Z,5.0,20.0,-5550.0
LONDON_ORB,2024-11-13 08:15:00+00:00,2024-11-13 08:19:00+00:00,SELL,10.0,2601.205,2606.115,-5210.0,-5.21,SL,25.0,311.25,-4700.0
NY_ORB,2024-11-13 13:46:00+00:00,2024-11-13 16:29:00+00:00,SELL,10.0,2608.415,2595.495,12620.0,12.62,TIME,820.0,14850.0,-7840.0
LONDON_ORB,2024-11-14 09:11:00+00:00,2024-11-14 09:36:00+00:00,SELL,10.0,2554.388,2543.8359999999993,10252.0,10.252,TP,130.0,13603.33,-967.33
NY_ORB,2024-11-14 14:20:00+00:00,2024-11-14 16:29:00+00:00,BUY,10.0,2560.095,2575.535,15140.0,15.14,TIME,650.0,16430.0,-2560.0
ASIAN_MR,2024-11-15 01:10:00+00:00,2024-11-15 02:10:00+00:00,SHORT,10.0,2569.795,2568.095,1400.0,1.4000000000002728,TIME_STOP_60M,60.0,6881.0,-689.0
LONDON_ORB,2024-11-15 08:45:00+00:00,2024-11-15 10:00:00+00:00,BUY,10.0,2566.695,2563.615,-3380.0,-3.38,SL,380.0,2140.0,-3790.0
ASIAN_MR,2024-11-18 01:05:00+00:00,2024-11-18 01:15:00+00:00,SHORT,10.0,2577.755,2580.7990144511027,-3344.01,-3.3440144511026118,SL_ATR,10.0,750.0,-4030.0
LONDON_ORB,2024-11-18 08:20:00+00:00,2024-11-18 09:43:00+00:00,BUY,10.0,2585.908,2593.8739999999993,7666.0,7.666,TP,420.0,8007.0,-2393.0
NY_ORB,2024-11-18 14:35:00+00:00,2024-11-18 15:30:00+00:00,BUY,10.0,2603.185,2611.739,8254.21,8.254,TP,280.0,9063.16,0.0
ASIAN_MR,2024-11-19 01:15:00+00:00,2024-11-19 01:25:00+00:00,SHORT,10.0,2615.575,2612.8228,2452.2,2.4521999999999027,TP_Z_NEUTRAL,10.0,2460.0,-880.0
LONDON_ORB,2024-11-19 08:45:00+00:00,2024-11-19 08:45:00+00:00,BUY,10.0,2620.528,2624.4559999999997,3628.05,3.628,TP,5.0,6380.0,0.0
NY_ORB,2024-11-19 14:20:00+00:00,2024-11-19 16:29:00+00:00,SELL,10.0,2629.115,2624.155,4660.0,4.66,TIME,650.0,8180.0,-1760.0
ASIAN_MR,2024-11-20 01:05:00+00:00,2024-11-20 02:00:00+00:00,SHORT,10.0,2639.625,2636.7073,2617.7,2.617699999999968,TP_Z_NEUTRAL,55.0,4000.0,-880.0
NY_ORB,2024-11-20 13:46:00+00:00,2024-11-20 14:13:00+00:00,SELL,10.0,2634.825,2639.345,-4820.0,-4.82,SL,140.0,1587.22,-4272.78
ASIAN_MR,2024-11-21 03:10:00+00:00,2024-11-21 03:25:00+00:00,LONG,10.0,2652.225,2655.0461,2521.1,2.521100000000115,TP_Z_NEUTRAL,15.0,2510.0,-300.0
LONDON_ORB,2024-11-21 08:19:00+00:00,2024-11-21 08:32:00+00:00,BUY,10.0,2664.195,2668.815,4320.0,4.32,TP,70.0,4940.0,-860.0
NY_ORB,2024-11-21 14:45:00+00:00,2024-11-21 14:52:00+00:00,BUY,10.0,2667.145,2661.984,-5461.25,-5.461,SL,40.0,660.0,-5660.0
ASIAN_MR,2024-11-22 01:05:00+00:00,2024-11-22 01:10:00+00:00,SHORT,10.0,2675.885,2677.8810747209027,-2296.07,-2.29607472090247,SL_ATR,5.0,30.0,-2400.0
LONDON_ORB,2024-11-22 08:20:00+00:00,2024-11-22 09:05:00+00:00,BUY,10.0,2697.935,2694.604,-3630.83,-3.631,SL,230.0,2380.0,-3380.0
ASIAN_MR,2024-11-25 01:10:00+00:00,2024-11-25 01:30:00+00:00,LONG,10.0,2703.305,2698.380772579464,-5224.23,-5.2242274205357715,SL_ATR,20.0,1960.0,-8440.0
LONDON_ORB,2024-11-25 08:20:00+00:00,2024-11-25 11:00:00+00:00,BUY,10.0,2670.805,2678.3849999999998,7280.0,7.28,TP,805.0,8480.0,-2990.0
NY_ORB,2024-11-25 14:05:00+00:00,2024-11-25 14:15:00+00:00,SELL,10.0,2677.895,2658.1150000000002,19480.0,19.48,TP,55.0,24070.0,0.0
LONDON_ORB,2024-11-26 09:10:00+00:00,2024-11-26 10:01:00+00:00,BUY,10.0,2617.485,2627.445,9660.0,9.66,TP,260.0,10223.12,0.0
NY_ORB,2024-11-26 13:55:00+00:00,2024-11-26 14:40:00+00:00,SELL,10.0,2629.675,2620.7350000000006,8640.0,8.64,TP,230.0,11921.11,-3960.0
LONDON_ORB,2024-11-27 08:20:00+00:00,2024-11-27 08:39:00+00:00,BUY,10.0,2647.938,2645.608,-2630.0,-2.63,SL,100.0,1280.0,-2660.0
NY_ORB,2024-11-27 13:55:00+00:00,2024-11-27 15:01:00+00:00,BUY,10.0,2652.925,2647.865,-5360.0,-5.36,SL,335.0,5080.0,-9426.88
ASIAN_MR,2024-11-28 04:25:00+00:00,2024-11-28 04:40:00+00:00,SHORT,10.0,2633.364,2629.83075,3233.25,3.233249999999953,TP_Z_NEUTRAL,15.0,3086.0,-541.0
LONDON_ORB,2024-11-28 08:55:00+00:00,2024-11-28 08:55:00+00:00,BUY,10.0,2638.445,2644.1650000000004,5420.0,5.42,TP,5.0,6082.86,0.0
NY_ORB,2024-11-28 15:05:00+00:00,2024-11-28 16:29:00+00:00,SELL,10.0,2642.648,2641.465,883.16,0.883,TIME,425.0,6483.16,0.0
LONDON_ORB,2024-11-29 09:50:00+00:00,2024-11-29 11:29:00+00:00,BUY,10.0,2662.455,2662.335,-420.0,-0.42,TIME,500.0,3320.0,-1596.92
NY_ORB,2024-11-29 14:25:00+00:00,2024-11-29 16:29:00+00:00,SELL,10.0,2657.525,2661.055,-3830.0,-3.83,TIME,625.0,7030.0,-4512.67
LONDON_ORB,2024-12-02 11:05:00+00:00,2024-12-02 11:16:00+00:00,BUY,10.0,2631.785,2641.9049999999997,9820.0,9.82,TP,60.0,10470.0,0.0
NY_ORB,2024-12-02 14:15:00+00:00,2024-12-02 14:45:00+00:00,BUY,10.0,2648.655,2642.855,-6100.0,-6.1,SL,155.0,2730.0,-6020.0
ASIAN_MR,2024-12-03 03:20:00+00:00,2024-12-03 04:00:00+00:00,SHORT,10.0,2638.565,2641.112265968759,-2847.27,-2.847265968758893,SL_ATR,40.0,40.0,-4290.0
LONDON_ORB,2024-12-03 09:00:00+00:00,2024-12-03 11:29:00+00:00,BUY,10.0,2645.285,2644.885,-700.0,-0.7,TIME,750.0,2670.0,-2860.0
NY_ORB,2024-12-03 13:50:00+00:00,2024-12-03 14:31:00+00:00,BUY,10.0,2647.675,2655.3950000000004,7420.0,7.42,TP,210.0,7852.86,0.0
LONDON_ORB,2024-12-04 08:25:00+00:00,2024-12-04 08:48:00+00:00,SELL,10.0,2639.385,2642.015,-2930.0,-2.93,SL,120.0,2870.0,-2690.0
NY_ORB,2024-12-04 15:50:00+00:00,2024-12-04 16:29:00+00:00,BUY,10.0,2647.844,2654.365,6220.77,6.221,TIME,200.0,7600.77,0.0
LONDON_ORB,2024-12-05 08:55:00+00:00,2024-12-05 10:32:00+00:00,SELL,10.0,2646.245,2650.075,-4130.0,-4.13,SL,490.0,4490.0,-3860.0
NY_ORB,2024-12-05 14:50:00+00:00,2024-12-05 16:29:00+00:00,SELL,10.0,2644.215,2637.385,6530.0,6.53,TIME,500.0,12330.0,-2290.0
LONDON_ORB,2024-12-06 08:40:00+00:00,2024-12-06 10:13:00+00:00,BUY,10.0,2641.355,2638.598,-3056.9,-3.057,SL,470.0,4180.0,-3160.0
NY_ORB,2024-12-06 14:10:00+00:00,2024-12-06 16:29:00+00:00,SELL,10.0,2630.948,2638.998,-8350.0,-8.35,TIME,700.0,7084.29,-9535.71
ASIAN_MR,2024-12-09 01:30:00+00:00,2024-12-09 02:15:00+00:00,SHORT,10.0,2647.715,2636.4399000000003,10975.1,10.975099999999838,TP_Z_NEUTRAL,45.0,3480.0,-1310.0
LONDON_ORB,2024-12-09 08:40:00+00:00,2024-12-09 09:04:00+00:00,SELL,10.0,2649.175,2651.005,-2130.0,-2.13,SL,125.0,2360.0,-1620.0
ASIAN_MR,2024-12-10 01:00:00+00:00,2024-12-10 01:25:00+00:00,SHORT,10.0,2663.855,2665.941752688997,-2386.75,-2.3867526889969666,SL_ATR,25.0,1070.0,-2290.0
LONDON_ORB,2024-12-10 08:15:00+00:00,2024-12-10 08:38:00+00:00,SELL,10.0,2661.904,2665.475,-3870.91,-3.871,SL,120.0,840.0,-3330.91
NY_ORB,2024-12-10 16:00:00+00:00,2024-12-10 16:00:00+00:00,BUY,10.0,2677.575,2686.2889999999998,8413.89,8.414,TP,5.0,9640.0,0.0
LONDON_ORB,2024-12-11 09:10:00+00:00,2024-12-11 09:18:00+00:00,SELL,10.0,2687.325,2692.664,-5639.33,-5.639,SL,45.0,1600.67,-5110.0
NY_ORB,2024-12-11 14:14:00+00:00,2024-12-11 16:29:00+00:00,BUY,10.0,2701.548,2715.984,14135.56,14.136,TIME,680.0,15170.0,-5164.44
ASIAN_MR,2024-12-12 01:00:00+00:00,2024-12-12 01:05:00+00:00,SHORT,10.0,2722.755,2720.37965,2075.35,2.0753500000002534,TP_Z_NEUTRAL,5.0,3680.0,-200.0
LONDON_ORB,2024-12-12 09:40:00+00:00,2024-12-12 11:07:00+00:00,SELL,10.0,2714.734,2708.9319999999993,5502.14,5.502,TP,435.0,6388.93,-2523.93
NY_ORB,2024-12-12 13:50:00+00:00,2024-12-12 14:10:00+00:00,SELL,10.0,2704.914,2693.3740000000003,11240.0,11.24,TP,105.0,12245.71,-650.0
ASIAN_MR,2024-12-13 01:20:00+00:00,2024-12-13 01:50:00+00:00,SHORT,10.0,2690.825,2683.3288000000002,7196.2,7.19619999999959,TP_Z_NEUTRAL,30.0,4677.0,-1143.0
LONDON_ORB,2024-12-13 08:50:00+00:00,2024-12-13 08:57:00+00:00,SELL,10.0,2681.365,2676.244999999999,4820.0,4.82,TP,40.0,6870.0,0.0
NY_ORB,2024-12-13 14:20:00+00:00,2024-12-13 15:26:00+00:00,SELL,10.0,2662.165,2655.187,6677.83,6.678,TP,335.0,7640.0,-470.0
LONDON_ORB,2024-12-16 08:15:00+00:00,2024-12-16 08:36:00+00:00,BUY,10.0,2655.115,2661.2889999999998,5873.85,5.874,TP,110.0,6723.08,-700.0
NY_ORB,2024-12-16 14:50:00+00:00,2024-12-16 15:21:00+00:00,SELL,10.0,2659.194,2652.1259999999997,6767.83,6.768,TP,160.0,7919.13,0.0
ASIAN_MR,2024-12-17 01:15:00+00:00,2024-12-17 01:50:00+00:00,SHORT,10.0,2656.135,2657.9254074935966,-2090.41,-2.090407493596376,SL_ATR,35.0,1300.0,-1810.0
LONDON_ORB,2024-12-17 08:25:00+00:00,2024-12-17 08:57:00+00:00,SELL,10.0,2650.225,2643.5449999999996,6380.0,6.38,TP,165.0,8860.0,0.0
NY_ORB,2024-12-17 13:55:00+00:00,2024-12-17 16:29:00+00:00,SELL,10.0,2638.415,2638.148,-33.08,-0.033,TIME,775.0,5620.0,-4383.08
LONDON_ORB,2024-12-18 08:20:00+00:00,2024-12-18 11:29:00+00:00,BUY,10.0,2644.585,2646.885,2000.0,2.0,TIME,950.0,4950.0,-1681.0
ASIAN_MR,2024-12-19 01:45:00+00:00,2024-12-19 02:30:00+00:00,SHORT,10.0,2613.385,2599.12435,13960.65,13.960650000000168,TP_Z_NEUTRAL,45.0,5120.0,-3763.0
LONDON_ORB,2024-12-19 09:45:00+00:00,2024-12-19 10:46:00+00:00,BUY,10.0,2616.355,2622.9950000000003,6340.0,6.34,TP,310.0,7150.0,0.0
NY_ORB,2024-12-19 14:45:00+00:00,2024-12-19 16:29:00+00:00,SELL,10.0,2597.715,2592.065,5350.0,5.35,TIME,525.0,10900.0,0.0
ASIAN_MR,2024-12-20 01:15:00+00:00,2024-12-20 01:30:00+00:00,SHORT,10.0,2597.465,2600.155000119035,-2990.0,-2.990000119034721,SL_ATR,15.0,1150.0,-2720.0
NY_ORB,2024-12-20 13:47:00+00:00,2024-12-20 15:55:00+00:00,BUY,10.0,2610.115,2630.914999999999,20500.0,20.5,TP,645.0,20888.75,-1690.0
ASIAN_MR,2024-12-23 02:15:00+00:00,2024-12-23 03:15:00+00:00,SHORT,10.0,2624.305,2623.765,240.0,0.23999999999996363,TIME_STOP_60M,60.0,1350.0,-2950.0
LONDON_ORB,2024-12-23 08:40:00+00:00,2024-12-23 10:00:00+00:00,BUY,10.0,2630.055,2625.905,-4450.0,-4.45,SL,405.0,1900.0,-4210.0
NY_ORB,2024-12-23 15:05:00+00:00,2024-12-23 16:29:00+00:00,SELL,10.0,2614.695,2611.908,2487.06,2.487,TIME,425.0,6640.0,0.0
LONDON_ORB,2024-12-24 09:20:00+00:00,2024-12-24 09:45:00+00:00,SELL,10.0,2617.055,2613.854999999999,2900.0,2.9,TP,130.0,3607.0,0.0
NY_ORB,2024-12-24 14:35:00+00:00,2024-12-24 14:49:00+00:00,BUY,10.0,2613.205,2611.145,-2360.0,-2.36,SL,75.0,993.08,-2100.0
ASIAN_MR,2024-12-26 01:10:00+00:00,2024-12-26 01:30:00+00:00,SHORT,10.0,2624.398,2626.3074333366326,-2209.43,-2.209433336632446,SL_ATR,20.0,553.0,-2797.0
LONDON_ORB,2024-12-26 10:36:00+00:00,2024-12-26 11:29:00+00:00,BUY,10.0,2628.504,2629.148,343.91,0.344,TIME,270.0,1303.91,-696.09
NY_ORB,2024-12-26 13:50:00+00:00,2024-12-26 14:49:00+00:00,SELL,10.0,2623.508,2627.984,-4776.11,-4.776,SL,300.0,1432.78,-4397.22
LONDON_ORB,2024-12-27 10:35:00+00:00,2024-12-27 11:29:00+00:00,SELL,10.0,2627.804,2626.005,1499.29,1.499,TIME,275.0,4555.71,0.0
ASIAN_MR,2024-12-30 01:25:00+00:00,2024-12-30 01:55:00+00:00,SHORT,10.0,2625.115,2623.7302999999997,1084.7,1.0847000000000662,TP_Z_NEUTRAL,30.0,1360.0,-1533.0
LONDON_ORB,2024-12-30 08:55:00+00:00,2024-12-30 09:30:00+00:00,SELL,10.0,2614.954,2617.225,-2570.86,-2.571,SL,180.0,4219.14,-2394.0
NY_ORB,2024-12-30 14:00:00+00:00,2024-12-30 16:29:00+00:00,SELL,10.0,2612.385,2596.145,15940.0,15.94,TIME,750.0,16480.0,-1360.0
LONDON_ORB,2024-12-31 08:40:00+00:00,2024-12-31 10:24:00+00:00,BUY,10.0,2614.795,2612.835,-2260.0,-2.26,SL,525.0,2800.0,-2010.0
NY_ORB,2024-12-31 14:36:00+00:00,2024-12-31 15:39:00+00:00,BUY,10.0,2615.995,2623.7349999999997,7440.0,7.44,TP,320.0,7910.0,-3800.0
ASIAN_MR,2025-01-02 01:10:00+00:00,2025-01-02 01:15:00+00:00,SHORT,10.0,2629.315,2631.4034916099818,-2388.49,-2.3884916099817017,SL_ATR,5.0,160.0,-2483.0
LONDON_ORB,2025-01-02 08:25:00+00:00,2025-01-02 08:43:00+00:00,SELL,10.0,2633.765,2636.838,-3373.08,-3.373,SL,95.0,2780.0,-2950.0
NY_ORB,2025-01-02 13:50:00+00:00,2025-01-02 14:31:00+00:00,BUY,10.0,2640.905,2649.065000000001,7860.0,7.86,TP,210.0,9080.0,-770.0
LONDON_ORB,2025-01-03 08:50:00+00:00,2025-01-03 09:06:00+00:00,SELL,10.0,2651.935,2655.568,-3933.18,-3.933,SL,85.0,2140.0,-3590.0
NY_ORB,2025-01-03 13:54:00+00:00,2025-01-03 15:04:00+00:00,BUY,10.0,2651.055,2643.355,-8000.0,-8.0,SL,355.0,1450.0,-7800.0
ASIAN_MR,2025-01-06 01:20:00+00:00,2025-01-06 01:45:00+00:00,SHORT,10.0,2645.385,2641.1103,3974.7,3.974700000000394,TP_Z_NEUTRAL,25.0,3050.0,-250.0
LONDON_ORB,2025-01-06 08:38:00+00:00,2025-01-06 09:03:00+00:00,BUY,10.0,2628.085,2633.1050000000005,4720.0,4.72,TP,130.0,5640.0,-890.0
NY_ORB,2025-01-06 13:45:00+00:00,2025-01-06 16:29:00+00:00,SELL,10.0,2624.044,2638.298,-14555.0,-14.554,TIME,825.0,9680.0,-15490.0
ASIAN_MR,2025-01-07 01:05:00+00:00,2025-01-07 01:20:00+00:00,SHORT,10.0,2635.964,2637.5557068732833,-1891.71,-1.8917068732833286,SL_ATR,15.0,520.0,-2961.0
LONDON_ORB,2025-01-07 09:31:00+00:00,2025-01-07 11:29:00+00:00,BUY,10.0,2643.635,2645.335,1400.0,1.4,TIME,595.0,3212.86,-3170.0
NY_ORB,2025-01-07 15:05:00+00:00,2025-01-07 15:05:00+00:00,SELL,10.0,2656.948,2647.0939999999996,9553.75,9.554,TP,5.0,12643.12,0.0
ASIAN_MR,2025-01-08 02:35:00+00:00,2025-01-08 03:00:00+00:00,LONG,10.0,2646.665,2647.9163,951.3,0.951299999999901,TP_Z_NEUTRAL,25.0,3490.0,-117.0
LONDON_ORB,2025-01-08 08:27:00+00:00,2025-01-08 08:36:00+00:00,SELL,10.0,2650.428,2652.825,-2696.97,-2.697,SL,50.0,983.03,-2286.97
NY_ORB,2025-01-08 15:05:00+00:00,2025-01-08 16:29:00+00:00,BUY,10.0,2657.915,2666.185,7970.0,7.97,TIME,425.0,9732.86,0.0
ASIAN_MR,2025-01-09 03:40:00+00:00,2025-01-09 03:55:00+00:00,SHORT,10.0,2661.415,2658.7323,2382.7,2.382699999999841,TP_Z_NEUTRAL,15.0,2380.0,-50.0
LONDON_ORB,2025-01-09 08:20:00+00:00,2025-01-09 10:38:00+00:00,BUY,10.0,2662.648,2667.4080000000004,4460.0,4.46,TP,695.0,5147.06,-1554.12
NY_ORB,2025-01-09 14:00:00+00:00,2025-01-09 16:29:00+00:00,SELL,10.0,2673.754,2668.565,4888.82,4.889,TIME,750.0,7010.0,-1721.18
ASIAN_MR,2025-01-10 01:30:00+00:00,2025-01-10 01:35:00+00:00,SHORT,10.0,2671.155,2670.2155,639.5,0.6395000000004074,TP_Z_NEUTRAL,5.0,1390.0,0.0
LONDON_ORB,2025-01-10 08:25:00+00:00,2025-01-10 11:29:00+00:00,BUY,10.0,2678.748,2681.685,2636.8,2.637,TIME,925.0,3726.8,-2810.0
NY_ORB,2025-01-10 13:45:00+00:00,2025-01-10 16:29:00+00:00,BUY,10.0,2676.608,2688.268,11360.0,11.36,TIME,825.0,21046.67,-2103.33
ASIAN_MR,2025-01-13 01:15:00+00:00,2025-01-13 01:50:00+00:00,LONG,10.0,2681.745,2688.9302000000002,6885.2,6.88520000000035,TP_Z_NEUTRAL,35.0,4170.0,-2600.0
LONDON_ORB,2025-01-13 10:05:00+00:00,2025-01-13 11:29:00+00:00,SELL,10.0,2684.498,2677.908,6290.0,6.29,TIME,425.0,7372.94,0.0
NY_ORB,2025-01-13 14:50:00+00:00,2025-01-13 15:55:00+00:00,BUY,10.0,2670.035,2663.625,-6710.0,-6.71,SL,330.0,4100.0,-6630.0
LONDON_ORB,2025-01-14 09:40:00+00:00,2025-01-14 11:29:00+00:00,SELL,10.0,2667.155,2665.445,1410.0,1.41,TIME,550.0,2715.83,-1480.0
ASIAN_MR,2025-01-15 02:00:00+00:00,2025-01-15 02:05:00+00:00,LONG,10.0,2670.715,2672.4829999999997,1468.0,1.4679999999995743,TP_Z_NEUTRAL,5.0,2170.0,-130.0
LONDON_ORB,2025-01-15 10:35:00+00:00,2025-01-15 11:29:00+00:00,BUY,10.0,2685.225,2687.305,1780.0,1.78,TIME,275.0,3700.0,0.0
NY_ORB,2025-01-15 14:00:00+00:00,2025-01-15 14:34:00+00:00,BUY,10.0,2693.069,2682.935,-10433.75,-10.434,SL,175.0,2856.25,-11331.25
ASIAN_MR,2025-01-16 01:10:00+00:00,2025-01-16 01:30:00+00:00,SHORT,10.0,2698.948,2701.6117712867613,-2963.77,-2.9637712867614026,SL_ATR,20.0,1033.0,-3060.0
LONDON_ORB,2025-01-16 08:20:00+00:00,2025-01-16 10:05:00+00:00,BUY,10.0,2700.085,2706.465,6080.0,6.08,TP,530.0,7040.0,-2786.0
NY_ORB,2025-01-16 13:45:00+00:00,2025-01-16 16:29:00+00:00,BUY,10.0,2714.979,2718.059,2780.0,2.78,TIME,825.0,5085.83,-2630.0
ASIAN_MR,2025-01-17 01:10:00+00:00,2025-01-17 01:40:00+00:00,LONG,10.0,2710.795,2714.01655,2921.55,2.921549999999752,TP_Z_NEUTRAL,30.0,2450.0,-1070.0
LONDON_ORB,2025-01-17 08:45:00+00:00,2025-01-17 09:16:00+00:00,BUY,10.0,2710.978,2709.349,-1928.98,-1.929,SL,160.0,1746.94,-2310.0
NY_ORB,2025-01-17 14:45:00+00:00,2025-01-17 16:21:00+00:00,BUY,10.0,2708.825,2716.7169999999996,7592.0,7.592,TP,485.0,7960.0,0.0
ASIAN_MR,2025-01-20 01:10:00+00:00,2025-01-20 01:25:00+00:00,LONG,10.0,2689.985,2694.2838,3998.8,3.9988000000000286,TP_Z_NEUTRAL,15.0,3820.0,-240.0
LONDON_ORB,2025-01-20 08:40:00+00:00,2025-01-20 11:29:00+00:00,BUY,10.0,2706.315,2708.048,1433.18,1.433,TIME,850.0,6130.0,-3470.0
NY_ORB,2025-01-20 14:08:00+00:00,2025-01-20 16:29:00+00:00,BUY,10.0,2710.328,2706.398,-4230.0,-4.23,TIME,710.0,1506.67,-7143.33
ASIAN_MR,2025-01-21 01:45:00+00:00,2025-01-21 01:55:00+00:00,SHORT,10.0,2715.375,2719.033751765734,-3958.75,-3.9587517657339957,SL_ATR,10.0,690.0,-3800.0
LONDON_ORB,2025-01-21 09:05:00+00:00,2025-01-21 09:13:00+00:00,SELL,10.0,2725.865,2718.5249999999996,7040.0,7.04,TP,45.0,7720.0,0.0
NY_ORB,2025-01-21 13:46:00+00:00,2025-01-21 13:53:00+00:00,SELL,10.0,2726.195,2729.375,-3480.0,-3.48,SL,40.0,70.0,-2940.0
LONDON_ORB,2025-01-22 09:25:00+00:00,2025-01-22 09:28:00+00:00,BUY,10.0,2751.635,2761.635,9700.0,9.7,TP,20.0,10270.0,0.0
NY_ORB,2025-01-22 14:35:00+00:00,2025-01-22 14:45:00+00:00,SELL,10.0,2750.795,2755.035,-4540.0,-4.54,SL,55.0,646.84,-4283.16
ASIAN_MR,2025-01-23 03:25:00+00:00,2025-01-23 04:00:00+00:00,LONG,10.0,2750.598,2752.4736000000003,1575.6,1.575600000000304,TP_Z_NEUTRAL,35.0,537.0,-1210.0
LONDON_ORB,2025-01-23 08:20:00+00:00,2025-01-23 09:17:00+00:00,BUY,10.0,2753.345,2751.855,-1790.0,-1.79,SL,290.0,1340.0,-1570.0
NY_ORB,2025-01-23 16:15:00+00:00,2025-01-23 16:29:00+00:00,BUY,10.0,2742.525,2750.805,7980.0,7.98,TIME,75.0,8980.0,0.0
ASIAN_MR,2025-01-24 02:20:00+00:00,2025-01-24 02:45:00+00:00,SHORT,10.0,2770.435,2773.1703263219893,-3035.33,-3.035326321989305,SL_ATR,25.0,2960.0,-4130.0
LONDON_ORB,2025-01-24 08:50:00+00:00,2025-01-24 09:30:00+00:00,BUY,10.0,2772.805,2777.4249999999997,4320.0,4.32,TP,205.0,4860.0,-120.0
NY_ORB,2025-01-24 13:45:00+00:00,2025-01-24 14:12:00+00:00,BUY,10.0,2784.245,2780.088,-4456.84,-4.457,SL,140.0,260.0,-4370.0
ASIAN_MR,2025-01-27 01:05:00+00:00,2025-01-27 01:25:00+00:00,SHORT,10.0,2770.965,2767.894,2771.0,2.7710000000003676,TP_Z_NEUTRAL,20.0,3430.0,-990.0
LONDON_ORB,2025-01-27 08:17:00+00:00,2025-01-27 10:28:00+00:00,BUY,10.0,2755.018,2766.7439999999997,11425.71,11.426,TP,660.0,11747.14,-392.86
NY_ORB,2025-01-27 14:25:00+00:00,2025-01-27 16:29:00+00:00,SELL,10.0,2752.175,2740.945,10930.0,10.93,TIME,625.0,14140.0,-3050.0
LONDON_ORB,2025-01-28 08:15:00+00:00,2025-01-28 08:52:00+00:00,SELL,10.0,2737.565,2740.015,-2750.0,-2.75,SL,190.0,2826.97,-2150.0
ASIAN_MR,2025-01-29 01:05:00+00:00,2025-01-29 01:40:00+00:00,SHORT,10.0,2765.258,2763.4168,1541.2,1.5411999999998443,TP_Z_NEUTRAL,35.0,973.0,-727.0
LONDON_ORB,2025-01-29 08:20:00+00:00,2025-01-29 10:29:00+00:00,BUY,10.0,2762.685,2759.015,-3970.0,-3.97,SL,650.0,3243.18,-3676.82
NY_ORB,2025-01-29 14:25:00+00:00,2025-01-29 15:24:00+00:00,BUY,10.0,2757.945,2754.125,-4120.0,-4.12,SL,300.0,2980.0,-3820.0
ASIAN_MR,2025-01-30 03:50:00+00:00,2025-01-30 04:05:00+00:00,SHORT,10.0,2761.645,2763.082121350473,-1737.12,-1.7371213504728076,SL_ATR,15.0,380.0,-1520.0
LONDON_ORB,2025-01-30 08:55:00+00:00,2025-01-30 10:37:00+00:00,BUY,10.0,2771.855,2779.0350000000003,6880.0,6.88,TP,515.0,7270.0,-640.0
NY_ORB,2025-01-30 14:25:00+00:00,2025-01-30 16:29:00+00:00,BUY,10.0,2784.348,2791.155,6507.27,6.507,TIME,625.0,13957.27,-4402.73
LONDON_ORB,2025-01-31 10:15:00+00:00,2025-01-31 11:29:00+00:00,SELL,10.0,2795.555,2796.565,-1310.0,-1.31,TIME,375.0,4660.0,-1530.0
NY_ORB,2025-01-31 14:54:00+00:00,2025-01-31 16:29:00+00:00,BUY,10.0,2808.315,2806.425,-2190.0,-2.19,TIME,480.0,8620.0,-3480.0
ASIAN_MR,2025-02-03 01:10:00+00:00,2025-02-03 01:55:00+00:00,LONG,10.0,2785.345,2779.569536531243,-6075.46,-6.0754634687566975,SL_ATR,45.0,70.0,-7500.0
LONDON_ORB,2025-02-03 08:15:00+00:00,2025-02-03 11:29:00+00:00,BUY,10.0,2793.795,2798.495,4400.0,4.4,TIME,975.0,10340.0,-1320.0
NY_ORB,2025-02-03 14:40:00+00:00,2025-02-03 14:40:00+00:00,BUY,10.0,2810.828,2816.774,5645.93,5.646,TP,5.0,7057.04,0.0
ASIAN_MR,2025-02-04 01:30:00+00:00,2025-02-04 01:40:00+00:00,SHORT,10.0,2820.305,2822.479659676027,-2474.66,-2.474659676027204,SL_ATR,10.0,940.0,-2630.0
ASIAN_MR,2025-02-05 04:15:00+00:00,2025-02-05 04:55:00+00:00,SHORT,10.0,2856.115,2852.3416500000003,3473.35,3.473349999999482,TP_Z_NEUTRAL,40.0,1490.0,-1860.0
LONDON_ORB,2025-02-05 08:45:00+00:00,2025-02-05 08:45:00+00:00,BUY,10.0,2865.345,2869.224999999999,3580.0,3.58,TP,5.0,4120.0,0.0
NY_ORB,2025-02-05 13:46:00+00:00,2025-02-05 14:30:00+00:00,SELL,10.0,2859.795,2866.615,-7120.0,-7.12,SL,225.0,1480.0,-7073.33
ASIAN_MR,2025-02-06 02:00:00+00:00,2025-02-06 02:20:00+00:00,SHORT,10.0,2871.158,2868.1989000000003,2659.1,2.6590999999995804,TP_Z_NEUTRAL,20.0,2873.0,-300.0
LONDON_ORB,2025-02-06 08:25:00+00:00,2025-02-06 08:38:00+00:00,SELL,10.0,2853.498,2856.848,-3650.0,-3.65,SL,70.0,3422.92,-3727.08
NY_ORB,2025-02-06 13:45:00+00:00,2025-02-06 14:48:00+00:00,SELL,10.0,2859.498,2851.1240000000003,8074.21,8.074,TP,320.0,9213.16,-826.84
ASIAN_MR,2025-02-07 01:25:00+00:00,2025-02-07 01:40:00+00:00,SHORT,10.0,2862.605,2864.648484687586,-2343.48,-2.3434846875859874,SL_ATR,15.0,370.0,-4010.0
LONDON_ORB,2025-02-07 08:55:00+00:00,2025-02-07 11:29:00+00:00,BUY,10.0,2865.665,2866.325,360.0,0.36,TIME,775.0,4840.0,-2410.0
NY_ORB,2025-02-07 16:00:00+00:00,2025-02-07 16:29:00+00:00,BUY,10.0,2870.498,2869.375,-1422.5,-1.423,TIME,150.0,10837.5,-5272.5
ASIAN_MR,2025-02-10 04:15:00+00:00,2025-02-10 05:00:00+00:00,SHORT,10.0,2876.905,2879.372210528721,-2767.21,-2.7672105287208977,SL_ATR,45.0,1120.0,-2500.0
LONDON_ORB,2025-02-10 08:40:00+00:00,2025-02-10 09:37:00+00:00,BUY,10.0,2896.315,2902.355,5740.0,5.74,TP,290.0,6600.0,-360.0
NY_ORB,2025-02-10 14:05:00+00:00,2025-02-10 14:20:00+00:00,SELL,10.0,2899.735,2904.225,-4790.0,-4.79,SL,80.0,3530.0,-4660.0
LONDON_ORB,2025-02-11 08:25:00+00:00,2025-02-11 11:29:00+00:00,SELL,10.0,2910.425,2904.725,5400.0,5.4,TIME,925.0,8710.0,-3960.0
NY_ORB,2025-02-11 15:06:00+00:00,2025-02-11 16:29:00+00:00,BUY,10.0,2896.335,2906.775,10140.0,10.14,TIME,420.0,12140.0,-3730.0
LONDON_ORB,2025-02-12 09:50:00+00:00,2025-02-12 11:29:00+00:00,SELL,10.0,2888.295,2880.665,7330.0,7.33,TIME,500.0,9197.14,-1510.0
NY_ORB,2025-02-12 13:49:00+00:00,2025-02-12 16:29:00+00:00,BUY,10.0,2876.905,2893.455,16250.0,16.25,TIME,805.0,20900.0,-4070.0
ASIAN_MR,2025-02-13 01:25:00+00:00,2025-02-13 01:45:00+00:00,LONG,10.0,2902.148,2905.7271,3279.1,3.279099999999926,TP_Z_NEUTRAL,20.0,3707.0,-960.0
LONDON_ORB,2025-02-13 08:15:00+00:00,2025-02-13 09:49:00+00:00,SELL,10.0,2910.385,2917.905,-7820.0,-7.82,SL,475.0,1080.0,-7840.0
NY_ORB,2025-02-13 13:56:00+00:00,2025-02-13 14:52:00+00:00,SELL,10.0,2907.698,2917.498,-10100.0,-10.1,SL,285.0,1302.5,-9507.5
ASIAN_MR,2025-02-14 03:45:00+00:00,2025-02-14 04:15:00+00:00,LONG,10.0,2924.345,2927.64895,3003.95,3.0039499999999864,TP_Z_NEUTRAL,30.0,1470.0,-1430.0
LONDON_ORB,2025-02-14 10:20:00+00:00,2025-02-14 11:29:00+00:00,BUY,10.0,2936.015,2933.955,-2360.0,-2.36,TIME,350.0,3920.0,-2817.33
NY_ORB,2025-02-14 13:45:00+00:00,2025-02-14 16:29:00+00:00,SELL,10.0,2917.655,2893.305,24050.0,24.05,TIME,825.0,25020.0,-10690.0
ASIAN_MR,2025-02-17 01:40:00+00:00,2025-02-17 02:35:00+00:00,SHORT,10.0,2894.645,2899.0328924548694,-4687.89,-4.687892454869416,SL_ATR,55.0,2960.0,-4480.0
LONDON_ORB,2025-02-17 08:40:00+00:00,2025-02-17 09:02:00+00:00,SELL,10.0,2899.605,2902.525,-3220.0,-3.22,SL,115.0,3397.04,-4220.0
NY_ORB,2025-02-17 15:00:00+00:00,2025-02-17 16:29:00+00:00,BUY,10.0,2898.745,2897.955,-1090.0,-1.09,TIME,450.0,5200.0,-1240.0
ASIAN_MR,2025-02-18 01:10:00+00:00,2025-02-18 01:25:00+00:00,LONG,10.0,2896.695,2895.1460759793604,-1848.92,-1.8489240206397881,SL_ATR,15.0,1540.0,-1780.0
NY_ORB,2025-02-18 15:05:00+00:00,2025-02-18 16:29:00+00:00,BUY,10.0,2920.315,2927.645,7030.0,7.03,TIME,425.0,9210.0,0.0
ASIAN_MR,2025-02-19 01:55:00+00:00,2025-02-19 02:25:00+00:00,SHORT,10.0,2938.255,2932.9813,4973.7,4.97370000000019,TP_Z_NEUTRAL,30.0,2420.0,-1210.0
LONDON_ORB,2025-02-19 09:20:00+00:00,2025-02-19 09:20:00+00:00,BUY,10.0,2937.285,2944.825,7240.0,7.24,TP,5.0,8610.0,0.0
NY_ORB,2025-02-19 13:50:00+00:00,2025-02-19 15:58:00+00:00,SELL,10.0,2937.645,2930.2450000000003,7100.0,7.1,TP,645.0,9110.0,-2780.0
ASIAN_MR,2025-02-20 02:55:00+00:00,2025-02-20 03:10:00+00:00,SHORT,10.0,2940.715,2943.6354026122594,-3220.4,-3.220402612259295,SL_ATR,15.0,260.0,-3100.0
NY_ORB,2025-02-20 13:45:00+00:00,2025-02-20 16:29:00+00:00,SELL,10.0,2939.775,2942.725,-3250.0,-3.25,TIME,825.0,15830.0,-5700.0
ASIAN_MR,2025-02-21 01:20:00+00:00,2025-02-21 01:35:00+00:00,SHORT,10.0,2947.695,2941.8143,5580.7,5.580700000000161,TP_Z_NEUTRAL,15.0,6890.0,-160.0
LONDON_ORB,2025-02-21 08:20:00+00:00,2025-02-21 10:55:00+00:00,SELL,10.0,2923.625,2931.175,-7850.0,-7.85,SL,770.0,7010.0,-7330.0
NY_ORB,2025-02-21 14:09:00+00:00,2025-02-21 15:20:00+00:00,BUY,10.0,2932.675,2926.675,-6300.0,-6.3,SL,360.0,6140.0,-8700.0
ASIAN_MR,2025-02-24 01:05:00+00:00,2025-02-24 01:10:00+00:00,LONG,10.0,2926.415,2923.4607019936852,-3254.3,-3.2542980063147295,SL_ATR,5.0,60.0,-3770.0
LONDON_ORB,2025-02-24 08:40:00+00:00,2025-02-24 08:50:00+00:00,SELL,10.0,2942.135,2944.715,-2880.0,-2.88,SL,55.0,4030.0,-2550.0
NY_ORB,2025-02-24 14:10:00+00:00,2025-02-24 14:17:00+00:00,BUY,10.0,2952.365,2948.895,-3770.0,-3.77,SL,40.0,3010.0,-4100.0
LONDON_ORB,2025-02-25 08:40:00+00:00,2025-02-25 11:29:00+00:00,BUY,10.0,2933.695,2939.795,5800.0,5.8,TIME,850.0,8590.0,0.0
NY_ORB,2025-02-25 15:10:00+00:00,2025-02-25 15:24:00+00:00,SELL,10.0,2927.468,2911.633999999999,15534.0,15.534,TP,75.0,17223.0,-1587.0
LONDON_ORB,2025-02-26 08:55:00+00:00,2025-02-26 09:47:00+00:00,BUY,10.0,2915.835,2912.895,-3240.0,-3.24,SL,265.0,3030.0,-2960.0
NY_ORB,2025-02-26 14:05:00+00:00,2025-02-26 14:07:00+00:00,SELL,10.0,2909.235,2900.975000000001,7960.0,7.96,TP,15.0,10120.0,0.0
LONDON_ORB,2025-02-27 11:10:00+00:00,2025-02-27 11:29:00+00:00,BUY,10.0,2892.035,2888.515,-3820.0,-3.82,TIME,100.0,2680.0,-4707.0
NY_ORB,2025-02-27 13:54:00+00:00,2025-02-27 14:43:00+00:00,BUY,10.0,2889.678,2880.875,-9103.33,-9.103,SL,250.0,2496.67,-9633.33
LONDON_ORB,2025-03-03 08:25:00+00:00,2025-03-03 08:39:00+00:00,SELL,10.0,2861.625,2864.925,-3600.0,-3.6,SL,75.0,2890.0,-4070.0
NY_ORB,2025-03-03 14:35:00+00:00,2025-03-03 15:21:00+00:00,BUY,10.0,2874.815,2884.3350000000005,9220.0,9.22,TP,235.0,10930.0,-1467.06
ASIAN_MR,2025-03-04 03:20:00+00:00,2025-03-04 03:50:00+00:00,SHORT,10.0,2890.965,2887.3726500000002,3292.35,3.292349999999897,TP_Z_NEUTRAL,30.0,2567.0,-1930.0
LONDON_ORB,2025-03-04 08:16:00+00:00,2025-03-04 11:29:00+00:00,BUY,10.0,2906.335,2916.955,10320.0,10.32,TIME,970.0,14740.0,-840.0
NY_ORB,2025-03-04 13:46:00+00:00,2025-03-04 14:45:00+00:00,SELL,10.0,2919.885,2907.6450000000004,11940.0,11.94,TP,300.0,12770.0,-3610.0
ASIAN_MR,2025-03-05 01:20:00+00:00,2025-03-05 02:05:00+00:00,LONG,10.0,2907.935,2913.2643,5029.3,5.029299999999876,TP_Z_NEUTRAL,45.0,3280.0,-2390.0
LONDON_ORB,2025-03-05 09:40:00+00:00,2025-03-05 11:29:00+00:00,SELL,10.0,2916.575,2913.405,2870.0,2.87,TIME,550.0,7900.0,-2750.0
NY_ORB,2025-03-05 13:49:00+00:00,2025-03-05 14:38:00+00:00,SELL,10.0,2898.018,2913.705,-15986.0,-15.987,SL,250.0,3874.0,-15388.0
ASIAN_MR,2025-03-06 01:55:00+00:00,2025-03-06 02:30:00+00:00,SHORT,10.0,2924.515,2919.2559499999998,4959.05,4.959050000000116,TP_Z_NEUTRAL,35.0,1627.0,-1910.0
LONDON_ORB,2025-03-06 09:05:00+00:00,2025-03-06 11:29:00+00:00,SELL,10.0,2904.485,2903.435,750.0,0.75,TIME,725.0,13670.0,-610.0
NY_ORB,2025-03-06 14:10:00+00:00,2025-03-06 15:04:00+00:00,BUY,10.0,2907.498,2921.4640000000004,13666.36,13.666,TP,275.0,15130.0,-1322.73
ASIAN_MR,2025-03-07 01:45:00+00:00,2025-03-07 02:10:00+00:00,SHORT,10.0,2908.225,2903.9891500000003,3935.85,3.935849999999573,TP_Z_NEUTRAL,25.0,7240.0,-580.0
LONDON_ORB,2025-03-07 10:20:00+00:00,2025-03-07 11:29:00+00:00,BUY,10.0,2919.275,2919.955,380.0,0.38,TIME,350.0,2550.0,-2486.84
NY_ORB,2025-03-07 14:05:00+00:00,2025-03-07 14:55:00+00:00,SELL,10.0,2910.528,2926.085,-15858.0,-15.857,SL,255.0,1980.0,-16288.0
ASIAN_MR,2025-03-10 02:15:00+00:00,2025-03-10 02:35:00+00:00,LONG,10.0,2910.875,2914.1769,3001.9,3.0018999999999325,TP_Z_NEUTRAL,20.0,3010.0,-1716.0
LONDON_ORB,2025-03-10 08:17:00+00:00,2025-03-10 09:17:00+00:00,SELL,10.0,2905.748,2910.479,-5031.18,-5.031,SL,305.0,9288.82,-5487.06
NY_ORB,2025-03-10 13:50:00+00:00,2025-03-10 13:55:00+00:00,SELL,10.0,2898.565,2902.805,-4540.0,-4.54,SL,30.0,460.0,-4030.0
LONDON_ORB,2025-03-11 08:15:00+00:00,2025-03-11 09:46:00+00:00,BUY,10.0,2904.165,2911.959,7493.81,7.494,TP,460.0,7860.0,-400.0
ASIAN_MR,2025-03-12 03:05:00+00:00,2025-03-12 03:45:00+00:00,SHORT,10.0,2918.155,2915.93265,1922.35,1.9223500000000058,TP_Z_NEUTRAL,40.0,1400.0,-1640.0
LONDON_ORB,2025-03-12 09:05:00+00:00,2025-03-12 09:52:00+00:00,BUY,10.0,2916.865,2913.795,-3370.0,-3.37,SL,240.0,5690.0,-3310.0
NY_ORB,2025-03-12 16:10:00+00:00,2025-03-12 16:10:00+00:00,BUY,10.0,2912.995,2919.8149999999996,6520.0,6.52,TP,5.0,23053.04,0.0
ASIAN_MR,2025-03-13 01:15:00+00:00,2025-03-13 01:20:00+00:00,SHORT,10.0,2940.095,2938.4823,1312.7,1.312699999999677,TP_Z_NEUTRAL,5.0,1600.0,-210.0
LONDON_ORB,2025-03-13 08:15:00+00:00,2025-03-13 11:29:00+00:00,BUY,10.0,2941.525,2945.305,3480.0,3.48,TIME,975.0,7210.0,-760.0
NY_ORB,2025-03-13 14:45:00+00:00,2025-03-13 14:48:00+00:00,BUY,10.0,2952.145,2967.0449999999996,14600.0,14.6,TP,20.0,16460.0,0.0
ASIAN_MR,2025-03-14 04:05:00+00:00,2025-03-14 04:30:00+00:00,SHORT,10.0,2991.728,2987.5598,3868.2,3.86820000000007,TP_Z_NEUTRAL,25.0,2330.0,-1837.0
LONDON_ORB,2025-03-14 08:35:00+00:00,2025-03-14 10:10:00+00:00,BUY,10.0,2989.815,2999.395,9280.0,9.28,TP,480.0,10010.0,-190.0
NY_ORB,2025-03-14 14:30:00+00:00,2025-03-14 16:29:00+00:00,SELL,10.0,2983.098,2986.775,-3976.67,-3.977,TIME,600.0,5013.33,-6096.67
LONDON_ORB,2025-03-17 08:15:00+00:00,2025-03-17 08:28:00+00:00,SELL,10.0,2984.185,2986.555,-2670.0,-2.67,SL,70.0,1250.0,-2350.0
ASIAN_MR,2025-03-18 02:55:00+00:00,2025-03-18 03:15:00+00:00,SHORT,10.0,3010.705,3013.4757326862286,-3070.73,-3.0707326862287116,SL_ATR,20.0,1407.0,-3240.0
LONDON_ORB,2025-03-18 08:30:00+00:00,2025-03-18 08:31:00+00:00,BUY,10.0,3019.595,3026.247,6352.08,6.352,TP,10.0,7040.0,0.0
ASIAN_MR,2025-03-19 01:20:00+00:00,2025-03-19 01:55:00+00:00,LONG,10.0,3028.755,3031.2329,2177.9,2.1778999999998634,TP_Z_NEUTRAL,35.0,1000.0,-1580.0
LONDON_ORB,2025-03-19 08:40:00+00:00,2025-03-19 10:37:00+00:00,SELL,10.0,3031.368,3036.848,-5780.0,-5.78,SL,590.0,9052.67,-5380.0
NY_ORB,2025-03-19 14:08:00+00:00,2025-03-19 16:03:00+00:00,SELL,10.0,3027.388,3034.568,-7480.0,-7.48,SL,580.0,1710.0,-7067.27
ASIAN_MR,2025-03-20 02:00:00+00:00,2025-03-20 02:35:00+00:00,LONG,10.0,3050.208,3047.1220339734746,-3385.97,-3.3859660265255114,SL_ATR,35.0,1707.0,-3403.0
LONDON_ORB,2025-03-20 10:10:00+00:00,2025-03-20 10:16:00+00:00,SELL,10.0,3040.255,3033.2690000000002,6686.09,6.686,TP,35.0,7930.0,0.0
NY_ORB,2025-03-20 16:20:00+00:00,2025-03-20 16:29:00+00:00,BUY,10.0,3037.465,3038.445,680.0,0.68,TIME,50.0,2820.0,0.0
ASIAN_MR,2025-03-21 02:05:00+00:00,2025-03-21 03:00:00+00:00,LONG,10.0,3036.068,3033.5613451125973,-2806.65,-2.806654887402874,SL_ATR,55.0,407.0,-3593.0
LONDON_ORB,2025-03-21 08:15:00+00:00,2025-03-21 08:55:00+00:00,SELL,10.0,3029.365,3034.525,-5460.0,-5.46,SL,205.0,2460.0,-4940.0
NY_ORB,2025-03-21 13:45:00+00:00,2025-03-21 16:29:00+00:00,SELL,10.0,3013.515,3014.555,-1340.0,-1.34,TIME,825.0,14246.0,-4260.0
ASIAN_MR,2025-03-24 02:50:00+00:00,2025-03-24 03:20:00+00:00,LONG,10.0,3017.415,3021.58965,3874.65,3.874649999999929,TP_Z_NEUTRAL,30.0,2193.0,-1430.0
LONDON_ORB,2025-03-24 08:35:00+00:00,2025-03-24 10:29:00+00:00,BUY,10.0,3025.245,3032.4049999999997,6860.0,6.86,TP,575.0,7690.0,-2920.0
NY_ORB,2025-03-24 14:00:00+00:00,2025-03-24 14:34:00+00:00,SELL,10.0,3020.765,3010.5849999999996,9880.0,9.88,TP,175.0,11086.88,-3083.12
ASIAN_MR,2025-03-25 01:00:00+00:00,2025-03-25 01:15:00+00:00,SHORT,10.0,3013.915,3011.1066,2508.4,2.5083999999998925,TP_Z_NEUTRAL,15.0,2457.0,-420.0
LONDON_ORB,2025-03-25 08:25:00+00:00,2025-03-25 10:13:00+00:00,BUY,10.0,3015.055,3024.3289999999993,8974.12,8.974,TP,545.0,9630.0,0.0
NY_ORB,2025-03-25 14:05:00+00:00,2025-03-25 15:11:00+00:00,BUY,10.0,3030.475,3023.075,-7700.0,-7.7,SL,335.0,5430.0,-7527.27
ASIAN_MR,2025-03-26 01:05:00+00:00,2025-03-26 01:30:00+00:00,LONG,10.0,3016.748,3019.8256499999998,2777.65,2.7776499999997215,TP_Z_NEUTRAL,25.0,3407.0,-510.0
LONDON_ORB,2025-03-26 08:15:00+00:00,2025-03-26 09:11:00+00:00,SELL,10.0,3028.735,3022.315,6120.0,6.12,TP,285.0,7060.0,-40.0
NY_ORB,2025-03-26 14:10:00+00:00,2025-03-26 16:29:00+00:00,SELL,10.0,3019.625,3018.955,370.0,0.37,TIME,700.0,7500.0,-1930.0
ASIAN_MR,2025-03-27 01:05:00+00:00,2025-03-27 01:20:00+00:00,SHORT,10.0,3025.598,3027.639639981167,-2341.64,-2.3416399811670088,SL_ATR,15.0,813.0,-2127.0
LONDON_ORB,2025-03-27 10:00:00+00:00,2025-03-27 10:07:00+00:00,BUY,10.0,3037.695,3044.8890000000006,6894.09,6.894,TP,40.0,8180.0,0.0
NY_ORB,2025-03-27 14:40:00+00:00,2025-03-27 16:29:00+00:00,BUY,10.0,3043.155,3052.748,9292.5,9.293,TIME,550.0,16362.5,0.0
LONDON_ORB,2025-03-28 08:25:00+00:00,2025-03-28 11:29:00+00:00,SELL,10.0,3073.598,3078.395,-5097.27,-5.097,TIME,925.0,7800.0,-5447.27
NY_ORB,2025-03-28 13:49:00+00:00,2025-03-28 14:34:00+00:00,BUY,10.0,3079.305,3071.045,-8560.0,-8.56,SL,230.0,7420.0,-9400.0
ASIAN_MR,2025-03-31 01:00:00+00:00,2025-03-31 02:00:00+00:00,LONG,10.0,3079.605,3096.015,16110.0,16.109999999999854,TIME_STOP_60M,60.0,18408.0,-1000.0
LONDON_ORB,2025-03-31 09:50:00+00:00,2025-03-31 09:50:00+00:00,SELL,10.0,3123.145,3115.4649999999997,7380.0,7.38,TP,5.0,10610.0,0.0
NY_ORB,2025-03-31 14:35:00+00:00,2025-03-31 16:29:00+00:00,BUY,10.0,3119.248,3115.575,-3974.0,-3.973,TIME,575.0,7836.0,-7842.0
LONDON_ORB,2025-04-01 10:15:00+00:00,2025-04-01 11:29:00+00:00,BUY,10.0,3135.225,3130.578,-4946.67,-4.947,TIME,375.0,3594.44,-6090.0
NY_ORB,2025-04-01 14:15:00+00:00,2025-04-01 15:59:00+00:00,SELL,10.0,3128.075,3114.3949999999995,13380.0,13.38,TP,525.0,14880.0,-4800.0
ASIAN_MR,2025-04-02 01:20:00+00:00,2025-04-02 02:20:00+00:00,SHORT,10.0,3131.698,3131.248,150.0,0.1499999999998181,TIME_STOP_60M,60.0,2650.0,-3827.0
LONDON_ORB,2025-04-02 08:35:00+00:00,2025-04-02 10:40:00+00:00,BUY,10.0,3127.515,3123.198,-4616.84,-4.617,SL,630.0,6230.0,-5666.84
NY_ORB,2025-04-02 13:50:00+00:00,2025-04-02 16:25:00+00:00,SELL,10.0,3124.565,3131.945,-7680.0,-7.68,SL,780.0,8140.0,-7180.0
LONDON_ORB,2025-04-03 09:25:00+00:00,2025-04-03 10:07:00+00:00,SELL,10.0,3127.085,3117.385,9400.0,9.4,TP,215.0,10360.0,-2063.12
NY_ORB,2025-04-03 14:05:00+00:00,2025-04-03 16:29:00+00:00,BUY,10.0,3088.848,3108.245,19096.67,19.097,TIME,725.0,46576.67,0.0
LONDON_ORB,2025-04-04 09:06:00+00:00,2025-04-04 09:24:00+00:00,SELL,10.0,3088.025,3093.885,-6160.0,-6.16,SL,95.0,1440.0,-6202.86
NY_ORB,2025-04-04 14:50:00+00:00,2025-04-04 15:37:00+00:00,SELL,10.0,3060.0,3019.67,40030.0,40.03,TP,240.0,41935.0,0.0
ASIAN_MR,2025-04-07 01:45:00+00:00,2025-04-07 02:30:00+00:00,SHORT,10.0,3048.145,3001.8249,46020.1,46.020099999999914,TP_Z_NEUTRAL,45.0,15410.0,-6970.0
NY_ORB,2025-04-07 14:15:00+00:00,2025-04-07 14:36:00+00:00,BUY,10.0,3026.495,3001.752,-25043.33,-25.043,SL,110.0,11050.0,-25160.0
ASIAN_MR,2025-04-08 01:10:00+00:00,2025-04-08 01:35:00+00:00,SHORT,10.0,2995.175,3001.157874950759,-6282.87,-6.282874950758742,SL_ATR,25.0,5900.0,-7690.0
LONDON_ORB,2025-04-08 09:35:00+00:00,2025-04-08 09:58:00+00:00,SELL,10.0,3001.065,3007.875,-7110.0,-7.11,SL,120.0,310.0,-6600.0
ASIAN_MR,2025-04-09 01:55:00+00:00,2025-04-09 02:45:00+00:00,SHORT,10.0,3008.145,2987.327,20518.0,20.517999999999756,TP_Z_NEUTRAL,50.0,8500.0,-2690.0
LONDON_ORB,2025-04-09 11:20:00+00:00,2025-04-09 11:29:00+00:00,BUY,10.0,3047.165,3060.105,12640.0,12.64,TIME,50.0,17620.0,0.0
NY_ORB,2025-04-09 16:15:00+00:00,2025-04-09 16:29:00+00:00,BUY,10.0,3077.655,3085.935,7980.0,7.98,TIME,75.0,12810.0,0.0
ASIAN_MR,2025-04-10 02:10:00+00:00,2025-04-10 02:15:00+00:00,SHORT,10.0,3105.035,3114.8208976902897,-10085.9,-10.085897690289858,SL_ATR,5.0,130.0,-11790.0
LONDON_ORB,2025-04-10 08:35:00+00:00,2025-04-10 09:56:00+00:00,SELL,10.0,3108.205,3115.605,-7700.0,-7.7,SL,410.0,5040.0,-7480.0
NY_ORB,2025-04-10 14:05:00+00:00,2025-04-10 15:15:00+00:00,BUY,10.0,3132.855,3160.1749999999997,27020.0,27.02,TP,355.0,32353.33,0.0
LONDON_ORB,2025-04-11 08:25:00+00:00,2025-04-11 11:29:00+00:00,BUY,10.0,3219.441,3220.505,764.29,0.764,TIME,925.0,17884.29,-9715.71
NY_ORB,2025-04-11 13:50:00+00:00,2025-04-11 16:06:00+00:00,SELL,10.0,3230.24,3243.945,-14005.0,-14.005,SL,685.0,10935.0,-14255.0
ASIAN_MR,2025-04-14 01:45:00+00:00,2025-04-14 02:20:00+00:00,SHORT,10.0,3240.045,3225.569,14176.0,14.176000000000112,TP_Z_NEUTRAL,35.0,5550.0,-5470.0
LONDON_ORB,2025-04-14 08:20:00+00:00,2025-04-14 08:58:00+00:00,SELL,10.0,3217.175,3228.915,-12040.0,-12.04,SL,195.0,60.0,-12550.0
ASIAN_MR,2025-04-15 01:25:00+00:00,2025-04-15 02:10:00+00:00,SHORT,10.0,3222.885,3214.0919999999996,8493.0,8.493000000000574,TP_Z_NEUTRAL,45.0,6140.0,-2840.0
LONDON_ORB,2025-04-15 10:55:00+00:00,2025-04-15 11:29:00+00:00,SELL,10.0,3224.085,3220.065,3720.0,3.72,TIME,175.0,4760.0,0.0
NY_ORB,2025-04-15 13:55:00+00:00,2025-04-15 14:21:00+00:00,SELL,10.0,3214.695,3224.165,-9770.0,-9.77,SL,135.0,3310.0,-9390.0
ASIAN_MR,2025-04-16 03:35:00+00:00,2025-04-16 03:50:00+00:00,SHORT,10.0,3275.785,3281.1350569561514,-5650.06,-5.6500569561515475,SL_ATR,15.0,1170.0,-5490.0
LONDON_ORB,2025-04-16 08:20:00+00:00,2025-04-16 08:30:00+00:00,BUY,10.0,3309.605,3299.325,-10580.0,-10.58,SL,55.0,5710.0,-16300.0
NY_ORB,2025-04-16 15:10:00+00:00,2025-04-16 15:52:00+00:00,BUY,10.0,3306.325,3325.8049999999994,19180.0,19.18,TP,215.0,20070.0,-1210.0
ASIAN_MR,2025-04-17 01:20:00+00:00,2025-04-17 01:25:00+00:00,SHORT,10.0,3353.565,3347.5745,5690.5,5.690499999999884,TP_Z_NEUTRAL,5.0,6180.0,-230.0
LONDON_ORB,2025-04-17 10:30:00+00:00,2025-04-17 11:29:00+00:00,BUY,10.0,3324.695,3326.755,1760.0,1.76,TIME,300.0,7650.0,-2090.0
NY_ORB,2025-04-17 13:51:00+00:00,2025-04-17 14:32:00+00:00,SELL,10.0,3319.925,3296.005,23620.0,23.62,TP,210.0,30710.0,-1820.0
ASIAN_MR,2025-04-21 04:05:00+00:00,2025-04-21 04:10:00+00:00,LONG,10.0,3377.845,3373.4183906074204,-4726.61,-4.726609392579394,SL_ATR,5.0,0.0,-4570.0
LONDON_ORB,2025-04-21 09:55:00+00:00,2025-04-21 10:13:00+00:00,BUY,10.0,3387.435,3395.515,7780.0,7.78,TP,95.0,8490.0,0.0
ASIAN_MR,2025-04-22 01:25:00+00:00,2025-04-22 01:35:00+00:00,SHORT,10.0,3439.625,3447.8344840006134,-8509.48,-8.50948400061343,SL_ATR,10.0,2270.0,-13250.0
LONDON_ORB,2025-04-22 08:40:00+00:00,2025-04-22 08:44:00+00:00,SELL,10.0,3465.485,3451.5050000000006,13680.0,13.68,TP,25.0,14780.0,0.0
NY_ORB,2025-04-22 13:45:00+00:00,2025-04-22 16:29:00+00:00,SELL,10.0,3410.645,3386.485,23860.0,23.86,TIME,825.0,25760.0,-28180.0
ASIAN_MR,2025-04-23 03:15:00+00:00,2025-04-23 04:05:00+00:00,LONG,10.0,3338.725,3365.035,26010.0,26.009999999999945,TP_Z_NEUTRAL,50.0,7910.0,-5860.0
LONDON_ORB,2025-04-23 09:20:00+00:00,2025-04-23 11:29:00+00:00,BUY,10.0,3319.175,3335.695,16220.0,16.22,TIME,650.0,21080.0,-2780.0
NY_ORB,2025-04-23 13:50:00+00:00,2025-04-23 16:29:00+00:00,SELL,10.0,3281.005,3291.625,-10920.0,-10.92,TIME,800.0,21520.0,-15090.0
ASIAN_MR,2025-04-24 01:25:00+00:00,2025-04-24 02:15:00+00:00,SHORT,10.0,3359.165,3333.308,25557.0,25.55699999999997,TP_Z_NEUTRAL,50.0,11010.0,-7850.0
LONDON_ORB,2025-04-24 09:35:00+00:00,2025-04-24 09:57:00+00:00,SELL,10.0,3329.745,3334.115,-4670.0,-4.67,SL,115.0,4660.0,-5620.0
ASIAN_MR,2025-04-25 04:00:00+00:00,2025-04-25 04:30:00+00:00,LONG,10.0,3324.095,3316.5770453916693,-7817.95,-7.817954608330456,SL_ATR,30.0,2160.0,-8090.0
NY_ORB,2025-04-25 13:45:00+00:00,2025-04-25 16:29:00+00:00,BUY,10.0,3279.815,3282.975,2860.0,2.86,TIME,825.0,7130.0,-9816.0
ASIAN_MR,2025-04-28 03:25:00+00:00,2025-04-28 04:05:00+00:00,SHORT,10.0,3292.365,3280.7614999999996,11303.5,11.303500000000167,TP_Z_NEUTRAL,40.0,3790.0,-1810.0
LONDON_ORB,2025-04-28 09:30:00+00:00,2025-04-28 10:00:00+00:00,SELL,10.0,3283.395,3273.7149999999997,9380.0,9.38,TP,155.0,10330.0,0.0
NY_ORB,2025-04-28 13:45:00+00:00,2025-04-28 14:15:00+00:00,SELL,10.0,3289.575,3301.025,-11750.0,-11.75,SL,155.0,2840.0,-12650.0
ASIAN_MR,2025-04-29 03:05:00+00:00,2025-04-29 03:15:00+00:00,LONG,10.0,3318.325,3311.6702385320514,-6954.76,-6.954761467948447,SL_ATR,10.0,40.0,-9480.0
LONDON_ORB,2025-04-29 09:20:00+00:00,2025-04-29 10:18:00+00:00,SELL,10.0,3318.895,3307.315,11280.0,11.28,TP,295.0,12890.0,0.0
NY_ORB,2025-04-29 13:45:00+00:00,2025-04-29 16:29:00+00:00,SELL,10.0,3310.385,3319.205,-9120.0,-9.12,TIME,825.0,11060.0,-9500.0
LONDON_ORB,2025-04-30 08:15:00+00:00,2025-04-30 11:29:00+00:00,SELL,10.0,3284.865,3280.275,4290.0,4.29,TIME,975.0,16810.0,-5370.0
NY_ORB,2025-04-30 14:05:00+00:00,2025-04-30 16:29:00+00:00,SELL,10.0,3303.805,3308.315,-4810.0,-4.81,TIME,725.0,11290.0,-10460.0
LONDON_ORB,2025-05-01 09:10:00+00:00,2025-05-01 09:57:00+00:00,SELL,10.0,3229.725,3218.805,10620.0,10.62,TP,240.0,11720.0,-3330.0
NY_ORB,2025-05-01 14:05:00+00:00,2025-05-01 16:29:00+00:00,SELL,10.0,3220.015,3209.365,10350.0,10.35,TIME,725.0,15350.0,-11180.0
ASIAN_MR,2025-05-02 02:25:00+00:00,2025-05-02 03:10:00+00:00,SHORT,10.0,3245.885,3250.8424020395582,-5257.4,-5.257402039558019,SL_ATR,45.0,2820.0,-4980.0
LONDON_ORB,2025-05-02 09:10:00+00:00,2025-05-02 11:29:00+00:00,BUY,10.0,3261.415,3265.505,3790.0,3.79,TIME,700.0,5470.0,-4450.0
NY_ORB,2025-05-02 13:45:00+00:00,2025-05-02 14:37:00+00:00,SELL,10.0,3247.895,3259.405,-11810.0,-11.81,SL,265.0,6030.0,-12670.0
ASIAN_MR,2025-05-05 01:35:00+00:00,2025-05-05 02:10:00+00:00,SHORT,10.0,3265.755,3251.813,13642.0,13.642000000000007,TP_Z_NEUTRAL,35.0,5770.0,-5060.0
LONDON_ORB,2025-05-05 08:20:00+00:00,2025-05-05 08:43:00+00:00,BUY,10.0,3267.425,3276.0650000000005,8340.0,8.34,TP,120.0,10990.0,-1030.0
NY_ORB,2025-05-05 14:05:00+00:00,2025-05-05 14:18:00+00:00,BUY,10.0,3318.785,3311.515,-7570.0,-7.57,SL,70.0,9630.0,-7730.0
LONDON_ORB,2025-05-06 08:15:00+00:00,2025-05-06 11:29:00+00:00,BUY,10.0,3377.845,3380.325,2180.0,2.18,TIME,975.0,6960.0,-6770.0
NY_ORB,2025-05-06 13:49:00+00:00,2025-05-06 14:26:00+00:00,BUY,10.0,3397.055,3387.495,-9860.0,-9.86,SL,190.0,840.0,-11720.0
ASIAN_MR,2025-05-07 02:25:00+00:00,2025-05-07 03:15:00+00:00,SHORT,10.0,3385.195,3374.7419999999997,10153.0,10.153000000000429,TP_Z_NEUTRAL,50.0,1660.0,-7150.0
LONDON_ORB,2025-05-07 08:55:00+00:00,2025-05-07 09:59:00+00:00,SELL,10.0,3382.155,3370.775000000001,11080.0,11.08,TP,325.0,12680.0,-2800.0
NY_ORB,2025-05-07 14:29:00+00:00,2025-05-07 16:29:00+00:00,SELL,10.0,3382.495,3381.925,270.0,0.27,TIME,605.0,4140.0,-6920.0
ASIAN_MR,2025-05-08 01:05:00+00:00,2025-05-08 01:50:00+00:00,SHORT,10.0,3392.955,3399.783541051534,-7128.54,-7.128541051534103,SL_ATR,45.0,9070.0,-11940.0
LONDON_ORB,2025-05-08 09:35:00+00:00,2025-05-08 10:23:00+00:00,SELL,10.0,3337.575,3343.995,-6720.0,-6.72,SL,245.0,7440.0,-7390.0
NY_ORB,2025-05-08 15:30:00+00:00,2025-05-08 15:41:00+00:00,SELL,10.0,3358.895,3338.315,20280.0,20.28,TP,60.0,21360.0,0.0
LONDON_ORB,2025-05-09 11:04:00+00:00,2025-05-09 11:29:00+00:00,BUY,10.0,3328.045,3333.645,5300.0,5.3,TIME,130.0,10060.0,-1740.0
NY_ORB,2025-05-09 14:05:00+00:00,2025-05-09 14:31:00+00:00,SELL,10.0,3332.605,3339.825,-7520.0,-7.52,SL,135.0,12490.0,-8420.0
ASIAN_MR,2025-05-12 03:40:00+00:00,2025-05-12 04:20:00+00:00,SHORT,10.0,3282.285,3275.4465,6538.5,6.53849999999984,TP_Z_NEUTRAL,40.0,3370.0,-1340.0
LONDON_ORB,2025-05-12 10:25:00+00:00,2025-05-12 11:29:00+00:00,SELL,10.0,3220.505,3220.745,-540.0,-0.54,TIME,325.0,13010.0,-3500.0
NY_ORB,2025-05-12 13:46:00+00:00,2025-05-12 16:13:00+00:00,BUY,10.0,3244.245,3231.255,-13290.0,-13.29,SL,740.0,4150.0,-13110.0
ASIAN_MR,2025-05-13 02:45:00+00:00,2025-05-13 02:50:00+00:00,SHORT,10.0,3238.175,3228.955,8920.0,8.920000000000254,TP_Z_NEUTRAL,5.0,8110.0,-50.0
LONDON_ORB,2025-05-13 09:00:00+00:00,2025-05-13 11:29:00+00:00,SELL,10.0,3257.335,3255.595,1440.0,1.44,TIME,750.0,7470.0,-1020.0
LONDON_ORB,2025-05-14 09:45:00+00:00,2025-05-14 11:29:00+00:00,SELL,10.0,3234.975,3236.875,-2200.0,-2.2,TIME,525.0,5620.0,-3890.0
LONDON_ORB,2025-05-15 10:10:00+00:00,2025-05-15 10:17:00+00:00,BUY,10.0,3151.195,3176.155,24660.0,24.66,TP,40.0,25320.0,0.0
NY_ORB,2025-05-15 14:10:00+00:00,2025-05-15 15:17:00+00:00,BUY,10.0,3196.615,3211.8949999999995,14980.0,14.98,TP,340.0,16240.0,0.0
LONDON_ORB,2025-05-16 08:16:00+00:00,2025-05-16 08:37:00+00:00,SELL,10.0,3196.565,3208.285,-12020.0,-12.02,SL,110.0,1530.0,-11830.0
LONDON_ORB,2025-05-19 09:15:00+00:00,2025-05-19 11:29:00+00:00,BUY,10.0,3235.735,3241.345,5310.0,5.31,TIME,675.0,9240.0,-2340.0
NY_ORB,2025-05-19 14:05:00+00:00,2025-05-19 14:27:00+00:00,SELL,10.0,3224.475,3232.98,-8805.56,-8.805,SL,115.0,7570.0,-8700.0
ASIAN_MR,2025-05-20 01:05:00+00:00,2025-05-20 01:20:00+00:00,SHORT,10.0,3226.975,3221.099,5576.0,5.575999999999749,TP_Z_NEUTRAL,15.0,4390.0,-3240.0
LONDON_ORB,2025-05-20 09:00:00+00:00,2025-05-20 09:00:00+00:00,BUY,10.0,3224.105,3234.565,10160.0,10.16,TP,5.0,13410.0,0.0
NY_ORB,2025-05-20 13:50:00+00:00,2025-05-20 14:00:00+00:00,BUY,10.0,3245.385,3263.6050000000005,17920.0,17.92,TP,55.0,18550.0,-1260.0
ASIAN_MR,2025-05-21 02:45:00+00:00,2025-05-21 03:45:00+00:00,SHORT,10.0,3302.165,3309.395,-7530.0,-7.530000000000018,TIME_STOP_60M,60.0,3260.0,-7260.0
LONDON_ORB,2025-05-21 10:25:00+00:00,2025-05-21 11:29:00+00:00,BUY,10.0,3310.855,3312.405,1250.0,1.25,TIME,325.0,7250.0,-2520.0
NY_ORB,2025-05-21 14:05:00+00:00,2025-05-21 15:06:00+00:00,SELL,10.0,3301.005,3309.348,-8643.0,-8.643,SL,310.0,5120.0,-8050.0
ASIAN_MR,2025-05-22 04:05:00+00:00,2025-05-22 04:45:00+00:00,LONG,10.0,3334.648,3339.64085,4692.85,4.692849999999635,TP_Z_NEUTRAL,40.0,3100.0,-400.0
LONDON_ORB,2025-05-22 08:20:00+00:00,2025-05-22 08:30:00+00:00,SELL,10.0,3325.335,3316.6090000000004,8426.11,8.426,TP,55.0,10460.0,0.0
NY_ORB,2025-05-22 13:50:00+00:00,2025-05-22 13:59:00+00:00,SELL,10.0,3305.285,3289.6849999999995,15300.0,15.3,TP,50.0,18830.0,0.0
LONDON_ORB,2025-05-23 09:30:00+00:00,2025-05-23 10:04:00+00:00,BUY,10.0,3329.198,3325.258,-4240.0,-4.24,SL,175.0,4450.0,-4883.0
LONDON_ORB,2025-05-26 08:46:00+00:00,2025-05-26 11:29:00+00:00,SELL,10.0,3333.205,3331.365,1540.0,1.54,TIME,820.0,9906.92,-2693.08
NY_ORB,2025-05-26 14:12:00+00:00,2025-05-26 16:29:00+00:00,BUY,10.0,3338.298,3340.298,1700.0,1.7,TIME,690.0,2500.0,-3013.0
ASIAN_MR,2025-05-27 01:25:00+00:00,2025-05-27 01:35:00+00:00,LONG,10.0,3339.105,3335.497249436376,-3907.75,-3.9077505636239946,SL_ATR,10.0,2043.0,-4040.0
LONDON_ORB,2025-05-27 10:20:00+00:00,2025-05-27 11:29:00+00:00,SELL,10.0,3296.005,3289.945,5760.0,5.76,TIME,350.0,8226.67,-2793.33
NY_ORB,2025-05-27 14:05:00+00:00,2025-05-27 16:29:00+00:00,SELL,10.0,3294.345,3297.648,-3602.5,-3.603,TIME,725.0,5787.5,-8810.0
ASIAN_MR,2025-05-28 01:45:00+00:00,2025-05-28 02:05:00+00:00,LONG,10.0,3302.055,3308.8014500000004,6446.45,6.44645000000055,TP_Z_NEUTRAL,20.0,11543.0,-1720.0
LONDON_ORB,2025-05-28 08:26:00+00:00,2025-05-28 08:54:00+00:00,SELL,10.0,3317.115,3323.448,-6633.08,-6.633,SL,145.0,2230.0,-6233.08
NY_ORB,2025-05-28 15:05:00+00:00,2025-05-28 16:29:00+00:00,SELL,10.0,3297.175,3297.255,-380.0,-0.38,TIME,425.0,4830.0,-3510.0
LONDON_ORB,2025-05-29 10:20:00+00:00,2025-05-29 10:56:00+00:00,BUY,10.0,3289.075,3300.334999999999,10960.0,10.96,TP,185.0,11440.0,0.0
NY_ORB,2025-05-29 14:01:00+00:00,2025-05-29 15:59:00+00:00,SELL,10.0,3311.875,3321.875,-10300.0,-10.3,SL,595.0,7377.5,-9972.5
ASIAN_MR,2025-05-30 02:30:00+00:00,2025-05-30 02:45:00+00:00,LONG,10.0,3301.765,3296.508872977078,-5556.13,-5.556127022921646,SL_ATR,15.0,1920.0,-5667.0
LONDON_ORB,2025-05-30 10:05:00+00:00,2025-05-30 11:20:00+00:00,BUY,10.0,3299.048,3291.315,-8033.0,-8.033,SL,380.0,1300.0,-7873.0
NY_ORB,2025-05-30 13:55:00+00:00,2025-05-30 16:29:00+00:00,SELL,10.0,3287.615,3288.848,-1532.86,-1.533,TIME,775.0,16520.0,-4800.0
ASIAN_MR,2025-06-02 04:05:00+00:00,2025-06-02 04:30:00+00:00,SHORT,10.0,3310.498,3313.9993384437903,-3801.34,-3.8013384437902458,SL_ATR,25.0,300.0,-4300.0
LONDON_ORB,2025-06-02 10:45:00+00:00,2025-06-02 11:29:00+00:00,SELL,10.0,3350.338,3353.145,-3107.14,-3.107,TIME,225.0,6040.0,-3367.14
NY_ORB,2025-06-02 13:45:00+00:00,2025-06-02 16:29:00+00:00,BUY,10.0,3366.698,3372.798,5800.0,5.8,TIME,825.0,12468.0,-2100.0
ASIAN_MR,2025-06-03 01:20:00+00:00,2025-06-03 01:40:00+00:00,LONG,10.0,3366.165,3377.4809,11015.9,11.015900000000055,TP_Z_NEUTRAL,20.0,7280.0,-3170.0
LONDON_ORB,2025-06-03 09:35:00+00:00,2025-06-03 11:29:00+00:00,SELL,10.0,3359.339,3356.705,2334.0,2.334,TIME,575.0,6254.0,-1009.33
NY_ORB,2025-06-03 13:50:00+00:00,2025-06-03 16:29:00+00:00,SELL,10.0,3348.798,3348.975,-477.5,-0.477,TIME,800.0,16222.5,-4597.5
ASIAN_MR,2025-06-04 03:50:00+00:00,2025-06-04 04:40:00+00:00,LONG,10.0,3359.948,3356.2344229815512,-4013.58,-4.013577018448632,SL_ATR,50.0,1287.0,-5763.0
LONDON_ORB,2025-06-04 10:50:00+00:00,2025-06-04 11:29:00+00:00,SELL,10.0,3351.355,3346.448,4607.14,4.607,TIME,200.0,7907.14,-440.0
NY_ORB,2025-06-04 14:06:00+00:00,2025-06-04 14:37:00+00:00,BUY,10.0,3359.245,3375.7249999999995,16180.0,16.18,TP,160.0,16630.0,-1880.0
LONDON_ORB,2025-06-05 09:05:00+00:00,2025-06-05 09:20:00+00:00,BUY,10.0,3373.235,3380.515000000001,6980.0,6.98,TP,80.0,8500.0,0.0
NY_ORB,2025-06-05 14:45:00+00:00,2025-06-05 15:33:00+00:00,SELL,10.0,3377.265,3355.399,21565.71,21.566,TP,245.0,23970.0,0.0
ASIAN_MR,2025-06-06 03:50:00+00:00,2025-06-06 04:45:00+00:00,SHORT,10.0,3370.605,3373.88387750987,-3578.88,-3.578877509870199,SL_ATR,55.0,1707.0,-3370.0
LONDON_ORB,2025-06-06 08:30:00+00:00,2025-06-06 09:21:00+00:00,BUY,10.0,3362.065,3358.315,-4050.0,-4.05,SL,260.0,5493.81,-3770.0
NY_ORB,2025-06-06 14:20:00+00:00,2025-06-06 14:20:00+00:00,SELL,10.0,3344.995,3324.589,20106.25,20.106,TP,5.0,26047.5,0.0
ASIAN_MR,2025-06-09 03:55:00+00:00,2025-06-09 04:55:00+00:00,SHORT,10.0,3310.518,3311.555,-1337.0,-1.3369999999998072,TIME_STOP_60M,60.0,1570.0,-2730.0
LONDON_ORB,2025-06-09 09:05:00+00:00,2025-06-09 09:24:00+00:00,SELL,10.0,3322.525,3317.0450000000005,5180.0,5.18,TP,100.0,5960.0,-773.1
NY_ORB,2025-06-09 13:50:00+00:00,2025-06-09 15:41:00+00:00,BUY,10.0,3317.735,3331.8890000000006,13853.64,13.854,TP,560.0,14230.0,-1810.0
LONDON_ORB,2025-06-10 10:25:00+00:00,2025-06-10 11:29:00+00:00,BUY,10.0,3332.525,3340.345,7520.0,7.52,TIME,325.0,9422.86,0.0
NY_ORB,2025-06-10 14:05:00+00:00,2025-06-10 14:19:00+00:00,SELL,10.0,3342.315,3331.7950000000005,10220.0,10.22,TP,75.0,11320.0,0.0
LONDON_ORB,2025-06-11 09:05:00+00:00,2025-06-11 09:06:00+00:00,SELL,10.0,3343.648,3339.848000000001,3500.0,3.5,TP,10.0,5083.1,0.0
NY_ORB,2025-06-11 14:45:00+00:00,2025-06-11 15:45:00+00:00,BUY,10.0,3339.405,3332.565,-7140.0,-7.14,SL,305.0,3210.0,-6906.67
ASIAN_MR,2025-06-12 04:15:00+00:00,2025-06-12 04:40:00+00:00,LONG,10.0,3370.348,3373.6396999999997,2991.7,2.9916999999997644,TP_Z_NEUTRAL,25.0,3177.0,-300.0
LONDON_ORB,2025-06-12 08:20:00+00:00,2025-06-12 09:12:00+00:00,BUY,10.0,3351.195,3361.8350000000005,10340.0,10.34,TP,265.0,10780.0,0.0
NY_ORB,2025-06-12 13:45:00+00:00,2025-06-12 15:12:00+00:00,BUY,10.0,3398.738,3380.395,-18642.5,-18.643,SL,440.0,7.5,-19192.5
ASIAN_MR,2025-06-13 02:40:00+00:00,2025-06-13 03:10:00+00:00,SHORT,10.0,3437.748,3429.14735,8300.65,8.300649999999859,TP_Z_NEUTRAL,30.0,7100.0,-6377.0
LONDON_ORB,2025-06-13 10:38:00+00:00,2025-06-13 11:29:00+00:00,SELL,10.0,3414.075,3419.175,-5400.0,-5.4,TIME,260.0,2680.0,-7373.0
NY_ORB,2025-06-13 14:05:00+00:00,2025-06-13 14:18:00+00:00,SELL,10.0,3439.329,3424.6910000000003,14338.18,14.338,TP,70.0,15053.64,0.0
ASIAN_MR,2025-06-16 03:20:00+00:00,2025-06-16 03:45:00+00:00,LONG,10.0,3436.325,3431.6091126888,-5015.89,-5.015887311199822,SL_ATR,25.0,1173.0,-5370.0
NY_ORB,2025-06-16 13:55:00+00:00,2025-06-16 16:29:00+00:00,SELL,10.0,3402.705,3399.698,2706.67,2.707,TIME,775.0,20180.0,-2743.33
LONDON_ORB,2025-06-17 09:10:00+00:00,2025-06-17 10:06:00+00:00,SELL,10.0,3384.598,3388.465,-4167.14,-4.167,SL,285.0,7352.86,-3767.14
NY_ORB,2025-06-17 13:50:00+00:00,2025-06-17 14:32:00+00:00,SELL,10.0,3391.205,3379.0649999999996,11840.0,11.84,TP,215.0,12906.92,-1743.08
ASIAN_MR,2025-06-18 01:45:00+00:00,2025-06-18 02:00:00+00:00,LONG,10.0,3381.625,3377.8869023835045,-4038.1,-4.038097616495452,SL_ATR,15.0,1150.0,-6927.0
LONDON_ORB,2025-06-18 09:50:00+00:00,2025-06-18 09:50:00+00:00,SELL,10.0,3384.748,3377.8340000000003,6613.91,6.614,TP,5.0,7633.04,0.0
NY_ORB,2025-06-18 14:05:00+00:00,2025-06-18 14:19:00+00:00,SELL,10.0,3391.615,3381.548999999999,9766.25,9.766,TP,75.0,10766.88,0.0
LONDON_ORB,2025-06-19 10:30:00+00:00,2025-06-19 10:30:00+00:00,BUY,10.0,3366.298,3374.6639999999998,8065.79,8.066,TP,5.0,10456.84,0.0
NY_ORB,2025-06-19 15:55:00+00:00,2025-06-19 16:29:00+00:00,BUY,10.0,3368.798,3369.615,517.27,0.517,TIME,175.0,3050.0,-2902.73
LONDON_ORB,2025-06-23 09:15:00+00:00,2025-06-23 11:05:00+00:00,BUY,10.0,3362.095,3371.474999999999,9080.0,9.08,TP,555.0,10270.0,-500.0
NY_ORB,2025-06-23 13:51:00+00:00,2025-06-23 16:29:00+00:00,BUY,10.0,3384.448,3391.098,6350.0,6.35,TIME,795.0,8900.0,-15052.0
NY_ORB,2025-06-24 15:30:00+00:00,2025-06-24 16:29:00+00:00,BUY,10.0,3313.248,3311.598,-1950.0,-1.95,TIME,300.0,3707.5,-2150.0
ASIAN_MR,2025-06-25 01:50:00+00:00,2025-06-25 02:10:00+00:00,SHORT,10.0,3333.425,3329.15475,3970.25,3.970250000000033,TP_Z_NEUTRAL,20.0,2377.0,-1623.0
LONDON_ORB,2025-06-25 09:10:00+00:00,2025-06-25 11:29:00+00:00,SELL,10.0,3327.585,3325.135,2150.0,2.15,TIME,700.0,6237.06,-1892.94
NY_ORB,2025-06-25 14:05:00+00:00,2025-06-25 14:50:00+00:00,BUY,10.0,3315.598,3323.384,7486.19,7.486,TP,230.0,8897.14,0.0
LONDON_ORB,2025-06-26 09:00:00+00:00,2025-06-26 09:04:00+00:00,BUY,10.0,3347.055,3344.148,-3207.14,-3.207,SL,25.0,1422.86,-3317.14
NY_ORB,2025-06-26 13:45:00+00:00,2025-06-26 16:29:00+00:00,BUY,10.0,3321.398,3329.398,7700.0,7.7,TIME,825.0,9300.0,-9692.86
ASIAN_MR,2025-06-27 01:30:00+00:00,2025-06-27 01:40:00+00:00,SHORT,10.0,3320.098,3316.65455,3143.45,3.143449999999757,TP_Z_NEUTRAL,10.0,4300.0,-227.0
LONDON_ORB,2025-06-27 10:10:00+00:00,2025-06-27 10:50:00+00:00,BUY,10.0,3287.698,3282.148,-5850.0,-5.85,SL,205.0,3017.14,-5722.86
NY_ORB,2025-06-27 15:00:00+00:00,2025-06-27 16:29:00+00:00,BUY,10.0,3265.365,3277.635,11970.0,11.97,TIME,450.0,12730.0,0.0
ASIAN_MR,2025-06-30 01:30:00+00:00,2025-06-30 02:00:00+00:00,SHORT,10.0,3273.025,3278.4026963316614,-5677.7,-5.6776963316613545,SL_ATR,30.0,2217.0,-7330.0
LONDON_ORB,2025-06-30 09:10:00+00:00,2025-06-30 09:10:00+00:00,SELL,10.0,3292.555,3284.9689999999996,7286.19,7.286,TP,5.0,11090.0,0.0
NY_ORB,2025-06-30 15:20:00+00:00,2025-06-30 16:29:00+00:00,BUY,10.0,3283.545,3292.155,8310.0,8.31,TIME,350.0,10730.0,0.0
ASIAN_MR,2025-07-01 01:20:00+00:00,2025-07-01 01:50:00+00:00,SHORT,10.0,3319.135,3313.3875500000004,5447.45,5.4474499999998445,TP_Z_NEUTRAL,30.0,3580.0,-1643.0
LONDON_ORB,2025-07-01 09:55:00+00:00,2025-07-01 11:04:00+00:00,BUY,10.0,3341.848,3350.4939999999997,8345.79,8.346,TP,350.0,10176.84,0.0
NY_ORB,2025-07-01 13:54:00+00:00,2025-07-01 14:46:00+00:00,BUY,10.0,3350.375,3345.385,-5290.0,-5.29,SL,265.0,3840.0,-5260.0
ASIAN_MR,2025-07-02 02:55:00+00:00,2025-07-02 03:20:00+00:00,SHORT,10.0,3336.445,3340.0992734576243,-3954.27,-3.9542734576241854,SL_ATR,25.0,1747.0,-3853.0
LONDON_ORB,2025-07-02 09:35:00+00:00,2025-07-02 09:35:00+00:00,BUY,10.0,3335.755,3341.5350000000008,5480.0,5.48,TP,5.0,5800.0,0.0
NY_ORB,2025-07-02 13:50:00+00:00,2025-07-02 16:07:00+00:00,SELL,10.0,3339.148,3345.305,-6456.92,-6.457,SL,690.0,5513.08,-6876.92
LONDON_ORB,2025-07-03 08:45:00+00:00,2025-07-03 08:45:00+00:00,BUY,10.0,3353.598,3356.2039999999997,2306.07,2.306,TP,5.0,4500.0,0.0
ASIAN_MR,2025-07-04 01:25:00+00:00,2025-07-04 01:35:00+00:00,SHORT,10.0,3332.418,3329.20075,2917.25,2.9172500000001493,TP_Z_NEUTRAL,10.0,4220.0,0.0
LONDON_ORB,2025-07-04 09:25:00+00:00,2025-07-04 09:32:00+00:00,SELL,10.0,3340.655,3334.1750000000006,6180.0,6.18,TP,40.0,6980.0,0.0
NY_ORB,2025-07-04 13:59:00+00:00,2025-07-04 16:29:00+00:00,SELL,10.0,3333.595,3333.598,-303.0,-0.303,TIME,755.0,3066.0,-1280.0
LONDON_ORB,2025-07-07 10:41:00+00:00,2025-07-07 11:09:00+00:00,SELL,10.0,3301.085,3306.715,-5930.0,-5.93,SL,145.0,4890.0,-6300.0
NY_ORB,2025-07-07 13:55:00+00:00,2025-07-07 16:20:00+00:00,BUY,10.0,3311.985,3324.0850000000005,11800.0,11.8,TP,730.0,13043.85,0.0
LONDON_ORB,2025-07-08 08:43:00+00:00,2025-07-08 11:29:00+00:00,SELL,10.0,3325.825,3324.715,810.0,0.81,TIME,835.0,5490.0,-1490.0
NY_ORB,2025-07-08 13:45:00+00:00,2025-07-08 14:08:00+00:00,SELL,10.0,3320.849,3309.1490000000003,11400.0,11.4,TP,120.0,13054.29,-1349.29
LONDON_ORB,2025-07-09 10:35:00+00:00,2025-07-09 11:27:00+00:00,BUY,10.0,3292.448,3288.285,-4463.16,-4.463,SL,265.0,3346.84,-4233.16
NY_ORB,2025-07-09 13:50:00+00:00,2025-07-09 16:29:00+00:00,BUY,10.0,3298.805,3311.385,12280.0,12.28,TIME,800.0,13970.0,-1207.27
ASIAN_MR,2025-07-10 01:20:00+00:00,2025-07-10 01:30:00+00:00,SHORT,10.0,3321.798,3324.6743473305255,-3176.35,-3.176347330525732,SL_ATR,10.0,163.0,-3400.0
LONDON_ORB,2025-07-10 08:50:00+00:00,2025-07-10 08:50:00+00:00,BUY,10.0,3322.115,3326.9349999999995,4520.0,4.52,TP,5.0,6590.0,0.0
NY_ORB,2025-07-10 13:45:00+00:00,2025-07-10 16:29:00+00:00,SELL,10.0,3320.805,3316.155,4350.0,4.35,TIME,825.0,10900.0,-590.0
ASIAN_MR,2025-07-11 02:45:00+00:00,2025-07-11 03:35:00+00:00,SHORT,10.0,3333.448,3329.6447500000004,3503.25,3.50324999999948,TP_Z_NEUTRAL,50.0,1583.0,-2450.0
LONDON_ORB,2025-07-11 08:30:00+00:00,2025-07-11 08:52:00+00:00,SELL,10.0,3340.515,3335.3689999999992,4846.13,4.846,TP,115.0,5600.0,0.0
NY_ORB,2025-07-11 13:48:00+00:00,2025-07-11 14:42:00+00:00,SELL,10.0,3350.419,3358.959,-8840.0,-8.84,SL,275.0,550.0,-9650.0
ASIAN_MR,2025-07-14 01:40:00+00:00,2025-07-14 02:15:00+00:00,LONG,10.0,3359.315,3354.76413951436,-4850.86,-4.850860485639987,SL_ATR,35.0,1270.0,-4817.0
LONDON_ORB,2025-07-14 09:35:00+00:00,2025-07-14 10:02:00+00:00,SELL,10.0,3369.335,3372.425,-3390.0,-3.39,SL,140.0,4830.0,-3090.0
NY_ORB,2025-07-14 14:25:00+00:00,2025-07-14 14:25:00+00:00,SELL,10.0,3354.509,3347.817,6392.08,6.392,TP,5.0,7280.0,0.0
ASIAN_MR,2025-07-15 03:35:00+00:00,2025-07-15 04:00:00+00:00,SHORT,10.0,3355.745,3358.3690208424355,-2924.02,-2.924020842435584,SL_ATR,25.0,130.0,-2853.0
LONDON_ORB,2025-07-15 08:20:00+00:00,2025-07-15 10:05:00+00:00,SELL,10.0,3361.868,3365.445,-3876.82,-3.877,SL,530.0,5523.18,-3956.82
NY_ORB,2025-07-15 15:30:00+00:00,2025-07-15 16:29:00+00:00,SELL,10.0,3334.169,3325.499,8370.0,8.37,TIME,300.0,14114.0,0.0
ASIAN_MR,2025-07-16 01:25:00+00:00,2025-07-16 01:40:00+00:00,SHORT,10.0,3332.785,3330.9008999999996,1584.1,1.5841000000002168,TP_Z_NEUTRAL,15.0,1970.0,-2060.0
LONDON_ORB,2025-07-16 10:55:00+00:00,2025-07-16 11:29:00+00:00,SELL,10.0,3337.625,3335.775,1550.0,1.55,TIME,175.0,4040.0,-310.0
NY_ORB,2025-07-16 14:28:00+00:00,2025-07-16 14:54:00+00:00,SELL,10.0,3326.398,3334.589,-8491.0,-8.491,SL,135.0,6899.0,-9437.0
LONDON_ORB,2025-07-17 09:00:00+00:00,2025-07-17 09:52:00+00:00,BUY,10.0,3329.435,3325.365,-4370.0,-4.37,SL,265.0,2820.0,-4330.0
ASIAN_MR,2025-07-18 01:40:00+00:00,2025-07-18 01:50:00+00:00,LONG,10.0,3336.155,3338.4115000000006,1956.5,1.9565000000004147,TP_Z_NEUTRAL,10.0,3760.0,0.0
LONDON_ORB,2025-07-18 09:10:00+00:00,2025-07-18 11:29:00+00:00,BUY,10.0,3350.185,3352.865,2380.0,2.38,TIME,700.0,4520.0,-2560.0
NY_ORB,2025-07-18 16:15:00+00:00,2025-07-18 16:29:00+00:00,SELL,10.0,3352.005,3353.335,-1630.0,-1.63,TIME,75.0,980.0,-2240.0
ASIAN_MR,2025-07-21 01:10:00+00:00,2025-07-21 02:00:00+00:00,SHORT,10.0,3356.855,3351.2379,5317.1,5.317099999999937,TP_Z_NEUTRAL,50.0,2750.0,-1500.0
LONDON_ORB,2025-07-21 10:36:00+00:00,2025-07-21 10:50:00+00:00,SELL,10.0,3362.845,3364.705,-2160.0,-2.16,SL,75.0,180.0,-1600.0
NY_ORB,2025-07-21 13:50:00+00:00,2025-07-21 14:41:00+00:00,BUY,10.0,3389.235,3401.0490000000004,11514.29,11.514,TP,260.0,12104.29,-3590.0
ASIAN_MR,2025-07-22 01:45:00+00:00,2025-07-22 02:20:00+00:00,LONG,10.0,3388.135,3392.5038,4068.8,4.0687999999997375,TP_Z_NEUTRAL,35.0,2810.0,-3190.0
LONDON_ORB,2025-07-22 09:24:00+00:00,2025-07-22 10:24:00+00:00,SELL,10.0,3385.825,3388.135,-2610.0,-2.61,SL,305.0,1380.0,-2040.0
NY_ORB,2025-07-22 14:00:00+00:00,2025-07-22 14:16:00+00:00,SELL,10.0,3412.725,3417.885,-5460.0,-5.46,SL,85.0,8360.0,-4910.0
LONDON_ORB,2025-07-23 10:05:00+00:00,2025-07-23 11:08:00+00:00,BUY,10.0,3425.095,3420.325,-5070.0,-5.07,SL,320.0,3280.0,-5090.0
NY_ORB,2025-07-23 13:45:00+00:00,2025-07-23 15:55:00+00:00,BUY,10.0,3412.535,3405.268,-7567.27,-7.567,SL,655.0,7140.0,-8760.0
ASIAN_MR,2025-07-24 03:10:00+00:00,2025-07-24 03:30:00+00:00,LONG,10.0,3378.985,3385.24965,5964.65,5.964650000000074,TP_Z_NEUTRAL,20.0,3320.0,-1910.0
LONDON_ORB,2025-07-24 10:55:00+00:00,2025-07-24 11:29:00+00:00,SELL,10.0,3365.618,3363.135,2183.0,2.183,TIME,175.0,3163.0,-730.0
NY_ORB,2025-07-24 13:50:00+00:00,2025-07-24 16:29:00+00:00,BUY,10.0,3367.848,3369.729,1581.43,1.581,TIME,800.0,9297.14,-2812.86
LONDON_ORB,2025-07-25 08:20:00+00:00,2025-07-25 08:28:00+00:00,SELL,10.0,3353.045,3348.885,3860.0,3.86,TP,45.0,5880.0,0.0
NY_ORB,2025-07-25 14:20:00+00:00,2025-07-25 16:29:00+00:00,SELL,10.0,3339.135,3328.675,10160.0,10.16,TIME,650.0,14330.0,-170.0
ASIAN_MR,2025-07-28 04:00:00+00:00,2025-07-28 04:35:00+00:00,SHORT,10.0,3341.738,3337.0389500000006,4399.05,4.399049999999261,TP_Z_NEUTRAL,35.0,2150.0,-1860.0
NY_ORB,2025-07-28 13:45:00+00:00,2025-07-28 13:54:00+00:00,SELL,10.0,3321.785,3307.205,14280.0,14.28,TP,50.0,16820.0,-610.0
NY_ORB,2025-07-29 14:05:00+00:00,2025-07-29 14:22:00+00:00,SELL,10.0,3312.518,3321.685,-9466.67,-9.467,SL,90.0,843.33,-9330.0
LONDON_ORB,2025-07-30 10:02:00+00:00,2025-07-30 10:45:00+00:00,BUY,10.0,3331.925,3327.395,-4830.0,-4.83,SL,220.0,820.0,-5220.0
NY_ORB,2025-07-30 15:25:00+00:00,2025-07-30 16:29:00+00:00,SELL,10.0,3300.815,3295.159,5356.36,5.356,TIME,325.0,12400.0,0.0
ASIAN_MR,2025-07-31 02:05:00+00:00,2025-07-31 02:30:00+00:00,SHORT,10.0,3294.635,3289.0487500000004,5286.25,5.2862499999998365,TP_Z_NEUTRAL,25.0,3440.0,-1050.0
LONDON_ORB,2025-07-31 08:20:00+00:00,2025-07-31 10:21:00+00:00,BUY,10.0,3309.685,3303.395,-6590.0,-6.59,SL,610.0,5020.0,-6290.0
NY_ORB,2025-07-31 14:20:00+00:00,2025-07-31 16:12:00+00:00,SELL,10.0,3302.498,3290.204,11993.85,11.994,TP,565.0,12600.0,0.0
LONDON_ORB,2025-08-01 10:35:00+00:00,2025-08-01 10:35:00+00:00,BUY,10.0,3288.605,3295.5850000000005,6680.0,6.68,TP,5.0,9243.04,0.0
LONDON_ORB,2025-08-04 10:25:00+00:00,2025-08-04 10:30:00+00:00,SELL,10.0,3353.815,3356.748,-3232.96,-3.233,SL,30.0,867.04,-2932.96
NY_ORB,2025-08-04 13:50:00+00:00,2025-08-04 14:49:00+00:00,BUY,10.0,3377.875,3373.355,-4820.0,-4.82,SL,300.0,7330.0,-4540.0
ASIAN_MR,2025-08-05 02:30:00+00:00,2025-08-05 02:50:00+00:00,LONG,10.0,3376.765,3374.067688275214,-2997.31,-2.997311724785777,SL_ATR,20.0,1220.0,-3070.0
LONDON_ORB,2025-08-05 09:50:00+00:00,2025-08-05 09:51:00+00:00,SELL,10.0,3370.515,3364.5349999999994,5680.0,5.68,TP,10.0,6910.0,0.0
NY_ORB,2025-08-05 14:25:00+00:00,2025-08-05 16:29:00+00:00,BUY,10.0,3379.598,3382.298,2400.0,2.4,TIME,625.0,10691.25,-1112.5
ASIAN_MR,2025-08-06 01:20:00+00:00,2025-08-06 01:35:00+00:00,LONG,10.0,3377.835,3382.01235,3877.35,3.8773499999999332,TP_Z_NEUTRAL,15.0,3513.0,-920.0
LONDON_ORB,2025-08-06 08:20:00+00:00,2025-08-06 11:29:00+00:00,SELL,10.0,3368.325,3366.015,2010.0,2.01,TIME,950.0,10310.0,0.0
NY_ORB,2025-08-06 13:55:00+00:00,2025-08-06 16:29:00+00:00,BUY,10.0,3370.748,3374.565,3517.14,3.517,TIME,775.0,9050.0,-1432.86
ASIAN_MR,2025-08-07 01:15:00+00:00,2025-08-07 01:30:00+00:00,SHORT,10.0,3375.985,3379.3747842600724,-3689.78,-3.689784260072247,SL_ATR,15.0,270.0,-4190.0
LONDON_ORB,2025-08-07 08:15:00+00:00,2025-08-07 11:29:00+00:00,SELL,10.0,3379.735,3381.645,-2210.0,-2.21,TIME,975.0,8190.0,-3230.0
NY_ORB,2025-08-07 13:51:00+00:00,2025-08-07 13:59:00+00:00,BUY,10.0,3390.778,3385.485,-5592.67,-5.593,SL,45.0,1347.33,-6212.67
ASIAN_MR,2025-08-08 03:40:00+00:00,2025-08-08 04:40:00+00:00,SHORT,10.0,3395.179,3397.509,-2630.0,-2.629999999999927,TIME_STOP_60M,60.0,1300.0,-3650.0
LONDON_ORB,2025-08-08 10:20:00+00:00,2025-08-08 10:20:00+00:00,SELL,10.0,3399.545,3393.7890000000007,5456.07,5.456,TP,5.0,9647.14,0.0
NY_ORB,2025-08-08 14:10:00+00:00,2025-08-08 16:09:00+00:00,SELL,10.0,3389.279,3397.429,-8450.0,-8.45,SL,600.0,8394.0,-7926.0
ASIAN_MR,2025-08-11 01:10:00+00:00,2025-08-11 01:50:00+00:00,LONG,10.0,3372.648,3386.0353000000005,13087.3,13.087300000000322,TP_Z_NEUTRAL,40.0,7057.0,-1820.0
LONDON_ORB,2025-08-11 08:25:00+00:00,2025-08-11 09:05:00+00:00,BUY,10.0,3362.798,3358.565,-4533.16,-4.533,SL,205.0,2866.84,-4700.0
NY_ORB,2025-08-11 14:40:00+00:00,2025-08-11 16:29:00+00:00,SELL,10.0,3349.229,3346.229,2700.0,2.7,TIME,550.0,8001.11,-2865.56
ASIAN_MR,2025-08-12 03:10:00+00:00,2025-08-12 03:15:00+00:00,SHORT,10.0,3354.705,3351.72725,2677.75,2.6777500000000147,TP_Z_NEUTRAL,5.0,2707.0,-70.0
LONDON_ORB,2025-08-12 10:10:00+00:00,2025-08-12 11:03:00+00:00,SELL,10.0,3351.245,3342.545,8400.0,8.4,TP,270.0,9447.22,0.0
NY_ORB,2025-08-12 13:45:00+00:00,2025-08-12 14:11:00+00:00,BUY,10.0,3355.155,3339.885,-15570.0,-15.57,SL,135.0,1390.0,-16470.0
LONDON_ORB,2025-08-13 08:35:00+00:00,2025-08-13 08:45:00+00:00,BUY,10.0,3355.605,3361.7190000000005,5813.85,5.814,TP,55.0,6720.0,0.0
NY_ORB,2025-08-13 14:05:00+00:00,2025-08-13 15:18:00+00:00,BUY,10.0,3362.448,3356.098,-6650.0,-6.65,SL,370.0,8056.92,-6763.08
LONDON_ORB,2025-08-14 10:45:00+00:00,2025-08-14 11:29:00+00:00,BUY,10.0,3347.365,3355.055,7390.0,7.39,TIME,225.0,9560.0,0.0
NY_ORB,2025-08-14 14:10:00+00:00,2025-08-14 16:13:00+00:00,SELL,10.0,3344.179,3334.241,9638.12,9.638,TP,620.0,11161.25,-2326.25
ASIAN_MR,2025-08-15 01:40:00+00:00,2025-08-15 02:15:00+00:00,SHORT,10.0,3338.345,3336.02495,2020.05,2.0200499999998103,TP_Z_NEUTRAL,35.0,1170.0,-1770.0
LONDON_ORB,2025-08-15 08:51:00+00:00,2025-08-15 11:29:00+00:00,SELL,10.0,3341.348,3339.915,1133.33,1.133,TIME,795.0,5343.33,-3450.0
ASIAN_MR,2025-08-18 03:35:00+00:00,2025-08-18 03:45:00+00:00,SHORT,10.0,3347.548,3349.837173678627,-2589.17,-2.589173678627321,SL_ATR,10.0,303.0,-3550.0
LONDON_ORB,2025-08-18 10:03:00+00:00,2025-08-18 11:29:00+00:00,BUY,10.0,3349.648,3348.375,-1573.33,-1.573,TIME,435.0,1600.0,-3350.0
NY_ORB,2025-08-18 14:05:00+00:00,2025-08-18 16:29:00+00:00,SELL,10.0,3337.715,3332.245,5170.0,5.17,TIME,725.0,6020.0,-780.0
ASIAN_MR,2025-08-19 03:15:00+00:00,2025-08-19 03:40:00+00:00,SHORT,10.0,3340.675,3334.7306,5644.4,5.6444000000003145,TP_Z_NEUTRAL,25.0,2920.0,-720.0
LONDON_ORB,2025-08-19 10:10:00+00:00,2025-08-19 11:29:00+00:00,BUY,10.0,3340.825,3341.565,440.0,0.44,TIME,400.0,4340.0,0.0
NY_ORB,2025-08-19 14:36:00+00:00,2025-08-19 16:29:00+00:00,SELL,10.0,3331.345,3319.285,11760.0,11.76,TIME,570.0,12860.0,-1300.0
ASIAN_MR,2025-08-20 01:45:00+00:00,2025-08-20 02:00:00+00:00,SHORT,10.0,3316.685,3314.1434500000005,2241.55,2.241549999999461,TP_Z_NEUTRAL,15.0,2620.0,-190.0
LONDON_ORB,2025-08-20 09:10:00+00:00,2025-08-20 11:13:00+00:00,BUY,10.0,3324.748,3328.748,3700.0,3.7,TP,620.0,4157.0,-1123.0
NY_ORB,2025-08-20 13:50:00+00:00,2025-08-20 14:47:00+00:00,SELL,10.0,3340.305,3348.198,-8193.0,-8.193,SL,290.0,540.0,-9043.0
LONDON_ORB,2025-08-21 09:55:00+00:00,2025-08-21 10:25:00+00:00,BUY,10.0,3340.365,3338.805,-1860.0,-1.86,SL,155.0,1040.0,-1730.0
NY_ORB,2025-08-21 13:50:00+00:00,2025-08-21 13:50:00+00:00,SELL,10.0,3344.625,3339.125,5200.0,5.2,TP,5.0,5866.9,0.0
NY_ORB,2025-08-22 14:05:00+00:00,2025-08-22 14:05:00+00:00,BUY,10.0,3335.948,3350.7939999999994,14546.36,14.546,TP,5.0,17010.0,0.0
LONDON_ORB,2025-08-25 09:35:00+00:00,2025-08-25 09:45:00+00:00,SELL,10.0,3364.475,3366.458,-2283.0,-2.283,SL,55.0,1180.0,-2510.0
NY_ORB,2025-08-25 13:50:00+00:00,2025-08-25 16:29:00+00:00,BUY,10.0,3368.245,3372.675,4130.0,4.13,TIME,800.0,7890.0,0.0
ASIAN_MR,2025-08-26 04:20:00+00:00,2025-08-26 04:40:00+00:00,SHORT,10.0,3374.875,3377.3748105178356,-2799.81,-2.7998105178356125,SL_ATR,20.0,520.0,-2950.0
LONDON_ORB,2025-08-26 09:35:00+00:00,2025-08-26 09:49:00+00:00,SELL,10.0,3376.605,3371.065,5240.0,5.24,TP,75.0,7400.0,0.0
NY_ORB,2025-08-26 13:50:00+00:00,2025-08-26 14:47:00+00:00,SELL,10.0,3373.328,3377.935,-4907.06,-4.907,SL,290.0,3212.94,-4427.06
LONDON_ORB,2025-08-27 09:55:00+00:00,2025-08-27 10:37:00+00:00,SELL,10.0,3380.825,3374.9649999999992,5560.0,5.56,TP,215.0,6240.0,0.0
NY_ORB,2025-08-27 13:45:00+00:00,2025-08-27 14:21:00+00:00,SELL,10.0,3377.275,3382.005,-5030.0,-5.03,SL,185.0,1930.0,-4850.0
ASIAN_MR,2025-08-28 01:10:00+00:00,2025-08-28 01:20:00+00:00,LONG,10.0,3390.265,3387.421248012168,-3143.75,-3.1437519878320925,SL_ATR,10.0,290.0,-3060.0
LONDON_ORB,2025-08-28 08:40:00+00:00,2025-08-28 10:08:00+00:00,BUY,10.0,3397.345,3393.715,-3930.0,-3.93,SL,445.0,4070.0,-3790.0
NY_ORB,2025-08-28 15:25:00+00:00,2025-08-28 16:29:00+00:00,BUY,10.0,3407.575,3415.485,7610.0,7.61,TIME,325.0,7930.0,-3626.92
ASIAN_MR,2025-08-29 01:05:00+00:00,2025-08-29 01:25:00+00:00,LONG,10.0,3412.048,3410.0385429524335,-2309.46,-2.3094570475662293,SL_ATR,20.0,267.0,-2393.0
LONDON_ORB,2025-08-29 10:15:00+00:00,2025-08-29 10:32:00+00:00,SELL,10.0,3411.145,3405.645,5200.0,5.2,TP,90.0,5870.0,0.0
NY_ORB,2025-08-29 14:10:00+00:00,2025-08-29 15:16:00+00:00,BUY,10.0,3425.965,3443.5250000000005,17260.0,17.26,TP,335.0,18964.44,0.0
ASIAN_MR,2025-09-01 01:15:00+00:00,2025-09-01 01:35:00+00:00,LONG,10.0,3439.198,3443.6648499999997,4166.85,4.166849999999795,TP_Z_NEUTRAL,20.0,3237.0,-2650.0
LONDON_ORB,2025-09-01 10:00:00+00:00,2025-09-01 11:29:00+00:00,SELL,10.0,3474.305,3471.155,2850.0,2.85,TIME,450.0,8400.0,0.0
LONDON_ORB,2025-09-02 10:10:00+00:00,2025-09-02 11:29:00+00:00,BUY,10.0,3477.575,3479.075,1200.0,1.2,TIME,400.0,8830.0,0.0
NY_ORB,2025-09-02 14:10:00+00:00,2025-09-02 14:47:00+00:00,BUY,10.0,3490.059,3513.0470000000005,22688.57,22.688,TP,190.0,23548.57,0.0
ASIAN_MR,2025-09-03 03:00:00+00:00,2025-09-03 03:45:00+00:00,LONG,10.0,3532.598,3538.2231500000003,5325.15,5.325150000000304,TP_Z_NEUTRAL,45.0,667.0,-3423.0
LONDON_ORB,2025-09-03 08:38:00+00:00,2025-09-03 10:02:00+00:00,BUY,10.0,3539.798,3533.595,-6503.08,-6.503,SL,425.0,1986.92,-6223.08
NY_ORB,2025-09-03 14:23:00+00:00,2025-09-03 16:29:00+00:00,BUY,10.0,3561.099,3567.655,6255.71,6.256,TIME,635.0,6785.71,-6984.29
ASIAN_MR,2025-09-04 01:40:00+00:00,2025-09-04 02:05:00+00:00,LONG,10.0,3547.555,3542.2240255389347,-5630.97,-5.630974461065125,SL_ATR,25.0,2810.0,-5410.0
LONDON_ORB,2025-09-04 08:25:00+00:00,2025-09-04 10:09:00+00:00,SELL,10.0,3540.865,3545.415,-4850.0,-4.85,SL,525.0,4280.0,-5960.0
NY_ORB,2025-09-04 13:45:00+00:00,2025-09-04 16:29:00+00:00,SELL,10.0,3548.948,3552.835,-4187.5,-4.187,TIME,825.0,14400.0,-6917.5
ASIAN_MR,2025-09-05 02:35:00+00:00,2025-09-05 02:50:00+00:00,LONG,10.0,3548.825,3552.1566000000007,3031.6,3.03160000000089,TP_Z_NEUTRAL,15.0,3380.0,-560.0
LONDON_ORB,2025-09-05 09:05:00+00:00,2025-09-05 11:11:00+00:00,BUY,10.0,3548.895,3554.2149999999997,5020.0,5.02,TP,635.0,5600.0,-1160.0
NY_ORB,2025-09-05 14:42:00+00:00,2025-09-05 14:50:00+00:00,SELL,10.0,3575.175,3585.085,-10210.0,-10.21,SL,45.0,1190.0,-10380.0
ASIAN_MR,2025-09-08 03:50:00+00:00,2025-09-08 04:50:00+00:00,LONG,10.0,3583.425,3582.395,-1330.0,-1.3300000000002001,TIME_STOP_60M,60.0,1190.0,-4060.0
LONDON_ORB,2025-09-08 08:20:00+00:00,2025-09-08 08:22:00+00:00,BUY,10.0,3609.748,3615.2140000000004,5165.86,5.166,TP,15.0,7100.0,0.0
NY_ORB,2025-09-08 13:45:00+00:00,2025-09-08 16:29:00+00:00,BUY,10.0,3631.515,3640.895,9080.0,9.08,TIME,825.0,14600.0,-3487.14
ASIAN_MR,2025-09-09 01:30:00+00:00,2025-09-09 02:05:00+00:00,SHORT,10.0,3643.385,3647.6291187059874,-4544.12,-4.544118705987148,SL_ATR,35.0,1180.0,-9540.0
LONDON_ORB,2025-09-09 09:15:00+00:00,2025-09-09 09:15:00+00:00,BUY,10.0,3645.975,3654.6349999999998,8360.0,8.36,TP,5.0,9740.0,0.0
NY_ORB,2025-09-09 14:05:00+00:00,2025-09-09 14:36:00+00:00,SELL,10.0,3657.815,3638.9550000000004,18560.0,18.56,TP,160.0,19490.0,-4670.0
ASIAN_MR,2025-09-10 04:15:00+00:00,2025-09-10 05:00:00+00:00,SHORT,10.0,3640.665,3643.5836620911296,-3218.66,-3.2186620911295902,SL_ATR,45.0,850.0,-3770.0
LONDON_ORB,2025-09-10 09:50:00+00:00,2025-09-10 09:51:00+00:00,BUY,10.0,3646.355,3654.595,7940.0,7.94,TP,10.0,8730.0,0.0
NY_ORB,2025-09-10 14:45:00+00:00,2025-09-10 16:29:00+00:00,SELL,10.0,3646.605,3640.955,5350.0,5.35,TIME,525.0,8287.27,-2692.73
ASIAN_MR,2025-09-11 01:50:00+00:00,2025-09-11 02:05:00+00:00,LONG,10.0,3641.465,3644.5094500000005,2744.45,2.7444500000003247,TP_Z_NEUTRAL,15.0,1690.0,-1930.0
LONDON_ORB,2025-09-11 09:00:00+00:00,2025-09-11 09:15:00+00:00,SELL,10.0,3626.845,3617.3649999999993,9180.0,9.18,TP,80.0,12040.0,0.0
NY_ORB,2025-09-11 16:05:00+00:00,2025-09-11 16:29:00+00:00,BUY,10.0,3630.455,3637.035,6280.0,6.28,TIME,125.0,11320.0,0.0
ASIAN_MR,2025-09-12 01:40:00+00:00,2025-09-12 02:05:00+00:00,SHORT,10.0,3645.535,3649.348197983286,-4113.2,-4.113197983286045,SL_ATR,25.0,1987.0,-4050.0
LONDON_ORB,2025-09-12 08:15:00+00:00,2025-09-12 10:20:00+00:00,SELL,10.0,3642.805,3651.148,-8643.0,-8.643,SL,630.0,5430.0,-8160.0
NY_ORB,2025-09-12 13:53:00+00:00,2025-09-12 15:05:00+00:00,BUY,10.0,3652.298,3646.455,-6142.86,-6.143,SL,365.0,1887.14,-7602.86
ASIAN_MR,2025-09-15 02:25:00+00:00,2025-09-15 03:00:00+00:00,SHORT,10.0,3642.865,3634.2332499999998,8331.75,8.33175000000001,TP_Z_NEUTRAL,35.0,3220.0,-2460.0
LONDON_ORB,2025-09-15 09:00:00+00:00,2025-09-15 09:22:00+00:00,BUY,10.0,3645.055,3641.125,-4230.0,-4.23,SL,115.0,790.0,-4450.0
NY_ORB,2025-09-15 15:50:00+00:00,2025-09-15 16:29:00+00:00,BUY,10.0,3664.125,3683.925,19500.0,19.5,TIME,200.0,20210.0,0.0
LONDON_ORB,2025-09-16 08:15:00+00:00,2025-09-16 11:29:00+00:00,BUY,10.0,3695.875,3692.438,-3737.5,-3.737,TIME,975.0,2890.0,-5590.0
NY_ORB,2025-09-16 14:31:00+00:00,2025-09-16 15:38:00+00:00,SELL,10.0,3691.855,3678.935,12620.0,12.62,TP,340.0,13230.0,-3853.33
LONDON_ORB,2025-09-17 09:15:00+00:00,2025-09-17 10:09:00+00:00,BUY,10.0,3666.994,3664.218,-3075.86,-3.076,SL,275.0,3851.03,-3178.97
ASIAN_MR,2025-09-18 01:20:00+00:00,2025-09-18 01:55:00+00:00,LONG,10.0,3653.778,3662.4497499999998,8371.75,8.371749999999974,TP_Z_NEUTRAL,35.0,4270.0,-2213.0
LONDON_ORB,2025-09-18 09:25:00+00:00,2025-09-18 09:25:00+00:00,BUY,10.0,3659.275,3670.395,10820.0,10.82,TP,5.0,12800.0,0.0
NY_ORB,2025-09-18 13:45:00+00:00,2025-09-18 16:29:00+00:00,SELL,10.0,3629.655,3644.105,-14750.0,-14.75,TIME,825.0,2190.0,-16570.0
ASIAN_MR,2025-09-19 03:35:00+00:00,2025-09-19 04:05:00+00:00,SHORT,10.0,3654.215,3658.3096964255446,-4394.7,-4.394696425544498,SL_ATR,30.0,1500.0,-5120.0
LONDON_ORB,2025-09-19 09:50:00+00:00,2025-09-19 11:24:00+00:00,BUY,10.0,3654.845,3651.255,-3890.0,-3.89,SL,475.0,4150.0,-3680.0
NY_ORB,2025-09-19 15:15:00+00:00,2025-09-19 15:15:00+00:00,BUY,10.0,3658.715,3668.835,9820.0,9.82,TP,5.0,13850.0,0.0
LONDON_ORB,2025-09-22 09:20:00+00:00,2025-09-22 11:29:00+00:00,BUY,10.0,3719.405,3726.325,6620.0,6.62,TIME,650.0,8740.0,0.0
NY_ORB,2025-09-22 13:46:00+00:00,2025-09-22 14:53:00+00:00,SELL,10.0,3715.898,3725.048,-9450.0,-9.45,SL,340.0,2673.33,-9916.67
ASIAN_MR,2025-09-23 02:20:00+00:00,2025-09-23 02:55:00+00:00,LONG,10.0,3742.298,3736.893303044914,-5704.7,-5.70469695508591,SL_ATR,35.0,2117.0,-5843.0
LONDON_ORB,2025-09-23 08:20:00+00:00,2025-09-23 08:31:00+00:00,BUY,10.0,3755.665,3761.1849999999995,5220.0,5.22,TP,60.0,6640.0,0.0
NY_ORB,2025-09-23 13:48:00+00:00,2025-09-23 16:29:00+00:00,SELL,10.0,3780.195,3775.148,4746.67,4.747,TIME,810.0,13010.0,-4453.33
ASIAN_MR,2025-09-24 03:20:00+00:00,2025-09-24 03:40:00+00:00,SHORT,10.0,3760.415,3765.025720571251,-4910.72,-4.910720571251022,SL_ATR,20.0,410.0,-4810.0
LONDON_ORB,2025-09-24 08:50:00+00:00,2025-09-24 10:26:00+00:00,SELL,10.0,3771.765,3760.0849999999996,11380.0,11.38,TP,485.0,12200.0,0.0
NY_ORB,2025-09-24 14:06:00+00:00,2025-09-24 15:34:00+00:00,SELL,10.0,3760.855,3746.475,14080.0,14.08,TP,445.0,15330.0,-3450.0
ASIAN_MR,2025-09-25 01:55:00+00:00,2025-09-25 02:05:00+00:00,LONG,10.0,3735.885,3730.981326174461,-5203.67,-5.2036738255390445,SL_ATR,10.0,250.0,-6520.0
LONDON_ORB,2025-09-25 08:16:00+00:00,2025-09-25 09:29:00+00:00,BUY,10.0,3759.425,3750.955,-8770.0,-8.77,SL,370.0,2000.0,-9220.0
NY_ORB,2025-09-26 14:05:00+00:00,2025-09-26 14:19:00+00:00,BUY,10.0,3760.705,3778.3049999999994,17300.0,17.3,TP,75.0,17750.0,0.0
LONDON_ORB,2025-09-29 10:25:00+00:00,2025-09-29 11:29:00+00:00,BUY,10.0,3816.275,3823.415,6840.0,6.84,TIME,325.0,8220.0,-2000.0
NY_ORB,2025-09-29 14:07:00+00:00,2025-09-29 14:20:00+00:00,BUY,10.0,3827.915,3818.025,-10190.0,-10.19,SL,70.0,2430.0,-11746.25
ASIAN_MR,2025-09-30 01:40:00+00:00,2025-09-30 02:20:00+00:00,SHORT,10.0,3847.975,3840.7746500000003,6900.35,6.900349999999617,TP_Z_NEUTRAL,40.0,4670.0,-3780.0
LONDON_ORB,2025-09-30 08:25:00+00:00,2025-09-30 09:12:00+00:00,SELL,10.0,3832.515,3803.475,28740.0,28.74,TP,240.0,33156.67,-560.0
NY_ORB,2025-09-30 14:05:00+00:00,2025-09-30 14:24:00+00:00,BUY,10.0,3825.025,3850.9250000000006,25600.0,25.6,TP,100.0,27260.0,0.0
ASIAN_MR,2025-10-01 01:50:00+00:00,2025-10-01 02:00:00+00:00,SHORT,10.0,3867.335,3870.6201933273683,-3585.19,-3.5851933273682333,SL_ATR,10.0,0.0,-3670.0
NY_ORB,2025-10-01 14:50:00+00:00,2025-10-01 16:29:00+00:00,SELL,10.0,3868.638,3870.215,-1877.0,-1.877,TIME,500.0,10793.0,-7810.0
LONDON_ORB,2025-10-02 09:05:00+00:00,2025-10-02 09:19:00+00:00,BUY,10.0,3868.828,3877.494,8366.11,8.366,TP,75.0,8757.22,0.0
NY_ORB,2025-10-02 13:50:00+00:00,2025-10-02 14:37:00+00:00,SELL,10.0,3880.615,3847.928999999999,32386.0,32.386,TP,240.0,36462.0,0.0
ASIAN_MR,2025-10-03 03:35:00+00:00,2025-10-03 04:00:00+00:00,LONG,10.0,3838.805,3849.3673000000003,10262.3,10.262300000000504,TP_Z_NEUTRAL,25.0,5700.0,-1010.0
LONDON_ORB,2025-10-03 09:05:00+00:00,2025-10-03 10:07:00+00:00,SELL,10.0,3861.055,3865.535,-4780.0,-4.78,SL,315.0,4240.0,-4330.0
NY_ORB,2025-10-03 14:11:00+00:00,2025-10-03 15:27:00+00:00,SELL,10.0,3872.615,3887.275,-14960.0,-14.96,SL,385.0,6500.0,-15584.0
ASIAN_MR,2025-10-06 02:10:00+00:00,2025-10-06 03:10:00+00:00,SHORT,10.0,3923.575,3921.595,1680.0,1.6800000000000181,TIME_STOP_60M,60.0,5057.0,-2673.0
LONDON_ORB,2025-10-06 08:31:00+00:00,2025-10-06 11:29:00+00:00,SELL,10.0,3941.375,3938.348,2727.0,2.727,TIME,895.0,8870.0,-5620.0
NY_ORB,2025-10-06 14:05:00+00:00,2025-10-06 16:29:00+00:00,BUY,10.0,3944.928,3952.285,7057.5,7.057,TIME,725.0,24997.5,-4812.5
ASIAN_MR,2025-10-07 01:05:00+00:00,2025-10-07 02:05:00+00:00,LONG,10.0,3959.698,3958.005,-1993.0,-1.9929999999997563,TIME_STOP_60M,60.0,3837.0,-4113.0
LONDON_ORB,2025-10-07 09:30:00+00:00,2025-10-07 09:34:00+00:00,BUY,10.0,3947.835,3962.135,14000.0,14.0,TP,25.0,14730.0,0.0
NY_ORB,2025-10-07 14:13:00+00:00,2025-10-07 14:34:00+00:00,SELL,10.0,3970.245,3982.715,-12770.0,-12.77,SL,110.0,1340.0,-13450.0
ASIAN_MR,2025-10-08 04:15:00+00:00,2025-10-08 04:50:00+00:00,SHORT,10.0,4018.935,4023.4970522843246,-4862.05,-4.862052284324636,SL_ATR,35.0,2137.0,-7280.0
LONDON_ORB,2025-10-08 09:07:00+00:00,2025-10-08 09:32:00+00:00,BUY,10.0,4039.745,4032.925,-7120.0,-7.12,SL,130.0,70.0,-7110.0
NY_ORB,2025-10-08 15:15:00+00:00,2025-10-08 16:29:00+00:00,BUY,10.0,4039.205,4055.485,15980.0,15.98,TIME,375.0,16950.0,-2210.0
LONDON_ORB,2025-10-09 09:05:00+00:00,2025-10-09 11:00:00+00:00,BUY,10.0,4034.998,4044.738,9440.0,9.44,TP,580.0,11456.88,-1193.12
NY_ORB,2025-10-09 13:45:00+00:00,2025-10-09 16:29:00+00:00,SELL,10.0,4030.738,4012.095,18343.33,18.343,TIME,825.0,26973.33,-3676.67
ASIAN_MR,2025-10-10 01:10:00+00:00,2025-10-10 01:15:00+00:00,LONG,10.0,3984.535,3978.2187916135413,-6616.21,-6.616208386458584,SL_ATR,5.0,140.0,-6670.0
LONDON_ORB,2025-10-10 09:10:00+00:00,2025-10-10 11:29:00+00:00,BUY,10.0,3988.135,3996.775,8340.0,8.34,TIME,700.0,18250.0,0.0
NY_ORB,2025-10-10 13:50:00+00:00,2025-10-10 15:05:00+00:00,SELL,10.0,3988.305,3997.845,-9840.0,-9.84,SL,380.0,17820.0,-14230.0
LONDON_ORB,2025-10-13 10:05:00+00:00,2025-10-13 11:29:00+00:00,BUY,10.0,4076.005,4081.155,4850.0,4.85,TIME,425.0,9060.0,-5150.0
NY_ORB,2025-10-13 15:10:00+00:00,2025-10-13 16:15:00+00:00,BUY,10.0,4093.185,4116.445,22960.0,22.96,TP,330.0,23820.0,-837.14
ASIAN_MR,2025-10-14 01:30:00+00:00,2025-10-14 01:45:00+00:00,SHORT,10.0,4146.355,4130.224749999999,15830.25,15.83025000000016,TP_Z_NEUTRAL,15.0,12490.0,-1470.0
NY_ORB,2025-10-14 16:10:00+00:00,2025-10-14 16:29:00+00:00,BUY,10.0,4128.595,4133.315,4420.0,4.42,TIME,100.0,9552.5,-1040.0
ASIAN_MR,2025-10-15 01:10:00+00:00,2025-10-15 02:10:00+00:00,SHORT,10.0,4178.825,4179.555,-1030.0,-1.030000000000473,TIME_STOP_60M,60.0,5227.0,-7740.0
LONDON_ORB,2025-10-15 08:32:00+00:00,2025-10-15 09:03:00+00:00,BUY,10.0,4216.095,4206.925,-9470.0,-9.47,SL,160.0,650.0,-9360.0
NY_ORB,2025-10-15 14:05:00+00:00,2025-10-15 15:50:00+00:00,BUY,10.0,4198.495,4183.075,-15720.0,-15.72,SL,530.0,13640.0,-17960.0
LONDON_ORB,2025-10-16 09:30:00+00:00,2025-10-16 09:55:00+00:00,SELL,10.0,4230.383,4235.785,-5702.0,-5.702,SL,130.0,8718.0,-6113.33
NY_ORB,2025-10-16 14:05:00+00:00,2025-10-16 16:18:00+00:00,BUY,10.0,4258.448,4285.348000000002,26600.0,26.6,TP,670.0,30676.67,-4643.33
ASIAN_MR,2025-10-17 01:20:00+00:00,2025-10-17 01:30:00+00:00,LONG,10.0,4337.515,4321.43075554749,-16384.24,-16.384244452510575,SL_ATR,10.0,1130.0,-20127.0
LONDON_ORB,2025-10-17 10:39:00+00:00,2025-10-17 11:29:00+00:00,SELL,10.0,4320.745,4321.898,-1453.33,-1.453,TIME,255.0,4390.0,-16540.0
NY_ORB,2025-10-17 14:05:00+00:00,2025-10-17 16:29:00+00:00,SELL,7.33,4258.115,4215.208,31233.13,42.607,TIME,725.0,31826.86,-5885.99
ASIAN_MR,2025-10-20 01:15:00+00:00,2025-10-20 02:15:00+00:00,SHORT,10.0,4254.775,4262.005,-7530.0,-7.530000000000473,TIME_STOP_60M,60.0,6516.0,-14010.0
LONDON_ORB,2025-10-20 09:51:00+00:00,2025-10-20 10:04:00+00:00,BUY,10.0,4262.815,4253.655,-9460.0,-9.46,SL,70.0,680.0,-10150.0
NY_ORB,2025-10-21 13:47:00+00:00,2025-10-21 14:30:00+00:00,SELL,10.0,4191.025,4122.478999999999,68245.0,68.246,TP,220.0,69550.0,-4585.0
ASIAN_MR,2025-10-22 03:45:00+00:00,2025-10-22 04:10:00+00:00,SHORT,10.0,4137.635,4116.524200000001,20810.8,20.81079999999947,TP_Z_NEUTRAL,25.0,30970.0,-2350.0
LONDON_ORB,2025-10-22 08:15:00+00:00,2025-10-22 11:29:00+00:00,SELL,10.0,4084.678,4020.049,64330.0,64.329,TIME,975.0,69680.0,-29200.0
NY_ORB,2025-10-22 14:35:00+00:00,2025-10-22 16:29:00+00:00,SELL,10.0,4046.945,4043.405,3240.0,3.24,TIME,575.0,36150.0,-85.0
ASIAN_MR,2025-10-23 03:25:00+00:00,2025-10-23 04:00:00+00:00,SHORT,10.0,4095.015,4082.19485,12520.15,12.520150000000012,TP_Z_NEUTRAL,35.0,5960.0,-760.0
LONDON_ORB,2025-10-23 10:34:00+00:00,2025-10-23 11:29:00+00:00,BUY,10.0,4114.705,4113.235,-1770.0,-1.77,TIME,280.0,6050.0,-13160.0
LONDON_ORB,2025-10-24 08:15:00+00:00,2025-10-24 11:29:00+00:00,SELL,10.0,4051.515,4056.465,-5250.0,-5.25,TIME,975.0,7896.67,-21870.0
NY_ORB,2025-10-24 14:15:00+00:00,2025-10-24 16:29:00+00:00,BUY,10.0,4119.825,4136.135,16010.0,16.01,TIME,675.0,18500.0,-7790.0
ASIAN_MR,2025-10-27 01:10:00+00:00,2025-10-27 01:50:00+00:00,SHORT,10.0,4089.965,4073.1371499999996,16527.85,16.52785000000058,TP_Z_NEUTRAL,40.0,8900.0,-7580.0
LONDON_ORB,2025-10-27 08:25:00+00:00,2025-10-27 08:53:00+00:00,SELL,10.0,4063.485,4053.5050000000006,9680.0,9.68,TP,145.0,24966.88,0.0
NY_ORB,2025-10-27 13:47:00+00:00,2025-10-27 15:02:00+00:00,SELL,10.0,4018.0,3976.7299999999996,40970.0,40.97,TP,380.0,41765.0,-8115.0
ASIAN_MR,2025-10-28 01:10:00+00:00,2025-10-28 01:55:00+00:00,SHORT,10.0,4017.555,3998.3531500000004,18901.85,18.901849999999467,TP_Z_NEUTRAL,45.0,13250.0,-1850.0
LONDON_ORB,2025-10-28 09:10:00+00:00,2025-10-28 09:10:00+00:00,SELL,10.0,3921.485,3893.3450000000007,27840.0,27.84,TP,5.0,33750.0,0.0
NY_ORB,2025-10-28 13:50:00+00:00,2025-10-28 16:29:00+00:00,BUY,10.0,3933.185,3963.045,29560.0,29.56,TIME,800.0,36220.0,-2770.0
LONDON_ORB,2025-10-29 09:50:00+00:00,2025-10-29 09:55:00+00:00,BUY,10.0,4009.905,4029.159000000001,18953.75,18.954,TP,30.0,19372.5,0.0
NY_ORB,2025-10-29 15:50:00+00:00,2025-10-29 16:29:00+00:00,SELL,10.0,4002.085,3998.225,3560.0,3.56,TIME,200.0,12920.0,0.0
LONDON_ORB,2025-10-30 09:05:00+00:00,2025-10-30 09:05:00+00:00,BUY,10.0,3969.255,3987.9750000000004,18420.0,18.42,TP,5.0,25070.0,0.0
NY_ORB,2025-10-30 13:55:00+00:00,2025-10-30 14:09:00+00:00,BUY,10.0,3978.665,4010.205,31240.0,31.24,TP,75.0,35004.0,0.0
LONDON_ORB,2025-10-31 08:55:00+00:00,2025-10-31 09:15:00+00:00,SELL,10.0,4019.15,4003.8340000000003,15016.0,15.016,TP,105.0,15665.0,0.0
NY_ORB,2025-10-31 15:05:00+00:00,2025-10-31 16:14:00+00:00,SELL,10.0,4012.805,3981.4049999999993,31100.0,31.1,TP,350.0,34610.0,-9910.0
ASIAN_MR,2025-11-03 01:20:00+00:00,2025-11-03 02:20:00+00:00,SHORT,10.0,3991.645,3998.215,-6870.0,-6.8700000000001635,TIME_STOP_60M,60.0,1900.0,-14610.0
LONDON_ORB,2025-11-03 08:15:00+00:00,2025-11-03 09:27:00+00:00,SELL,10.0,4020.355,4005.3350000000005,14720.0,14.72,TP,365.0,15457.27,-5400.0
NY_ORB,2025-11-03 14:30:00+00:00,2025-11-03 14:47:00+00:00,SELL,10.0,4010.525,4020.195,-9970.0,-9.97,SL,90.0,9110.0,-9722.5
LONDON_ORB,2025-11-04 09:35:00+00:00,2025-11-04 09:56:00+00:00,BUY,10.0,3999.225,3991.358,-8167.0,-8.167,SL,110.0,70.0,-8820.0
NY_ORB,2025-11-04 14:30:00+00:00,2025-11-04 14:31:00+00:00,SELL,10.0,3975.265,3949.8849999999998,25080.0,25.08,TP,10.0,27100.0,0.0
ASIAN_MR,2025-11-05 02:50:00+00:00,2025-11-05 03:05:00+00:00,SHORT,10.0,3947.835,3954.867579273881,-7332.58,-7.332579273880856,SL_ATR,15.0,500.0,-7100.0
LONDON_ORB,2025-11-05 10:05:00+00:00,2025-11-05 11:29:00+00:00,SELL,10.0,3972.285,3957.965,14020.0,14.02,TIME,425.0,16460.0,0.0
NY_ORB,2025-11-05 13:55:00+00:00,2025-11-05 14:49:00+00:00,BUY,10.0,3976.865,3970.675,-6490.0,-6.49,SL,275.0,8560.0,-7480.0
ASIAN_MR,2025-11-06 02:35:00+00:00,2025-11-06 03:30:00+00:00,SHORT,10.0,3983.145,3988.334344391967,-5489.34,-5.489344391967097,SL_ATR,55.0,3850.0,-5330.0
NY_ORB,2025-11-06 14:05:00+00:00,2025-11-06 14:20:00+00:00,SELL,10.0,4010.525,3999.765,10460.0,10.46,TP,80.0,14110.0,0.0
ASIAN_MR,2025-11-07 01:20:00+00:00,2025-11-07 02:10:00+00:00,SHORT,10.0,3999.065,3991.2554499999997,7509.55,7.5095500000004,TP_Z_NEUTRAL,50.0,4490.0,-4050.0
LONDON_ORB,2025-11-07 09:35:00+00:00,2025-11-07 11:03:00+00:00,SELL,10.0,4004.835,4010.275,-5740.0,-5.74,SL,445.0,1840.0,-6400.0
NY_ORB,2025-11-07 14:35:00+00:00,2025-11-07 15:01:00+00:00,SELL,10.0,3991.565,3997.295,-6030.0,-6.03,SL,135.0,7500.0,-6230.0
ASIAN_MR,2025-11-10 03:30:00+00:00,2025-11-10 03:50:00+00:00,SHORT,10.0,4050.235,4044.9424999999997,4992.5,4.992500000000473,TP_Z_NEUTRAL,20.0,2957.0,-2400.0
LONDON_ORB,2025-11-10 09:15:00+00:00,2025-11-10 09:35:00+00:00,SELL,10.0,4074.945,4083.175,-8530.0,-8.53,SL,105.0,3680.0,-8130.0
NY_ORB,2025-11-10 14:05:00+00:00,2025-11-10 14:33:00+00:00,SELL,10.0,4095.095,4078.8749999999995,15920.0,15.92,TP,145.0,17940.0,0.0
ASIAN_MR,2025-11-11 01:35:00+00:00,2025-11-11 01:50:00+00:00,SHORT,10.0,4139.455,4128.4785,10676.5,10.67649999999976,TP_Z_NEUTRAL,15.0,8007.0,-1300.0
LONDON_ORB,2025-11-11 09:05:00+00:00,2025-11-11 11:29:00+00:00,BUY,10.0,4137.198,4140.909,3411.11,3.411,TIME,725.0,8526.67,-603.33
NY_ORB,2025-11-11 14:25:00+00:00,2025-11-11 14:49:00+00:00,SELL,10.0,4138.898,4123.604,14994.0,14.994,TP,125.0,19083.0,0.0
LONDON_ORB,2025-11-12 08:15:00+00:00,2025-11-12 11:29:00+00:00,BUY,10.0,4119.305,4124.085,4480.0,4.48,TIME,975.0,14080.0,-2250.0
NY_ORB,2025-11-12 14:05:00+00:00,2025-11-12 14:34:00+00:00,BUY,10.0,4132.435,4126.125,-6610.0,-6.61,SL,150.0,5380.0,-7640.0
ASIAN_MR,2025-11-13 04:10:00+00:00,2025-11-13 04:30:00+00:00,SHORT,10.0,4217.335,4202.08165,14953.35,14.953349999999954,TP_Z_NEUTRAL,20.0,10960.0,-10.0
LONDON_ORB,2025-11-13 08:20:00+00:00,2025-11-13 11:29:00+00:00,BUY,10.0,4230.285,4222.775,-7810.0,-7.81,TIME,950.0,9620.0,-11280.0
NY_ORB,2025-11-13 14:08:00+00:00,2025-11-13 14:44:00+00:00,SELL,10.0,4220.125,4188.545,31280.0,31.28,TP,185.0,35770.0,-2370.0
LONDON_ORB,2025-11-14 08:20:00+00:00,2025-11-14 08:56:00+00:00,BUY,10.0,4181.975,4172.955,-9320.0,-9.32,SL,185.0,4860.0,-12100.0
NY_ORB,2025-11-14 14:09:00+00:00,2025-11-14 14:38:00+00:00,SELL,10.0,4046.005,4063.325,-17620.0,-17.62,SL,150.0,14050.0,-17700.0
ASIAN_MR,2025-11-17 01:40:00+00:00,2025-11-17 01:55:00+00:00,SHORT,10.0,4098.495,4090.1561500000003,8038.85,8.038849999999638,TP_Z_NEUTRAL,15.0,8690.0,-880.0
LONDON_ORB,2025-11-17 08:19:00+00:00,2025-11-17 10:54:00+00:00,SELL,10.0,4086.595,4068.4149999999995,17880.0,17.88,TP,780.0,18490.0,-2670.0
NY_ORB,2025-11-17 15:10:00+00:00,2025-11-17 16:29:00+00:00,SELL,10.0,4067.175,4068.715,-1840.0,-1.84,TIME,400.0,15190.0,-10120.0
LONDON_ORB,2025-11-18 08:35:00+00:00,2025-11-18 11:29:00+00:00,BUY,10.0,4026.645,4048.275,21330.0,21.33,TIME,875.0,23510.0,0.0
NY_ORB,2025-11-18 14:05:00+00:00,2025-11-18 16:02:00+00:00,BUY,10.0,4067.975,4047.645,-20630.0,-20.63,SL,590.0,13670.0,-23380.0
ASIAN_MR,2025-11-19 02:45:00+00:00,2025-11-19 03:25:00+00:00,SHORT,10.0,4077.035,4065.0351500000006,11699.85,11.699849999999241,TP_Z_NEUTRAL,40.0,7670.0,-3240.0
LONDON_ORB,2025-11-19 09:45:00+00:00,2025-11-19 09:47:00+00:00,BUY,10.0,4086.735,4103.955,16920.0,16.92,TP,15.0,17260.0,0.0
NY_ORB,2025-11-19 14:35:00+00:00,2025-11-19 15:15:00+00:00,BUY,10.0,4114.915,4132.035000000001,16820.0,16.82,TP,205.0,17730.0,-5820.0
ASIAN_MR,2025-11-20 01:15:00+00:00,2025-11-20 01:30:00+00:00,LONG,10.0,4097.748,4090.457595078912,-7590.4,-7.590404921087429,SL_ATR,15.0,1227.0,-9553.0
LONDON_ORB,2025-11-20 09:00:00+00:00,2025-11-20 11:29:00+00:00,BUY,10.0,4062.905,4056.265,-6940.0,-6.94,TIME,750.0,9590.0,-12150.0
NY_ORB,2025-11-20 14:50:00+00:00,2025-11-20 16:22:00+00:00,BUY,10.0,4096.065,4066.218,-30146.67,-30.147,SL,465.0,10990.0,-30290.0
LONDON_ORB,2025-11-21 08:21:00+00:00,2025-11-21 11:29:00+00:00,BUY,10.0,4039.065,4039.045,-320.0,-0.32,TIME,945.0,24080.0,-7010.0
NY_ORB,2025-11-21 14:40:00+00:00,2025-11-21 14:50:00+00:00,SELL,10.0,4065.965,4072.155,-6490.0,-6.49,SL,55.0,4080.0,-7430.0
ASIAN_MR,2025-11-24 03:40:00+00:00,2025-11-24 03:45:00+00:00,SHORT,10.0,4055.965,4048.0375,7627.5,7.627500000000237,TP_Z_NEUTRAL,5.0,7310.0,-260.0
NY_ORB,2025-11-24 14:35:00+00:00,2025-11-24 14:56:00+00:00,SELL,10.0,4074.115,4085.575,-11760.0,-11.76,SL,110.0,6040.0,-11852.86
ASIAN_MR,2025-11-25 01:20:00+00:00,2025-11-25 01:50:00+00:00,LONG,10.0,4125.975,4134.42575,8150.75,8.15074999999997,TP_Z_NEUTRAL,30.0,12980.0,-1780.0
LONDON_ORB,2025-11-25 08:35:00+00:00,2025-11-25 08:50:00+00:00,SELL,10.0,4131.185,4121.225000000001,9660.0,9.66,TP,80.0,12180.0,0.0
NY_ORB,2025-11-25 14:35:00+00:00,2025-11-25 14:39:00+00:00,SELL,10.0,4141.148,4122.348000000001,18500.0,18.5,TP,25.0,23920.0,0.0
ASIAN_MR,2025-11-26 01:50:00+00:00,2025-11-26 02:15:00+00:00,SHORT,10.0,4150.405,4155.497098046253,-5392.1,-5.3920980462533405,SL_ATR,25.0,3330.0,-5510.0
LONDON_ORB,2025-11-26 08:45:00+00:00,2025-11-26 11:29:00+00:00,SELL,10.0,4156.455,4164.665,-8510.0,-8.51,TIME,825.0,1980.0,-8390.0
NY_ORB,2025-11-26 14:10:00+00:00,2025-11-26 15:47:00+00:00,SELL,10.0,4152.978,4165.015,-12337.14,-12.337,SL,490.0,17302.86,-11907.14
ASIAN_MR,2025-11-27 01:25:00+00:00,2025-11-27 01:50:00+00:00,LONG,10.0,4153.575,4148.7284374709,-5146.56,-5.146562529100083,SL_ATR,25.0,2740.0,-5000.0
LONDON_ORB,2025-11-27 09:05:00+00:00,2025-11-27 09:18:00+00:00,SELL,10.0,4159.305,4149.485000000001,9520.0,9.52,TP,70.0,10760.0,-220.0
NY_ORB,2025-11-27 14:45:00+00:00,2025-11-27 16:26:00+00:00,BUY,10.0,4157.875,4151.725,-6450.0,-6.45,SL,510.0,3700.0,-6640.0
LONDON_ORB,2025-11-28 08:24:00+00:00,2025-11-28 10:16:00+00:00,SELL,10.0,4161.485,4174.745,-13560.0,-13.56,SL,555.0,11410.0,-15193.33
NY_ORB,2025-11-28 14:00:00+00:00,2025-11-28 14:19:00+00:00,BUY,10.0,4177.235,4195.0289999999995,17494.44,17.494,TP,100.0,18420.0,0.0
ASIAN_MR,2025-12-01 01:30:00+00:00,2025-12-01 01:50:00+00:00,SHORT,10.0,4236.175,4245.429569704097,-9554.57,-9.554569704096867,SL_ATR,20.0,1680.0,-9710.0
LONDON_ORB,2025-12-01 10:03:00+00:00,2025-12-01 11:29:00+00:00,BUY,10.0,4252.615,4254.065,1150.0,1.15,TIME,435.0,9410.0,-4670.0
NY_ORB,2025-12-01 13:55:00+00:00,2025-12-01 14:05:00+00:00,SELL,10.0,4256.715,4241.375,15040.0,15.04,TP,55.0,17030.0,0.0
LONDON_ORB,2025-12-02 09:10:00+00:00,2025-12-02 09:36:00+00:00,SELL,10.0,4206.875,4190.415000000001,16160.0,16.16,TP,135.0,25980.0,-1640.0
NY_ORB,2025-12-02 14:45:00+00:00,2025-12-02 14:48:00+00:00,BUY,10.0,4209.248,4222.187999999998,12640.0,12.64,TP,20.0,14750.0,0.0
ASIAN_MR,2025-12-03 04:05:00+00:00,2025-12-03 04:20:00+00:00,LONG,10.0,4218.385,4223.725,5040.0,5.040000000000146,TP_Z_NEUTRAL,15.0,5680.0,-50.0
LONDON_ORB,2025-12-03 08:45:00+00:00,2025-12-03 09:02:00+00:00,BUY,10.0,4207.915,4204.555,-3660.0,-3.66,SL,90.0,1550.0,-4560.0
NY_ORB,2025-12-03 13:55:00+00:00,2025-12-03 14:51:00+00:00,BUY,10.0,4225.555,4216.545,-9310.0,-9.31,SL,285.0,15680.0,-11856.67
ASIAN_MR,2025-12-04 02:05:00+00:00,2025-12-04 03:00:00+00:00,LONG,10.0,4203.455,4197.871210931896,-5883.79,-5.883789068104124,SL_ATR,55.0,3880.0,-16330.0
LONDON_ORB,2025-12-04 08:21:00+00:00,2025-12-04 08:46:00+00:00,BUY,10.0,4195.655,4189.638,-6316.92,-6.317,SL,130.0,320.0,-6100.0
NY_ORB,2025-12-04 14:10:00+00:00,2025-12-04 16:10:00+00:00,BUY,10.0,4195.835,4214.009000000001,17874.44,17.874,TP,605.0,19260.0,-4620.0
ASIAN_MR,2025-12-05 02:50:00+00:00,2025-12-05 03:10:00+00:00,SHORT,10.0,4205.125,4200.6485,4176.5,4.17649999999976,TP_Z_NEUTRAL,20.0,3680.0,-3520.0
NY_ORB,2025-12-05 14:50:00+00:00,2025-12-05 15:36:00+00:00,BUY,10.0,4238.705,4254.664999999999,15660.0,15.66,TP,235.0,16190.0,-4760.0
ASIAN_MR,2025-12-08 01:55:00+00:00,2025-12-08 02:25:00+00:00,LONG,10.0,4200.895,4206.33965,5144.65,5.144649999999456,TP_Z_NEUTRAL,30.0,2430.0,-2610.0
LONDON_ORB,2025-12-08 10:31:00+00:00,2025-12-08 11:29:00+00:00,SELL,10.0,4202.895,4209.335,-6740.0,-6.74,TIME,295.0,3477.5,-6500.0
NY_ORB,2025-12-08 13:56:00+00:00,2025-12-08 14:06:00+00:00,SELL,10.0,4200.335,4204.665,-4630.0,-4.63,SL,55.0,3120.0,-6190.0
LONDON_ORB,2025-12-09 09:05:00+00:00,2025-12-09 09:05:00+00:00,BUY,10.0,4188.295,4200.514999999999,11920.0,11.92,TP,5.0,14740.0,0.0
NY_ORB,2025-12-09 14:15:00+00:00,2025-12-09 14:33:00+00:00,SELL,10.0,4195.445,4202.485,-7340.0,-7.34,SL,95.0,6216.36,-7120.0
ASIAN_MR,2025-12-10 01:20:00+00:00,2025-12-10 01:40:00+00:00,SHORT,10.0,4215.825,4209.883599999999,5641.4,5.641400000000613,TP_Z_NEUTRAL,20.0,4430.0,-1960.0
LONDON_ORB,2025-12-10 08:55:00+00:00,2025-12-10 10:33:00+00:00,SELL,10.0,4200.025,4188.1849999999995,11540.0,11.54,TP,495.0,12500.0,-260.0
NY_ORB,2025-12-10 13:45:00+00:00,2025-12-10 14:27:00+00:00,BUY,10.0,4202.445,4195.835,-6910.0,-6.91,SL,215.0,4380.0,-7800.0
LONDON_ORB,2025-12-11 09:05:00+00:00,2025-12-11 09:43:00+00:00,SELL,10.0,4212.635,4217.655,-5320.0,-5.32,SL,195.0,2440.0,-4800.0
NY_ORB,2025-12-11 14:10:00+00:00,2025-12-11 14:45:00+00:00,BUY,10.0,4220.785,4244.004999999999,22920.0,22.92,TP,180.0,23550.0,0.0
ASIAN_MR,2025-12-12 01:05:00+00:00,2025-12-12 01:10:00+00:00,LONG,10.0,4269.225,4274.6379,5112.9,5.112899999999354,TP_Z_NEUTRAL,5.0,6100.0,-310.0
LONDON_ORB,2025-12-12 08:45:00+00:00,2025-12-12 09:03:00+00:00,BUY,10.0,4295.365,4312.3049999999985,16640.0,16.64,TP,95.0,17920.0,0.0
NY_ORB,2025-12-12 14:51:00+00:00,2025-12-12 15:16:00+00:00,BUY,10.0,4345.935,4335.835,-10400.0,-10.4,SL,130.0,7390.0,-10690.0
ASIAN_MR,2025-12-15 01:05:00+00:00,2025-12-15 01:30:00+00:00,SHORT,10.0,4310.175,4316.030710406466,-6155.71,-6.155710406465732,SL_ATR,25.0,4080.0,-7410.0
LONDON_ORB,2025-12-15 09:15:00+00:00,2025-12-15 10:31:00+00:00,BUY,10.0,4344.175,4338.465,-6010.0,-6.01,SL,385.0,5820.0,-5720.0
NY_ORB,2025-12-15 13:50:00+00:00,2025-12-15 13:56:00+00:00,BUY,10.0,4341.655,4335.405,-6550.0,-6.55,SL,35.0,2610.0,-6510.0
ASIAN_MR,2025-12-16 01:35:00+00:00,2025-12-16 01:50:00+00:00,SHORT,10.0,4314.225,4308.1,5825.0,5.825,TP_Z_NEUTRAL,15.0,5180.0,-1750.0
LONDON_ORB,2025-12-16 08:38:00+00:00,2025-12-16 11:29:00+00:00,SELL,10.0,4280.155,4277.295,2560.0,2.56,TIME,860.0,6570.0,-6610.0
NY_ORB,2025-12-16 13:46:00+00:00,2025-12-16 13:59:00+00:00,SELL,10.0,4300.678,4312.385,-12007.14,-12.007,SL,70.0,1082.86,-12397.14
ASIAN_MR,2025-12-17 01:35:00+00:00,2025-12-17 01:55:00+00:00,SHORT,10.0,4321.525,4326.089712451118,-4864.71,-4.864712451118794,SL_ATR,20.0,940.0,-4970.0
LONDON_ORB,2025-12-17 10:38:00+00:00,2025-12-17 11:29:00+00:00,SELL,10.0,4308.145,4317.965,-10120.0,-10.12,TIME,260.0,1840.0,-12090.0
NY_ORB,2025-12-17 14:00:00+00:00,2025-12-17 14:14:00+00:00,BUY,10.0,4339.115,4327.865,-11550.0,-11.55,SL,75.0,6710.0,-12350.0
ASIAN_MR,2025-12-18 01:05:00+00:00,2025-12-18 01:15:00+00:00,LONG,10.0,4332.065,4327.359938908179,-5005.06,-5.0050610918204255,SL_ATR,10.0,540.0,-5210.0
NY_ORB,2025-12-18 14:05:00+00:00,2025-12-18 14:41:00+00:00,BUY,10.0,4338.155,4320.455,-18000.0,-18.0,SL,185.0,2960.0,-19980.0
ASIAN_MR,2025-12-19 01:05:00+00:00,2025-12-19 01:20:00+00:00,LONG,10.0,4324.618,4320.112415061287,-4805.58,-4.805584938713582,SL_ATR,15.0,3687.0,-8033.0
LONDON_ORB,2025-12-19 08:45:00+00:00,2025-12-19 09:45:00+00:00,BUY,10.0,4324.545,4332.005000000001,7160.0,7.16,TP,305.0,8930.0,-350.0
NY_ORB,2025-12-19 14:36:00+00:00,2025-12-19 14:46:00+00:00,BUY,10.0,4335.155,4328.565,-6890.0,-6.89,SL,55.0,2560.0,-10830.0
ASIAN_MR,2025-12-22 03:50:00+00:00,2025-12-22 04:50:00+00:00,SHORT,10.0,4394.155,4397.975,-4120.0,-4.120000000000618,TIME_STOP_60M,60.0,3207.0,-6640.0
LONDON_ORB,2025-12-22 10:35:00+00:00,2025-12-22 11:29:00+00:00,SELL,10.0,4409.655,4408.848,507.06,0.507,TIME,275.0,3900.0,-1590.0
NY_ORB,2025-12-22 14:35:00+00:00,2025-12-22 14:46:00+00:00,SELL,10.0,4418.045,4426.365,-8620.0,-8.62,SL,60.0,2350.0,-8953.0
LONDON_ORB,2025-12-23 08:35:00+00:00,2025-12-23 09:02:00+00:00,BUY,10.0,4489.298,4485.025,-4573.16,-4.573,SL,140.0,3696.84,-4663.16
NY_ORB,2025-12-23 13:55:00+00:00,2025-12-23 14:05:00+00:00,SELL,10.0,4484.265,4468.045000000001,15920.0,15.92,TP,55.0,29867.0,0.0
ASIAN_MR,2025-12-24 01:25:00+00:00,2025-12-24 01:55:00+00:00,SHORT,10.0,4521.305,4513.542100000001,7462.9,7.462899999999718,TP_Z_NEUTRAL,30.0,3240.0,-1990.0
LONDON_ORB,2025-12-24 10:05:00+00:00,2025-12-24 11:29:00+00:00,BUY,10.0,4486.725,4486.905,-120.0,-0.12,TIME,425.0,12800.0,-4736.67
NY_ORB,2025-12-24 14:35:00+00:00,2025-12-24 14:36:00+00:00,BUY,10.0,4485.895,4477.355,-8840.0,-8.84,SL,10.0,2770.0,-10860.0
ASIAN_MR,2025-12-26 03:15:00+00:00,2025-12-26 03:25:00+00:00,SHORT,10.0,4510.655,4504.1868,6168.2,6.168199999999342,TP_Z_NEUTRAL,10.0,8297.0,-1340.0
LONDON_ORB,2025-12-26 09:00:00+00:00,2025-12-26 11:05:00+00:00,BUY,10.0,4514.545,4509.175,-5670.0,-5.67,SL,630.0,8620.0,-8047.33
NY_ORB,2025-12-26 14:35:00+00:00,2025-12-26 14:47:00+00:00,BUY,10.0,4528.155,4517.458,-10997.14,-10.997,SL,65.0,3360.0,-13060.0
LONDON_ORB,2025-12-29 11:20:00+00:00,2025-12-29 11:29:00+00:00,SELL,10.0,4465.748,4465.025,422.5,0.423,TIME,50.0,2782.5,-1787.5
NY_ORB,2025-12-29 13:45:00+00:00,2025-12-29 14:41:00+00:00,SELL,10.0,4424.985,4365.944999999999,58740.0,58.74,TP,285.0,66240.0,-4270.0
ASIAN_MR,2025-12-30 02:00:00+00:00,2025-12-30 03:00:00+00:00,SHORT,10.0,4356.945,4361.055,-4410.0,-4.410000000000582,TIME_STOP_60M,60.0,8347.0,-8090.0
LONDON_ORB,2025-12-30 08:30:00+00:00,2025-12-30 09:11:00+00:00,SELL,10.0,4363.115,4373.445,-10630.0,-10.63,SL,210.0,13160.0,-10510.0
NY_ORB,2025-12-30 14:38:00+00:00,2025-12-30 16:29:00+00:00,SELL,10.0,4375.905,4368.505,7100.0,7.1,TIME,560.0,21320.0,-6340.0
LONDON_ORB,2025-12-31 09:00:00+00:00,2025-12-31 09:42:00+00:00,SELL,10.0,4319.938,4332.605,-12966.67,-12.967,SL,215.0,13053.33,-13896.67
NY_ORB,2025-12-31 13:50:00+00:00,2025-12-31 16:05:00+00:00,BUY,10.0,4334.635,4325.345,-9590.0,-9.59,SL,680.0,18413.33,-9860.0
ASIAN_MR,2026-01-02 03:15:00+00:00,2026-01-02 03:30:00+00:00,SHORT,10.0,4366.395,4372.616548670178,-6521.55,-6.521548670177981,SL_ATR,15.0,800.0,-6453.0
LONDON_ORB,2026-01-02 08:50:00+00:00,2026-01-02 10:51:00+00:00,BUY,10.0,4386.155,4397.354999999999,10900.0,10.9,TP,610.0,11930.0,-3297.14
NY_ORB,2026-01-02 14:35:00+00:00,2026-01-02 15:04:00+00:00,SELL,10.0,4365.545,4342.5650000000005,22680.0,22.68,TP,150.0,23530.0,0.0
ASIAN_MR,2026-01-05 03:05:00+00:00,2026-01-05 03:30:00+00:00,SHORT,10.0,4409.855,4400.918299999999,8636.7,8.6367000000002,TP_Z_NEUTRAL,25.0,6700.0,-3290.0
LONDON_ORB,2026-01-05 08:20:00+00:00,2026-01-05 09:43:00+00:00,BUY,10.0,4424.948,4436.794000000002,11545.71,11.546,TP,420.0,12377.14,-1752.86
NY_ORB,2026-01-05 14:50:00+00:00,2026-01-05 15:03:00+00:00,BUY,10.0,4414.055,4450.075000000001,35720.0,35.72,TP,70.0,37480.0,0.0
ASIAN_MR,2026-01-06 02:15:00+00:00,2026-01-06 03:10:00+00:00,SHORT,10.0,4457.698,4465.2338891520585,-7835.89,-7.835889152058189,SL_ATR,55.0,9303.0,-7627.0
LONDON_ORB,2026-01-06 08:30:00+00:00,2026-01-06 09:11:00+00:00,BUY,10.0,4463.335,4456.975,-6660.0,-6.66,SL,210.0,9013.08,-10016.92
NY_ORB,2026-01-06 13:50:00+00:00,2026-01-06 13:53:00+00:00,SELL,10.0,4455.165,4461.875,-7010.0,-7.01,SL,20.0,1630.0,-8260.0
ASIAN_MR,2026-01-07 04:20:00+00:00,2026-01-07 05:05:00+00:00,LONG,10.0,4468.815,4462.851960818902,-6263.04,-6.263039181097883,SL_ATR,45.0,1890.0,-7120.0
LONDON_ORB,2026-01-07 08:40:00+00:00,2026-01-07 10:29:00+00:00,BUY,10.0,4466.265,4459.085,-7480.0,-7.48,SL,550.0,8382.73,-7770.0
NY_ORB,2026-01-07 15:15:00+00:00,2026-01-07 15:35:00+00:00,SELL,10.0,4437.995,4450.545,-12850.0,-12.85,SL,105.0,14860.0,-12250.0
LONDON_ORB,2026-01-08 08:15:00+00:00,2026-01-08 09:00:00+00:00,SELL,10.0,4425.295,4433.175,-8180.0,-8.18,SL,230.0,5857.0,-9340.0
NY_ORB,2026-01-08 14:50:00+00:00,2026-01-08 15:41:00+00:00,BUY,10.0,4435.445,4454.764999999999,19020.0,19.02,TP,260.0,19700.0,-7830.0
ASIAN_MR,2026-01-09 02:05:00+00:00,2026-01-09 02:50:00+00:00,SHORT,10.0,4473.935,4463.08595,10549.05,10.549050000000715,TP_Z_NEUTRAL,45.0,8510.0,-1413.0
NY_ORB,2026-01-09 15:25:00+00:00,2026-01-09 16:29:00+00:00,BUY,10.0,4491.595,4503.248,11355.0,11.353,TIME,325.0,25305.0,0.0
ASIAN_MR,2026-01-12 04:05:00+00:00,2026-01-12 04:45:00+00:00,LONG,10.0,4567.935,4574.8955000000005,6660.5,6.660500000000138,TP_Z_NEUTRAL,40.0,4060.0,-4817.0
LONDON_ORB,2026-01-12 08:50:00+00:00,2026-01-12 11:29:00+00:00,BUY,10.0,4589.085,4584.875,-4510.0,-4.51,TIME,800.0,10160.0,-5430.0
NY_ORB,2026-01-12 13:47:00+00:00,2026-01-12 14:03:00+00:00,BUY,10.0,4613.095,4604.469,-8925.56,-8.926,SL,85.0,7090.0,-14150.0
NY_ORB,2026-01-13 14:55:00+00:00,2026-01-13 16:27:00+00:00,BUY,10.0,4620.105,4599.905,-20500.0,-20.5,SL,465.0,12620.0,-26570.0
ASIAN_MR,2026-01-14 03:40:00+00:00,2026-01-14 03:55:00+00:00,SHORT,10.0,4623.848,4629.7211674896225,-6173.17,-6.173167489622574,SL_ATR,15.0,963.0,-6017.0
LONDON_ORB,2026-01-14 08:26:00+00:00,2026-01-14 08:46:00+00:00,SELL,10.0,4623.335,4633.945,-10910.0,-10.91,SL,105.0,2070.0,-12210.0
NY_ORB,2026-01-14 14:38:00+00:00,2026-01-14 16:29:00+00:00,SELL,10.0,4623.645,4621.555,1790.0,1.79,TIME,560.0,24480.0,-3670.0
ASIAN_MR,2026-01-15 01:25:00+00:00,2026-01-15 01:30:00+00:00,LONG,10.0,4600.395,4591.666360778582,-9028.64,-9.028639221418235,SL_ATR,5.0,310.0,-17180.0
LONDON_ORB,2026-01-15 09:40:00+00:00,2026-01-15 10:37:00+00:00,BUY,10.0,4604.405,4617.844999999998,13140.0,13.14,TP,290.0,13770.0,0.0
NY_ORB,2026-01-15 13:45:00+00:00,2026-01-15 14:24:00+00:00,SELL,10.0,4587.935,4605.095,-17460.0,-17.46,SL,200.0,5800.0,-17660.0
ASIAN_MR,2026-01-16 02:40:00+00:00,2026-01-16 03:05:00+00:00,LONG,10.0,4595.748,4601.3358,5287.8,5.287800000000243,TP_Z_NEUTRAL,25.0,3177.0,-4053.0
LONDON_ORB,2026-01-16 10:06:00+00:00,2026-01-16 10:24:00+00:00,SELL,10.0,4604.455,4610.345,-6190.0,-6.19,SL,95.0,1600.0,-6240.0
NY_ORB,2026-01-16 13:46:00+00:00,2026-01-16 15:26:00+00:00,BUY,10.0,4601.045,4584.885,-16460.0,-16.46,SL,505.0,18990.0,-20190.0
ASIAN_MR,2026-01-20 01:10:00+00:00,2026-01-20 01:35:00+00:00,SHORT,10.0,4670.075,4675.7502440654225,-5975.24,-5.975244065422703,SL_ATR,25.0,4240.0,-5810.0
LONDON_ORB,2026-01-20 09:25:00+00:00,2026-01-20 11:29:00+00:00,BUY,10.0,4725.395,4726.645,950.0,0.95,TIME,625.0,11890.0,-3980.0
NY_ORB,2026-01-20 13:46:00+00:00,2026-01-20 16:29:00+00:00,BUY,10.0,4730.175,4740.905,10430.0,10.43,TIME,820.0,20660.0,-8146.0
LONDON_ORB,2026-01-21 09:25:00+00:00,2026-01-21 11:29:00+00:00,BUY,10.0,4863.835,4866.968,2832.5,2.833,TIME,625.0,13130.0,-4850.0
NY_ORB,2026-01-21 14:05:00+00:00,2026-01-21 14:05:00+00:00,SELL,10.0,4866.768,4842.454,24014.29,24.014,TP,5.0,25830.0,0.0
LONDON_ORB,2026-01-22 09:35:00+00:00,2026-01-22 11:29:00+00:00,SELL,10.0,4824.155,4827.595,-3740.0,-3.74,TIME,575.0,10550.0,-7520.0
NY_ORB,2026-01-22 13:46:00+00:00,2026-01-22 14:15:00+00:00,SELL,10.0,4810.715,4826.988,-16574.0,-16.573,SL,150.0,180.0,-16550.0
ASIAN_MR,2026-01-23 03:20:00+00:00,2026-01-23 03:30:00+00:00,LONG,10.0,4943.155,4953.604649999999,10149.65,10.149649999999564,TP_Z_NEUTRAL,10.0,7640.0,-5310.0
LONDON_ORB,2026-01-23 08:25:00+00:00,2026-01-23 08:25:00+00:00,SELL,10.0,4940.278,4925.7040000000015,14273.64,14.274,TP,5.0,27570.0,0.0
NY_ORB,2026-01-23 14:35:00+00:00,2026-01-23 15:47:00+00:00,BUY,10.0,4938.998,4962.843999999999,23545.71,23.546,TP,365.0,24267.14,-1032.86
ASIAN_MR,2026-01-26 01:35:00+00:00,2026-01-26 02:05:00+00:00,SHORT,10.0,5076.165,5051.2605,24604.5,24.604499999999643,TP_Z_NEUTRAL,30.0,8700.0,-8510.0
LONDON_ORB,2026-01-26 08:55:00+00:00,2026-01-26 09:28:00+00:00,SELL,10.0,5086.998,5096.535,-9837.5,-9.837,SL,170.0,6032.5,-9577.5
NY_ORB,2026-01-26 15:35:00+00:00,2026-01-26 16:29:00+00:00,BUY,10.0,5072.775,5075.365,2290.0,2.29,TIME,275.0,32240.0,-2670.0
ASIAN_MR,2026-01-27 02:45:00+00:00,2026-01-27 02:50:00+00:00,SHORT,10.0,5077.045,5066.4915,10253.5,10.253499999999985,TP_Z_NEUTRAL,5.0,11850.0,-1080.0
LONDON_ORB,2026-01-27 09:55:00+00:00,2026-01-27 11:29:00+00:00,BUY,10.0,5087.985,5086.695,-1590.0,-1.59,TIME,475.0,11360.0,-6240.0
NY_ORB,2026-01-27 14:10:00+00:00,2026-01-27 15:38:00+00:00,SELL,10.0,5069.435,5085.785,-16650.0,-16.65,SL,445.0,22970.0,-17450.0
ASIAN_MR,2026-01-28 01:10:00+00:00,2026-01-28 01:40:00+00:00,SHORT,10.0,5190.665,5205.490411115714,-15125.41,-15.125411115713906,SL_ATR,30.0,9260.0,-24730.0
LONDON_ORB,2026-01-28 08:35:00+00:00,2026-01-28 08:45:00+00:00,BUY,10.0,5299.675,5286.319,-13656.67,-13.656,SL,55.0,7020.0,-16540.0
NY_ORB,2026-01-28 15:00:00+00:00,2026-01-28 15:08:00+00:00,BUY,10.0,5285.205,5259.045,-26460.0,-26.46,SL,45.0,12920.0,-49966.67
LONDON_ORB,2026-01-29 08:45:00+00:00,2026-01-29 11:29:00+00:00,SELL,10.0,5522.878,5515.685,6893.33,6.893,TIME,825.0,52333.33,-6726.67
NY_ORB,2026-01-29 14:10:00+00:00,2026-01-29 14:46:00+00:00,BUY,10.0,5530.615,5499.625,-31290.0,-31.29,SL,185.0,18720.0,-31360.0
ASIAN_MR,2026-01-30 01:15:00+00:00,2026-01-30 01:55:00+00:00,LONG,8.74,5331.798,5295.142049270014,-32299.5,-36.95595072998621,SL_ATR,40.0,35542.96,-36531.45
LONDON_ORB,2026-01-30 08:35:00+00:00,2026-01-30 08:35:00+00:00,SELL,10.0,5140.455,5059.754999999999,80400.0,80.4,TP,5.0,88670.0,0.0
NY_ORB,2026-01-30 13:50:00+00:00,2026-01-30 14:01:00+00:00,SELL,10.0,5009.998,5047.398,-37700.0,-37.7,SL,60.0,19125.0,-46435.0
LONDON_ORB,2026-02-02 09:30:00+00:00,2026-02-02 11:29:00+00:00,BUY,8.76,4627.315,4752.545,109438.68,124.93,TIME,600.0,116026.2,0.0
NY_ORB,2026-02-02 14:35:00+00:00,2026-02-02 15:30:00+00:00,BUY,9.04,4741.298,4668.448,-66127.6,-73.15,SL,280.0,46727.76,-82074.16
ASIAN_MR,2026-02-03 04:05:00+00:00,2026-02-03 04:55:00+00:00,SHORT,10.0,4815.095,4784.12515,30669.85,30.669850000000405,TP_Z_NEUTRAL,50.0,14880.0,-9670.0
LONDON_ORB,2026-02-03 11:00:00+00:00,2026-02-03 11:29:00+00:00,SELL,10.0,4897.995,4900.805,-3110.0,-3.11,TIME,150.0,14550.0,-14325.0
NY_ORB,2026-02-03 13:55:00+00:00,2026-02-03 14:17:00+00:00,SELL,10.0,4928.415,4901.8949999999995,26220.0,26.22,TP,115.0,32440.0,-7780.0
ASIAN_MR,2026-02-04 01:15:00+00:00,2026-02-04 01:35:00+00:00,SHORT,10.0,5046.375,4988.5288,57546.2,57.546199999999956,TP_Z_NEUTRAL,20.0,36230.0,-5760.0
LONDON_ORB,2026-02-04 11:20:00+00:00,2026-02-04 11:20:00+00:00,SELL,10.0,5074.318,5040.164,33854.0,33.854,TP,5.0,48552.0,0.0
NY_ORB,2026-02-04 14:35:00+00:00,2026-02-04 14:38:00+00:00,SELL,10.0,5032.845,4981.085,51460.0,51.46,TP,20.0,64670.0,0.0
LONDON_ORB,2026-02-05 09:05:00+00:00,2026-02-05 09:56:00+00:00,SELL,10.0,4912.255,4852.795000000001,59160.0,59.16,TP,260.0,63110.0,0.0
NY_ORB,2026-02-05 15:06:00+00:00,2026-02-05 16:29:00+00:00,SELL,10.0,4822.245,4849.198,-27255.0,-27.253,TIME,420.0,22190.0,-34980.0
ASIAN_MR,2026-02-06 02:10:00+00:00,2026-02-06 02:30:00+00:00,SHORT,9.44,4787.095,4822.108505153716,-33335.95,-35.31350515371541,SL_ATR,20.0,4606.72,-47577.6
LONDON_ORB,2026-02-06 08:40:00+00:00,2026-02-06 11:29:00+00:00,BUY,10.0,4853.065,4890.489,37123.33,37.124,TIME,850.0,40610.0,-15160.0
NY_ORB,2026-02-06 14:25:00+00:00,2026-02-06 14:37:00+00:00,SELL,10.0,4908.329,4938.035,-30006.67,-30.006,SL,65.0,14193.33,-38206.67
LONDON_ORB,2026-02-09 09:05:00+00:00,2026-02-09 09:58:00+00:00,BUY,10.0,5021.065,5002.505,-18860.0,-18.86,SL,270.0,14820.0,-18710.0
NY_ORB,2026-02-09 14:35:00+00:00,2026-02-09 15:34:00+00:00,BUY,10.0,5014.705,5054.405000000001,39400.0,39.4,TP,300.0,41000.0,0.0
ASIAN_MR,2026-02-10 02:10:00+00:00,2026-02-10 02:55:00+00:00,SHORT,10.0,5041.775,5027.0905,14384.5,14.384499999999388,TP_Z_NEUTRAL,45.0,7330.0,-14160.0
LONDON_ORB,2026-02-10 09:05:00+00:00,2026-02-10 11:29:00+00:00,BUY,10.0,5040.785,5047.585,6500.0,6.5,TIME,725.0,22270.0,-4040.0
NY_ORB,2026-02-10 14:20:00+00:00,2026-02-10 14:47:00+00:00,BUY,10.0,5058.725,5036.905,-22120.0,-22.12,SL,140.0,19760.0,-25010.0
ASIAN_MR,2026-02-11 02:45:00+00:00,2026-02-11 03:10:00+00:00,SHORT,10.0,5052.955,5043.87015,8784.85,8.784850000000187,TP_Z_NEUTRAL,25.0,4110.0,-4580.0
LONDON_ORB,2026-02-11 09:35:00+00:00,2026-02-11 10:40:00+00:00,BUY,10.0,5060.215,5077.829,17314.44,17.314,TP,330.0,21920.0,-4300.0
LONDON_ORB,2026-02-12 08:35:00+00:00,2026-02-12 09:04:00+00:00,SELL,10.0,5062.659,5073.128,-10768.75,-10.769,SL,150.0,3813.75,-10606.25
NY_ORB,2026-02-12 14:16:00+00:00,2026-02-12 16:11:00+00:00,SELL,10.0,5060.125,5026.365,33460.0,33.46,TP,580.0,47290.0,-14530.0
LONDON_ORB,2026-02-13 09:30:00+00:00,2026-02-13 11:24:00+00:00,SELL,10.0,4971.875,4936.995000000001,34580.0,34.58,TP,575.0,38380.0,-8620.0
NY_ORB,2026-02-13 14:35:00+00:00,2026-02-13 14:41:00+00:00,BUY,10.0,4999.185,4966.338,-33145.0,-33.147,SL,35.0,11305.0,-35435.0
ASIAN_MR,2026-02-16 01:20:00+00:00,2026-02-16 02:05:00+00:00,SHORT,10.0,5027.005,5017.11245,9592.55,9.592550000000482,TP_Z_NEUTRAL,45.0,4290.0,-3880.0
LONDON_ORB,2026-02-16 08:17:00+00:00,2026-02-16 09:03:00+00:00,SELL,10.0,4996.118,5013.015,-17196.0,-17.197,SL,235.0,824.0,-18976.0
NY_ORB,2026-02-16 14:45:00+00:00,2026-02-16 15:02:00+00:00,SELL,10.0,4992.295,4980.175000000001,11820.0,11.82,TP,90.0,15400.0,0.0
LONDON_ORB,2026-02-17 09:53:00+00:00,2026-02-17 10:49:00+00:00,BUY,10.0,4930.195,4916.195,-14300.0,-14.3,SL,285.0,8770.0,-14790.0
NY_ORB,2026-02-17 13:56:00+00:00,2026-02-17 13:58:00+00:00,SELL,10.0,4907.578,4878.124000000001,29154.0,29.154,TP,15.0,37874.0,-4776.0
ASIAN_MR,2026-02-18 01:10:00+00:00,2026-02-18 02:05:00+00:00,SHORT,10.0,4886.395,4898.98076851845,-12885.77,-12.885768518449186,SL_ATR,55.0,5540.0,-14070.0
LONDON_ORB,2026-02-18 08:45:00+00:00,2026-02-18 09:04:00+00:00,SELL,10.0,4926.498,4915.297999999999,10900.0,10.9,TP,100.0,12212.86,0.0
NY_ORB,2026-02-18 14:35:00+00:00,2026-02-18 15:03:00+00:00,BUY,10.0,4968.585,5001.6449999999995,32760.0,32.76,TP,145.0,37912.0,0.0
ASIAN_MR,2026-02-19 01:55:00+00:00,2026-02-19 02:15:00+00:00,SHORT,10.0,4972.755,4966.5926500000005,5862.35,5.862349999999606,TP_Z_NEUTRAL,20.0,7300.0,-4340.0
LONDON_ORB,2026-02-19 08:55:00+00:00,2026-02-19 09:28:00+00:00,BUY,10.0,5011.965,5006.045,-6220.0,-6.22,SL,170.0,8300.0,-9467.14
NY_ORB,2026-02-19 14:48:00+00:00,2026-02-19 16:29:00+00:00,BUY,10.0,4996.985,4998.115,830.0,0.83,TIME,510.0,24963.33,-5700.0
LONDON_ORB,2026-02-20 10:35:00+00:00,2026-02-20 11:29:00+00:00,BUY,10.0,5016.225,5028.575,12050.0,12.05,TIME,275.0,21870.0,0.0
NY_ORB,2026-02-20 13:50:00+00:00,2026-02-20 14:45:00+00:00,BUY,10.0,5031.795,5059.795,27700.0,27.7,TP,280.0,28310.0,0.0
LONDON_ORB,2026-02-23 10:35:00+00:00,2026-02-23 10:51:00+00:00,BUY,10.0,5139.325,5156.364999999999,16740.0,16.74,TP,85.0,19240.0,0.0
NY_ORB,2026-02-23 14:35:00+00:00,2026-02-23 14:35:00+00:00,BUY,10.0,5153.845,5167.445000000001,13300.0,13.3,TP,5.0,19800.0,0.0
ASIAN_MR,2026-02-24 04:05:00+00:00,2026-02-24 05:00:00+00:00,LONG,10.0,5168.465,5181.8785,13113.5,13.113499999999657,TP_Z_NEUTRAL,55.0,6520.0,-5360.0
LONDON_ORB,2026-02-24 08:35:00+00:00,2026-02-24 08:46:00+00:00,BUY,10.0,5179.185,5169.205,-10280.0,-10.28,SL,60.0,2462.5,-10640.0
NY_ORB,2026-02-24 13:50:00+00:00,2026-02-24 16:29:00+00:00,SELL,10.0,5133.085,5143.375,-10590.0,-10.59,TIME,800.0,39860.0,-21960.0
ASIAN_MR,2026-02-25 01:20:00+00:00,2026-02-25 02:15:00+00:00,SHORT,10.0,5178.375,5191.1111593944,-13036.16,-13.036159394399693,SL_ATR,55.0,4110.0,-15143.0
LONDON_ORB,2026-02-25 09:05:00+00:00,2026-02-25 09:35:00+00:00,SELL,10.0,5184.148,5190.155,-6306.92,-6.307,SL,155.0,5293.08,-7626.92
NY_ORB,2026-02-25 14:30:00+00:00,2026-02-25 14:37:00+00:00,SELL,10.0,5181.745,5163.1449999999995,18300.0,18.3,TP,40.0,20285.56,0.0
LONDON_ORB,2026-02-26 08:30:00+00:00,2026-02-26 11:29:00+00:00,SELL,10.0,5179.058,5171.745,7012.86,7.013,TIME,900.0,13600.0,-10847.14
NY_ORB,2026-02-26 14:35:00+00:00,2026-02-26 15:27:00+00:00,SELL,10.0,5163.905,5137.604999999999,26000.0,26.0,TP,265.0,34410.0,-11790.0
ASIAN_MR,2026-02-27 02:00:00+00:00,2026-02-27 02:20:00+00:00,SHORT,10.0,5193.175,5181.203299999999,11671.7,11.671700000000964,TP_Z_NEUTRAL,20.0,8697.0,-6250.0
LONDON_ORB,2026-02-27 09:50:00+00:00,2026-02-27 11:29:00+00:00,SELL,10.0,5175.945,5177.495,-1850.0,-1.85,TIME,500.0,7790.0,-4680.0
ASIAN_MR,2026-03-02 03:05:00+00:00,2026-03-02 04:05:00+00:00,SHORT,10.0,5351.719,5356.695,-5276.0,-5.275999999999658,TIME_STOP_60M,60.0,2374.0,-15216.0
LONDON_ORB,2026-03-02 08:45:00+00:00,2026-03-02 10:06:00+00:00,SELL,10.0,5402.405,5381.684999999999,20420.0,20.42,TP,410.0,23760.0,-8440.0
NY_ORB,2026-03-02 13:45:00+00:00,2026-03-02 14:25:00+00:00,SELL,10.0,5391.845,5342.285000000001,49260.0,49.26,TP,205.0,67600.0,-6080.0
ASIAN_MR,2026-03-03 01:10:00+00:00,2026-03-03 01:40:00+00:00,SHORT,10.0,5367.945,5349.995,17650.0,17.649999999999817,TP_Z_NEUTRAL,30.0,3990.0,-11810.0
LONDON_ORB,2026-03-03 08:25:00+00:00,2026-03-03 09:05:00+00:00,SELL,10.0,5319.625,5287.405000000001,31920.0,31.92,TP,205.0,35250.0,0.0
NY_ORB,2026-03-03 14:45:00+00:00,2026-03-03 14:45:00+00:00,SELL,10.0,5147.225,5070.305,76620.0,76.62,TP,5.0,96580.0,0.0
ASIAN_MR,2026-03-04 01:05:00+00:00,2026-03-04 01:45:00+00:00,SHORT,10.0,5152.185,5168.548281983265,-16663.28,-16.663281983264643,SL_ATR,40.0,10180.0,-21910.0
NY_ORB,2026-03-04 14:00:00+00:00,2026-03-04 14:48:00+00:00,SELL,10.0,5181.575,5159.374999999999,21900.0,21.9,TP,245.0,39200.0,-3300.0
ASIAN_MR,2026-03-05 02:20:00+00:00,2026-03-05 02:55:00+00:00,SHORT,10.0,5181.285,5191.891558671819,-10906.56,-10.906558671819585,SL_ATR,35.0,7360.0,-10920.0
LONDON_ORB,2026-03-05 08:41:00+00:00,2026-03-05 11:29:00+00:00,BUY,10.0,5162.195,5162.765,270.0,0.27,TIME,845.0,17970.0,-16340.0
NY_ORB,2026-03-05 14:40:00+00:00,2026-03-05 15:08:00+00:00,SELL,10.0,5114.645,5068.465000000002,45880.0,45.88,TP,145.0,54240.0,-4950.0
ASIAN_MR,2026-03-06 01:55:00+00:00,2026-03-06 02:40:00+00:00,SHORT,10.0,5134.425,5094.414650000001,39710.35,39.710349999999565,TP_Z_NEUTRAL,45.0,12530.0,-3690.0
LONDON_ORB,2026-03-06 08:25:00+00:00,2026-03-06 09:51:00+00:00,SELL,10.0,5110.545,5086.105,24140.0,24.14,TP,435.0,24760.0,-2690.0
NY_ORB,2026-03-06 13:57:00+00:00,2026-03-06 14:59:00+00:00,SELL,10.0,5082.138,5130.615,-48775.0,-48.777,SL,315.0,8625.0,-49565.0
LONDON_ORB,2026-03-09 08:50:00+00:00,2026-03-09 09:09:00+00:00,SELL,10.0,5098.685,5110.715,-12330.0,-12.33,SL,100.0,6470.0,-12890.0
NY_ORB,2026-03-09 13:45:00+00:00,2026-03-09 14:44:00+00:00,SELL,10.0,5074.045,5110.978,-37235.0,-37.233,SL,300.0,13905.0,-40520.0
ASIAN_MR,2026-03-10 01:25:00+00:00,2026-03-10 01:50:00+00:00,SHORT,10.0,5157.755,5171.372555086487,-13917.56,-13.917555086487301,SL_ATR,25.0,5200.0,-17210.0
LONDON_ORB,2026-03-10 10:35:00+00:00,2026-03-10 11:05:00+00:00,SELL,10.0,5174.718,5185.165,-10747.5,-10.747,SL,155.0,18542.5,-12817.5
NY_ORB,2026-03-10 13:50:00+00:00,2026-03-10 15:13:00+00:00,SELL,10.0,5207.035,5221.956,-15222.0,-15.221,SL,420.0,22000.0,-18430.0
ASIAN_MR,2026-03-11 02:10:00+00:00,2026-03-11 02:40:00+00:00,LONG,10.0,5201.225,5212.463000000001,10938.0,10.938000000000283,TP_Z_NEUTRAL,30.0,8400.0,-1060.0
LONDON_ORB,2026-03-11 08:21:00+00:00,2026-03-11 11:29:00+00:00,SELL,10.0,5187.735,5180.725,6710.0,6.71,TIME,945.0,12580.0,-9320.0
LONDON_ORB,2026-03-12 10:00:00+00:00,2026-03-12 10:29:00+00:00,BUY,10.0,5189.405,5180.408,-9296.67,-9.297,SL,150.0,1983.33,-9560.0
NY_ORB,2026-03-12 13:55:00+00:00,2026-03-12 15:11:00+00:00,SELL,10.0,5155.405,5124.304999999999,30800.0,30.8,TP,385.0,46040.0,-8110.0
LONDON_ORB,2026-03-13 08:25:00+00:00,2026-03-13 08:50:00+00:00,SELL,10.0,5066.375,5084.725,-18650.0,-18.65,SL,130.0,940.0,-19990.0
NY_ORB,2026-03-13 14:55:00+00:00,2026-03-13 14:55:00+00:00,SELL,10.0,5096.355,5064.454999999998,31600.0,31.6,TP,5.0,50740.0,0.0
ASIAN_MR,2026-03-16 04:05:00+00:00,2026-03-16 04:35:00+00:00,SHORT,10.0,5023.115,5009.660000000001,13155.0,13.154999999999017,TP_Z_NEUTRAL,30.0,5317.0,-2930.0
LONDON_ORB,2026-03-16 08:15:00+00:00,2026-03-16 08:23:00+00:00,SELL,10.0,4988.335,5000.108,-12072.86,-12.073,SL,45.0,660.0,-12790.0
NY_ORB,2026-03-16 14:50:00+00:00,2026-03-16 15:29:00+00:00,SELL,10.0,5018.005,4985.325,32380.0,32.38,TP,200.0,34160.0,0.0
ASIAN_MR,2026-03-17 01:30:00+00:00,2026-03-17 01:45:00+00:00,SHORT,10.0,5012.525,5020.619514895348,-8394.51,-8.394514895348767,SL_ATR,15.0,240.0,-8560.0
LONDON_ORB,2026-03-17 08:28:00+00:00,2026-03-17 09:00:00+00:00,SELL,10.0,5018.705,5025.915,-7510.0,-7.51,SL,165.0,480.0,-7160.0
NY_ORB,2026-03-17 15:30:00+00:00,2026-03-17 16:29:00+00:00,SELL,10.0,5010.925,5003.795,6830.0,6.83,TIME,300.0,37430.0,0.0
ASIAN_MR,2026-03-18 01:10:00+00:00,2026-03-18 01:25:00+00:00,SHORT,10.0,5011.365,5005.209,5856.0,5.855999999999949,TP_Z_NEUTRAL,15.0,3790.0,-4310.0
LONDON_ORB,2026-03-18 08:25:00+00:00,2026-03-18 10:35:00+00:00,SELL,10.0,4985.059,4962.899,21860.0,21.86,TP,655.0,25124.29,-10485.71
ASIAN_MR,2026-03-19 01:45:00+00:00,2026-03-19 01:55:00+00:00,SHORT,10.0,4857.305,4844.7855,12219.5,12.219500000000334,TP_Z_NEUTRAL,10.0,8420.0,-1520.0
LONDON_ORB,2026-03-19 10:35:00+00:00,2026-03-19 11:29:00+00:00,SELL,10.0,4701.125,4685.995,14830.0,14.83,TIME,275.0,34740.0,0.0
ASIAN_MR,2026-03-20 01:05:00+00:00,2026-03-20 01:10:00+00:00,SHORT,10.0,4666.295,4651.5055,14489.5,14.489499999999861,TP_Z_NEUTRAL,5.0,15110.0,-2820.0
LONDON_ORB,2026-03-20 08:30:00+00:00,2026-03-20 08:33:00+00:00,BUY,10.0,4717.495,4701.735,-16060.0,-16.06,SL,20.0,5090.0,-16710.0
NY_ORB,2026-03-20 13:55:00+00:00,2026-03-20 14:15:00+00:00,SELL,10.0,4636.315,4578.0289999999995,57986.67,57.986,TP,105.0,62840.0,0.0
LONDON_ORB,2026-03-23 11:10:00+00:00,2026-03-23 11:10:00+00:00,BUY,10.0,4255.315,4361.826999999998,106210.0,106.212,TP,5.0,182450.0,0.0
NY_ORB,2026-03-23 15:22:00+00:00,2026-03-23 15:46:00+00:00,BUY,10.0,4450.305,4400.995,-49610.0,-49.61,SL,125.0,9010.0,-50680.0
LONDON_ORB,2026-03-24 11:00:00+00:00,2026-03-24 11:01:00+00:00,BUY,10.0,4420.735,4401.895,-19140.0,-19.14,SL,10.0,21130.0,-47687.5
NY_ORB,2026-03-24 14:55:00+00:00,2026-03-24 14:55:00+00:00,BUY,10.0,4370.235,4408.714999999999,38180.0,38.18,TP,5.0,55820.0,0.0
LONDON_ORB,2026-03-25 08:40:00+00:00,2026-03-25 09:48:00+00:00,BUY,10.0,4559.065,4535.428,-23936.67,-23.937,SL,345.0,8390.0,-31400.0
NY_ORB,2026-03-25 15:20:00+00:00,2026-03-25 16:29:00+00:00,SELL,10.0,4556.218,4555.485,432.5,0.433,TIME,350.0,11460.0,-9457.5
LONDON_ORB,2026-03-26 08:16:00+00:00,2026-03-26 11:29:00+00:00,SELL,10.0,4439.698,4442.918,-3520.0,-3.52,TIME,970.0,27102.5,-16807.5
NY_ORB,2026-03-26 13:45:00+00:00,2026-03-26 16:01:00+00:00,BUY,10.0,4453.295,4428.818,-24776.67,-24.777,SL,685.0,26220.0,-27790.0
ASIAN_MR,2026-03-27 02:10:00+00:00,2026-03-27 03:00:00+00:00,SHORT,10.0,4434.895,4404.56415,30030.85,30.03085000000028,TP_Z_NEUTRAL,50.0,10290.0,-5330.0
LONDON_ORB,2026-03-27 08:55:00+00:00,2026-03-27 08:58:00+00:00,SELL,10.0,4442.585,4426.979,15306.0,15.306,TP,20.0,16587.0,0.0
NY_ORB,2026-03-27 14:05:00+00:00,2026-03-27 14:16:00+00:00,BUY,10.0,4430.915,4466.069,34854.0,34.854,TP,60.0,38480.0,0.0
ASIAN_MR,2026-03-30 01:35:00+00:00,2026-03-30 02:30:00+00:00,SHORT,10.0,4467.125,4446.9255,19899.5,19.899499999999716,TP_Z_NEUTRAL,55.0,8370.0,-8160.0
LONDON_ORB,2026-03-30 11:12:00+00:00,2026-03-30 11:29:00+00:00,BUY,10.0,4536.745,4543.035,5990.0,5.99,TIME,90.0,11330.0,-3170.0
NY_ORB,2026-03-30 13:45:00+00:00,2026-03-30 16:29:00+00:00,SELL,10.0,4543.025,4536.685,6040.0,6.04,TIME,825.0,31276.67,-13540.0
ASIAN_MR,2026-03-31 01:25:00+00:00,2026-03-31 01:40:00+00:00,SHORT,10.0,4581.085,4599.515701744891,-18730.7,-18.73070174489094,SL_ATR,15.0,3937.0,-37680.0
LONDON_ORB,2026-03-31 10:40:00+00:00,2026-03-31 10:40:00+00:00,SELL,10.0,4560.105,4534.384999999998,25420.0,25.42,TP,5.0,30990.0,0.0
NY_ORB,2026-03-31 13:55:00+00:00,2026-03-31 16:29:00+00:00,BUY,10.0,4589.115,4617.475,28060.0,28.06,TIME,775.0,40982.5,0.0
ASIAN_MR,2026-04-01 01:40:00+00:00,2026-04-01 02:15:00+00:00,LONG,10.0,4687.525,4703.64865,15823.65,15.823650000000452,TP_Z_NEUTRAL,35.0,12750.0,-1340.0
LONDON_ORB,2026-04-01 10:29:00+00:00,2026-04-01 11:29:00+00:00,BUY,10.0,4726.195,4744.885,18390.0,18.39,TIME,305.0,19730.0,-1930.0
NY_ORB,2026-04-01 14:26:00+00:00,2026-04-01 14:38:00+00:00,SELL,10.0,4730.555,4749.375,-19120.0,-19.12,SL,65.0,320.0,-20390.0
LONDON_ORB,2026-04-02 10:20:00+00:00,2026-04-02 11:29:00+00:00,SELL,10.0,4628.685,4614.635,13750.0,13.75,TIME,350.0,25200.0,-2440.0
NY_ORB,2026-04-02 13:50:00+00:00,2026-04-02 13:58:00+00:00,BUY,10.0,4607.425,4650.639,42915.0,42.914,TP,45.0,43710.0,0.0
ASIAN_MR,2026-04-06 02:25:00+00:00,2026-04-06 02:55:00+00:00,SHORT,10.0,4660.785,4634.998949999999,25486.05,25.486050000000613,TP_Z_NEUTRAL,30.0,16877.0,-5393.0
LONDON_ORB,2026-04-06 09:55:00+00:00,2026-04-06 11:29:00+00:00,BUY,10.0,4694.125,4688.225,-6200.0,-6.2,TIME,475.0,3210.0,-10076.67
NY_ORB,2026-04-06 13:52:00+00:00,2026-04-06 14:10:00+00:00,BUY,10.0,4678.695,4660.538,-18457.5,-18.457,SL,95.0,11962.5,-19037.5
LONDON_ORB,2026-04-07 08:25:00+00:00,2026-04-07 11:10:00+00:00,BUY,10.0,4665.125,4643.785,-21640.0,-21.64,SL,830.0,28830.0,-24277.5
NY_ORB,2026-04-07 14:05:00+00:00,2026-04-07 16:03:00+00:00,SELL,10.0,4635.305,4663.205,-28200.0,-28.2,SL,595.0,27970.0,-32803.33
LONDON_ORB,2026-04-08 08:25:00+00:00,2026-04-08 09:43:00+00:00,SELL,10.0,4807.855,4785.0549999999985,22500.0,22.5,TP,395.0,24710.0,-1580.0
NY_ORB,2026-04-08 13:55:00+00:00,2026-04-08 16:29:00+00:00,SELL,10.0,4773.298,4749.845,23152.5,23.153,TIME,775.0,41392.5,-18267.5
ASIAN_MR,2026-04-09 03:20:00+00:00,2026-04-09 04:00:00+00:00,LONG,10.0,4708.455,4721.9123,13157.3,13.157300000000031,TP_Z_NEUTRAL,40.0,7160.0,-2180.0
LONDON_ORB,2026-04-09 10:25:00+00:00,2026-04-09 10:25:00+00:00,BUY,10.0,4726.028,4739.228000000001,12900.0,12.9,TP,5.0,13556.67,0.0
NY_ORB,2026-04-09 15:20:00+00:00,2026-04-09 16:29:00+00:00,BUY,10.0,4777.015,4792.455,15140.0,15.14,TIME,350.0,23680.0,0.0
ASIAN_MR,2026-04-10 01:40:00+00:00,2026-04-10 01:55:00+00:00,SHORT,10.0,4771.645,4759.878500000001,11466.5,11.466499999999723,TP_Z_NEUTRAL,15.0,11627.0,-1700.0
LONDON_ORB,2026-04-10 08:20:00+00:00,2026-04-10 08:47:00+00:00,SELL,10.0,4746.985,4734.6449999999995,12040.0,12.04,TP,140.0,14180.0,-5160.0
NY_ORB,2026-04-10 14:15:00+00:00,2026-04-10 15:36:00+00:00,BUY,10.0,4778.625,4764.615,-14310.0,-14.31,SL,410.0,16140.0,-23380.0
ASIAN_MR,2026-04-13 01:20:00+00:00,2026-04-13 02:20:00+00:00,SHORT,10.0,4715.455,4720.515,-5360.0,-5.3600000000004,TIME_STOP_60M,60.0,5810.0,-12580.0
LONDON_ORB,2026-04-13 08:45:00+00:00,2026-04-13 09:09:00+00:00,SELL,10.0,4732.215,4719.655000000001,12260.0,12.26,TP,125.0,14870.0,0.0
NY_ORB,2026-04-13 13:50:00+00:00,2026-04-13 13:53:00+00:00,BUY,10.0,4736.948,4724.275,-12973.33,-12.973,SL,20.0,7366.67,-15933.33
ASIAN_MR,2026-04-14 02:50:00+00:00,2026-04-14 03:05:00+00:00,SHORT,10.0,4774.315,4769.218,4797.0,4.796999999999753,TP_Z_NEUTRAL,15.0,5660.0,-1460.0
LONDON_ORB,2026-04-14 09:32:00+00:00,2026-04-14 10:07:00+00:00,SELL,10.0,4774.035,4782.865,-9130.0,-9.13,SL,180.0,2640.0,-9300.0
NY_ORB,2026-04-14 14:40:00+00:00,2026-04-14 16:29:00+00:00,BUY,10.0,4803.115,4816.035,12620.0,12.62,TIME,550.0,15903.33,-12120.0
ASIAN_MR,2026-04-15 02:35:00+00:00,2026-04-15 03:00:00+00:00,LONG,10.0,4829.015,4818.15192380998,-11163.08,-11.163076190020366,SL_ATR,25.0,1410.0,-12200.0
LONDON_ORB,2026-04-15 09:11:00+00:00,2026-04-15 09:47:00+00:00,SELL,10.0,4804.215,4787.775,16140.0,16.14,TP,185.0,18330.0,-4160.0
NY_ORB,2026-04-15 14:05:00+00:00,2026-04-15 14:39:00+00:00,BUY,10.0,4825.195,4815.585,-9910.0,-9.91,SL,175.0,5240.0,-9970.0
ASIAN_MR,2026-04-16 01:40:00+00:00,2026-04-16 02:05:00+00:00,LONG,10.0,4815.785,4826.85015,10765.15,10.765150000000357,TP_Z_NEUTRAL,25.0,7290.0,-687.0
NY_ORB,2026-04-16 13:47:00+00:00,2026-04-16 13:55:00+00:00,SELL,10.0,4812.258,4789.624,22334.29,22.334,TP,45.0,27512.86,-6857.14
ASIAN_MR,2026-04-17 01:15:00+00:00,2026-04-17 01:20:00+00:00,LONG,10.0,4782.415,4774.967590040841,-7747.41,-7.747409959158904,SL_ATR,5.0,970.0,-10820.0
LONDON_ORB,2026-04-17 08:45:00+00:00,2026-04-17 11:29:00+00:00,BUY,10.0,4790.915,4792.835,1620.0,1.62,TIME,825.0,9870.0,-8870.0
ASIAN_MR,2026-04-20 01:15:00+00:00,2026-04-20 01:30:00+00:00,SHORT,10.0,4792.395,4804.467273230838,-12372.27,-12.37227323083771,SL_ATR,15.0,850.0,-19690.0
LONDON_ORB,2026-04-20 09:35:00+00:00,2026-04-20 09:44:00+00:00,SELL,10.0,4785.835,4791.545,-6010.0,-6.01,SL,50.0,1220.0,-6410.0
NY_ORB,2026-04-20 14:55:00+00:00,2026-04-20 15:13:00+00:00,SELL,10.0,4815.515,4794.169000000001,21045.71,21.046,TP,95.0,23090.0,0.0
ASIAN_MR,2026-04-21 01:55:00+00:00,2026-04-21 02:20:00+00:00,LONG,10.0,4809.798,4803.658356081837,-6439.64,-6.439643918162619,SL_ATR,25.0,317.0,-6433.0
LONDON_ORB,2026-04-21 08:21:00+00:00,2026-04-21 11:29:00+00:00,BUY,10.0,4787.315,4783.295,-4320.0,-4.32,TIME,945.0,5420.0,-12120.0
NY_ORB,2026-04-21 14:35:00+00:00,2026-04-21 14:48:00+00:00,SELL,10.0,4769.925,4724.845,44780.0,44.78,TP,70.0,46565.0,0.0
ASIAN_MR,2026-04-22 01:40:00+00:00,2026-04-22 02:15:00+00:00,SHORT,10.0,4749.575,4757.164375377762,-7889.38,-7.889375377761826,SL_ATR,35.0,1820.0,-7810.0
LONDON_ORB,2026-04-22 10:05:00+00:00,2026-04-22 10:09:00+00:00,SELL,10.0,4757.555,4748.535000000002,8720.0,8.72,TP,25.0,10290.0,0.0
NY_ORB,2026-04-22 14:35:00+00:00,2026-04-22 16:29:00+00:00,SELL,10.0,4742.015,4726.905,14810.0,14.81,TIME,575.0,18000.0,0.0
LONDON_ORB,2026-04-23 09:05:00+00:00,2026-04-23 09:05:00+00:00,SELL,10.0,4717.305,4702.5250000000015,14480.0,14.48,TP,5.0,20550.0,0.0
NY_ORB,2026-04-23 14:00:00+00:00,2026-04-23 14:27:00+00:00,SELL,10.0,4724.465,4735.515,-11350.0,-11.35,SL,140.0,7690.0,-11290.0
LONDON_ORB,2026-04-24 09:25:00+00:00,2026-04-24 11:05:00+00:00,SELL,10.0,4686.265,4694.415,-8450.0,-8.45,SL,505.0,11810.0,-9770.0
NY_ORB,2026-04-24 13:50:00+00:00,2026-04-24 16:29:00+00:00,BUY,10.0,4709.775,4723.215,13140.0,13.14,TIME,800.0,30220.0,-5290.0
ASIAN_MR,2026-04-27 01:05:00+00:00,2026-04-27 02:05:00+00:00,SHORT,10.0,4697.975,4698.455,-780.0,-0.7799999999995635,TIME_STOP_60M,60.0,7440.0,-8420.0
LONDON_ORB,2026-04-27 08:47:00+00:00,2026-04-27 08:51:00+00:00,BUY,10.0,4714.405,4710.095,-4610.0,-4.61,SL,25.0,170.0,-4480.0
NY_ORB,2026-04-27 14:55:00+00:00,2026-04-27 16:29:00+00:00,SELL,10.0,4688.825,4676.175,12350.0,12.35,TIME,475.0,21770.0,0.0
LONDON_ORB,2026-04-28 11:25:00+00:00,2026-04-28 11:29:00+00:00,SELL,10.0,4614.535,4599.315,14920.0,14.92,TIME,25.0,16380.0,0.0
NY_ORB,2026-04-28 13:47:00+00:00,2026-04-28 14:02:00+00:00,BUY,10.0,4591.315,4570.625,-20990.0,-20.99,SL,80.0,1190.0,-23580.0
NY_ORB,2026-04-29 13:45:00+00:00,2026-04-29 14:33:00+00:00,SELL,10.0,4513.315,4539.395,-26380.0,-26.38,SL,245.0,3440.0,-28300.0
ASIAN_MR,2026-04-30 01:30:00+00:00,2026-04-30 02:15:00+00:00,SHORT,10.0,4577.165,4566.7415,10123.5,10.123499999999876,TP_Z_NEUTRAL,45.0,6600.0,-5013.0
LONDON_ORB,2026-04-30 10:30:00+00:00,2026-04-30 11:29:00+00:00,BUY,10.0,4629.545,4637.395,7550.0,7.55,TIME,300.0,17160.0,0.0
NY_ORB,2026-04-30 13:50:00+00:00,2026-04-30 16:29:00+00:00,SELL,10.0,4619.985,4607.815,11870.0,11.87,TIME,800.0,14630.0,-5840.0
LONDON_ORB,2026-05-01 09:55:00+00:00,2026-05-01 11:29:00+00:00,SELL,10.0,4573.135,4571.655,1180.0,1.18,TIME,475.0,13090.0,-3170.0
NY_ORB,2026-05-01 13:55:00+00:00,2026-05-01 14:12:00+00:00,BUY,10.0,4608.735,4653.3949999999995,44360.0,44.36,TP,90.0,50840.0,0.0
LONDON_ORB,2026-05-04 10:00:00+00:00,2026-05-04 10:03:00+00:00,SELL,10.0,4574.035,4560.074999999999,13660.0,13.66,TP,20.0,18380.0,-1660.0
NY_ORB,2026-05-04 14:20:00+00:00,2026-05-04 15:00:00+00:00,BUY,10.0,4570.915,4555.475,-15740.0,-15.74,SL,205.0,12090.0,-16380.0
ASIAN_MR,2026-05-05 01:15:00+00:00,2026-05-05 02:15:00+00:00,SHORT,10.0,4536.665,4535.345,1020.0,1.019999999999709,TIME_STOP_60M,60.0,2890.0,-5640.0
LONDON_ORB,2026-05-05 09:35:00+00:00,2026-05-05 10:43:00+00:00,BUY,10.0,4553.315,4545.225,-8390.0,-8.39,SL,345.0,3950.0,-8517.0
NY_ORB,2026-05-05 14:15:00+00:00,2026-05-05 14:25:00+00:00,SELL,10.0,4571.515,4581.665,-10450.0,-10.45,SL,55.0,5940.0,-13302.5
LONDON_ORB,2026-05-06 08:55:00+00:00,2026-05-06 08:55:00+00:00,BUY,10.0,4682.285,4696.885,14300.0,14.3,TP,5.0,18280.0,0.0
NY_ORB,2026-05-06 13:55:00+00:00,2026-05-06 16:29:00+00:00,BUY,10.0,4698.995,4688.195,-11100.0,-11.1,TIME,775.0,18210.0,-17840.0
ASIAN_MR,2026-05-07 01:20:00+00:00,2026-05-07 01:45:00+00:00,SHORT,10.0,4709.675,4718.1115012636155,-8736.5,-8.736501263615356,SL_ATR,25.0,7540.0,-10370.0
LONDON_ORB,2026-05-07 09:05:00+00:00,2026-05-07 11:29:00+00:00,SELL,10.0,4742.265,4732.505,9460.0,9.46,TIME,725.0,16590.0,0.0
NY_ORB,2026-05-07 15:26:00+00:00,2026-05-07 16:10:00+00:00,SELL,10.0,4743.235,4713.634999999999,29300.0,29.3,TP,225.0,29950.0,-3740.0
ASIAN_MR,2026-05-08 01:10:00+00:00,2026-05-08 01:35:00+00:00,SHORT,10.0,4713.835,4703.233,10302.0,10.301999999999861,TP_Z_NEUTRAL,25.0,8900.0,-4500.0
LONDON_ORB,2026-05-08 09:35:00+00:00,2026-05-08 10:37:00+00:00,BUY,10.0,4713.015,4726.2350000000015,12920.0,12.92,TP,315.0,13370.0,-5760.0
NY_ORB,2026-05-08 14:10:00+00:00,2026-05-08 16:29:00+00:00,SELL,10.0,4726.615,4717.545,8770.0,8.77,TIME,700.0,24790.0,-7190.0
LONDON_ORB,2026-05-11 08:15:00+00:00,2026-05-11 09:21:00+00:00,BUY,10.0,4673.535,4663.995,-9840.0,-9.84,SL,335.0,5040.0,-9620.0
ASIAN_MR,2026-05-12 03:25:00+00:00,2026-05-12 04:15:00+00:00,LONG,10.0,4723.575,4728.103,4228.0,4.228000000000248,TP_Z_NEUTRAL,50.0,6560.0,-5690.0
LONDON_ORB,2026-05-12 09:45:00+00:00,2026-05-12 10:07:00+00:00,SELL,10.0,4699.065,4706.715,-7950.0,-7.95,SL,115.0,5110.0,-8700.0
NY_ORB,2026-05-12 14:00:00+00:00,2026-05-12 15:22:00+00:00,SELL,10.0,4683.485,4647.444999999999,35740.0,35.74,TP,415.0,36890.0,-11510.0
ASIAN_MR,2026-05-13 01:20:00+00:00,2026-05-13 02:05:00+00:00,LONG,10.0,4707.395,4698.978394812713,-8716.61,-8.716605187287133,SL_ATR,45.0,3080.0,-8430.0
LONDON_ORB,2026-05-13 09:15:00+00:00,2026-05-13 09:23:00+00:00,SELL,10.0,4698.395,4687.155000000001,10940.0,10.94,TP,45.0,11770.0,0.0
NY_ORB,2026-05-13 16:25:00+00:00,2026-05-13 16:29:00+00:00,BUY,10.0,4690.855,4706.655,15500.0,15.5,TIME,25.0,18780.0,0.0
NY_ORB,2026-05-14 13:49:00+00:00,2026-05-14 16:29:00+00:00,BUY,10.0,4689.145,4676.918,-12526.67,-12.527,TIME,805.0,11503.33,-15340.0
LONDON_ORB,2026-05-15 08:20:00+00:00,2026-05-15 10:53:00+00:00,SELL,10.0,4557.175,4571.895,-15020.0,-15.02,SL,770.0,25470.0,-15310.0
NY_ORB,2026-05-15 14:17:00+00:00,2026-05-15 16:29:00+00:00,BUY,10.0,4551.055,4540.765,-10590.0,-10.59,TIME,665.0,15440.0,-21800.0
ASIAN_MR,2026-05-18 03:45:00+00:00,2026-05-18 04:20:00+00:00,SHORT,10.0,4541.565,4534.348,6917.0,6.916999999999644,TP_Z_NEUTRAL,35.0,4930.0,-8110.0
LONDON_ORB,2026-05-18 09:05:00+00:00,2026-05-18 09:21:00+00:00,SELL,10.0,4542.138,4548.795,-6956.67,-6.957,SL,85.0,773.33,-6666.67
NY_ORB,2026-05-18 14:35:00+00:00,2026-05-18 15:02:00+00:00,SELL,10.0,4564.475,4533.755000000001,30420.0,30.42,TP,140.0,32040.0,0.0
LONDON_ORB,2026-05-19 08:55:00+00:00,2026-05-19 11:29:00+00:00,SELL,10.0,4542.325,4539.075,2950.0,2.95,TIME,775.0,17100.0,-5450.0
NY_ORB,2026-05-19 13:55:00+00:00,2026-05-19 16:29:00+00:00,BUY,10.0,4495.525,4508.605,12780.0,12.78,TIME,775.0,18380.0,-11220.0
NY_ORB,2026-05-20 14:15:00+00:00,2026-05-20 14:16:00+00:00,SELL,10.0,4482.905,4492.855,-10250.0,-10.25,SL,10.0,6670.0,-14820.0
ASIAN_MR,2026-05-21 01:15:00+00:00,2026-05-21 01:20:00+00:00,SHORT,10.0,4559.235,4567.419775461956,-8484.78,-8.484775461956634,SL_ATR,5.0,2320.0,-8250.0
LONDON_ORB,2026-05-21 08:15:00+00:00,2026-05-21 10:26:00+00:00,BUY,10.0,4535.535,4518.105,-17730.0,-17.73,SL,660.0,7090.0,-22740.0
NY_ORB,2026-05-21 13:55:00+00:00,2026-05-21 16:29:00+00:00,BUY,10.0,4502.535,4516.385,13550.0,13.55,TIME,775.0,18270.0,-5980.0
ASIAN_MR,2026-05-22 03:50:00+00:00,2026-05-22 04:35:00+00:00,SHORT,10.0,4527.385,4523.3635,3721.5,3.721499999999833,TP_Z_NEUTRAL,45.0,1487.0,-5500.0
LONDON_ORB,2026-05-22 08:35:00+00:00,2026-05-22 09:50:00+00:00,SELL,10.0,4521.415,4529.795,-8680.0,-8.68,SL,380.0,6917.0,-10730.0
NY_ORB,2026-05-22 14:05:00+00:00,2026-05-22 16:29:00+00:00,SELL,10.0,4510.595,4523.565,-13270.0,-13.27,TIME,725.0,18990.0,-13550.0
LONDON_ORB,2026-05-25 08:25:00+00:00,2026-05-25 09:34:00+00:00,SELL,10.0,4559.225,4564.898,-5972.86,-5.973,SL,350.0,6020.0,-5860.0
NY_ORB,2026-05-25 15:15:00+00:00,2026-05-25 15:25:00+00:00,BUY,10.0,4565.335,4573.409000000001,7774.0,7.774,TP,55.0,9140.0,0.0
ASIAN_MR,2026-05-26 03:35:00+00:00,2026-05-26 04:05:00+00:00,SHORT,10.0,4543.155,4537.1895,5665.5,5.665499999999338,TP_Z_NEUTRAL,30.0,4410.0,-980.0
LONDON_ORB,2026-05-26 08:30:00+00:00,2026-05-26 10:34:00+00:00,SELL,10.0,4526.965,4538.868,-12202.86,-12.203,SL,625.0,14907.14,-11640.0
NY_ORB,2026-05-26 13:55:00+00:00,2026-05-26 16:14:00+00:00,SELL,10.0,4521.148,4501.134000000001,19713.75,19.714,TP,700.0,21052.5,-3787.5
LONDON_ORB,2026-05-27 09:05:00+00:00,2026-05-27 10:19:00+00:00,BUY,10.0,4489.125,4481.598,-7827.27,-7.827,SL,375.0,6120.0,-9590.0
LONDON_ORB,2026-05-28 09:25:00+00:00,2026-05-28 10:46:00+00:00,BUY,10.0,4394.675,4386.285,-8690.0,-8.69,SL,410.0,9090.0,-8620.0
NY_ORB,2026-05-28 14:10:00+00:00,2026-05-28 14:13:00+00:00,BUY,10.0,4430.565,4455.704999999999,24840.0,24.84,TP,20.0,33360.0,0.0
ASIAN_MR,2026-05-29 01:20:00+00:00,2026-05-29 01:30:00+00:00,SHORT,10.0,4512.505,4499.268150000001,12936.85,12.936849999999321,TP_Z_NEUTRAL,10.0,10280.0,-660.0
LONDON_ORB,2026-05-29 09:15:00+00:00,2026-05-29 11:29:00+00:00,BUY,10.0,4524.635,4527.775,2840.0,2.84,TIME,675.0,18390.0,-2710.0
NY_ORB,2026-05-29 14:05:00+00:00,2026-05-29 14:53:00+00:00,BUY,10.0,4535.445,4561.964999999998,26220.0,26.22,TP,245.0,33440.0,-10430.0
ASIAN_MR,2026-06-01 02:45:00+00:00,2026-06-01 03:10:00+00:00,LONG,10.0,4523.255,4515.831869902753,-7723.13,-7.72313009724694,SL_ATR,25.0,2130.0,-7967.0
LONDON_ORB,2026-06-01 09:35:00+00:00,2026-06-01 10:31:00+00:00,SELL,10.0,4493.255,4504.345,-11390.0,-11.39,SL,285.0,2760.0,-11290.0
NY_ORB,2026-06-01 15:35:00+00:00,2026-06-01 16:29:00+00:00,BUY,10.0,4478.495,4467.835,-10960.0,-10.96,TIME,275.0,1160.0,-15740.0
ASIAN_MR,2026-06-02 03:30:00+00:00,2026-06-02 04:05:00+00:00,SHORT,10.0,4493.555,4501.994743408906,-8739.74,-8.739743408905998,SL_ATR,35.0,20.0,-9440.0
LONDON_ORB,2026-06-02 09:15:00+00:00,2026-06-02 11:29:00+00:00,SELL,10.0,4532.775,4529.975,2500.0,2.5,TIME,675.0,11700.0,-2760.0
NY_ORB,2026-06-02 14:05:00+00:00,2026-06-02 16:29:00+00:00,SELL,10.0,4506.045,4490.235,15510.0,15.51,TIME,725.0,15940.0,-2350.0
ASIAN_MR,2026-06-03 03:05:00+00:00,2026-06-03 03:45:00+00:00,SHORT,10.0,4485.105,4477.1245,7680.5,7.6804999999996655,TP_Z_NEUTRAL,40.0,2957.0,-1840.0
LONDON_ORB,2026-06-03 08:55:00+00:00,2026-06-03 09:08:00+00:00,SELL,10.0,4450.575,4458.995,-8720.0,-8.72,SL,70.0,10560.0,-8200.0
NY_ORB,2026-06-03 13:45:00+00:00,2026-06-03 14:10:00+00:00,SELL,10.0,4426.598,4453.015,-26716.67,-26.717,SL,130.0,403.33,-27686.67
LONDON_ORB,2026-06-04 09:07:00+00:00,2026-06-04 11:26:00+00:00,BUY,10.0,4467.745,4483.944999999999,15900.0,15.9,TP,700.0,19830.0,-6200.0
NY_ORB,2026-06-04 13:45:00+00:00,2026-06-04 13:54:00+00:00,BUY,10.0,4514.795,4502.215,-12880.0,-12.88,SL,50.0,380.0,-17270.0
LONDON_ORB,2026-06-05 09:15:00+00:00,2026-06-05 11:24:00+00:00,BUY,10.0,4463.175,4458.575,-4900.0,-4.9,SL,650.0,6090.0,-5000.0
NY_ORB,2026-06-05 14:00:00+00:00,2026-06-05 15:38:00+00:00,SELL,10.0,4385.775,4338.5549999999985,46920.0,46.92,TP,495.0,49570.0,0.0
LONDON_ORB,2026-06-08 09:30:00+00:00,2026-06-08 09:34:00+00:00,SELL,10.0,4289.425,4274.145000000001,14980.0,14.98,TP,25.0,16780.0,0.0
ASIAN_MR,2026-06-09 01:10:00+00:00,2026-06-09 01:20:00+00:00,SHORT,10.0,4323.835,4330.452408085984,-6917.41,-6.9174080859836975,SL_ATR,10.0,1700.0,-8260.0
LONDON_ORB,2026-06-09 10:17:00+00:00,2026-06-09 11:29:00+00:00,BUY,10.0,4336.275,4338.585,2010.0,2.01,TIME,365.0,4370.0,-6710.0
NY_ORB,2026-06-09 13:50:00+00:00,2026-06-09 14:06:00+00:00,BUY,10.0,4334.235,4324.985,-9550.0,-9.55,SL,85.0,18220.0,-9550.0
LONDON_ORB,2026-06-10 10:10:00+00:00,2026-06-10 11:29:00+00:00,SELL,10.0,4161.205,4166.415,-5510.0,-5.51,TIME,400.0,7920.0,-17440.0
NY_ORB,2026-06-10 15:00:00+00:00,2026-06-10 16:29:00+00:00,SELL,10.0,4141.765,4127.285,14180.0,14.18,TIME,450.0,35170.0,0.0
ASIAN_MR,2026-06-11 01:05:00+00:00,2026-06-11 01:15:00+00:00,SHORT,10.0,4078.345,4096.2146186116115,-18169.62,-18.169618611611714,SL_ATR,10.0,80.0,-21370.0
LONDON_ORB,2026-06-11 10:25:00+00:00,2026-06-11 10:30:00+00:00,SELL,10.0,4103.915,4086.7750000000005,16840.0,16.84,TP,30.0,17540.0,0.0
NY_ORB,2026-06-11 13:50:00+00:00,2026-06-11 14:09:00+00:00,BUY,10.0,4082.455,4066.795,-15960.0,-15.96,SL,100.0,9920.0,-22576.0
LONDON_ORB,2026-06-12 08:20:00+00:00,2026-06-12 11:29:00+00:00,BUY,10.0,4204.695,4202.405,-2590.0,-2.59,TIME,950.0,23030.0,-2790.0
NY_ORB,2026-06-12 15:25:00+00:00,2026-06-12 16:29:00+00:00,BUY,10.0,4210.125,4216.825,6400.0,6.4,TIME,325.0,25173.33,-3320.0
LONDON_ORB,2026-06-15 08:35:00+00:00,2026-06-15 11:29:00+00:00,BUY,10.0,4329.645,4340.985,11040.0,11.04,TIME,875.0,15640.0,0.0
NY_ORB,2026-06-15 16:20:00+00:00,2026-06-15 16:29:00+00:00,SELL,10.0,4351.965,4342.745,8920.0,8.92,TIME,50.0,13050.0,0.0
ASIAN_MR,2026-06-16 03:45:00+00:00,2026-06-16 04:15:00+00:00,SHORT,10.0,4331.045,4317.889,12856.0,12.855999999999948,TP_Z_NEUTRAL,30.0,6780.0,-1800.0
LONDON_ORB,2026-06-16 11:05:00+00:00,2026-06-16 11:29:00+00:00,BUY,10.0,4339.925,4341.935,1710.0,1.71,TIME,125.0,5300.0,-1480.0
NY_ORB,2026-06-16 14:20:00+00:00,2026-06-16 14:27:00+00:00,SELL,10.0,4333.515,4319.795000000001,13420.0,13.42,TP,40.0,16140.0,0.0
ASIAN_MR,2026-06-17 01:10:00+00:00,2026-06-17 01:30:00+00:00,SHORT,10.0,4347.395,4336.880999999999,10214.0,10.214000000001032,TP_Z_NEUTRAL,20.0,9430.0,-200.0
LONDON_ORB,2026-06-17 09:30:00+00:00,2026-06-17 11:29:00+00:00,BUY,10.0,4327.795,4328.635,540.0,0.54,TIME,600.0,7650.0,-2370.0
NY_ORB,2026-06-17 14:25:00+00:00,2026-06-17 14:29:00+00:00,BUY,10.0,4341.845,4360.585,18440.0,18.44,TP,25.0,18740.0,0.0
ASIAN_MR,2026-06-18 02:50:00+00:00,2026-06-18 03:20:00+00:00,LONG,10.0,4313.635,4320.469999999999,6535.0,6.534999999999127,TP_Z_NEUTRAL,30.0,2970.0,-4720.0
LONDON_ORB,2026-06-18 09:00:00+00:00,2026-06-18 09:00:00+00:00,SELL,10.0,4283.905,4266.405,17200.0,17.2,TP,5.0,22790.0,0.0
NY_ORB,2026-06-18 13:50:00+00:00,2026-06-18 15:29:00+00:00,SELL,10.0,4262.705,4235.084999999999,27320.0,27.32,TP,500.0,28570.0,-520.0
LONDON_ORB,2026-06-19 08:25:00+00:00,2026-06-19 10:08:00+00:00,BUY,10.0,4166.965,4154.975,-12290.0,-12.29,SL,520.0,11380.0,-14270.0
ASIAN_MR,2026-06-22 01:10:00+00:00,2026-06-22 01:45:00+00:00,SHORT,10.0,4211.475,4168.5283,42646.7,42.64670000000042,TP_Z_NEUTRAL,35.0,17930.0,-3420.0
LONDON_ORB,2026-06-22 08:55:00+00:00,2026-06-22 09:06:00+00:00,BUY,10.0,4194.575,4206.915,12040.0,12.04,TP,60.0,14740.0,-90.0
NY_ORB,2026-06-22 13:50:00+00:00,2026-06-22 15:39:00+00:00,BUY,10.0,4194.435,4182.735,-12000.0,-12.0,SL,550.0,16210.0,-14287.14
LONDON_ORB,2026-06-23 10:05:00+00:00,2026-06-23 10:05:00+00:00,BUY,10.0,4099.905,4118.624999999999,18420.0,18.42,TP,5.0,32360.0,0.0
LONDON_ORB,2026-06-24 08:35:00+00:00,2026-06-24 09:07:00+00:00,BUY,10.0,4077.995,4072.935,-5360.0,-5.36,SL,165.0,7280.0,-6350.0
ASIAN_MR,2026-06-25 03:55:00+00:00,2026-06-25 04:35:00+00:00,SHORT,10.0,3995.215,3980.796950000001,14118.05,14.118049999999311,TP_Z_NEUTRAL,40.0,8070.0,-2110.0
LONDON_ORB,2026-06-26 09:20:00+00:00,2026-06-26 09:20:00+00:00,BUY,10.0,4033.005,4047.585,14280.0,14.28,TP,5.0,15460.0,0.0
NY_ORB,2026-06-26 13:45:00+00:00,2026-06-26 16:29:00+00:00,BUY,10.0,4061.918,4086.375,24156.0,24.157,TIME,825.0,33876.0,-3714.0
LONDON_ORB,2026-06-29 08:45:00+00:00,2026-06-29 08:57:00+00:00,SELL,10.0,4060.345,4049.104999999999,10940.0,10.94,TP,65.0,11900.0,0.0
NY_ORB,2026-06-29 14:05:00+00:00,2026-06-29 14:11:00+00:00,SELL,10.0,4033.535,4011.7149999999992,21520.0,21.52,TP,35.0,23510.0,0.0
NY_ORB,2026-06-30 13:46:00+00:00,2026-06-30 14:23:00+00:00,BUY,10.0,4027.225,4055.725,28200.0,28.2,TP,190.0,33000.0,-5500.0
LONDON_ORB,2026-07-01 08:20:00+00:00,2026-07-01 10:33:00+00:00,BUY,10.0,3975.985,3989.8850000000007,13600.0,13.6,TP,670.0,15730.0,-5020.0
NY_ORB,2026-07-01 13:45:00+00:00,2026-07-01 16:29:00+00:00,BUY,10.0,4099.655,4081.175,-18780.0,-18.78,TIME,825.0,15830.0,-23100.0
ASIAN_MR,2026-07-02 01:05:00+00:00,2026-07-02 01:20:00+00:00,SHORT,10.0,4064.265,4043.5744999999997,20390.5,20.390500000000156,TP_Z_NEUTRAL,15.0,12660.0,-3420.0
LONDON_ORB,2026-07-02 11:02:00+00:00,2026-07-02 11:29:00+00:00,SELL,10.0,4061.105,4065.395,-4590.0,-4.59,TIME,140.0,3880.0,-6060.0
LONDON_ORB,2026-07-03 08:50:00+00:00,2026-07-03 11:23:00+00:00,SELL,10.0,4177.135,4185.795,-8960.0,-8.96,SL,770.0,8870.0,-8890.0
NY_ORB,2026-07-03 14:10:00+00:00,2026-07-03 15:03:00+00:00,SELL,10.0,4164.865,4171.725,-7160.0,-7.16,SL,270.0,6690.0,-7130.0
ASIAN_MR,2026-07-06 01:35:00+00:00,2026-07-06 01:55:00+00:00,SHORT,10.0,4196.085,4183.318,12467.0,12.466999999999825,TP_Z_NEUTRAL,20.0,11260.0,-6820.0
LONDON_ORB,2026-07-06 09:30:00+00:00,2026-07-06 09:30:00+00:00,SELL,10.0,4156.945,4139.144999999999,17500.0,17.5,TP,5.0,18270.0,0.0
NY_ORB,2026-07-06 14:00:00+00:00,2026-07-06 15:29:00+00:00,SELL,10.0,4141.655,4150.185,-8830.0,-8.83,SL,450.0,13390.0,-9160.0
ASIAN_MR,2026-07-07 03:50:00+00:00,2026-07-07 04:00:00+00:00,LONG,10.0,4127.615,4135.550499999999,7635.5,7.635499999999593,TP_Z_NEUTRAL,10.0,6320.0,-1300.0
LONDON_ORB,2026-07-07 08:55:00+00:00,2026-07-07 10:27:00+00:00,SELL,10.0,4124.345,4139.045,-15000.0,-15.0,SL,465.0,4540.0,-14510.0
NY_ORB,2026-07-07 14:00:00+00:00,2026-07-07 16:29:00+00:00,SELL,10.0,4163.215,4145.975,16940.0,16.94,TIME,750.0,27670.0,-260.0
ASIAN_MR,2026-07-08 02:25:00+00:00,2026-07-08 02:55:00+00:00,SHORT,10.0,4118.875,4109.099499999999,9475.5,9.475500000000647,TP_Z_NEUTRAL,30.0,5810.0,-2030.0
LONDON_ORB,2026-07-08 08:20:00+00:00,2026-07-08 08:20:00+00:00,SELL,10.0,4116.185,4106.425000000002,9460.0,9.46,TP,5.0,28140.0,0.0
NY_ORB,2026-07-08 14:40:00+00:00,2026-07-08 14:43:00+00:00,SELL,10.0,4066.365,4038.9449999999997,27120.0,27.12,TP,20.0,29670.0,0.0
LONDON_ORB,2026-07-09 08:25:00+00:00,2026-07-09 09:34:00+00:00,BUY,10.0,4110.375,4105.005,-5670.0,-5.67,SL,350.0,6050.0,-5690.0
NY_ORB,2026-07-09 14:05:00+00:00,2026-07-09 14:15:00+00:00,BUY,10.0,4129.255,4119.485,-10070.0,-10.07,SL,55.0,6330.0,-12680.0
LONDON_ORB,2026-07-10 08:50:00+00:00,2026-07-10 10:22:00+00:00,SELL,10.0,4103.855,4109.345,-5790.0,-5.79,SL,465.0,9640.0,-5380.0
LONDON_ORB,2026-07-13 10:45:00+00:00,2026-07-13 11:29:00+00:00,SELL,10.0,4062.795,4062.575,-80.0,-0.08,TIME,225.0,14850.0,-4890.0
NY_ORB,2026-07-13 13:50:00+00:00,2026-07-13 14:16:00+00:00,SELL,10.0,4051.335,4026.7750000000005,24260.0,24.26,TP,135.0,42838.57,-1490.0
ASIAN_MR,2026-07-14 02:00:00+00:00,2026-07-14 02:15:00+00:00,SHORT,10.0,4009.105,4018.705994653614,-9900.99,-9.90099465361418,SL_ATR,15.0,1170.0,-9700.0
LONDON_ORB,2026-07-14 09:50:00+00:00,2026-07-14 11:29:00+00:00,BUY,10.0,4022.215,4024.585,2070.0,2.07,TIME,500.0,5960.0,-7310.0
NY_ORB,2026-07-14 14:35:00+00:00,2026-07-14 15:04:00+00:00,SELL,10.0,4075.325,4088.625,-13600.0,-13.6,SL,150.0,1340.0,-17410.0
LONDON_ORB,2026-07-15 10:15:00+00:00,2026-07-15 11:29:00+00:00,BUY,10.0,4025.735,4030.515,4480.0,4.48,TIME,375.0,9580.0,0.0
NY_ORB,2026-07-15 15:15:00+00:00,2026-07-15 16:10:00+00:00,SELL,10.0,4055.115,4039.5549999999994,15260.0,15.26,TP,280.0,16460.0,0.0
NY_ORB,2026-07-16 15:25:00+00:00,2026-07-16 16:29:00+00:00,BUY,10.0,4008.315,3987.255,-21360.0,-21.36,TIME,325.0,8400.0,-26400.0
ASIAN_MR,2026-07-17 03:25:00+00:00,2026-07-17 03:50:00+00:00,SHORT,10.0,4000.865,3984.389,16176.0,16.175999999999657,TP_Z_NEUTRAL,25.0,8380.0,-250.0
LONDON_ORB,2026-07-17 08:31:00+00:00,2026-07-17 08:49:00+00:00,SELL,10.0,3991.085,3999.595,-8810.0,-8.81,SL,95.0,3490.0,-8260.0
NY_ORB,2026-07-17 15:05:00+00:00,2026-07-17 16:29:00+00:00,BUY,10.0,4003.445,4018.475,14730.0,14.73,TIME,425.0,20200.0,-700.0
ASIAN_MR,2026-07-20 02:50:00+00:00,2026-07-20 03:50:00+00:00,SHORT,10.0,4022.545,4024.455,-2210.0,-2.2099999999998543,TIME_STOP_60M,60.0,4180.0,-5270.0
LONDON_ORB,2026-07-20 08:25:00+00:00,2026-07-20 09:05:00+00:00,BUY,10.0,4025.485,4017.125,-8660.0,-8.66,SL,205.0,3900.0,-9000.0
NY_ORB,2026-07-20 15:10:00+00:00,2026-07-20 16:29:00+00:00,BUY,10.0,4017.185,4012.275,-5210.0,-5.21,TIME,400.0,1900.0,-7170.0
ASIAN_MR,2026-07-21 02:40:00+00:00,2026-07-21 03:25:00+00:00,SHORT,10.0,4035.325,4043.462255303231,-8437.26,-8.437255303231087,SL_ATR,45.0,4760.0,-15890.0
LONDON_ORB,2026-07-21 09:30:00+00:00,2026-07-21 11:29:00+00:00,SELL,10.0,4065.335,4057.795,7240.0,7.24,TIME,600.0,10130.0,-4500.0
NY_ORB,2026-07-21 13:45:00+00:00,2026-07-21 14:05:00+00:00,SELL,10.0,4044.425,4057.215,-13090.0,-13.09,SL,105.0,260.0,-12940.0
LONDON_ORB,2026-07-22 09:35:00+00:00,2026-07-22 11:29:00+00:00,BUY,10.0,4115.835,4118.405,2270.0,2.27,TIME,575.0,7170.0,-2700.0
NY_ORB,2026-07-22 14:00:00+00:00,2026-07-22 16:29:00+00:00,BUY,10.0,4146.645,4148.975,2030.0,2.03,TIME,750.0,19130.0,-2800.0
ASIAN_MR,2026-07-23 01:25:00+00:00,2026-07-23 01:30:00+00:00,SHORT,10.0,4137.115,4131.1455000000005,5669.5,5.6694999999992435,TP_Z_NEUTRAL,5.0,8470.0,-1870.0
LONDON_ORB,2026-07-23 10:35:00+00:00,2026-07-23 11:29:00+00:00,SELL,10.0,4090.065,4084.205,5560.0,5.56,TIME,275.0,9230.0,-5120.0
NY_ORB,2026-07-23 14:00:00+00:00,2026-07-23 16:29:00+00:00,SELL,10.0,4055.295,4049.755,5240.0,5.24,TIME,750.0,15610.0,-6290.0
LONDON_ORB,2026-07-24 08:30:00+00:00,2026-07-24 08:53:00+00:00,BUY,10.0,4048.955,4056.715,7460.0,7.46,TP,120.0,7990.0,-320.0
NY_ORB,2026-07-24 13:50:00+00:00,2026-07-24 15:19:00+00:00,BUY,10.0,4056.705,4080.965,23960.0,23.96,TP,450.0,24620.0,-1110.0
LONDON_ORB,2026-07-27 11:10:00+00:00,2026-07-27 11:29:00+00:00,BUY,10.0,4092.945,4096.665,3420.0,3.42,TIME,100.0,10950.0,0.0
NY_ORB,2026-07-27 14:00:00+00:00,2026-07-27 16:29:00+00:00,SELL,10.0,4075.375,4084.875,-9800.0,-9.8,TIME,750.0,10310.0,-13250.0
ASIAN_MR,2026-07-28 03:20:00+00:00,2026-07-28 04:00:00+00:00,SHORT,10.0,4048.405,4045.3924999999995,2712.5,2.7125000000007278,TP_Z_NEUTRAL,40.0,2120.0,-2630.0
LONDON_ORB,2026-07-28 09:40:00+00:00,2026-07-28 10:23:00+00:00,SELL,10.0,4042.845,4018.5049999999997,24040.0,24.04,TP,220.0,25430.0,0.0
NY_ORB,2026-07-28 14:19:00+00:00,2026-07-28 15:10:00+00:00,SELL,10.0,4020.045,4032.685,-12940.0,-12.94,SL,260.0,8710.0,-14450.0
LONDON_ORB,2026-07-29 10:40:00+00:00,2026-07-29 10:43:00+00:00,SELL,10.0,4038.855,4028.055,10500.0,10.5,TP,20.0,12760.0,0.0
NY_ORB,2026-07-29 14:20:00+00:00,2026-07-29 16:29:00+00:00,SELL,10.0,4009.805,4016.325,-6820.0,-6.82,TIME,650.0,11610.0,-7430.0
LONDON_ORB,2026-07-30 10:15:00+00:00,2026-07-30 11:29:00+00:00,BUY,10.0,4055.975,4077.255,20980.0,20.98,TIME,375.0,27120.0,0.0
NY_ORB,2026-07-30 13:51:00+00:00,2026-07-30 16:29:00+00:00,BUY,10.0,4098.285,4115.865,17280.0,17.28,TIME,795.0,21873.33,-15320.0
ASIAN_MR,2026-07-31 01:40:00+00:00,2026-07-31 02:05:00+00:00,LONG,10.0,4085.555,4094.111,8256.0,8.25600000000004,TP_Z_NEUTRAL,25.0,3800.0,-4190.0
LONDON_ORB,2026-07-31 08:23:00+00:00,2026-07-31 11:29:00+00:00,SELL,10.0,4061.045,4058.625,2120.0,2.12,TIME,935.0,10920.0,-3330.0
NY_ORB,2026-07-31 15:20:00+00:00,2026-07-31 16:29:00+00:00,BUY,10.0,4043.695,4047.345,3350.0,3.35,TIME,350.0,4690.0,-7150.0
ASIAN_MR,2026-08-03 02:50:00+00:00,2026-08-03 03:40:00+00:00,SHORT,10.0,4062.485,4055.7419999999997,6443.0,6.443000000000393,TP_Z_NEUTRAL,50.0,2220.0,-5310.0
LONDON_ORB,2026-08-03 08:20:00+00:00,2026-08-03 09:13:00+00:00,SELL,10.0,4058.125,4062.025,-4200.0,-4.2,SL,270.0,4060.0,-3860.0
NY_ORB,2026-08-03 13:45:00+00:00,2026-08-03 16:29:00+00:00,BUY,10.0,4035.335,4036.795,1160.0,1.16,TIME,825.0,5490.0,-8900.0
LONDON_ORB,2026-08-04 08:25:00+00:00,2026-08-04 09:35:00+00:00,SELL,10.0,4064.445,4047.8050000000007,16340.0,16.34,TP,355.0,18630.0,0.0
NY_ORB,2026-08-04 13:50:00+00:00,2026-08-04 14:37:00+00:00,BUY,10.0,4091.405,4075.815,-15890.0,-15.89,SL,240.0,2650.0,-16450.0
ASIAN_MR,2026-08-05 02:00:00+00:00,2026-08-05 02:25:00+00:00,SHORT,10.0,4098.015,4103.980821027581,-6265.82,-6.265821027581114,SL_ATR,25.0,2840.0,-10250.0
LONDON_ORB,2026-08-05 08:50:00+00:00,2026-08-05 11:16:00+00:00,SELL,10.0,4164.645,4172.425,-8080.0,-8.08,SL,735.0,14500.0,-9010.0
NY_ORB,2026-08-05 14:10:00+00:00,2026-08-05 14:10:00+00:00,BUY,10.0,4204.175,4227.815000000001,23340.0,23.34,TP,5.0,28170.0,0.0
LONDON_ORB,2026-08-06 08:35:00+00:00,2026-08-06 11:29:00+00:00,BUY,10.0,4269.285,4264.085,-5500.0,-5.5,TIME,875.0,15270.0,-8990.0
NY_ORB,2026-08-06 15:55:00+00:00,2026-08-06 16:29:00+00:00,SELL,10.0,4245.515,4229.975,15240.0,15.24,TIME,175.0,22290.0,0.0
ASIAN_MR,2026-08-07 01:45:00+00:00,2026-08-07 02:35:00+00:00,SHORT,10.0,4253.785,4241.6415,11843.5,11.84350000000013,TP_Z_NEUTRAL,50.0,2240.0,-7800.0
LONDON_ORB,2026-08-07 08:35:00+00:00,2026-08-07 11:03:00+00:00,BUY,10.0,4300.375,4323.455,22780.0,22.78,TP,745.0,23740.0,0.0
NY_ORB,2026-08-07 14:20:00+00:00,2026-08-07 16:29:00+00:00,SELL,10.0,4350.085,4337.255,12530.0,12.53,TIME,650.0,16030.0,-8200.0
ASIAN_MR,2026-08-10 01:15:00+00:00,2026-08-10 01:25:00+00:00,LONG,10.0,4323.765,4316.327177063657,-7737.82,-7.737822936343764,SL_ATR,10.0,4350.0,-8030.0
LONDON_ORB,2026-08-10 08:35:00+00:00,2026-08-10 09:32:00+00:00,SELL,10.0,4351.375,4341.995000000001,9080.0,9.08,TP,290.0,9740.0,0.0
NY_ORB,2026-08-10 13:46:00+00:00,2026-08-10 14:23:00+00:00,SELL,10.0,4329.765,4339.675,-10210.0,-10.21,SL,190.0,13460.0,-10150.0
ASIAN_MR,2026-08-11 01:55:00+00:00,2026-08-11 02:55:00+00:00,SHORT,10.0,4429.235,4410.445,18490.0,18.489999999999963,TIME_STOP_60M,60.0,21710.0,-5730.0
LONDON_ORB,2026-08-11 10:25:00+00:00,2026-08-11 11:01:00+00:00,BUY,10.0,4366.605,4386.344999999999,19440.0,19.44,TP,185.0,24000.0,0.0
NY_ORB,2026-08-11 13:53:00+00:00,2026-08-11 16:29:00+00:00,SELL,10.0,4388.705,4382.845,5560.0,5.56,TIME,785.0,19850.0,-9960.0
ASIAN_MR,2026-08-12 01:50:00+00:00,2026-08-12 02:10:00+00:00,SHORT,10.0,4394.695,4401.2877647816285,-6892.76,-6.89276478162883,SL_ATR,20.0,1750.0,-9770.0
LONDON_ORB,2026-08-12 09:15:00+00:00,2026-08-12 09:23:00+00:00,BUY,10.0,4410.285,4419.625,9040.0,9.04,TP,45.0,11400.0,0.0
NY_ORB,2026-08-12 14:36:00+00:00,2026-08-12 16:29:00+00:00,BUY,10.0,4420.685,4422.905,1920.0,1.92,TIME,570.0,11710.0,-9940.0
ASIAN_MR,2026-08-13 04:15:00+00:00,2026-08-13 05:15:00+00:00,LONG,10.0,4394.445,4401.325,6580.0,6.580000000000109,TIME_STOP_60M,60.0,10820.0,-2260.0
LONDON_ORB,2026-08-13 11:05:00+00:00,2026-08-13 11:05:00+00:00,BUY,10.0,4370.405,4383.405,12700.0,12.7,TP,5.0,19960.0,0.0
NY_ORB,2026-08-13 14:35:00+00:00,2026-08-13 16:29:00+00:00,SELL,10.0,4375.015,4362.365,12350.0,12.35,TIME,575.0,24090.0,-11990.0
ASIAN_MR,2026-08-14 03:35:00+00:00,2026-08-14 04:00:00+00:00,SHORT,10.0,4326.515,4319.2155,6999.5,6.99950000000008,TP_Z_NEUTRAL,25.0,4090.0,-190.0
LONDON_ORB,2026-08-14 11:20:00+00:00,2026-08-14 11:29:00+00:00,BUY,10.0,4347.945,4356.555,8310.0,8.31,TIME,50.0,8980.0,0.0
ASIAN_MR,2026-08-17 01:05:00+00:00,2026-08-17 01:20:00+00:00,SHORT,10.0,4406.785,4414.601662655203,-8116.66,-8.11666265520289,SL_ATR,15.0,2780.0,-9450.0
LONDON_ORB,2026-08-17 10:20:00+00:00,2026-08-17 10:29:00+00:00,SELL,10.0,4397.475,4404.465,-7290.0,-7.29,SL,50.0,5780.0,-8010.0
NY_ORB,2026-08-17 13:50:00+00:00,2026-08-17 13:53:00+00:00,BUY,10.0,4391.735,4405.995,13960.0,13.96,TP,20.0,15360.0,0.0
ASIAN_MR,2026-08-18 01:50:00+00:00,2026-08-18 02:05:00+00:00,LONG,10.0,4407.945,4400.063623479948,-8181.38,-8.181376520052073,SL_ATR,15.0,1360.0,-8510.0
LONDON_ORB,2026-08-18 08:25:00+00:00,2026-08-18 08:35:00+00:00,SELL,10.0,4387.735,4396.115,-8680.0,-8.68,SL,55.0,620.0,-9780.0
NY_ORB,2026-08-18 14:58:00+00:00,2026-08-18 16:29:00+00:00,SELL,10.0,4374.845,4363.955,10590.0,10.59,TIME,460.0,23430.0,-2550.0
LONDON_ORB,2026-08-19 10:20:00+00:00,2026-08-19 11:29:00+00:00,BUY,10.0,4362.665,4370.545,7580.0,7.58,TIME,350.0,11300.0,0.0
ASIAN_MR,2026-08-20 01:05:00+00:00,2026-08-20 01:45:00+00:00,LONG,10.0,4498.355,4489.824766805104,-8830.23,-8.830233194895118,SL_ATR,40.0,5060.0,-9700.0
LONDON_ORB,2026-08-20 08:30:00+00:00,2026-08-20 08:36:00+00:00,SELL,10.0,4490.425,4495.255,-5130.0,-5.13,SL,35.0,3490.0,-4780.0
NY_ORB,2026-08-20 14:25:00+00:00,2026-08-20 15:01:00+00:00,BUY,10.0,4487.715,4524.875,36860.0,36.86,TP,185.0,40840.0,-1140.0
LONDON_ORB,2026-08-21 08:20:00+00:00,2026-08-21 09:04:00+00:00,BUY,10.0,4567.915,4585.655,17440.0,17.44,TP,225.0,17940.0,0.0
NY_ORB,2026-08-21 14:35:00+00:00,2026-08-21 16:29:00+00:00,BUY,10.0,4590.825,4613.755,22630.0,22.63,TIME,575.0,29550.0,-10590.0
ASIAN_MR,2026-08-24 02:20:00+00:00,2026-08-24 02:40:00+00:00,SHORT,10.0,4653.915,4626.5419999999995,27073.0,27.0730000000005,TP_Z_NEUTRAL,20.0,16740.0,-2850.0
LONDON_ORB,2026-08-24 08:30:00+00:00,2026-08-24 08:43:00+00:00,SELL,10.0,4635.765,4645.695,-10230.0,-10.23,SL,70.0,7150.0,-10090.0
NY_ORB,2026-08-24 13:45:00+00:00,2026-08-24 16:29:00+00:00,SELL,10.0,4658.305,4658.595,-590.0,-0.59,TIME,825.0,18800.0,-21230.0
ASIAN_MR,2026-08-25 02:45:00+00:00,2026-08-25 02:50:00+00:00,LONG,10.0,4632.415,4619.077238371081,-13637.76,-13.637761628918998,SL_ATR,5.0,4000.0,-15600.0
LONDON_ORB,2026-08-25 08:25:00+00:00,2026-08-25 11:29:00+00:00,BUY,10.0,4631.055,4641.435,10080.0,10.08,TIME,925.0,13940.0,-7030.0
NY_ORB,2026-08-25 14:35:00+00:00,2026-08-25 15:35:00+00:00,BUY,10.0,4623.335,4652.515,28880.0,28.88,TP,305.0,30750.0,0.0
ASIAN_MR,2026-08-26 02:10:00+00:00,2026-08-26 02:40:00+00:00,SHORT,10.0,4659.725,4667.9415350559375,-8516.54,-8.51653505593713,SL_ATR,30.0,3970.0,-10860.0
LONDON_ORB,2026-08-26 09:35:00+00:00,2026-08-26 10:25:00+00:00,SELL,10.0,4625.415,4615.835,9280.0,9.28,TP,255.0,10270.0,0.0
NY_ORB,2026-08-26 15:05:00+00:00,2026-08-26 15:16:00+00:00,SELL,10.0,4610.085,4584.6050000000005,25180.0,25.18,TP,60.0,27300.0,0.0
ASIAN_MR,2026-08-27 02:00:00+00:00,2026-08-27 02:30:00+00:00,SHORT,10.0,4638.315,4620.0205000000005,17994.5,17.99449999999906,TP_Z_NEUTRAL,30.0,10420.0,-4010.0
LONDON_ORB,2026-08-27 09:05:00+00:00,2026-08-27 09:37:00+00:00,SELL,10.0,4599.515,4585.175,14040.0,14.04,TP,165.0,21110.0,0.0
NY_ORB,2026-08-27 13:47:00+00:00,2026-08-27 14:43:00+00:00,SELL,10.0,4571.905,4592.875,-21270.0,-21.27,SL,285.0,7680.0,-23430.0
ASIAN_MR,2026-08-28 03:55:00+00:00,2026-08-28 04:15:00+00:00,LONG,10.0,4579.495,4584.54,4745.0,4.745000000000073,TP_Z_NEUTRAL,20.0,3860.0,-2000.0
LONDON_ORB,2026-08-28 10:20:00+00:00,2026-08-28 10:49:00+00:00,SELL,10.0,4609.755,4600.515,8940.0,8.94,TP,150.0,10130.0,0.0
NY_ORB,2026-08-28 14:00:00+00:00,2026-08-28 14:00:00+00:00,BUY,10.0,4607.725,4598.545,-9480.0,-9.48,SL,5.0,23110.0,-13730.0
LONDON_ORB,2026-08-31 10:13:00+00:00,2026-08-31 11:29:00+00:00,BUY,10.0,4449.345,4463.095,13450.0,13.45,TIME,385.0,14510.0,-3190.0
NY_ORB,2026-08-31 13:55:00+00:00,2026-08-31 16:29:00+00:00,SELL,10.0,4431.685,4438.255,-6870.0,-6.87,TIME,775.0,16110.0,-6800.0
LONDON_ORB,2026-09-01 08:25:00+00:00,2026-09-01 11:29:00+00:00,SELL,10.0,4389.195,4380.335,8560.0,8.56,TIME,925.0,25190.0,0.0
NY_ORB,2026-09-01 14:07:00+00:00,2026-09-01 16:29:00+00:00,BUY,10.0,4361.785,4352.585,-9500.0,-9.5,TIME,715.0,13570.0,-9470.0
LONDON_ORB,2026-09-02 08:44:00+00:00,2026-09-02 10:06:00+00:00,SELL,10.0,4321.725,4302.045000000002,19380.0,19.38,TP,415.0,20120.0,-1090.0
NY_ORB,2026-09-02 13:45:00+00:00,2026-09-02 16:29:00+00:00,BUY,10.0,4379.135,4368.325,-11110.0,-11.11,TIME,825.0,18340.0,-14930.0
NY_ORB,2026-09-03 15:00:00+00:00,2026-09-03 16:29:00+00:00,BUY,10.0,4482.335,4493.265,10630.0,10.63,TIME,450.0,28300.0,0.0
ASIAN_MR,2026-09-04 03:45:00+00:00,2026-09-04 04:25:00+00:00,LONG,10.0,4469.025,4474.056500000001,4731.5,4.731500000000961,TP_Z_NEUTRAL,40.0,3070.0,-3880.0
LONDON_ORB,2026-09-07 10:25:00+00:00,2026-09-07 11:29:00+00:00,SELL,10.0,4405.045,4389.375,15370.0,15.37,TIME,325.0,17640.0,0.0
NY_ORB,2026-09-07 14:06:00+00:00,2026-09-07 14:48:00+00:00,BUY,10.0,4407.365,4419.084999999999,11420.0,11.42,TP,215.0,11820.0,-2940.0
