timestamp,open,high,low,close
1786233600000,4346.055,4346.055,4346.055,4346.055
1786233900000,4346.055,4346.055,4346.055,4346.055
1786234200000,4346.055,4346.055,4346.055,4346.055
1786234500000,4346.055,4346.055,4346.055,4346.055
1786234800000,4346.055,4346.055,4346.055,4346.055
1786235100000,4346.055,4346.055,4346.055,4346.055
1786235400000,4346.055,4346.055,4346.055,4346.055
1786235700000,4346.055,4346.055,4346.055,4346.055
1786236000000,4346.055,4346.055,4346.055,4346.055
1786236300000,4346.055,4346.055,4346.055,4346.055
1786236600000,4346.055,4346.055,4346.055,4346.055
1786236900000,4346.055,4346.055,4346.055,4346.055
1786237200000,4346.055,4346.055,4346.055,4346.055
1786237500000,4346.055,4346.055,4346.055,4346.055
1786237800000,4346.055,4346.055,4346.055,4346.055
1786238100000,4346.055,4346.055,4346.055,4346.055
1786238400000,4346.055,4346.055,4346.055,4346.055
1786238700000,4346.055,4346.055,4346.055,4346.055
1786239000000,4346.055,4346.055,4346.055,4346.055
1786239300000,4346.055,4346.055,4346.055,4346.055
1786239600000,4346.055,4346.055,4346.055,4346.055
1786239900000,4346.055,4346.055,4346.055,4346.055
1786240200000,4346.055,4346.055,4346.055,4346.055
1786240500000,4346.055,4346.055,4346.055,4346.055
1786240800000,4346.055,4346.055,4346.055,4346.055
1786241100000,4346.055,4346.055,4346.055,4346.055
1786241400000,4346.055,4346.055,4346.055,4346.055
1786241700000,4346.055,4346.055,4346.055,4346.055
1786242000000,4346.055,4346.055,4346.055,4346.055
1786242300000,4346.055,4346.055,4346.055,4346.055
1786242600000,4346.055,4346.055,4346.055,4346.055
1786242900000,4346.055,4346.055,4346.055,4346.055
1786243200000,4346.055,4346.055,4346.055,4346.055
1786243500000,4346.055,4346.055,4346.055,4346.055
1786243800000,4346.055,4346.055,4346.055,4346.055
1786244100000,4346.055,4346.055,4346.055,4346.055
1786244400000,4346.055,4346.055,4346.055,4346.055
1786244700000,4346.055,4346.055,4346.055,4346.055
1786245000000,4346.055,4346.055,4346.055,4346.055
1786245300000,4346.055,4346.055,4346.055,4346.055
1786245600000,4346.055,4346.055,4346.055,4346.055
1786245900000,4346.055,4346.055,4346.055,4346.055
1786246200000,4346.055,4346.055,4346.055,4346.055
1786246500000,4346.055,4346.055,4346.055,4346.055
1786246800000,4346.055,4346.055,4346.055,4346.055
1786247100000,4346.055,4346.055,4346.055,4346.055
1786247400000,4346.055,4346.055,4346.055,4346.055
1786247700000,4346.055,4346.055,4346.055,4346.055
1786248000000,4346.055,4346.055,4346.055,4346.055
1786248300000,4346.055,4346.055,4346.055,4346.055
1786248600000,4346.055,4346.055,4346.055,4346.055
1786248900000,4346.055,4346.055,4346.055,4346.055
1786249200000,4346.055,4346.055,4346.055,4346.055
1786249500000,4346.055,4346.055,4346.055,4346.055
1786249800000,4346.055,4346.055,4346.055,4346.055
1786250100000,4346.055,4346.055,4346.055,4346.055
1786250400000,4346.055,4346.055,4346.055,4346.055
1786250700000,4346.055,4346.055,4346.055,4346.055
1786251000000,4346.055,4346.055,4346.055,4346.055
1786251300000,4346.055,4346.055,4346.055,4346.055
1786251600000,4346.055,4346.055,4346.055,4346.055
1786251900000,4346.055,4346.055,4346.055,4346.055
1786252200000,4346.055,4346.055,4346.055,4346.055
1786252500000,4346.055,4346.055,4346.055,4346.055
1786252800000,4346.055,4346.055,4346.055,4346.055
1786253100000,4346.055,4346.055,4346.055,4346.055
1786253400000,4346.055,4346.055,4346.055,4346.055
1786253700000,4346.055,4346.055,4346.055,4346.055
1786254000000,4346.055,4346.055,4346.055,4346.055
1786254300000,4346.055,4346.055,4346.055,4346.055
1786254600000,4346.055,4346.055,4346.055,4346.055
1786254900000,4346.055,4346.055,4346.055,4346.055
1786255200000,4346.055,4346.055,4346.055,4346.055
1786255500000,4346.055,4346.055,4346.055,4346.055
1786255800000,4346.055,4346.055,4346.055,4346.055
1786256100000,4346.055,4346.055,4346.055,4346.055
1786256400000,4346.055,4346.055,4346.055,4346.055
1786256700000,4346.055,4346.055,4346.055,4346.055
1786257000000,4346.055,4346.055,4346.055,4346.055
1786257300000,4346.055,4346.055,4346.055,4346.055
1786257600000,4346.055,4346.055,4346.055,4346.055
1786257900000,4346.055,4346.055,4346.055,4346.055
1786258200000,4346.055,4346.055,4346.055,4346.055
1786258500000,4346.055,4346.055,4346.055,4346.055
1786258800000,4346.055,4346.055,4346.055,4346.055
1786259100000,4346.055,4346.055,4346.055,4346.055
1786259400000,4346.055,4346.055,4346.055,4346.055
1786259700000,4346.055,4346.055,4346.055,4346.055
1786260000000,4346.055,4346.055,4346.055,4346.055
1786260300000,4346.055,4346.055,4346.055,4346.055
1786260600000,4346.055,4346.055,4346.055,4346.055
1786260900000,4346.055,4346.055,4346.055,4346.055
1786261200000,4346.055,4346.055,4346.055,4346.055
1786261500000,4346.055,4346.055,4346.055,4346.055
1786261800000,4346.055,4346.055,4346.055,4346.055
1786262100000,4346.055,4346.055,4346.055,4346.055
1786262400000,4346.055,4346.055,4346.055,4346.055
1786262700000,4346.055,4346.055,4346.055,4346.055
1786263000000,4346.055,4346.055,4346.055,4346.055
1786263300000,4346.055,4346.055,4346.055,4346.055
1786263600000,4346.055,4346.055,4346.055,4346.055
1786263900000,4346.055,4346.055,4346.055,4346.055
1786264200000,4346.055,4346.055,4346.055,4346.055
1786264500000,4346.055,4346.055,4346.055,4346.055
1786264800000,4346.055,4346.055,4346.055,4346.055
1786265100000,4346.055,4346.055,4346.055,4346.055
1786265400000,4346.055,4346.055,4346.055,4346.055
1786265700000,4346.055,4346.055,4346.055,4346.055
1786266000000,4346.055,4346.055,4346.055,4346.055
1786266300000,4346.055,4346.055,4346.055,4346.055
1786266600000,4346.055,4346.055,4346.055,4346.055
1786266900000,4346.055,4346.055,4346.055,4346.055
1786267200000,4346.055,4346.055,4346.055,4346.055
1786267500000,4346.055,4346.055,4346.055,4346.055
1786267800000,4346.055,4346.055,4346.055,4346.055
1786268100000,4346.055,4346.055,4346.055,4346.055
1786268400000,4346.055,4346.055,4346.055,4346.055
1786268700000,4346.055,4346.055,4346.055,4346.055
1786269000000,4346.055,4346.055,4346.055,4346.055
1786269300000,4346.055,4346.055,4346.055,4346.055
1786269600000,4346.055,4346.055,4346.055,4346.055
1786269900000,4346.055,4346.055,4346.055,4346.055
1786270200000,4346.055,4346.055,4346.055,4346.055
1786270500000,4346.055,4346.055,4346.055,4346.055
1786270800000,4346.055,4346.055,4346.055,4346.055
1786271100000,4346.055,4346.055,4346.055,4346.055
1786271400000,4346.055,4346.055,4346.055,4346.055
1786271700000,4346.055,4346.055,4346.055,4346.055
1786272000000,4346.055,4346.055,4346.055,4346.055
1786272300000,4346.055,4346.055,4346.055,4346.055
1786272600000,4346.055,4346.055,4346.055,4346.055
1786272900000,4346.055,4346.055,4346.055,4346.055
1786273200000,4346.055,4346.055,4346.055,4346.055
1786273500000,4346.055,4346.055,4346.055,4346.055
1786273800000,4346.055,4346.055,4346.055,4346.055
1786274100000,4346.055,4346.055,4346.055,4346.055
1786274400000,4346.055,4346.055,4346.055,4346.055
1786274700000,4346.055,4346.055,4346.055,4346.055
1786275000000,4346.055,4346.055,4346.055,4346.055
1786275300000,4346.055,4346.055,4346.055,4346.055
1786275600000,4346.055,4346.055,4346.055,4346.055
1786275900000,4346.055,4346.055,4346.055,4346.055
1786276200000,4346.055,4346.055,4346.055,4346.055
1786276500000,4346.055,4346.055,4346.055,4346.055
1786276800000,4346.055,4346.055,4346.055,4346.055
1786277100000,4346.055,4346.055,4346.055,4346.055
1786277400000,4346.055,4346.055,4346.055,4346.055
1786277700000,4346.055,4346.055,4346.055,4346.055
1786278000000,4346.055,4346.055,4346.055,4346.055
1786278300000,4346.055,4346.055,4346.055,4346.055
1786278600000,4346.055,4346.055,4346.055,4346.055
1786278900000,4346.055,4346.055,4346.055,4346.055
1786279200000,4346.055,4346.055,4346.055,4346.055
1786279500000,4346.055,4346.055,4346.055,4346.055
1786279800000,4346.055,4346.055,4346.055,4346.055
1786280100000,4346.055,4346.055,4346.055,4346.055
1786280400000,4346.055,4346.055,4346.055,4346.055
1786280700000,4346.055,4346.055,4346.055,4346.055
1786281000000,4346.055,4346.055,4346.055,4346.055
1786281300000,4346.055,4346.055,4346.055,4346.055
1786281600000,4346.055,4346.055,4346.055,4346.055
1786281900000,4346.055,4346.055,4346.055,4346.055
1786282200000,4346.055,4346.055,4346.055,4346.055
1786282500000,4346.055,4346.055,4346.055,4346.055
1786282800000,4346.055,4346.055,4346.055,4346.055
1786283100000,4346.055,4346.055,4346.055,4346.055
1786283400000,4346.055,4346.055,4346.055,4346.055
1786283700000,4346.055,4346.055,4346.055,4346.055
1786284000000,4346.055,4346.055,4346.055,4346.055
1786284300000,4346.055,4346.055,4346.055,4346.055
1786284600000,4346.055,4346.055,4346.055,4346.055
1786284900000,4346.055,4346.055,4346.055,4346.055
1786285200000,4346.055,4346.055,4346.055,4346.055
1786285500000,4346.055,4346.055,4346.055,4346.055
1786285800000,4346.055,4346.055,4346.055,4346.055
1786286100000,4346.055,4346.055,4346.055,4346.055
1786286400000,4346.055,4346.055,4346.055,4346.055
1786286700000,4346.055,4346.055,4346.055,4346.055
1786287000000,4346.055,4346.055,4346.055,4346.055
1786287300000,4346.055,4346.055,4346.055,4346.055
1786287600000,4346.055,4346.055,4346.055,4346.055
1786287900000,4346.055,4346.055,4346.055,4346.055
1786288200000,4346.055,4346.055,4346.055,4346.055
1786288500000,4346.055,4346.055,4346.055,4346.055
1786288800000,4346.055,4346.055,4346.055,4346.055
1786289100000,4346.055,4346.055,4346.055,4346.055
1786289400000,4346.055,4346.055,4346.055,4346.055
1786289700000,4346.055,4346.055,4346.055,4346.055
1786290000000,4346.055,4346.055,4346.055,4346.055
1786290300000,4346.055,4346.055,4346.055,4346.055
1786290600000,4346.055,4346.055,4346.055,4346.055
1786290900000,4346.055,4346.055,4346.055,4346.055
1786291200000,4346.055,4346.055,4346.055,4346.055
1786291500000,4346.055,4346.055,4346.055,4346.055
1786291800000,4346.055,4346.055,4346.055,4346.055
1786292100000,4346.055,4346.055,4346.055,4346.055
1786292400000,4346.055,4346.055,4346.055,4346.055
1786292700000,4346.055,4346.055,4346.055,4346.055
1786293000000,4346.055,4346.055,4346.055,4346.055
1786293300000,4346.055,4346.055,4346.055,4346.055
1786293600000,4346.055,4346.055,4346.055,4346.055
1786293900000,4346.055,4346.055,4346.055,4346.055
1786294200000,4346.055,4346.055,4346.055,4346.055
1786294500000,4346.055,4346.055,4346.055,4346.055
1786294800000,4346.055,4346.055,4346.055,4346.055
1786295100000,4346.055,4346.055,4346.055,4346.055
1786295400000,4346.055,4346.055,4346.055,4346.055
1786295700000,4346.055,4346.055,4346.055,4346.055
1786296000000,4346.055,4346.055,4346.055,4346.055
1786296300000,4346.055,4346.055,4346.055,4346.055
1786296600000,4346.055,4346.055,4346.055,4346.055
1786296900000,4346.055,4346.055,4346.055,4346.055
1786297200000,4346.055,4346.055,4346.055,4346.055
1786297500000,4346.055,4346.055,4346.055,4346.055
1786297800000,4346.055,4346.055,4346.055,4346.055
1786298100000,4346.055,4346.055,4346.055,4346.055
1786298400000,4346.055,4346.055,4346.055,4346.055
1786298700000,4346.055,4346.055,4346.055,4346.055
1786299000000,4346.055,4346.055,4346.055,4346.055
1786299300000,4346.055,4346.055,4346.055,4346.055
1786299600000,4346.055,4346.055,4346.055,4346.055
1786299900000,4346.055,4346.055,4346.055,4346.055
1786300200000,4346.055,4346.055,4346.055,4346.055
1786300500000,4346.055,4346.055,4346.055,4346.055
1786300800000,4346.055,4346.055,4346.055,4346.055
1786301100000,4346.055,4346.055,4346.055,4346.055
1786301400000,4346.055,4346.055,4346.055,4346.055
1786301700000,4346.055,4346.055,4346.055,4346.055
1786302000000,4346.055,4346.055,4346.055,4346.055
1786302300000,4346.055,4346.055,4346.055,4346.055
1786302600000,4346.055,4346.055,4346.055,4346.055
1786302900000,4346.055,4346.055,4346.055,4346.055
1786303200000,4346.055,4346.055,4346.055,4346.055
1786303500000,4346.055,4346.055,4346.055,4346.055
1786303800000,4346.055,4346.055,4346.055,4346.055
1786304100000,4346.055,4346.055,4346.055,4346.055
1786304400000,4346.055,4346.055,4346.055,4346.055
1786304700000,4346.055,4346.055,4346.055,4346.055
1786305000000,4346.055,4346.055,4346.055,4346.055
1786305300000,4346.055,4346.055,4346.055,4346.055
1786305600000,4346.055,4346.055,4346.055,4346.055
1786305900000,4346.055,4346.055,4346.055,4346.055
1786306200000,4346.055,4346.055,4346.055,4346.055
1786306500000,4346.055,4346.055,4346.055,4346.055
1786306800000,4346.055,4346.055,4346.055,4346.055
1786307100000,4346.055,4346.055,4346.055,4346.055
1786307400000,4346.055,4346.055,4346.055,4346.055
1786307700000,4346.055,4346.055,4346.055,4346.055
1786308000000,4346.055,4346.055,4346.055,4346.055
1786308300000,4346.055,4346.055,4346.055,4346.055
1786308600000,4346.055,4346.055,4346.055,4346.055
1786308900000,4346.055,4346.055,4346.055,4346.055
1786309200000,4346.055,4346.055,4346.055,4346.055
1786309500000,4346.055,4346.055,4346.055,4346.055
1786309800000,4346.055,4346.055,4346.055,4346.055
1786310100000,4346.055,4346.055,4346.055,4346.055
1786310400000,4346.055,4346.055,4346.055,4346.055
1786310700000,4346.055,4346.055,4346.055,4346.055
1786311000000,4346.055,4346.055,4346.055,4346.055
1786311300000,4346.055,4346.055,4346.055,4346.055
1786311600000,4346.055,4346.055,4346.055,4346.055
1786311900000,4346.055,4346.055,4346.055,4346.055
1786312200000,4346.055,4346.055,4346.055,4346.055
1786312500000,4346.055,4346.055,4346.055,4346.055
1786312800000,4342.785,4351.885,4332.095,4338.635
1786313100000,4337.615,4338.615,4332.015,4338.015
1786313400000,4338.115,4344.725,4337.095,4342.245
1786313700000,4342.245,4343.385,4338.145,4338.355
1786314000000,4338.445,4339.125,4336.345,4337.835
1786314300000,4337.835,4342.865,4337.835,4342.855
1786314600000,4342.635,4344.355,4338.585,4341.035
1786314900000,4341.285,4341.515,4338.825,4339.945
1786315200000,4340.345,4341.055,4338.525,4339.015
1786315500000,4338.895,4342.815,4338.715,4342.135
1786315800000,4341.775,4342.435,4340.535,4341.105
1786316100000,4341.105,4341.145,4340.015,4340.075
1786316400000,4339.935,4346.375,4339.595,4345.925
1786316700000,4345.785,4346.265,4343.685,4344.735
1786317000000,4344.735,4345.985,4344.095,4345.025
1786317300000,4345.025,4345.715,4340.535,4345.005
1786317600000,4344.385,4347.635,4344.295,4346.625
1786317900000,4346.625,4347.465,4343.365,4344.975
1786318200000,4344.975,4345.945,4340.065,4341.165
1786318500000,4341.305,4342.795,4339.695,4342.495
1786318800000,4342.755,4342.965,4341.015,4341.915
1786319100000,4342.115,4343.325,4341.035,4341.865
1786319400000,4342.155,4342.405,4340.025,4340.055
1786319700000,4340.165,4340.385,4331.995,4332.465
1786320000000,4332.385,4340.635,4332.275,4340.365
1786320300000,4340.085,4343.265,4339.355,4341.485
1786320600000,4341.235,4346.915,4339.505,4344.005
1786320900000,4344.125,4345.325,4338.705,4343.735
1786321200000,4343.565,4343.785,4339.005,4339.585
1786321500000,4339.695,4340.325,4336.905,4337.245
1786321800000,4337.355,4339.025,4334.785,4335.815
1786322100000,4336.015,4337.055,4333.255,4336.695
1786322400000,4336.395,4337.995,4333.365,4334.235
1786322700000,4334.105,4336.275,4333.225,4335.265
1786323000000,4335.375,4337.255,4333.145,4333.465
1786323300000,4333.385,4334.275,4330.255,4331.955
1786323600000,4331.745,4340.615,4326.595,4326.915
1786323900000,4326.775,4327.975,4321.925,4323.365
1786324200000,4323.595,4324.525,4321.515,4322.635
1786324500000,4322.515,4325.695,4321.205,4323.765
1786324800000,4323.695,4328.115,4321.055,4327.585
1786325100000,4327.795,4328.045,4315.735,4315.975
1786325400000,4316.105,4320.565,4313.425,4319.795
1786325700000,4319.675,4319.785,4315.635,4316.535
1786326000000,4316.445,4317.465,4312.935,4316.835
1786326300000,4316.735,4320.935,4315.515,4319.855
1786326600000,4319.715,4322.815,4318.445,4319.525
1786326900000,4319.415,4323.815,4317.185,4322.055
1786327200000,4322.055,4323.005,4319.475,4321.065
1786327500000,4320.945,4323.765,4318.215,4322.885
1786327800000,4323.115,4325.495,4320.955,4324.175
1786328100000,4323.955,4325.585,4322.835,4324.665
1786328400000,4324.665,4327.585,4323.705,4326.725
1786328700000,4326.585,4331.685,4326.005,4330.535
1786329000000,4330.645,4332.155,4324.395,4327.675
1786329300000,4327.675,4329.345,4324.345,4325.225
1786329600000,4325.355,4329.655,4322.895,4325.915
1786329900000,4326.265,4327.065,4321.035,4322.915
1786330200000,4323.015,4324.295,4319.065,4319.595
1786330500000,4319.675,4322.035,4318.495,4319.405
1786330800000,4319.535,4320.775,4317.695,4318.885
1786331100000,4318.705,4319.435,4317.415,4317.675
1786331400000,4317.455,4320.075,4317.435,4319.875
1786331700000,4319.655,4324.105,4319.465,4323.895
1786332000000,4323.785,4326.395,4322.995,4323.285
1786332300000,4323.675,4327.935,4323.555,4326.985
1786332600000,4326.755,4328.115,4325.385,4327.785
1786332900000,4327.635,4329.385,4325.315,4325.915
1786333200000,4326.075,4326.405,4324.505,4324.865
1786333500000,4324.995,4327.235,4323.925,4326.435
1786333800000,4326.685,4327.615,4325.965,4326.935
1786334100000,4326.875,4327.695,4325.775,4326.375
1786334400000,4326.525,4327.975,4322.625,4325.665
1786334700000,4325.475,4327.575,4323.105,4327.395
1786335000000,4327.285,4332.565,4327.215,4332.075
1786335300000,4332.185,4333.805,4330.485,4333.695
1786335600000,4333.615,4337.055,4332.925,4336.705
1786335900000,4336.875,4337.365,4333.605,4334.475
1786336200000,4334.355,4336.055,4332.935,4334.305
1786336500000,4334.125,4336.005,4333.305,4333.545
1786336800000,4333.395,4333.555,4329.365,4332.005
1786337100000,4332.105,4335.465,4331.665,4333.755
1786337400000,4333.865,4337.125,4333.085,4335.635
1786337700000,4335.825,4339.435,4335.345,4339.115
1786338000000,4339.085,4339.555,4334.875,4336.765
1786338300000,4336.675,4338.635,4335.775,4335.785
1786338600000,4336.225,4336.225,4332.955,4334.695
1786338900000,4334.855,4335.945,4332.425,4332.955
1786339200000,4332.725,4336.375,4332.725,4335.005
1786339500000,4335.005,4335.205,4333.055,4333.555
1786339800000,4333.415,4340.635,4331.265,4339.955
1786340100000,4339.945,4341.595,4338.065,4340.685
1786340400000,4340.685,4343.995,4338.205,4343.355
1786340700000,4343.355,4347.045,4340.295,4345.335
1786341000000,4345.485,4351.815,4344.985,4347.935
1786341300000,4348.185,4349.405,4344.825,4347.035
1786341600000,4347.215,4347.365,4341.755,4342.375
1786341900000,4342.415,4346.505,4341.915,4345.995
1786342200000,4345.825,4349.935,4345.825,4347.125
1786342500000,4347.085,4349.585,4342.535,4342.955
1786342800000,4342.825,4345.235,4342.405,4345.235
1786343100000,4345.225,4348.135,4343.635,4348.115
1786343400000,4347.965,4349.025,4346.425,4347.505
1786343700000,4347.315,4349.305,4345.565,4348.165
1786344000000,4348.355,4355.575,4346.655,4354.875
1786344300000,4355.025,4358.155,4354.815,4356.525
1786344600000,4356.525,4357.275,4355.355,4357.155
1786344900000,4356.995,4359.595,4356.365,4357.835
1786345200000,4357.835,4358.505,4353.545,4354.355
1786345500000,4354.245,4356.855,4353.655,4353.655
1786345800000,4353.655,4354.375,4349.955,4350.945
1786346100000,4350.825,4356.815,4350.275,4354.295
1786346400000,4354.425,4358.695,4351.845,4357.925
1786346700000,4357.875,4358.605,4351.905,4354.895
1786347000000,4354.835,4354.885,4352.265,4353.095
1786347300000,4353.095,4359.655,4352.835,4358.435
1786347600000,4358.555,4359.775,4356.045,4359.155
1786347900000,4359.155,4361.885,4356.935,4357.075
1786348200000,4356.945,4358.115,4354.835,4355.165
1786348500000,4355.135,4356.045,4354.605,4355.085
1786348800000,4355.105,4356.065,4353.835,4355.375
1786349100000,4355.255,4355.755,4351.375,4352.175
1786349400000,4352.095,4354.215,4351.795,4354.115
1786349700000,4354.295,4355.385,4353.145,4354.675
1786350000000,4354.685,4354.935,4352.415,4352.635
1786350300000,4352.775,4356.125,4352.025,4355.425
1786350600000,4355.415,4356.375,4348.775,4350.155
1786350900000,4350.125,4351.205,4347.955,4348.075
1786351200000,4348.075,4349.585,4345.495,4346.045
1786351500000,4346.065,4348.805,4345.395,4346.075
1786351800000,4346.065,4347.965,4344.555,4345.905
1786352100000,4346.035,4348.225,4343.455,4346.295
1786352400000,4346.405,4348.685,4345.335,4348.125
1786352700000,4348.125,4348.775,4345.635,4347.665
1786353000000,4347.495,4349.755,4346.785,4349.365
1786353300000,4349.515,4349.515,4345.845,4347.185
1786353600000,4346.945,4348.365,4346.685,4348.015
1786353900000,4347.875,4348.645,4344.705,4346.905
1786354200000,4346.755,4346.755,4341.635,4343.565
1786354500000,4343.615,4343.865,4340.055,4341.715
1786354800000,4341.845,4344.225,4341.735,4343.905
1786355100000,4343.875,4345.255,4341.655,4342.245
1786355400000,4342.125,4342.465,4340.575,4342.085
1786355700000,4342.085,4343.105,4340.865,4340.905
1786356000000,4340.785,4341.175,4338.915,4340.185
1786356300000,4340.235,4341.335,4339.555,4340.135
1786356600000,4340.135,4340.735,4339.305,4340.505
1786356900000,4340.445,4341.435,4339.045,4341.215
1786357200000,4341.215,4344.035,4340.765,4342.925
1786357500000,4343.035,4343.655,4341.755,4343.495
1786357800000,4343.395,4344.055,4340.245,4341.985
1786358100000,4341.885,4342.175,4338.155,4339.375
1786358400000,4339.585,4339.905,4337.595,4337.595
1786358700000,4337.585,4339.255,4337.275,4338.045
1786359000000,4338.055,4340.315,4337.355,4338.055
1786359300000,4338.155,4339.235,4335.265,4335.535
1786359600000,4335.565,4336.625,4334.235,4334.355
1786359900000,4334.285,4335.415,4332.955,4333.845
1786360200000,4333.845,4333.945,4329.285,4331.425
1786360500000,4331.265,4331.265,4328.655,4329.675
1786360800000,4329.545,4333.595,4328.685,4332.985
1786361100000,4332.905,4336.155,4332.835,4334.545
1786361400000,4334.435,4339.015,4334.365,4337.475
1786361700000,4337.475,4339.245,4335.225,4338.955
1786362000000,4338.875,4339.135,4336.235,4337.225
1786362300000,4337.245,4337.695,4331.945,4332.605
1786362600000,4332.735,4335.875,4331.985,4334.835
1786362900000,4334.865,4336.035,4333.255,4334.805
1786363200000,4334.685,4334.785,4332.275,4333.625
1786363500000,4333.505,4337.395,4331.875,4334.815
1786363800000,4334.925,4335.195,4330.915,4331.525
1786364100000,4331.675,4332.305,4328.225,4328.455
1786364400000,4328.895,4330.945,4326.265,4327.205
1786364700000,4327.205,4327.765,4323.915,4327.635
1786365000000,4327.525,4331.355,4326.105,4327.525
1786365300000,4327.325,4332.145,4326.195,4330.905
1786365600000,4331.075,4332.385,4328.725,4328.985
1786365900000,4328.865,4333.045,4328.545,4331.735
1786366200000,4331.605,4332.935,4329.535,4331.535
1786366500000,4331.535,4335.495,4330.215,4332.195
1786366800000,4332.305,4334.365,4325.815,4329.015
1786367100000,4329.015,4334.305,4328.095,4334.115
1786367400000,4334.235,4337.675,4333.575,4337.055
1786367700000,4337.055,4337.505,4334.055,4335.185
1786368000000,4334.975,4336.465,4329.045,4330.525
1786368300000,4330.475,4335.015,4330.055,4334.785
1786368600000,4334.915,4338.365,4331.745,4336.765
1786368900000,4336.725,4339.675,4336.085,4337.925
1786369200000,4337.915,4338.215,4329.765,4330.565
1786369500000,4330.605,4331.735,4324.875,4327.355
1786369800000,4327.355,4328.165,4320.905,4322.945
1786370100000,4323.015,4324.725,4316.305,4317.745
1786370400000,4317.805,4325.365,4317.745,4323.135
1786370700000,4323.305,4326.315,4321.525,4324.175
1786371000000,4324.195,4331.065,4324.195,4329.885
1786371300000,4330.035,4336.225,4328.345,4333.835
1786371600000,4333.935,4339.915,4332.265,4338.095
1786371900000,4338.245,4347.955,4338.055,4345.245
1786372200000,4345.145,4351.435,4345.055,4347.345
1786372500000,4347.345,4348.785,4344.425,4346.205
1786372800000,4346.155,4349.845,4345.785,4349.225
1786373100000,4349.225,4350.495,4345.865,4347.245
1786373400000,4347.095,4347.355,4342.355,4342.725
1786373700000,4342.945,4345.465,4342.485,4345.185
1786374000000,4345.365,4349.135,4343.265,4347.305
1786374300000,4347.305,4351.935,4343.095,4344.675
1786374600000,4344.545,4347.405,4343.375,4346.645
1786374900000,4346.675,4351.885,4345.645,4349.415
1786375200000,4349.415,4352.125,4348.815,4349.175
1786375500000,4349.285,4351.015,4347.065,4348.975
1786375800000,4349.165,4351.195,4347.605,4347.765
1786376100000,4347.765,4351.835,4347.715,4350.065
1786376400000,4350.085,4351.385,4349.245,4350.055
1786376700000,4350.095,4353.005,4348.405,4352.005
1786377000000,4352.015,4357.215,4351.935,4356.855
1786377300000,4356.745,4359.335,4356.165,4358.175
1786377600000,4358.205,4363.935,4357.745,4357.885
1786377900000,4358.095,4363.255,4356.575,4363.135
1786378200000,4363.005,4364.495,4361.015,4361.185
1786378500000,4361.225,4362.965,4360.695,4361.175
1786378800000,4361.405,4363.925,4361.315,4363.015
1786379100000,4363.235,4364.415,4361.505,4362.335
1786379400000,4362.445,4362.805,4348.865,4355.965
1786379700000,4356.265,4358.835,4354.415,4354.855
1786380000000,4355.055,4356.405,4350.795,4351.545
1786380300000,4351.695,4354.915,4351.445,4352.975
1786380600000,4353.055,4353.855,4351.845,4353.415
1786380900000,4353.445,4356.915,4351.835,4356.605
1786381200000,4356.825,4357.595,4353.915,4354.225
1786381500000,4354.225,4357.025,4351.385,4355.675
1786381800000,4355.785,4358.145,4355.165,4356.945
1786382100000,4356.805,4358.025,4356.035,4357.015
1786382400000,4357.125,4360.125,4356.955,4359.765
1786382700000,4359.695,4361.165,4358.375,4361.015
1786383000000,4361.015,4362.605,4359.525,4362.005
1786383300000,4362.055,4365.195,4361.935,4363.625
1786383600000,4363.555,4363.735,4359.295,4359.975
1786383900000,4360.015,4360.625,4357.415,4360.355
1786384200000,4360.255,4361.005,4358.565,4358.595
1786384500000,4358.595,4360.065,4357.395,4360.065
1786384800000,4359.945,4363.745,4359.535,4363.355
1786385100000,4363.395,4365.245,4362.995,4363.395
1786385400000,4363.365,4364.405,4362.665,4362.845
1786385700000,4362.805,4364.015,4361.355,4362.765
1786386000000,4362.765,4364.685,4362.075,4364.285
1786386300000,4364.335,4366.905,4364.275,4365.515
1786386600000,4365.535,4380.435,4364.885,4379.215
1786386900000,4379.215,4381.405,4377.065,4381.065
1786387200000,4381.185,4382.705,4379.255,4379.535
1786387500000,4379.645,4379.705,4373.245,4376.555
1786387800000,4376.445,4378.755,4374.685,4376.675
1786388100000,4376.785,4378.825,4376.085,4378.145
1786388400000,4378.165,4381.005,4378.165,4379.775
1786388700000,4379.895,4382.545,4379.545,4381.715
1786389000000,4381.855,4382.655,4380.425,4381.615
1786389300000,4381.645,4382.945,4381.005,4382.385
1786389600000,4382.245,4387.795,4382.225,4386.615
1786389900000,4386.495,4391.485,4385.955,4390.505
1786390200000,4390.735,4393.815,4385.755,4386.695
1786390500000,4386.595,4388.395,4383.895,4387.565
1786390800000,4387.445,4390.475,4386.715,4387.705
1786391100000,4387.745,4394.595,4386.855,4393.855
1786391400000,4393.445,4394.825,4390.975,4392.145
1786391700000,4391.995,4392.385,4387.035,4388.015
1786392000000,4388.085,4390.205,4387.755,4388.275
1786392300000,4388.135,4388.325,4385.555,4385.575
1786392600000,4385.685,4390.475,4385.615,4388.935
1786392900000,4389.035,4391.105,4388.905,4389.765
1786393200000,4389.535,4389.765,4386.305,4388.315
1786393500000,4388.145,4391.715,4388.145,4390.825
1786393800000,4390.955,4392.035,4390.315,4390.705
1786394100000,4390.545,4391.165,4389.695,4389.905
1786394400000,4390.075,4391.215,4389.625,4389.625
1786394700000,4389.735,4390.485,4388.635,4388.805
1786395000000,4388.685,4390.455,4388.535,4389.215
1786395300000,4389.325,4390.135,4388.425,4388.425
1786395600000,4388.425,4388.425,4388.425,4388.425
1786395900000,4388.425,4388.425,4388.425,4388.425
1786396200000,4388.425,4388.425,4388.425,4388.425
1786396500000,4388.425,4388.425,4388.425,4388.425
1786396800000,4388.425,4388.425,4388.425,4388.425
1786397100000,4388.425,4388.425,4388.425,4388.425
1786397400000,4388.425,4388.425,4388.425,4388.425
1786397700000,4388.425,4388.425,4388.425,4388.425
1786398000000,4388.425,4388.425,4388.425,4388.425
1786398300000,4388.425,4388.425,4388.425,4388.425
1786398600000,4388.425,4388.425,4388.425,4388.425
1786398900000,4388.425,4388.425,4388.425,4388.425
1786399200000,4385.505,4391.195,4385.505,4388.985
1786399500000,4389.105,4391.252,4388.785,4390.795
1786399800000,4390.795,4392.745,4389.005,4390.775
1786400100000,4390.815,4392.175,4390.765,4391.865
1786400400000,4391.335,4393.135,4391.195,4391.895
1786400700000,4391.895,4392.485,4390.605,4391.055
1786401000000,4391.145,4392.475,4390.665,4392.425
1786401300000,4392.425,4393.285,4391.785,4393.005
1786401600000,4392.835,4395.965,4392.525,4395.295
1786401900000,4395.175,4398.215,4393.715,4397.455
1786402200000,4397.295,4399.425,4396.835,4399.315
1786402500000,4399.155,4400.665,4396.765,4397.805
1786402800000,4397.645,4399.835,4395.805,4396.735
1786403100000,4396.735,4400.165,4394.035,4394.505
1786403400000,4394.795,4397.365,4394.645,4397.255
1786403700000,4397.305,4397.305,4394.102,4394.73
1786404000000,4394.742,4395.702,4394.35,4394.515
1786404300000,4394.705,4395.67,4394.415,4395.23
1786404600000,4395.075,4396.115,4393.565,4395.165
1786404900000,4395.025,4398.695,4394.945,4398.625
1786405200000,4398.505,4398.675,4396.365,4398.515
1786405500000,4398.395,4399.145,4396.435,4397.685
1786405800000,4397.585,4398.835,4395.905,4398.65
1786406100000,4398.215,4402.617,4398.145,4402.055
1786406400000,4402.185,4404.575,4395.955,4404.345
1786406700000,4404.135,4406.145,4402.485,4405.765
1786407000000,4405.585,4408.865,4403.675,4405.265
1786407300000,4405.135,4407.735,4403.925,4405.675
1786407600000,4405.805,4412.175,4405.425,4412.055
1786407900000,4411.935,4415.585,4411.595,4413.675
1786408200000,4413.825,4413.825,4410.915,4412.365
1786408500000,4412.485,4413.335,4408.355,4411.455
1786408800000,4411.195,4413.975,4407.105,4413.855
1786409100000,4413.745,4418.915,4409.625,4412.755
1786409400000,4412.485,4412.815,4409.355,4409.475
1786409700000,4409.655,4411.745,4407.915,4408.975
1786410000000,4409.115,4409.725,4393.445,4400.355
1786410300000,4399.955,4409.045,4398.695,4408.375
1786410600000,4408.585,4415.175,4408.225,4414.385
1786410900000,4414.285,4419.475,4412.325,4414.675
1786411200000,4414.795,4419.975,4413.605,4414.115
1786411500000,4414.195,4419.155,4413.155,4419.095
1786411800000,4418.895,4421.585,4417.845,4419.115
1786412100000,4419.285,4420.325,4415.995,4419.155
1786412400000,4419.345,4422.015,4414.745,4414.935
1786412700000,4414.855,4427.115,4414.225,4426.445
1786413000000,4426.255,4431.485,4424.995,4431.385
1786413300000,4431.465,4433.885,4428.695,4429.235
1786413600000,4429.195,4429.505,4423.285,4426.825
1786413900000,4426.655,4429.185,4421.535,4423.145
1786414200000,4423.405,4434.295,4422.645,4433.385
1786414500000,4433.695,4434.965,4431.435,4431.655
1786414800000,4431.495,4431.855,4425.535,4425.765
1786415100000,4425.635,4430.105,4425.615,4428.205
1786415400000,4428.205,4429.055,4423.675,4426.575
1786415700000,4426.575,4426.575,4413.415,4415.615
1786416000000,4415.875,4421.175,4415.635,4418.245
1786416300000,4418.245,4419.055,4414.465,4414.685
1786416600000,4414.685,4414.925,4408.775,4411.005
1786416900000,4411.005,4412.645,4407.525,4410.445
1786417200000,4410.565,4414.125,4409.785,4413.165
1786417500000,4412.945,4414.685,4409.635,4413.545
1786417800000,4413.545,4415.045,4411.745,4413.065
1786418100000,4413.225,4417.075,4412.585,4416.805
1786418400000,4416.605,4417.995,4414.065,4415.355
1786418700000,4415.245,4420.465,4414.955,4420.105
1786419000000,4420.245,4421.365,4418.305,4419.595
1786419300000,4419.485,4420.085,4417.935,4418.495
1786419600000,4418.285,4419.455,4415.375,4415.755
1786419900000,4415.925,4418.125,4413.805,4414.575
1786420200000,4414.665,4418.645,4413.915,4416.585
1786420500000,4416.585,4417.655,4415.855,4416.555
1786420800000,4416.425,4419.625,4416.035,4417.525
1786421100000,4417.525,4418.155,4413.595,4413.735
1786421400000,4413.635,4414.265,4411.725,4413.725
1786421700000,4413.725,4415.705,4412.205,4412.865
1786422000000,4413.035,4413.675,4409.615,4412.725
1786422300000,4412.845,4415.345,4410.505,4414.995
1786422600000,4414.995,4420.135,4410.745,4415.555
1786422900000,4415.445,4415.805,4410.255,4413.705
1786423200000,4413.705,4414.515,4407.965,4409.485
1786423500000,4409.515,4411.075,4407.095,4407.615
1786423800000,4407.735,4407.855,4405.235,4406.585
1786424100000,4406.585,4409.005,4403.085,4408.535
1786424400000,4408.425,4408.865,4404.515,4405.085
1786424700000,4404.945,4406.295,4402.295,4405.725
1786425000000,4406.005,4406.005,4398.925,4401.755
1786425300000,4401.755,4401.855,4397.565,4398.725
1786425600000,4398.725,4399.535,4395.925,4397.825
1786425900000,4397.825,4397.995,4390.345,4392.045
1786426200000,4391.855,4391.855,4372.165,4383.995
1786426500000,4384.005,4385.645,4376.875,4379.255
1786426800000,4379.115,4379.725,4373.025,4376.595
1786427100000,4376.475,4377.685,4371.635,4371.855
1786427400000,4371.815,4373.115,4367.995,4369.655
1786427700000,4369.835,4375.435,4367.075,4375.245
1786428000000,4375.275,4380.775,4371.635,4379.325
1786428300000,4379.325,4382.205,4377.915,4382.085
1786428600000,4382.085,4382.085,4372.445,4372.565
1786428900000,4372.515,4375.885,4369.285,4369.635
1786429200000,4369.525,4374.245,4367.285,4373.475
1786429500000,4373.365,4373.645,4361.835,4363.195
1786429800000,4363.225,4367.575,4359.295,4362.305
1786430100000,4362.305,4367.915,4360.445,4367.785
1786430400000,4367.735,4369.045,4362.975,4363.375
1786430700000,4363.535,4367.005,4362.445,4366.415
1786431000000,4366.425,4367.385,4360.385,4361.205
1786431300000,4361.385,4365.825,4359.255,4365.825
1786431600000,4365.815,4367.515,4361.655,4362.665
1786431900000,4362.705,4364.805,4361.085,4361.585
1786432200000,4361.585,4364.715,4361.125,4363.205
1786432500000,4363.175,4363.505,4357.685,4359.715
1786432800000,4359.785,4361.745,4357.455,4359.765
1786433100000,4359.835,4365.795,4359.235,4362.885
1786433400000,4363.005,4364.685,4358.445,4360.935
1786433700000,4360.965,4363.345,4358.935,4358.935
1786434000000,4358.775,4358.965,4356.625,4358.195
1786434300000,4358.485,4359.595,4357.365,4359.115
1786434600000,4359.115,4361.345,4357.665,4359.725
1786434900000,4359.555,4359.795,4356.325,4357.405
1786435200000,4357.335,4363.995,4356.735,4362.975
1786435500000,4362.775,4366.605,4362.225,4365.375
1786435800000,4365.295,4366.485,4363.795,4364.995
1786436100000,4364.745,4365.485,4359.935,4362.015
1786436400000,4361.975,4364.575,4358.935,4364.515
1786436700000,4364.435,4369.505,4363.755,4368.995
1786437000000,4368.785,4372.365,4368.615,4371.085
1786437300000,4371.065,4374.955,4370.625,4374.555
1786437600000,4374.415,4375.855,4373.935,4374.615
1786437900000,4374.655,4375.425,4372.365,4374.135
1786438200000,4374.105,4376.585,4370.895,4371.035
1786438500000,4371.015,4372.405,4368.875,4369.035
1786438800000,4369.035,4371.615,4367.395,4371.115
1786439100000,4371.065,4372.295,4370.075,4370.175
1786439400000,4370.235,4372.825,4370.115,4372.295
1786439700000,4372.425,4374.015,4370.955,4373.875
1786440000000,4373.785,4375.335,4370.675,4372.635
1786440300000,4372.645,4375.355,4370.515,4371.745
1786440600000,4371.705,4374.895,4369.885,4373.525
1786440900000,4373.525,4374.515,4371.745,4373.185
1786441200000,4373.325,4374.135,4370.345,4370.345
1786441500000,4370.345,4374.385,4370.175,4373.685
1786441800000,4373.635,4373.805,4371.045,4371.595
1786442100000,4371.535,4372.825,4370.855,4372.225
1786442400000,4372.375,4373.975,4370.995,4372.095
1786442700000,4372.215,4374.585,4371.285,4373.425
1786443000000,4373.405,4375.825,4372.865,4372.925
1786443300000,4372.945,4374.915,4372.335,4372.335
1786443600000,4372.335,4377.815,4372.175,4377.475
1786443900000,4377.395,4381.665,4376.375,4378.115
1786444200000,4378.065,4380.775,4377.945,4379.105
1786444500000,4379.095,4379.805,4377.485,4377.805
1786444800000,4377.805,4378.395,4376.835,4377.595
1786445100000,4377.555,4380.965,4377.355,4380.965
1786445400000,4380.865,4381.675,4380.135,4380.545
1786445700000,4380.545,4382.335,4378.785,4382.125
1786446000000,4382.255,4392.825,4380.345,4390.975
1786446300000,4391.125,4392.275,4388.545,4390.435
1786446600000,4390.475,4392.365,4387.765,4391.225
1786446900000,4391.215,4392.265,4387.965,4389.835
1786447200000,4389.895,4391.075,4385.385,4385.995
1786447500000,4386.075,4388.475,4385.055,4387.185
1786447800000,4387.545,4387.955,4385.145,4386.105
1786448100000,4386.125,4386.905,4383.255,4384.325
1786448400000,4384.465,4386.245,4382.855,4386.225
1786448700000,4386.115,4388.895,4385.405,4387.435
1786449000000,4387.365,4389.695,4384.785,4387.445
1786449300000,4387.395,4388.525,4385.555,4387.575
1786449600000,4387.555,4387.705,4383.625,4385.045
1786449900000,4385.055,4395.155,4384.825,4393.475
1786450200000,4393.585,4397.425,4391.535,4396.795
1786450500000,4396.825,4397.705,4392.665,4395.715
1786450800000,4395.495,4399.685,4387.815,4388.985
1786451100000,4389.035,4393.065,4387.155,4391.125
1786451400000,4391.175,4395.135,4388.645,4389.965
1786451700000,4389.805,4391.985,4388.765,4389.695
1786452000000,4389.795,4398.365,4389.645,4398.365
1786452300000,4398.335,4400.055,4395.215,4397.225
1786452600000,4397.195,4397.845,4392.675,4393.415
1786452900000,4393.445,4394.625,4391.965,4392.265
1786453200000,4392.385,4399.085,4391.755,4392.525
1786453500000,4392.645,4398.835,4392.425,4398.785
1786453800000,4398.805,4400.765,4393.555,4393.615
1786454100000,4393.565,4395.335,4389.295,4394.065
1786454400000,4394.075,4400.645,4394.055,4397.775
1786454700000,4397.775,4399.865,4395.645,4397.735
1786455000000,4397.715,4399.895,4389.825,4392.095
1786455300000,4392.255,4399.535,4388.705,4399.515
1786455600000,4399.525,4401.775,4398.085,4399.595
1786455900000,4399.895,4403.945,4392.415,4394.675
1786456200000,4395.005,4396.495,4384.245,4387.035
1786456500000,4387.065,4394.485,4386.565,4388.965
1786456800000,4388.965,4389.735,4380.965,4384.775
1786457100000,4384.965,4386.905,4382.475,4384.365
1786457400000,4384.355,4387.005,4381.885,4386.855
1786457700000,4386.825,4390.115,4382.505,4385.505
1786458000000,4385.435,4389.335,4381.365,4384.245
1786458300000,4384.155,4387.665,4381.725,4383.875
1786458600000,4383.875,4390.775,4383.875,4390.485
1786458900000,4390.455,4392.895,4389.135,4391.745
1786459200000,4391.415,4395.115,4390.535,4393.225
1786459500000,4393.255,4395.855,4392.435,4393.355
1786459800000,4393.395,4395.275,4391.625,4395.035
1786460100000,4395.095,4397.865,4392.775,4393.935
1786460400000,4394.035,4398.665,4392.955,4396.695
1786460700000,4396.705,4397.205,4389.745,4391.015
1786461000000,4390.905,4395.735,4389.075,4392.095
1786461300000,4391.985,4392.055,4381.945,4386.115
1786461600000,4386.125,4389.575,4383.215,4383.765
1786461900000,4383.775,4387.545,4381.855,4386.575
1786462200000,4386.635,4386.865,4376.375,4377.605
1786462500000,4377.745,4379.145,4371.475,4371.485
1786462800000,4371.375,4376.095,4368.855,4375.815
1786463100000,4375.775,4377.875,4374.875,4375.985
1786463400000,4376.015,4380.415,4375.205,4380.315
1786463700000,4380.265,4383.705,4379.535,4383.655
1786464000000,4383.665,4384.705,4380.285,4380.715
1786464300000,4380.845,4381.395,4378.535,4380.015
1786464600000,4380.085,4381.485,4378.415,4379.295
1786464900000,4379.415,4381.165,4378.245,4378.515
1786465200000,4378.365,4382.755,4378.265,4381.275
1786465500000,4381.365,4383.305,4380.395,4382.845
1786465800000,4382.845,4382.915,4379.105,4382.255
1786466100000,4382.215,4384.795,4382.075,4383.795
1786466400000,4383.795,4385.625,4382.795,4384.635
1786466700000,4384.635,4385.325,4381.955,4382.615
1786467000000,4382.635,4383.085,4380.875,4382.005
1786467300000,4382.115,4385.025,4381.625,4383.155
1786467600000,4383.265,4385.345,4382.255,4383.435
1786467900000,4383.475,4385.665,4381.515,4384.525
1786468200000,4384.375,4384.505,4380.945,4380.945
1786468500000,4381.025,4383.615,4379.915,4383.085
1786468800000,4383.025,4384.165,4379.685,4380.885
1786469100000,4380.865,4383.305,4378.805,4381.105
1786469400000,4381.095,4381.835,4375.945,4376.595
1786469700000,4376.565,4377.185,4374.085,4376.785
1786470000000,4376.815,4378.165,4375.985,4376.045
1786470300000,4375.915,4377.475,4374.745,4376.275
1786470600000,4376.285,4376.705,4372.625,4372.625
1786470900000,4372.755,4373.295,4368.685,4369.065
1786471200000,4369.165,4369.165,4363.395,4364.995
1786471500000,4364.995,4366.685,4360.795,4361.295
1786471800000,4361.265,4364.025,4360.095,4363.635
1786472100000,4363.495,4367.235,4363.435,4366.605
1786472400000,4366.715,4366.715,4361.805,4364.095
1786472700000,4364.125,4365.425,4360.255,4361.125
1786473000000,4361.145,4367.825,4360.985,4367.535
1786473300000,4367.515,4370.995,4367.245,4370.505
1786473600000,4370.335,4371.645,4368.625,4370.895
1786473900000,4370.895,4372.525,4370.645,4371.265
1786474200000,4371.285,4372.195,4371.165,4371.585
1786474500000,4371.525,4371.785,4369.895,4371.325
1786474800000,4371.285,4372.075,4366.655,4366.785
1786475100000,4366.865,4366.895,4363.295,4364.555
1786475400000,4364.605,4367.235,4363.245,4363.735
1786475700000,4363.735,4364.535,4361.155,4362.715
1786476000000,4362.715,4368.975,4361.965,4368.555
1786476300000,4368.555,4370.695,4366.905,4370.165
1786476600000,4370.395,4374.085,4370.125,4371.125
1786476900000,4371.125,4371.455,4368.195,4370.405
1786477200000,4370.375,4370.385,4366.195,4367.345
1786477500000,4367.435,4370.345,4366.405,4369.845
1786477800000,4369.785,4370.465,4366.115,4369.395
1786478100000,4369.145,4373.225,4369.065,4370.705
1786478400000,4370.595,4370.915,4368.395,4369.605
1786478700000,4369.735,4370.825,4368.835,4370.345
1786479000000,4370.075,4370.955,4369.955,4370.165
1786479300000,4370.185,4370.225,4367.655,4368.045
1786479600000,4368.015,4369.645,4367.455,4369.645
1786479900000,4369.755,4370.915,4368.955,4369.985
1786480200000,4370.095,4370.235,4369.135,4369.485
1786480500000,4369.565,4369.645,4368.585,4369.265
1786480800000,4369.125,4369.125,4367.235,4367.365
1786481100000,4367.235,4367.595,4366.745,4367.185
1786481400000,4367.285,4367.705,4366.825,4367.465
1786481700000,4367.625,4369.215,4365.425,4368.655
1786482000000,4368.655,4368.655,4368.655,4368.655
1786482300000,4368.655,4368.655,4368.655,4368.655
1786482600000,4368.655,4368.655,4368.655,4368.655
1786482900000,4368.655,4368.655,4368.655,4368.655
1786483200000,4368.655,4368.655,4368.655,4368.655
1786483500000,4368.655,4368.655,4368.655,4368.655
1786483800000,4368.655,4368.655,4368.655,4368.655
1786484100000,4368.655,4368.655,4368.655,4368.655
1786484400000,4368.655,4368.655,4368.655,4368.655
1786484700000,4368.655,4368.655,4368.655,4368.655
1786485000000,4368.655,4368.655,4368.655,4368.655
1786485300000,4368.655,4368.655,4368.655,4368.655
1786485600000,4369.565,4372.985,4368.155,4372.255
1786485900000,4372.145,4374.455,4371.725,4374.115
1786486200000,4374.065,4375.415,4373.665,4373.855
1786486500000,4373.605,4375.125,4373.085,4374.525
1786486800000,4374.985,4376.685,4374.395,4376.015
1786487100000,4376.165,4377.015,4374.295,4376.355
1786487400000,4376.255,4377.945,4375.925,4376.715
1786487700000,4376.705,4377.325,4375.445,4376.075
1786488000000,4376.295,4376.465,4374.525,4375.885
1786488300000,4376.035,4378.145,4373.665,4374.695
1786488600000,4374.465,4375.345,4370.605,4373.575
1786488900000,4373.805,4374.645,4366.765,4367.975
1786489200000,4368.445,4368.525,4362.305,4363.585
1786489500000,4363.415,4368.635,4361.495,4363.635
1786489800000,4363.795,4369.485,4363.795,4366.195
1786490100000,4365.945,4371.725,4364.715,4370.675
1786490400000,4370.915,4374.235,4370.915,4372.645
1786490700000,4372.475,4373.905,4367.715,4372.525
1786491000000,4372.425,4372.555,4366.085,4367.935
1786491300000,4367.955,4368.145,4366.675,4367.115
1786491600000,4366.965,4367.885,4366.615,4367.345
1786491900000,4367.195,4369.725,4367.195,4367.855
1786492200000,4368.345,4369.675,4367.725,4369.675
1786492500000,4369.555,4371.585,4369.375,4371.165
1786492800000,4371.255,4371.435,4366.065,4368.495
1786493100000,4368.365,4370.845,4367.565,4370.735
1786493400000,4370.625,4379.175,4370.085,4377.995
1786493700000,4377.785,4379.505,4373.665,4379.485
1786494000000,4379.335,4380.085,4377.355,4378.255
1786494300000,4378.485,4380.865,4377.365,4380.315
1786494600000,4380.445,4382.895,4378.735,4380.995
1786494900000,4380.775,4383.265,4380.375,4380.945
1786495200000,4381.065,4383.045,4380.615,4382.365
1786495500000,4382.585,4382.955,4380.625,4380.925
1786495800000,4381.085,4381.755,4377.865,4377.955
1786496100000,4378.105,4381.365,4377.355,4380.285
1786496400000,4380.555,4385.085,4377.905,4384.305
1786496700000,4384.295,4387.445,4381.895,4387.075
1786497000000,4386.945,4390.385,4386.565,4389.835
1786497300000,4389.725,4391.655,4386.325,4391.085
1786497600000,4391.265,4393.895,4388.935,4390.385
1786497900000,4390.225,4391.845,4389.415,4390.215
1786498200000,4390.425,4390.975,4385.725,4386.665
1786498500000,4386.795,4391.105,4385.015,4387.205
1786498800000,4387.205,4393.045,4386.775,4392.875
1786499100000,4392.865,4395.905,4390.695,4395.025
1786499400000,4394.885,4397.225,4394.575,4394.695
1786499700000,4395.005,4396.935,4392.945,4396.065
1786500000000,4396.275,4396.645,4393.725,4396.235
1786500300000,4396.405,4397.775,4394.895,4396.895
1786500600000,4396.855,4404.465,4396.755,4401.445
1786500900000,4401.445,4402.815,4399.075,4401.465
1786501200000,4401.465,4403.335,4400.625,4401.995
1786501500000,4402.145,4402.995,4400.745,4401.785
1786501800000,4401.955,4403.255,4397.745,4398.205
1786502100000,4398.365,4399.735,4397.375,4399.015
1786502400000,4399.545,4408.045,4398.825,4405.275
1786502700000,4405.175,4411.015,4405.025,4409.495
1786503000000,4409.605,4414.225,4409.145,4413.165
1786503300000,4413.225,4413.415,4410.545,4410.905
1786503600000,4410.755,4413.925,4408.265,4409.445
1786503900000,4409.445,4415.445,4408.175,4412.975
1786504200000,4413.045,4414.435,4410.015,4410.135
1786504500000,4410.315,4410.515,4406.105,4406.905
1786504800000,4406.685,4407.255,4404.145,4406.385
1786505100000,4406.495,4407.965,4405.665,4407.135
1786505400000,4407.035,4408.475,4404.615,4405.435
1786505700000,4405.255,4406.275,4403.355,4403.725
1786506000000,4403.725,4403.925,4400.955,4401.125
1786506300000,4401.025,4402.935,4400.915,4402.335
1786506600000,4402.445,4403.475,4400.375,4401.805
1786506900000,4401.805,4402.505,4400.745,4401.845
1786507200000,4401.805,4402.965,4401.145,4402.765
1786507500000,4402.735,4402.935,4399.315,4399.785
1786507800000,4399.535,4399.935,4396.185,4397.355
1786508100000,4397.205,4397.205,4395.105,4396.075
1786508400000,4396.075,4398.375,4395.965,4397.305
1786508700000,4397.305,4398.865,4397.065,4398.555
1786509000000,4398.635,4398.995,4396.825,4398.525
1786509300000,4398.535,4399.695,4397.465,4398.695
1786509600000,4398.705,4399.755,4395.025,4399.535
1786509900000,4399.595,4402.205,4399.075,4401.275
1786510200000,4401.135,4401.645,4399.385,4399.465
1786510500000,4399.285,4401.025,4398.905,4400.755
1786510800000,4400.895,4402.005,4399.765,4401.425
1786511100000,4401.555,4404.425,4400.625,4404.365
1786511400000,4404.285,4404.785,4400.345,4400.565
1786511700000,4400.465,4400.665,4396.665,4398.205
1786512000000,4398.315,4398.715,4392.155,4393.835
1786512300000,4393.825,4395.655,4392.225,4392.225
1786512600000,4391.685,4396.885,4388.895,4392.265
1786512900000,4392.125,4394.745,4390.345,4393.425
1786513200000,4393.425,4394.215,4387.505,4387.665
1786513500000,4387.715,4388.745,4384.895,4385.035
1786513800000,4385.145,4388.725,4383.635,4388.485
1786514100000,4388.385,4393.855,4388.005,4390.805
1786514400000,4390.725,4392.535,4387.095,4387.605
1786514700000,4387.605,4388.295,4384.985,4386.105
1786515000000,4385.925,4388.095,4384.825,4386.825
1786515300000,4386.805,4390.175,4385.375,4388.955
1786515600000,4388.955,4390.215,4387.615,4388.755
1786515900000,4388.755,4389.785,4386.675,4389.375
1786516200000,4389.485,4390.025,4388.045,4389.165
1786516500000,4389.425,4394.675,4388.225,4393.565
1786516800000,4393.465,4397.025,4393.155,4394.235
1786517100000,4394.235,4400.605,4394.225,4399.885
1786517400000,4399.885,4402.875,4399.465,4400.935
1786517700000,4400.935,4406.135,4400.935,4403.045
1786518000000,4402.935,4405.765,4400.805,4401.005
1786518300000,4401.065,4402.995,4400.695,4402.045
1786518600000,4402.095,4405.775,4401.165,4401.345
1786518900000,4401.455,4401.455,4398.395,4399.025
1786519200000,4399.005,4400.285,4397.985,4399.795
1786519500000,4399.935,4402.725,4399.435,4402.335
1786519800000,4402.335,4405.485,4401.265,4403.715
1786520100000,4403.715,4407.285,4403.195,4407.285
1786520400000,4407.235,4408.265,4405.585,4407.635
1786520700000,4407.605,4409.635,4405.805,4408.595
1786521000000,4408.495,4409.875,4407.445,4408.545
1786521300000,4408.605,4408.765,4404.465,4406.035
1786521600000,4406.065,4410.075,4405.615,4408.405
1786521900000,4408.385,4410.285,4407.085,4407.155
1786522200000,4407.265,4409.205,4407.165,4408.355
1786522500000,4408.195,4408.435,4406.325,4407.145
1786522800000,4407.105,4409.245,4407.085,4408.095
1786523100000,4408.055,4408.335,4405.445,4406.875
1786523400000,4406.865,4407.395,4404.865,4405.525
1786523700000,4405.635,4406.365,4404.565,4405.775
1786524000000,4405.785,4406.095,4404.315,4405.865
1786524300000,4405.795,4405.795,4402.565,4404.055
1786524600000,4403.995,4404.875,4403.005,4403.115
1786524900000,4403.115,4403.495,4401.535,4401.665
1786525200000,4401.805,4407.855,4401.685,4407.185
1786525500000,4407.205,4408.705,4406.545,4408.595
1786525800000,4408.575,4412.945,4407.795,4412.765
1786526100000,4412.925,4417.665,4412.215,4415.325
1786526400000,4415.325,4423.985,4413.125,4423.425
1786526700000,4423.305,4423.305,4412.745,4412.905
1786527000000,4412.875,4415.715,4411.705,4413.925
1786527300000,4414.095,4416.165,4412.485,4415.825
1786527600000,4415.735,4416.815,4413.035,4413.525
1786527900000,4413.505,4414.295,4412.205,4412.685
1786528200000,4412.915,4416.325,4410.515,4411.625
1786528500000,4411.685,4416.225,4411.295,4415.525
1786528800000,4415.665,4416.185,4414.395,4414.805
1786529100000,4414.855,4419.035,4414.855,4417.805
1786529400000,4417.785,4419.205,4416.985,4417.735
1786529700000,4417.995,4419.645,4417.285,4419.305
1786530000000,4419.245,4420.185,4418.515,4418.935
1786530300000,4418.995,4420.825,4417.845,4419.455
1786530600000,4419.165,4419.595,4416.795,4416.945
1786530900000,4416.925,4416.925,4412.625,4413.745
1786531200000,4413.815,4414.975,4413.015,4414.605
1786531500000,4414.505,4415.575,4406.805,4409.175
1786531800000,4409.185,4410.875,4408.005,4410.425
1786532100000,4410.485,4412.575,4409.575,4412.545
1786532400000,4412.615,4415.105,4410.585,4410.915
1786532700000,4411.075,4411.495,4408.995,4410.435
1786533000000,4410.465,4411.115,4407.725,4407.725
1786533300000,4407.725,4410.085,4407.725,4410.055
1786533600000,4410.055,4411.425,4409.695,4410.685
1786533900000,4410.625,4416.615,4409.735,4414.935
1786534200000,4414.945,4415.795,4412.745,4413.155
1786534500000,4413.025,4413.645,4410.015,4411.465
1786534800000,4411.465,4413.725,4411.395,4413.135
1786535100000,4413.105,4414.095,4412.145,4413.235
1786535400000,4413.265,4414.225,4412.555,4414.055
1786535700000,4414.015,4415.315,4412.315,4412.655
1786536000000,4412.525,4412.915,4407.695,4408.485
1786536300000,4408.395,4409.165,4406.635,4407.125
1786536600000,4407.045,4409.225,4406.115,4408.515
1786536900000,4408.395,4408.915,4406.375,4408.075
1786537200000,4408.275,4409.465,4404.765,4406.465
1786537500000,4406.345,4426.235,4404.355,4426.235
1786537800000,4426.795,4431.605,4381.295,4424.905
1786538100000,4424.835,4429.805,4415.425,4428.675
1786538400000,4428.805,4438.105,4423.515,4428.425
1786538700000,4428.415,4428.415,4416.095,4421.355
1786539000000,4421.455,4428.565,4420.855,4427.505
1786539300000,4427.545,4438.105,4426.275,4437.285
1786539600000,4437.105,4441.245,4426.205,4432.025
1786539900000,4432.045,4434.225,4427.475,4429.635
1786540200000,4429.775,4430.575,4420.445,4421.795
1786540500000,4421.695,4428.885,4420.885,4424.025
1786540800000,4424.055,4427.505,4416.745,4416.745
1786541100000,4416.705,4419.275,4414.465,4418.185
1786541400000,4418.335,4420.685,4412.335,4413.665
1786541700000,4413.705,4419.805,4410.045,4411.655
1786542000000,4411.655,4420.125,4408.245,4416.415
1786542300000,4416.325,4428.025,4415.235,4427.835
1786542600000,4427.795,4433.745,4426.005,4432.195
1786542900000,4432.365,4432.725,4426.835,4427.255
1786543200000,4427.605,4428.805,4420.855,4426.505
1786543500000,4426.545,4429.805,4426.005,4429.375
1786543800000,4429.425,4434.735,4429.085,4431.675
1786544100000,4431.695,4437.355,4429.535,4436.155
1786544400000,4436.105,4439.495,4433.645,4436.215
1786544700000,4436.155,4437.035,4430.145,4431.355
1786545000000,4431.355,4435.815,4418.955,4420.535
1786545300000,4420.645,4423.155,4416.195,4418.145
1786545600000,4418.135,4425.255,4416.905,4424.755
1786545900000,4424.815,4432.395,4420.005,4422.095
1786546200000,4421.975,4424.205,4416.345,4422.515
1786546500000,4422.565,4423.785,4418.755,4421.875
1786546800000,4421.855,4423.315,4415.045,4415.945
1786547100000,4415.895,4423.125,4414.635,4421.335
1786547400000,4421.335,4429.795,4420.405,4426.435
1786547700000,4426.335,4426.815,4421.725,4424.125
1786548000000,4424.275,4427.805,4423.685,4426.065
1786548300000,4426.065,4426.235,4419.355,4421.105
1786548600000,4421.195,4425.225,4418.255,4418.715
1786548900000,4418.865,4421.045,4416.545,4420.795
1786549200000,4420.625,4421.705,4416.785,4418.095
1786549500000,4418.205,4418.395,4414.155,4415.655
1786549800000,4415.655,4416.605,4410.745,4416.505
1786550100000,4416.395,4422.155,4416.215,4420.895
1786550400000,4420.935,4425.565,4417.995,4420.295
1786550700000,4420.235,4422.145,4417.765,4419.205
1786551000000,4419.485,4423.975,4416.785,4423.225
1786551300000,4423.325,4426.115,4422.405,4425.055
1786551600000,4425.175,4426.445,4423.415,4425.985
1786551900000,4425.985,4426.265,4422.105,4422.905
1786552200000,4423.005,4423.755,4412.985,4413.025
1786552500000,4413.005,4415.815,4411.115,4413.655
1786552800000,4413.645,4415.415,4409.105,4410.745
1786553100000,4410.745,4411.175,4401.875,4402.355
1786553400000,4402.235,4405.935,4401.835,4405.145
1786553700000,4405.245,4405.245,4396.295,4401.355
1786554000000,4401.355,4405.215,4399.655,4402.845
1786554300000,4402.755,4407.445,4402.065,4406.225
1786554600000,4406.225,4406.515,4403.035,4403.505
1786554900000,4403.675,4404.265,4401.695,4403.265
1786555200000,4403.445,4409.685,4402.575,4407.525
1786555500000,4407.645,4409.095,4405.185,4406.395
1786555800000,4406.515,4410.485,4405.855,4410.115
1786556100000,4409.975,4411.275,4404.655,4405.665
1786556400000,4405.495,4405.495,4401.145,4401.935
1786556700000,4401.935,4403.855,4401.455,4402.925
1786557000000,4403.055,4405.405,4399.595,4400.015
1786557300000,4400.225,4401.675,4398.815,4399.245
1786557600000,4398.965,4399.325,4395.975,4398.735
1786557900000,4398.705,4404.115,4398.275,4403.985
1786558200000,4404.095,4406.515,4404.095,4405.585
1786558500000,4405.585,4408.025,4404.255,4407.795
1786558800000,4407.825,4410.585,4407.115,4410.425
1786559100000,4410.405,4410.985,4407.055,4408.275
1786559400000,4408.195,4412.955,4407.675,4412.225
1786559700000,4412.255,4412.925,4410.265,4410.825
1786560000000,4410.725,4413.495,4410.235,4413.365
1786560300000,4413.325,4417.795,4413.155,4417.075
1786560600000,4416.985,4417.095,4413.245,4413.555
1786560900000,4413.555,4413.975,4412.545,4412.765
1786561200000,4412.865,4416.915,4412.635,4416.515
1786561500000,4416.465,4418.285,4414.805,4415.895
1786561800000,4415.735,4416.735,4415.335,4416.205
1786562100000,4416.205,4417.845,4415.745,4417.255
1786562400000,4417.255,4417.655,4415.955,4416.245
1786562700000,4416.195,4417.345,4415.515,4416.475
1786563000000,4416.515,4416.565,4413.125,4413.545
1786563300000,4413.515,4414.115,4411.155,4411.595
1786563600000,4411.765,4413.185,4411.045,4412.975
1786563900000,4412.905,4413.355,4408.085,4409.435
1786564200000,4409.565,4413.025,4409.505,4411.205
1786564500000,4411.205,4413.975,4410.715,4413.765
1786564800000,4413.735,4414.115,4410.835,4410.955
1786565100000,4410.885,4411.835,4409.895,4410.305
1786565400000,4410.375,4410.675,4408.565,4408.775
1786565700000,4408.625,4409.615,4406.985,4406.985
1786566000000,4407.085,4407.895,4406.515,4407.765
1786566300000,4407.605,4408.535,4407.015,4407.535
1786566600000,4407.495,4407.735,4406.615,4406.935
1786566900000,4407.025,4408.505,4406.565,4407.845
1786567200000,4407.885,4408.485,4407.185,4407.715
1786567500000,4407.715,4408.565,4406.745,4408.075
1786567800000,4408.195,4408.575,4406.365,4407.185
1786568100000,4407.355,4408.795,4407.275,4407.875
1786568400000,4407.875,4407.875,4407.875,4407.875
1786568700000,4407.875,4407.875,4407.875,4407.875
1786569000000,4407.875,4407.875,4407.875,4407.875
1786569300000,4407.875,4407.875,4407.875,4407.875
1786569600000,4407.875,4407.875,4407.875,4407.875
1786569900000,4407.875,4407.875,4407.875,4407.875
1786570200000,4407.875,4407.875,4407.875,4407.875
1786570500000,4407.875,4407.875,4407.875,4407.875
1786570800000,4407.875,4407.875,4407.875,4407.875
1786571100000,4407.875,4407.875,4407.875,4407.875
1786571400000,4407.875,4407.875,4407.875,4407.875
1786571700000,4407.875,4407.875,4407.875,4407.875
1786572000000,4408.145,4410.515,4404.715,4404.885
1786572300000,4404.755,4405.085,4402.425,4403.775
1786572600000,4403.615,4404.075,4402.295,4402.895
1786572900000,4403.015,4403.125,4401.205,4402.125
1786573200000,4401.905,4402.715,4401.375,4401.925
1786573500000,4401.915,4402.725,4398.065,4399.155
1786573800000,4399.245,4401.725,4398.605,4400.175
1786574100000,4400.295,4400.985,4398.205,4399.295
1786574400000,4399.145,4400.125,4398.935,4399.835
1786574700000,4399.725,4401.065,4399.505,4400.135
1786575000000,4400.315,4401.855,4400.255,4401.845
1786575300000,4402.045,4402.925,4400.505,4401.055
1786575600000,4400.455,4403.315,4400.455,4402.535
1786575900000,4402.455,4404.155,4402.075,4404.125
1786576200000,4404.035,4405.915,4404.035,4405.315
1786576500000,4405.475,4407.905,4405.375,4406.995
1786576800000,4406.885,4408.265,4406.885,4407.955
1786577100000,4407.855,4409.605,4407.105,4408.095
1786577400000,4408.115,4410.125,4407.905,4408.455
1786577700000,4408.585,4409.255,4407.525,4407.895
1786578000000,4408.005,4409.005,4406.935,4408.235
1786578300000,4408.385,4409.645,4407.745,4408.305
1786578600000,4408.185,4411.005,4407.625,4410.815
1786578900000,4410.695,4414.545,4410.455,4414.105
1786579200000,4413.995,4419.015,4412.625,4416.015
1786579500000,4415.905,4421.885,4415.255,4420.875
1786579800000,4420.985,4421.075,4418.275,4418.715
1786580100000,4418.825,4429.115,4418.755,4428.165
1786580400000,4428.245,4437.235,4427.805,4433.585
1786580700000,4433.705,4433.985,4426.615,4428.125
1786581000000,4427.945,4449.455,4424.245,4443.855
1786581300000,4443.725,4445.055,4436.675,4436.965
1786581600000,4436.795,4440.015,4436.565,4439.475
1786581900000,4439.375,4439.955,4428.835,4429.385
1786582200000,4429.245,4432.195,4427.955,4430.995
1786582500000,4431.295,4431.295,4423.645,4427.005
1786582800000,4427.525,4433.825,4422.485,4433.255
1786583100000,4433.005,4435.135,4430.405,4434.335
1786583400000,4433.895,4434.745,4428.245,4429.625
1786583700000,4429.635,4435.025,4426.445,4426.745
1786584000000,4426.945,4427.255,4418.775,4420.785
1786584300000,4420.885,4423.225,4418.755,4418.975
1786584600000,4418.945,4428.755,4418.695,4428.005
1786584900000,4428.005,4429.605,4423.985,4424.155
1786585200000,4423.845,4423.845,4417.565,4418.985
1786585500000,4418.985,4419.135,4410.105,4412.375
1786585800000,4412.305,4415.285,4409.145,4415.285
1786586100000,4415.125,4416.015,4405.795,4408.145
1786586400000,4408.045,4409.795,4405.525,4407.835
1786586700000,4407.825,4413.185,4405.165,4412.795
1786587000000,4412.545,4413.935,4409.825,4410.225
1786587300000,4410.295,4411.675,4409.645,4411.365
1786587600000,4411.465,4412.275,4405.455,4406.195
1786587900000,4406.095,4408.615,4405.905,4406.025
1786588200000,4406.185,4406.185,4400.265,4402.425
1786588500000,4402.595,4408.745,4398.545,4408.585
1786588800000,4408.525,4409.985,4405.785,4409.985
1786589100000,4409.985,4410.225,4407.015,4409.775
1786589400000,4409.695,4410.325,4405.125,4405.175
1786589700000,4405.285,4408.055,4405.225,4406.725
1786590000000,4406.715,4411.545,4406.435,4410.645
1786590300000,4410.745,4412.025,4407.695,4407.705
1786590600000,4407.695,4409.265,4403.805,4406.735
1786590900000,4406.675,4409.895,4405.245,4408.635
1786591200000,4408.525,4409.275,4406.665,4408.925
1786591500000,4408.975,4409.905,4407.325,4409.055
1786591800000,4408.865,4410.105,4408.655,4409.465
1786592100000,4409.475,4410.255,4408.415,4408.975
1786592400000,4408.975,4409.165,4405.235,4405.515
1786592700000,4405.515,4407.555,4404.705,4405.205
1786593000000,4405.015,4405.745,4402.165,4403.065
1786593300000,4402.995,4403.115,4398.445,4400.095
1786593600000,4399.945,4400.155,4394.535,4395.725
1786593900000,4395.845,4397.145,4394.845,4395.795
1786594200000,4395.615,4395.865,4391.375,4394.275
1786594500000,4394.395,4395.555,4393.065,4394.445
1786594800000,4394.425,4397.775,4392.185,4397.195
1786595100000,4397.245,4399.105,4396.865,4397.945
1786595400000,4397.775,4399.295,4397.265,4398.585
1786595700000,4398.535,4399.075,4396.975,4397.315
1786596000000,4397.355,4399.115,4394.875,4395.655
1786596300000,4395.515,4398.635,4395.435,4395.435
1786596600000,4395.415,4397.335,4395.015,4396.275
1786596900000,4396.375,4398.245,4395.935,4397.475
1786597200000,4397.475,4397.665,4392.935,4394.465
1786597500000,4394.425,4397.385,4394.005,4396.455
1786597800000,4396.645,4404.625,4395.015,4404.285
1786598100000,4404.335,4405.265,4400.575,4401.325
1786598400000,4401.165,4403.435,4400.775,4402.635
1786598700000,4402.695,4407.125,4402.385,4406.075
1786599000000,4406.475,4406.975,4393.065,4397.185
1786599300000,4397.235,4399.645,4396.615,4399.335
1786599600000,4399.305,4400.645,4385.925,4387.375
1786599900000,4387.355,4389.105,4382.965,4386.945
1786600200000,4387.215,4389.135,4384.015,4384.235
1786600500000,4384.175,4386.135,4380.325,4382.905
1786600800000,4382.885,4385.365,4376.055,4377.855
1786601100000,4378.035,4379.595,4375.165,4379.095
1786601400000,4379.105,4380.505,4374.675,4375.645
1786601700000,4375.655,4378.265,4374.865,4375.225
1786602000000,4374.945,4378.285,4373.855,4378.285
1786602300000,4378.405,4378.645,4374.245,4375.715
1786602600000,4375.445,4378.265,4369.695,4371.765
1786602900000,4371.775,4372.485,4368.695,4371.225
1786603200000,4371.585,4374.495,4371.255,4374.055
1786603500000,4374.055,4378.975,4373.915,4378.535
1786603800000,4378.185,4380.215,4378.115,4379.905
1786604100000,4380.025,4381.515,4379.445,4380.735
1786604400000,4380.425,4381.655,4378.235,4379.555
1786604700000,4379.675,4380.585,4377.215,4378.145
1786605000000,4378.145,4378.775,4374.955,4376.705
1786605300000,4376.915,4377.515,4373.675,4373.805
1786605600000,4373.805,4376.655,4373.575,4376.295
1786605900000,4376.405,4377.215,4374.405,4376.255
1786606200000,4376.195,4377.145,4372.045,4373.145
1786606500000,4373.295,4376.515,4372.195,4374.275
1786606800000,4374.455,4378.565,4373.665,4378.335
1786607100000,4378.445,4378.725,4371.075,4371.605
1786607400000,4371.505,4373.635,4369.745,4372.805
1786607700000,4372.865,4372.965,4369.155,4369.795
1786608000000,4369.635,4370.405,4365.705,4366.945
1786608300000,4366.975,4369.715,4365.675,4365.675
1786608600000,4365.655,4367.795,4363.905,4365.845
1786608900000,4365.845,4367.875,4365.145,4365.305
1786609200000,4365.325,4370.575,4364.765,4369.805
1786609500000,4369.835,4373.515,4369.465,4372.655
1786609800000,4372.655,4375.575,4371.785,4374.455
1786610100000,4374.465,4375.525,4373.325,4373.465
1786610400000,4373.355,4375.205,4373.215,4373.455
1786610700000,4373.385,4378.975,4373.285,4378.455
1786611000000,4378.415,4379.085,4374.825,4375.845
1786611300000,4375.955,4377.055,4374.925,4375.735
1786611600000,4375.805,4376.785,4373.385,4374.065
1786611900000,4374.065,4377.955,4372.375,4376.955
1786612200000,4376.955,4378.265,4376.265,4376.795
1786612500000,4376.655,4380.915,4376.125,4380.385
1786612800000,4380.205,4381.875,4377.905,4378.385
1786613100000,4378.435,4382.215,4378.435,4379.785
1786613400000,4379.805,4381.215,4379.525,4380.705
1786613700000,4380.695,4381.525,4380.025,4380.865
1786614000000,4380.895,4381.605,4378.655,4379.845
1786614300000,4379.855,4380.465,4378.275,4379.355
1786614600000,4379.425,4380.935,4378.705,4380.135
1786614900000,4380.255,4384.715,4379.805,4384.445
1786615200000,4384.575,4385.175,4383.265,4384.345
1786615500000,4384.325,4385.155,4383.675,4383.925
1786615800000,4383.945,4384.595,4381.185,4381.345
1786616100000,4381.585,4385.705,4381.525,4385.015
1786616400000,4384.975,4386.325,4383.695,4384.555
1786616700000,4384.555,4387.395,4384.435,4386.935
1786617000000,4386.895,4387.615,4384.375,4385.155
1786617300000,4385.255,4388.965,4385.205,4388.515
1786617600000,4388.455,4390.485,4387.805,4390.485
1786617900000,4390.485,4390.505,4388.055,4390.105
1786618200000,4390.245,4393.685,4389.925,4392.435
1786618500000,4392.505,4392.865,4390.865,4391.955
1786618800000,4391.865,4392.845,4388.265,4389.085
1786619100000,4388.845,4391.495,4388.845,4390.555
1786619400000,4390.505,4394.245,4390.075,4394.175
1786619700000,4394.175,4396.475,4392.555,4393.165
1786620000000,4393.065,4394.105,4391.045,4392.285
1786620300000,4392.685,4392.975,4387.855,4387.855
1786620600000,4388.005,4389.135,4386.635,4388.405
1786620900000,4388.405,4389.615,4387.685,4388.885
1786621200000,4388.875,4388.875,4383.645,4383.925
1786621500000,4383.925,4385.655,4383.005,4384.515
1786621800000,4384.475,4385.155,4382.715,4384.265
1786622100000,4384.505,4388.005,4382.995,4387.435
1786622400000,4387.555,4387.955,4385.605,4386.895
1786622700000,4387.185,4391.505,4385.875,4390.575
1786623000000,4390.325,4390.695,4387.815,4388.865
1786623300000,4389.045,4389.415,4384.565,4386.355
1786623600000,4386.535,4389.825,4384.225,4385.475
1786623900000,4385.365,4392.415,4383.955,4390.645
1786624200000,4390.645,4401.045,4380.575,4391.735
1786624500000,4391.845,4392.535,4386.185,4390.065
1786624800000,4390.095,4394.045,4385.815,4391.955
1786625100000,4392.005,4397.155,4391.525,4394.665
1786625400000,4394.685,4396.725,4392.595,4394.655
1786625700000,4394.655,4401.765,4392.765,4401.615
1786626000000,4401.555,4401.965,4391.385,4393.845
1786626300000,4393.895,4397.715,4391.975,4393.155
1786626600000,4393.235,4394.535,4390.765,4393.645
1786626900000,4393.695,4395.185,4390.435,4392.255
1786627200000,4392.125,4395.125,4388.425,4388.525
1786627500000,4388.395,4389.985,4383.805,4385.145
1786627800000,4384.915,4389.695,4376.795,4378.815
1786628100000,4378.715,4382.575,4375.015,4382.285
1786628400000,4382.195,4383.885,4376.195,4379.285
1786628700000,4379.395,4382.625,4375.535,4377.455
1786629000000,4377.405,4378.235,4370.585,4376.085
1786629300000,4376.095,4378.075,4371.885,4372.735
1786629600000,4372.785,4378.795,4369.695,4373.045
1786629900000,4373.045,4378.685,4367.965,4369.185
1786630200000,4369.135,4371.805,4366.485,4370.795
1786630500000,4370.795,4378.115,4368.955,4375.615
1786630800000,4375.485,4377.935,4370.565,4374.275
1786631100000,4374.275,4376.215,4367.425,4367.505
1786631400000,4367.655,4376.155,4352.755,4374.525
1786631700000,4374.485,4377.935,4371.805,4377.415
1786632000000,4377.545,4381.565,4376.415,4380.955
1786632300000,4381.065,4387.005,4380.885,4384.655
1786632600000,4384.505,4386.655,4382.315,4383.845
1786632900000,4383.735,4386.685,4383.005,4383.485
1786633200000,4383.685,4385.505,4377.775,4377.825
1786633500000,4377.855,4378.255,4368.695,4370.895
1786633800000,4370.895,4371.715,4368.005,4369.475
1786634100000,4369.525,4370.405,4363.315,4367.765
1786634400000,4367.765,4372.055,4366.285,4371.195
1786634700000,4371.315,4373.785,4363.425,4365.095
1786635000000,4365.055,4365.235,4356.995,4360.345
1786635300000,4360.455,4371.315,4360.135,4368.865
1786635600000,4368.865,4371.305,4367.855,4368.145
1786635900000,4368.225,4370.675,4367.955,4369.005
1786636200000,4368.985,4369.985,4365.365,4365.675
1786636500000,4365.735,4367.945,4363.105,4364.825
1786636800000,4364.895,4367.215,4362.555,4363.235
1786637100000,4363.215,4363.285,4358.225,4358.525
1786637400000,4358.325,4360.035,4353.705,4354.825
1786637700000,4354.885,4355.345,4350.925,4351.155
1786638000000,4351.185,4358.205,4350.925,4357.975
1786638300000,4357.775,4362.695,4356.545,4362.365
1786638600000,4362.395,4366.355,4362.365,4366.355
1786638900000,4366.375,4366.465,4362.735,4363.605
1786639200000,4363.605,4366.975,4363.055,4365.465
1786639500000,4365.475,4367.315,4365.475,4365.835
1786639800000,4365.845,4366.465,4363.855,4365.085
1786640100000,4365.105,4368.305,4365.045,4366.755
1786640400000,4366.855,4369.175,4364.785,4365.975
1786640700000,4365.965,4372.435,4365.965,4371.775
1786641000000,4371.815,4373.145,4370.785,4371.235
1786641300000,4371.305,4371.655,4365.875,4367.275
1786641600000,4367.325,4369.065,4366.765,4367.755
1786641900000,4367.735,4368.865,4362.095,4362.865
1786642200000,4362.685,4364.085,4359.735,4360.865
1786642500000,4360.945,4362.135,4359.625,4361.245
1786642800000,4361.225,4362.015,4355.415,4356.995
1786643100000,4356.985,4359.605,4356.985,4358.985
1786643400000,4359.005,4359.805,4357.055,4357.565
1786643700000,4357.435,4358.085,4355.425,4355.695
1786644000000,4355.725,4359.845,4355.605,4358.325
1786644300000,4358.255,4359.755,4357.015,4359.215
1786644600000,4359.215,4362.425,4357.805,4361.745
1786644900000,4361.755,4363.365,4360.565,4362.955
1786645200000,4362.845,4363.085,4355.895,4356.925
1786645500000,4356.875,4357.965,4354.475,4357.315
1786645800000,4357.315,4359.185,4356.095,4358.235
1786646100000,4358.295,4359.765,4357.435,4359.255
1786646400000,4359.165,4360.205,4357.105,4357.645
1786646700000,4357.705,4358.135,4356.285,4357.025
1786647000000,4357.165,4357.495,4354.395,4356.575
1786647300000,4356.805,4357.535,4356.305,4356.715
1786647600000,4356.835,4358.775,4355.795,4357.915
1786647900000,4357.945,4358.055,4352.825,4353.285
1786648200000,4353.255,4353.545,4346.115,4346.625
1786648500000,4346.625,4348.335,4343.365,4347.515
1786648800000,4347.555,4349.035,4346.155,4348.125
1786649100000,4348.285,4351.285,4348.005,4351.085
1786649400000,4351.095,4351.835,4349.505,4350.715
1786649700000,4350.715,4354.075,4350.425,4352.955
1786650000000,4352.905,4353.125,4350.565,4351.145
1786650300000,4351.265,4351.265,4347.335,4348.995
1786650600000,4348.955,4350.615,4348.435,4350.115
1786650900000,4350.185,4350.485,4347.795,4349.925
1786651200000,4349.915,4350.455,4346.715,4347.855
1786651500000,4347.815,4349.985,4347.665,4349.815
1786651800000,4349.495,4350.185,4349.145,4350.125
1786652100000,4350.105,4351.095,4349.775,4350.165
1786652400000,4350.055,4350.245,4349.015,4349.275
1786652700000,4349.385,4351.975,4349.155,4351.345
1786653000000,4351.225,4351.645,4347.755,4348.645
1786653300000,4348.755,4349.635,4348.125,4349.175
1786653600000,4349.035,4350.335,4347.845,4349.305
1786653900000,4349.075,4350.005,4348.835,4349.555
1786654200000,4349.685,4350.405,4348.235,4348.525
1786654500000,4348.675,4351.075,4347.495,4349.255
1786654800000,4349.255,4349.255,4349.255,4349.255
1786655100000,4349.255,4349.255,4349.255,4349.255
1786655400000,4349.255,4349.255,4349.255,4349.255
1786655700000,4349.255,4349.255,4349.255,4349.255
1786656000000,4349.255,4349.255,4349.255,4349.255
1786656300000,4349.255,4349.255,4349.255,4349.255
1786656600000,4349.255,4349.255,4349.255,4349.255
1786656900000,4349.255,4349.255,4349.255,4349.255
1786657200000,4349.255,4349.255,4349.255,4349.255
1786657500000,4349.255,4349.255,4349.255,4349.255
1786657800000,4349.255,4349.255,4349.255,4349.255
1786658100000,4349.255,4349.255,4349.255,4349.255
1786658400000,4351.215,4354.095,4350.145,4352.705
1786658700000,4352.605,4356.695,4352.525,4356.505
1786659000000,4356.645,4356.645,4353.455,4353.685
1786659300000,4353.935,4354.195,4352.385,4353.075
1786659600000,4352.915,4356.395,4352.835,4356.395
1786659900000,4356.525,4357.855,4355.855,4356.895
1786660200000,4356.855,4357.805,4355.355,4357.255
1786660500000,4357.065,4362.265,4357.015,4361.475
1786660800000,4361.645,4362.575,4359.185,4360.005
1786661100000,4360.115,4360.595,4354.275,4354.865
1786661400000,4355.475,4357.325,4353.765,4355.875
1786661700000,4356.005,4356.175,4352.105,4353.645
1786662000000,4354.065,4354.155,4348.065,4348.375
1786662300000,4348.305,4358.595,4348.305,4358.255
1786662600000,4358.325,4360.325,4354.215,4360.325
1786662900000,4360.215,4360.905,4356.695,4357.965
1786663200000,4357.805,4360.715,4356.605,4359.835
1786663500000,4360.025,4362.825,4359.425,4362.715
1786663800000,4363.155,4363.155,4360.225,4361.065
1786664100000,4360.965,4361.485,4359.705,4361.345
1786664400000,4361.455,4362.155,4358.175,4359.825
1786664700000,4360.055,4364.005,4358.975,4361.275
1786665000000,4361.485,4361.485,4356.915,4357.425
1786665300000,4357.535,4359.005,4356.035,4356.035
1786665600000,4355.855,4361.785,4355.115,4359.515
1786665900000,4359.635,4360.185,4353.495,4357.435
1786666200000,4357.335,4357.655,4350.045,4351.825
1786666500000,4351.895,4351.895,4347.675,4349.215
1786666800000,4349.075,4349.515,4345.435,4347.055
1786667100000,4346.905,4346.905,4339.275,4339.305
1786667400000,4339.175,4346.525,4336.715,4345.575
1786667700000,4345.465,4346.225,4334.315,4335.365
1786668000000,4335.255,4339.915,4334.155,4339.245
1786668300000,4339.355,4342.425,4328.915,4333.415
1786668600000,4333.995,4339.725,4333.195,4339.545
1786668900000,4339.285,4341.925,4337.685,4340.825
1786669200000,4340.755,4341.235,4328.915,4329.305
1786669500000,4329.455,4333.115,4327.465,4328.235
1786669800000,4328.085,4328.165,4321.805,4323.865
1786670100000,4323.915,4325.855,4317.395,4322.525
1786670400000,4322.455,4325.605,4315.605,4316.355
1786670700000,4316.225,4321.535,4314.755,4319.175
1786671000000,4319.265,4319.445,4313.055,4313.175
1786671300000,4313.145,4319.755,4312.855,4319.005
1786671600000,4319.305,4321.265,4318.485,4319.365
1786671900000,4319.475,4323.105,4313.665,4315.335
1786672200000,4315.345,4319.265,4312.015,4317.305
1786672500000,4317.295,4321.375,4315.955,4317.885
1786672800000,4317.995,4322.835,4315.335,4316.655
1786673100000,4316.555,4319.405,4315.725,4317.135
1786673400000,4316.865,4317.295,4310.375,4312.305
1786673700000,4312.205,4317.245,4312.205,4315.345
1786674000000,4315.315,4317.295,4314.685,4316.235
1786674300000,4315.925,4318.125,4312.425,4312.725
1786674600000,4312.715,4321.135,4310.635,4320.305
1786674900000,4320.415,4322.285,4317.895,4320.705
1786675200000,4320.575,4321.865,4317.755,4320.855
1786675500000,4320.805,4321.925,4313.905,4316.665
1786675800000,4316.655,4318.315,4314.795,4315.925
1786676100000,4315.925,4316.095,4312.305,4315.045
1786676400000,4315.525,4318.805,4313.415,4318.425
1786676700000,4318.565,4322.965,4318.565,4319.295
1786677000000,4319.175,4323.615,4318.295,4319.975
1786677300000,4320.075,4322.775,4319.605,4322.525
1786677600000,4322.405,4325.835,4322.175,4325.115
1786677900000,4324.995,4325.995,4324.165,4325.465
1786678200000,4325.595,4327.725,4324.875,4327.095
1786678500000,4326.985,4328.085,4325.205,4326.515
1786678800000,4326.625,4326.625,4325.015,4325.595
1786679100000,4325.495,4326.615,4325.335,4326.085
1786679400000,4326.135,4326.705,4323.875,4323.945
1786679700000,4324.075,4324.615,4323.255,4323.315
1786680000000,4323.345,4324.765,4322.425,4322.735
1786680300000,4322.925,4324.805,4322.475,4323.535
1786680600000,4323.745,4326.975,4323.065,4325.715
1786680900000,4325.695,4327.405,4325.255,4326.545
1786681200000,4326.375,4327.785,4325.805,4326.675
1786681500000,4326.725,4327.245,4324.835,4325.025
1786681800000,4325.035,4325.595,4323.065,4324.455
1786682100000,4324.605,4325.645,4323.925,4324.855
1786682400000,4324.965,4326.405,4324.635,4325.065
1786682700000,4324.945,4325.145,4323.755,4324.405
1786683000000,4324.275,4325.205,4323.505,4324.535
1786683300000,4324.655,4326.765,4324.235,4326.765
1786683600000,4326.905,4326.905,4323.455,4324.965
1786683900000,4324.935,4325.515,4319.625,4319.625
1786684200000,4319.685,4322.225,4319.275,4320.055
1786684500000,4320.265,4320.265,4317.755,4318.765
1786684800000,4318.655,4319.315,4316.825,4318.125
1786685100000,4318.095,4319.115,4317.275,4317.815
1786685400000,4317.925,4318.215,4310.895,4316.535
1786685700000,4316.625,4324.705,4316.495,4322.115
1786686000000,4322.015,4324.375,4317.255,4317.455
1786686300000,4317.615,4324.165,4317.225,4323.795
1786686600000,4323.715,4329.735,4323.505,4329.265
1786686900000,4329.375,4333.415,4328.805,4333.395
1786687200000,4333.375,4335.875,4331.475,4335.675
1786687500000,4335.535,4336.505,4329.455,4330.165
1786687800000,4330.285,4333.775,4329.205,4332.285
1786688100000,4332.265,4333.255,4331.075,4331.545
1786688400000,4331.655,4332.085,4328.205,4331.385
1786688700000,4331.505,4332.195,4328.975,4329.065
1786689000000,4329.055,4330.275,4328.125,4328.805
1786689300000,4328.955,4330.105,4327.885,4329.515
1786689600000,4329.655,4332.865,4327.765,4332.865
1786689900000,4332.975,4335.385,4332.535,4334.835
1786690200000,4334.835,4335.085,4333.155,4333.945
1786690500000,4333.825,4335.675,4333.485,4335.445
1786690800000,4335.245,4337.125,4332.645,4335.015
1786691100000,4335.045,4335.165,4333.285,4334.385
1786691400000,4334.485,4334.695,4330.945,4331.005
1786691700000,4331.205,4333.255,4330.995,4332.195
1786692000000,4332.245,4336.355,4329.505,4336.335
1786692300000,4336.225,4336.355,4331.655,4331.735
1786692600000,4331.765,4333.955,4331.445,4333.475
1786692900000,4333.435,4336.535,4333.255,4336.315
1786693200000,4336.315,4340.085,4336.055,4339.535
1786693500000,4339.515,4343.245,4339.245,4342.385
1786693800000,4342.385,4343.295,4341.355,4343.115
1786694100000,4343.115,4345.065,4341.505,4343.495
1786694400000,4343.555,4347.945,4342.005,4342.605
1786694700000,4342.525,4346.125,4341.715,4345.205
1786695000000,4345.025,4347.795,4344.015,4347.675
1786695300000,4347.585,4348.975,4345.845,4346.285
1786695600000,4346.245,4346.845,4343.365,4343.975
1786695900000,4343.955,4345.605,4343.595,4345.605
1786696200000,4345.545,4346.415,4344.035,4344.125
1786696500000,4344.315,4348.935,4344.195,4347.965
1786696800000,4347.975,4349.145,4343.355,4343.515
1786697100000,4343.505,4344.515,4342.615,4344.255
1786697400000,4344.165,4347.415,4343.735,4346.545
1786697700000,4346.645,4349.565,4346.515,4348.475
1786698000000,4348.335,4348.875,4347.125,4347.285
1786698300000,4347.235,4349.105,4345.915,4348.695
1786698600000,4348.705,4350.855,4347.795,4350.595
1786698900000,4350.625,4351.725,4349.145,4349.355
1786699200000,4349.335,4352.365,4348.535,4352.135
1786699500000,4352.235,4354.005,4349.795,4351.605
1786699800000,4351.655,4353.935,4349.865,4352.565
1786700100000,4352.565,4354.325,4352.095,4352.495
1786700400000,4352.515,4353.295,4351.595,4353.295
1786700700000,4353.315,4354.495,4352.485,4353.515
1786701000000,4353.515,4355.225,4352.855,4354.735
1786701300000,4354.735,4357.365,4353.685,4356.985
1786701600000,4357.155,4357.355,4355.745,4356.725
1786701900000,4356.605,4358.515,4355.575,4355.955
1786702200000,4355.965,4356.725,4353.695,4354.215
1786702500000,4354.305,4355.305,4351.795,4353.255
1786702800000,4353.255,4354.215,4352.235,4353.775
1786703100000,4353.805,4354.015,4349.835,4351.165
1786703400000,4351.265,4351.335,4348.035,4349.305
1786703700000,4349.295,4349.995,4348.345,4348.755
1786704000000,4348.835,4351.785,4348.445,4351.755
1786704300000,4351.695,4352.385,4351.145,4351.295
1786704600000,4351.295,4353.495,4350.665,4350.895
1786704900000,4350.895,4350.895,4347.725,4349.155
1786705200000,4349.405,4350.825,4348.315,4348.985
1786705500000,4348.975,4351.295,4348.825,4350.775
1786705800000,4350.845,4351.475,4349.785,4350.475
1786706100000,4350.515,4355.345,4350.475,4355.285
1786706400000,4355.325,4356.655,4353.225,4353.815
1786706700000,4353.755,4356.925,4352.975,4356.555
1786707000000,4356.495,4361.605,4356.285,4361.445
1786707300000,4361.445,4363.265,4360.055,4361.495
1786707600000,4361.585,4363.355,4361.265,4362.265
1786707900000,4362.235,4362.965,4360.755,4361.625
1786708200000,4361.645,4368.145,4361.595,4366.925
1786708500000,4366.935,4369.235,4365.435,4369.035
1786708800000,4369.035,4375.165,4368.815,4373.645
1786709100000,4373.515,4376.775,4371.635,4371.955
1786709400000,4371.895,4372.015,4365.635,4371.475
1786709700000,4371.515,4372.395,4369.405,4372.125
1786710000000,4372.265,4380.075,4372.265,4378.915
1786710300000,4378.895,4380.195,4377.105,4379.375
1786710600000,4379.375,4386.665,4377.365,4381.245
1786710900000,4381.195,4381.665,4375.795,4377.635
1786711200000,4377.445,4377.445,4371.935,4372.645
1786711500000,4372.735,4376.695,4370.775,4374.635
1786711800000,4374.635,4377.645,4372.655,4375.255
1786712100000,4375.155,4375.585,4372.305,4373.505
1786712400000,4373.535,4378.825,4370.095,4378.165
1786712700000,4377.995,4380.015,4376.075,4379.615
1786713000000,4379.475,4380.895,4374.675,4374.945
1786713300000,4375.055,4380.785,4374.965,4380.735
1786713600000,4380.805,4385.315,4379.625,4385.255
1786713900000,4385.285,4386.315,4383.765,4384.325
1786714200000,4384.405,4391.415,4383.555,4390.945
1786714500000,4391.235,4396.765,4390.815,4395.085
1786714800000,4395.165,4396.045,4390.335,4393.545
1786715100000,4393.595,4394.605,4386.255,4386.435
1786715400000,4386.605,4388.365,4382.845,4384.435
1786715700000,4384.515,4385.615,4382.695,4384.435
1786716000000,4384.205,4392.765,4384.145,4391.145
1786716300000,4391.195,4391.765,4388.565,4388.565
1786716600000,4388.625,4392.905,4386.855,4390.255
1786716900000,4390.285,4392.035,4385.255,4386.145
1786717200000,4386.015,4392.185,4384.965,4391.885
1786717500000,4391.755,4394.385,4390.205,4390.495
1786717800000,4390.415,4391.325,4384.025,4384.225
1786718100000,4384.445,4386.835,4383.775,4385.785
1786718400000,4385.885,4386.405,4381.345,4384.065
1786718700000,4384.065,4384.345,4378.685,4380.255
1786719000000,4380.255,4382.945,4379.285,4381.385
1786719300000,4381.415,4382.735,4379.635,4381.165
1786719600000,4381.185,4390.655,4380.815,4386.545
1786719900000,4386.515,4388.975,4385.265,4386.255
1786720200000,4386.265,4393.865,4385.805,4391.955
1786720500000,4392.065,4393.525,4385.675,4386.125
1786720800000,4385.975,4386.895,4382.685,4383.145
1786721100000,4383.005,4384.875,4378.665,4384.605
1786721400000,4384.805,4388.815,4383.615,4387.395
1786721700000,4387.385,4389.745,4386.525,4387.395
1786722000000,4387.525,4389.655,4386.415,4389.375
1786722300000,4389.375,4394.735,4389.115,4391.845
1786722600000,4392.005,4392.995,4389.765,4390.165
1786722900000,4390.195,4392.905,4390.195,4391.515
1786723200000,4391.495,4396.465,4390.645,4390.645
1786723500000,4390.655,4393.005,4389.025,4389.835
1786723800000,4389.835,4390.205,4388.565,4389.535
1786724100000,4389.535,4391.785,4389.095,4391.655
1786724400000,4391.655,4392.885,4389.335,4389.525
1786724700000,4389.525,4389.595,4386.645,4387.285
1786725000000,4387.335,4387.395,4380.005,4383.625
1786725300000,4383.595,4388.805,4383.155,4388.155
1786725600000,4387.825,4388.455,4385.395,4385.515
1786725900000,4385.665,4386.985,4385.065,4386.715
1786726200000,4386.645,4387.355,4385.295,4386.235
1786726500000,4386.355,4386.505,4384.715,4385.615
1786726800000,4385.705,4386.385,4382.785,4383.375
1786727100000,4383.375,4383.915,4381.215,4381.995
1786727400000,4381.975,4382.315,4380.145,4382.205
1786727700000,4382.205,4384.495,4381.255,4381.295
1786728000000,4381.095,4382.235,4379.565,4381.365
1786728300000,4381.355,4382.225,4378.995,4379.165
1786728600000,4379.115,4382.635,4379.115,4382.485
1786728900000,4382.495,4382.495,4379.075,4379.215
1786729200000,4379.185,4380.525,4376.745,4377.585
1786729500000,4377.585,4377.795,4376.015,4376.645
1786729800000,4376.535,4378.825,4376.135,4378.005
1786730100000,4377.805,4378.255,4376.885,4378.115
1786730400000,4378.125,4381.275,4376.255,4381.085
1786730700000,4381.015,4381.485,4379.005,4379.655
1786731000000,4379.725,4380.745,4376.675,4377.175
1786731300000,4377.175,4378.895,4376.735,4378.255
1786731600000,4378.275,4380.185,4378.025,4379.265
1786731900000,4379.265,4380.345,4377.795,4379.245
1786732200000,4379.155,4379.645,4377.095,4378.055
1786732500000,4378.155,4382.525,4377.925,4382.525
1786732800000,4382.415,4382.625,4376.105,4376.345
1786733100000,4376.345,4376.865,4370.615,4373.855
1786733400000,4373.985,4375.585,4372.685,4373.145
1786733700000,4373.145,4374.135,4372.665,4373.315
1786734000000,4373.315,4373.765,4372.345,4372.605
1786734300000,4372.785,4376.655,4371.705,4376.235
1786734600000,4376.205,4377.105,4375.595,4375.925
1786734900000,4375.735,4376.515,4373.755,4375.005
1786735200000,4375.005,4376.905,4374.995,4376.155
1786735500000,4376.265,4377.725,4376.115,4377.045
1786735800000,4377.145,4377.785,4376.385,4377.075
1786736100000,4376.995,4378.015,4375.845,4376.295
1786736400000,4376.255,4377.315,4375.355,4375.365
1786736700000,4375.365,4375.935,4374.935,4375.545
1786737000000,4375.775,4379.845,4375.595,4377.975
1786737300000,4377.955,4377.955,4373.265,4375.875
1786737600000,4375.785,4375.845,4373.395,4373.815
1786737900000,4373.825,4374.255,4371.805,4371.815
1786738200000,4371.915,4372.755,4371.195,4372.555
1786738500000,4372.655,4373.635,4372.565,4373.025
1786738800000,4373.045,4373.975,4372.235,4373.745
1786739100000,4373.845,4374.665,4373.395,4374.485
1786739400000,4374.315,4374.615,4373.515,4373.765
1786739700000,4373.765,4375.785,4373.415,4374.965
1786740000000,4375.065,4376.275,4374.135,4375.005
1786740300000,4374.955,4375.345,4374.625,4374.735
1786740600000,4374.795,4375.445,4374.285,4375.325
1786740900000,4375.265,4375.335,4373.115,4374.205
1786838400000,4379.525,4379.525,4379.525,4379.525
1786838700000,4379.525,4379.525,4379.525,4379.525
1786839000000,4379.525,4379.525,4379.525,4379.525
1786839300000,4379.525,4379.525,4379.525,4379.525
1786839600000,4379.525,4379.525,4379.525,4379.525
1786839900000,4379.525,4379.525,4379.525,4379.525
1786840200000,4379.525,4379.525,4379.525,4379.525
1786840500000,4379.525,4379.525,4379.525,4379.525
1786840800000,4379.525,4379.525,4379.525,4379.525
1786841100000,4379.525,4379.525,4379.525,4379.525
1786841400000,4379.525,4379.525,4379.525,4379.525
1786841700000,4379.525,4379.525,4379.525,4379.525
1786842000000,4379.525,4379.525,4379.525,4379.525
1786842300000,4379.525,4379.525,4379.525,4379.525
1786842600000,4379.525,4379.525,4379.525,4379.525
1786842900000,4379.525,4379.525,4379.525,4379.525
1786843200000,4379.525,4379.525,4379.525,4379.525
1786843500000,4379.525,4379.525,4379.525,4379.525
1786843800000,4379.525,4379.525,4379.525,4379.525
1786844100000,4379.525,4379.525,4379.525,4379.525
1786844400000,4379.525,4379.525,4379.525,4379.525
1786844700000,4379.525,4379.525,4379.525,4379.525
1786845000000,4379.525,4379.525,4379.525,4379.525
1786845300000,4379.525,4379.525,4379.525,4379.525
1786845600000,4379.525,4379.525,4379.525,4379.525
1786845900000,4379.525,4379.525,4379.525,4379.525
1786846200000,4379.525,4379.525,4379.525,4379.525
1786846500000,4379.525,4379.525,4379.525,4379.525
1786846800000,4379.525,4379.525,4379.525,4379.525
1786847100000,4379.525,4379.525,4379.525,4379.525
1786847400000,4379.525,4379.525,4379.525,4379.525
1786847700000,4379.525,4379.525,4379.525,4379.525
1786848000000,4379.525,4379.525,4379.525,4379.525
1786848300000,4379.525,4379.525,4379.525,4379.525
1786848600000,4379.525,4379.525,4379.525,4379.525
1786848900000,4379.525,4379.525,4379.525,4379.525
1786849200000,4379.525,4379.525,4379.525,4379.525
1786849500000,4379.525,4379.525,4379.525,4379.525
1786849800000,4379.525,4379.525,4379.525,4379.525
1786850100000,4379.525,4379.525,4379.525,4379.525
1786850400000,4379.525,4379.525,4379.525,4379.525
1786850700000,4379.525,4379.525,4379.525,4379.525
1786851000000,4379.525,4379.525,4379.525,4379.525
1786851300000,4379.525,4379.525,4379.525,4379.525
1786851600000,4379.525,4379.525,4379.525,4379.525
1786851900000,4379.525,4379.525,4379.525,4379.525
1786852200000,4379.525,4379.525,4379.525,4379.525
1786852500000,4379.525,4379.525,4379.525,4379.525
1786852800000,4379.525,4379.525,4379.525,4379.525
1786853100000,4379.525,4379.525,4379.525,4379.525
1786853400000,4379.525,4379.525,4379.525,4379.525
1786853700000,4379.525,4379.525,4379.525,4379.525
1786854000000,4379.525,4379.525,4379.525,4379.525
1786854300000,4379.525,4379.525,4379.525,4379.525
1786854600000,4379.525,4379.525,4379.525,4379.525
1786854900000,4379.525,4379.525,4379.525,4379.525
1786855200000,4379.525,4379.525,4379.525,4379.525
1786855500000,4379.525,4379.525,4379.525,4379.525
1786855800000,4379.525,4379.525,4379.525,4379.525
1786856100000,4379.525,4379.525,4379.525,4379.525
1786856400000,4379.525,4379.525,4379.525,4379.525
1786856700000,4379.525,4379.525,4379.525,4379.525
1786857000000,4379.525,4379.525,4379.525,4379.525
1786857300000,4379.525,4379.525,4379.525,4379.525
1786857600000,4379.525,4379.525,4379.525,4379.525
1786857900000,4379.525,4379.525,4379.525,4379.525
1786858200000,4379.525,4379.525,4379.525,4379.525
1786858500000,4379.525,4379.525,4379.525,4379.525
1786858800000,4379.525,4379.525,4379.525,4379.525
1786859100000,4379.525,4379.525,4379.525,4379.525
1786859400000,4379.525,4379.525,4379.525,4379.525
1786859700000,4379.525,4379.525,4379.525,4379.525
1786860000000,4379.525,4379.525,4379.525,4379.525
1786860300000,4379.525,4379.525,4379.525,4379.525
1786860600000,4379.525,4379.525,4379.525,4379.525
1786860900000,4379.525,4379.525,4379.525,4379.525
1786861200000,4379.525,4379.525,4379.525,4379.525
1786861500000,4379.525,4379.525,4379.525,4379.525
1786861800000,4379.525,4379.525,4379.525,4379.525
1786862100000,4379.525,4379.525,4379.525,4379.525
1786862400000,4379.525,4379.525,4379.525,4379.525
1786862700000,4379.525,4379.525,4379.525,4379.525
1786863000000,4379.525,4379.525,4379.525,4379.525
1786863300000,4379.525,4379.525,4379.525,4379.525
1786863600000,4379.525,4379.525,4379.525,4379.525
1786863900000,4379.525,4379.525,4379.525,4379.525
1786864200000,4379.525,4379.525,4379.525,4379.525
1786864500000,4379.525,4379.525,4379.525,4379.525
1786864800000,4379.525,4379.525,4379.525,4379.525
1786865100000,4379.525,4379.525,4379.525,4379.525
1786865400000,4379.525,4379.525,4379.525,4379.525
1786865700000,4379.525,4379.525,4379.525,4379.525
1786866000000,4379.525,4379.525,4379.525,4379.525
1786866300000,4379.525,4379.525,4379.525,4379.525
1786866600000,4379.525,4379.525,4379.525,4379.525
1786866900000,4379.525,4379.525,4379.525,4379.525
1786867200000,4379.525,4379.525,4379.525,4379.525
1786867500000,4379.525,4379.525,4379.525,4379.525
1786867800000,4379.525,4379.525,4379.525,4379.525
1786868100000,4379.525,4379.525,4379.525,4379.525
1786868400000,4379.525,4379.525,4379.525,4379.525
1786868700000,4379.525,4379.525,4379.525,4379.525
1786869000000,4379.525,4379.525,4379.525,4379.525
1786869300000,4379.525,4379.525,4379.525,4379.525
1786869600000,4379.525,4379.525,4379.525,4379.525
1786869900000,4379.525,4379.525,4379.525,4379.525
1786870200000,4379.525,4379.525,4379.525,4379.525
1786870500000,4379.525,4379.525,4379.525,4379.525
1786870800000,4379.525,4379.525,4379.525,4379.525
1786871100000,4379.525,4379.525,4379.525,4379.525
1786871400000,4379.525,4379.525,4379.525,4379.525
1786871700000,4379.525,4379.525,4379.525,4379.525
1786872000000,4379.525,4379.525,4379.525,4379.525
1786872300000,4379.525,4379.525,4379.525,4379.525
1786872600000,4379.525,4379.525,4379.525,4379.525
1786872900000,4379.525,4379.525,4379.525,4379.525
1786873200000,4379.525,4379.525,4379.525,4379.525
1786873500000,4379.525,4379.525,4379.525,4379.525
1786873800000,4379.525,4379.525,4379.525,4379.525
1786874100000,4379.525,4379.525,4379.525,4379.525
1786874400000,4379.525,4379.525,4379.525,4379.525
1786874700000,4379.525,4379.525,4379.525,4379.525
1786875000000,4379.525,4379.525,4379.525,4379.525
1786875300000,4379.525,4379.525,4379.525,4379.525
1786875600000,4379.525,4379.525,4379.525,4379.525
1786875900000,4379.525,4379.525,4379.525,4379.525
1786876200000,4379.525,4379.525,4379.525,4379.525
1786876500000,4379.525,4379.525,4379.525,4379.525
1786876800000,4379.525,4379.525,4379.525,4379.525
1786877100000,4379.525,4379.525,4379.525,4379.525
1786877400000,4379.525,4379.525,4379.525,4379.525
1786877700000,4379.525,4379.525,4379.525,4379.525
1786878000000,4379.525,4379.525,4379.525,4379.525
1786878300000,4379.525,4379.525,4379.525,4379.525
1786878600000,4379.525,4379.525,4379.525,4379.525
1786878900000,4379.525,4379.525,4379.525,4379.525
1786879200000,4379.525,4379.525,4379.525,4379.525
1786879500000,4379.525,4379.525,4379.525,4379.525
1786879800000,4379.525,4379.525,4379.525,4379.525
1786880100000,4379.525,4379.525,4379.525,4379.525
1786880400000,4379.525,4379.525,4379.525,4379.525
1786880700000,4379.525,4379.525,4379.525,4379.525
1786881000000,4379.525,4379.525,4379.525,4379.525
1786881300000,4379.525,4379.525,4379.525,4379.525
1786881600000,4379.525,4379.525,4379.525,4379.525
1786881900000,4379.525,4379.525,4379.525,4379.525
1786882200000,4379.525,4379.525,4379.525,4379.525
1786882500000,4379.525,4379.525,4379.525,4379.525
1786882800000,4379.525,4379.525,4379.525,4379.525
1786883100000,4379.525,4379.525,4379.525,4379.525
1786883400000,4379.525,4379.525,4379.525,4379.525
1786883700000,4379.525,4379.525,4379.525,4379.525
1786884000000,4379.525,4379.525,4379.525,4379.525
1786884300000,4379.525,4379.525,4379.525,4379.525
1786884600000,4379.525,4379.525,4379.525,4379.525
1786884900000,4379.525,4379.525,4379.525,4379.525
1786885200000,4379.525,4379.525,4379.525,4379.525
1786885500000,4379.525,4379.525,4379.525,4379.525
1786885800000,4379.525,4379.525,4379.525,4379.525
1786886100000,4379.525,4379.525,4379.525,4379.525
1786886400000,4379.525,4379.525,4379.525,4379.525
1786886700000,4379.525,4379.525,4379.525,4379.525
1786887000000,4379.525,4379.525,4379.525,4379.525
1786887300000,4379.525,4379.525,4379.525,4379.525
1786887600000,4379.525,4379.525,4379.525,4379.525
1786887900000,4379.525,4379.525,4379.525,4379.525
1786888200000,4379.525,4379.525,4379.525,4379.525
1786888500000,4379.525,4379.525,4379.525,4379.525
1786888800000,4379.525,4379.525,4379.525,4379.525
1786889100000,4379.525,4379.525,4379.525,4379.525
1786889400000,4379.525,4379.525,4379.525,4379.525
1786889700000,4379.525,4379.525,4379.525,4379.525
1786890000000,4379.525,4379.525,4379.525,4379.525
1786890300000,4379.525,4379.525,4379.525,4379.525
1786890600000,4379.525,4379.525,4379.525,4379.525
1786890900000,4379.525,4379.525,4379.525,4379.525
1786891200000,4379.525,4379.525,4379.525,4379.525
1786891500000,4379.525,4379.525,4379.525,4379.525
1786891800000,4379.525,4379.525,4379.525,4379.525
1786892100000,4379.525,4379.525,4379.525,4379.525
1786892400000,4379.525,4379.525,4379.525,4379.525
1786892700000,4379.525,4379.525,4379.525,4379.525
1786893000000,4379.525,4379.525,4379.525,4379.525
1786893300000,4379.525,4379.525,4379.525,4379.525
1786893600000,4379.525,4379.525,4379.525,4379.525
1786893900000,4379.525,4379.525,4379.525,4379.525
1786894200000,4379.525,4379.525,4379.525,4379.525
1786894500000,4379.525,4379.525,4379.525,4379.525
1786894800000,4379.525,4379.525,4379.525,4379.525
1786895100000,4379.525,4379.525,4379.525,4379.525
1786895400000,4379.525,4379.525,4379.525,4379.525
1786895700000,4379.525,4379.525,4379.525,4379.525
1786896000000,4379.525,4379.525,4379.525,4379.525
1786896300000,4379.525,4379.525,4379.525,4379.525
1786896600000,4379.525,4379.525,4379.525,4379.525
1786896900000,4379.525,4379.525,4379.525,4379.525
1786897200000,4379.525,4379.525,4379.525,4379.525
1786897500000,4379.525,4379.525,4379.525,4379.525
1786897800000,4379.525,4379.525,4379.525,4379.525
1786898100000,4379.525,4379.525,4379.525,4379.525
1786898400000,4379.525,4379.525,4379.525,4379.525
1786898700000,4379.525,4379.525,4379.525,4379.525
1786899000000,4379.525,4379.525,4379.525,4379.525
1786899300000,4379.525,4379.525,4379.525,4379.525
1786899600000,4379.525,4379.525,4379.525,4379.525
1786899900000,4379.525,4379.525,4379.525,4379.525
1786900200000,4379.525,4379.525,4379.525,4379.525
1786900500000,4379.525,4379.525,4379.525,4379.525
1786900800000,4379.525,4379.525,4379.525,4379.525
1786901100000,4379.525,4379.525,4379.525,4379.525
1786901400000,4379.525,4379.525,4379.525,4379.525
1786901700000,4379.525,4379.525,4379.525,4379.525
1786902000000,4379.525,4379.525,4379.525,4379.525
1786902300000,4379.525,4379.525,4379.525,4379.525
1786902600000,4379.525,4379.525,4379.525,4379.525
1786902900000,4379.525,4379.525,4379.525,4379.525
1786903200000,4379.525,4379.525,4379.525,4379.525
1786903500000,4379.525,4379.525,4379.525,4379.525
1786903800000,4379.525,4379.525,4379.525,4379.525
1786904100000,4379.525,4379.525,4379.525,4379.525
1786904400000,4379.525,4379.525,4379.525,4379.525
1786904700000,4379.525,4379.525,4379.525,4379.525
1786905000000,4379.525,4379.525,4379.525,4379.525
1786905300000,4379.525,4379.525,4379.525,4379.525
1786905600000,4379.525,4379.525,4379.525,4379.525
1786905900000,4379.525,4379.525,4379.525,4379.525
1786906200000,4379.525,4379.525,4379.525,4379.525
1786906500000,4379.525,4379.525,4379.525,4379.525
1786906800000,4379.525,4379.525,4379.525,4379.525
1786907100000,4379.525,4379.525,4379.525,4379.525
1786907400000,4379.525,4379.525,4379.525,4379.525
1786907700000,4379.525,4379.525,4379.525,4379.525
1786908000000,4379.525,4379.525,4379.525,4379.525
1786908300000,4379.525,4379.525,4379.525,4379.525
1786908600000,4379.525,4379.525,4379.525,4379.525
1786908900000,4379.525,4379.525,4379.525,4379.525
1786909200000,4379.525,4379.525,4379.525,4379.525
1786909500000,4379.525,4379.525,4379.525,4379.525
1786909800000,4379.525,4379.525,4379.525,4379.525
1786910100000,4379.525,4379.525,4379.525,4379.525
1786910400000,4379.525,4379.525,4379.525,4379.525
1786910700000,4379.525,4379.525,4379.525,4379.525
1786911000000,4379.525,4379.525,4379.525,4379.525
1786911300000,4379.525,4379.525,4379.525,4379.525
1786911600000,4379.525,4379.525,4379.525,4379.525
1786911900000,4379.525,4379.525,4379.525,4379.525
1786912200000,4379.525,4379.525,4379.525,4379.525
1786912500000,4379.525,4379.525,4379.525,4379.525
1786912800000,4379.525,4379.525,4379.525,4379.525
1786913100000,4379.525,4379.525,4379.525,4379.525
1786913400000,4379.525,4379.525,4379.525,4379.525
1786913700000,4379.525,4379.525,4379.525,4379.525
1786914000000,4379.525,4379.525,4379.525,4379.525
1786914300000,4379.525,4379.525,4379.525,4379.525
1786914600000,4379.525,4379.525,4379.525,4379.525
1786914900000,4379.525,4379.525,4379.525,4379.525
1786915200000,4379.525,4379.525,4379.525,4379.525
1786915500000,4379.525,4379.525,4379.525,4379.525
1786915800000,4379.525,4379.525,4379.525,4379.525
1786916100000,4379.525,4379.525,4379.525,4379.525
1786916400000,4379.525,4379.525,4379.525,4379.525
1786916700000,4379.525,4379.525,4379.525,4379.525
1786917000000,4379.525,4379.525,4379.525,4379.525
1786917300000,4379.525,4379.525,4379.525,4379.525
1786917600000,4375.815,4381.125,4371.505,4372.485
1786917900000,4372.485,4376.595,4370.705,4376.055
1786918200000,4375.805,4378.455,4373.895,4375.575
1786918500000,4375.345,4375.615,4372.235,4373.385
1786918800000,4373.285,4374.905,4372.455,4373.025
1786919100000,4372.745,4375.235,4372.545,4374.515
1786919400000,4374.685,4378.005,4374.645,4377.325
1786919700000,4376.655,4378.645,4376.445,4378.485
1786920000000,4378.345,4378.545,4376.555,4377.605
1786920300000,4377.525,4381.005,4377.445,4380.275
1786920600000,4380.265,4384.245,4379.835,4383.035
1786920900000,4382.925,4385.395,4382.465,4384.605
1786921200000,4384.605,4384.795,4379.315,4380.865
1786921500000,4380.955,4381.705,4379.685,4381.705
1786921800000,4381.825,4382.995,4379.205,4379.315
1786922100000,4379.505,4380.925,4378.175,4379.675
1786922400000,4379.545,4380.355,4374.755,4375.665
1786922700000,4375.545,4376.285,4372.435,4374.445
1786923000000,4374.595,4375.065,4369.605,4370.735
1786923300000,4370.705,4371.515,4366.865,4370.085
1786923600000,4370.065,4370.065,4367.555,4368.245
1786923900000,4368.225,4373.625,4368.115,4371.645
1786924200000,4371.975,4372.655,4370.445,4371.695
1786924500000,4371.795,4372.075,4369.395,4370.125
1786924800000,4370.255,4375.745,4367.575,4374.635
1786925100000,4374.435,4375.555,4371.765,4372.065
1786925400000,4372.185,4379.155,4371.975,4378.465
1786925700000,4378.295,4387.305,4378.065,4384.535
1786926000000,4384.435,4388.245,4383.695,4386.615
1786926300000,4386.565,4390.755,4386.145,4389.635
1786926600000,4389.525,4394.325,4388.935,4392.395
1786926900000,4392.635,4392.925,4388.325,4388.945
1786927200000,4388.835,4397.235,4387.105,4395.645
1786927500000,4395.355,4396.305,4394.045,4395.285
1786927800000,4395.365,4398.635,4394.455,4397.895
1786928100000,4397.875,4401.925,4397.115,4400.525
1786928400000,4400.665,4408.855,4398.825,4407.685
1786928700000,4407.565,4411.755,4404.925,4406.785
1786929000000,4406.785,4411.685,4404.005,4408.865
1786929300000,4408.795,4410.195,4405.875,4407.795
1786929600000,4407.605,4416.235,4407.405,4412.185
1786929900000,4412.335,4414.48,4406.105,4406.955
1786930200000,4406.925,4407.825,4401.125,4401.985
1786930500000,4402.015,4403.065,4398.635,4400.305
1786930800000,4400.405,4403.475,4397.325,4403.475
1786931100000,4403.335,4403.755,4393.985,4395.015
1786931400000,4394.905,4398.785,4391.885,4397.225
1786931700000,4397.085,4397.185,4392.845,4395.305
1786932000000,4395.395,4398.095,4394.455,4395.565
1786932300000,4395.345,4397.035,4392.375,4395.175
1786932600000,4394.695,4395.105,4392.395,4393.965
1786932900000,4393.925,4395.565,4392.135,4393.435
1786933200000,4393.265,4395.005,4389.645,4394.545
1786933500000,4394.485,4397.135,4394.235,4395.105
1786933800000,4395.355,4397.695,4391.785,4392.585
1786934100000,4392.445,4395.155,4391.335,4391.975
1786934400000,4391.975,4394.745,4389.515,4392.725
1786934700000,4392.585,4393.075,4390.185,4391.245
1786935000000,4391.065,4392.275,4389.795,4390.125
1786935300000,4390.015,4393.195,4388.055,4392.895
1786935600000,4393.015,4394.665,4392.075,4392.405
1786935900000,4392.355,4393.685,4388.905,4389.435
1786936200000,4389.455,4391.265,4388.305,4389.965
1786936500000,4390.095,4390.845,4387.765,4390.305
1786936800000,4390.525,4391.395,4389.395,4390.295
1786937100000,4390.225,4393.695,4388.285,4392.815
1786937400000,4392.705,4395.385,4390.965,4394.605
1786937700000,4394.135,4395.015,4392.215,4393.295
1786938000000,4393.535,4397.005,4393.535,4394.705
1786938300000,4394.635,4395.555,4392.505,4394.555
1786938600000,4394.685,4395.155,4393.775,4394.735
1786938900000,4394.675,4397.625,4393.635,4396.625
1786939200000,4396.715,4399.265,4396.145,4397.295
1786939500000,4397.465,4398.435,4396.285,4397.495
1786939800000,4397.655,4399.325,4396.755,4397.945
1786940100000,4397.955,4398.665,4396.355,4396.905
1786940400000,4396.905,4396.905,4392.585,4393.595
1786940700000,4393.755,4393.775,4389.765,4390.545
1786941000000,4390.675,4391.835,4388.575,4391.645
1786941300000,4391.745,4393.585,4389.715,4392.465
1786941600000,4392.325,4396.355,4391.845,4395.365
1786941900000,4395.315,4397.615,4395.035,4395.615
1786942200000,4395.625,4396.415,4394.585,4394.815
1786942500000,4394.935,4395.185,4389.435,4390.475
1786942800000,4390.325,4392.695,4389.645,4392.445
1786943100000,4392.435,4393.165,4389.595,4391.615
1786943400000,4391.655,4391.725,4386.825,4387.685
1786943700000,4387.685,4393.055,4386.765,4392.605
1786944000000,4392.745,4396.695,4390.325,4395.305
1786944300000,4395.195,4399.225,4394.255,4399.215
1786944600000,4398.835,4401.075,4395.355,4396.035
1786944900000,4395.845,4396.215,4391.765,4395.265
1786945200000,4395.155,4396.695,4393.405,4395.465
1786945500000,4395.355,4397.235,4391.895,4396.895
1786945800000,4397.035,4397.215,4392.175,4392.745
1786946100000,4392.615,4395.875,4392.455,4394.415
1786946400000,4394.655,4397.875,4394.385,4395.055
1786946700000,4395.155,4397.735,4393.515,4395.125
1786947000000,4395.125,4397.455,4392.425,4396.665
1786947300000,4396.675,4396.795,4392.525,4393.345
1786947600000,4393.225,4396.745,4393.225,4394.815
1786947900000,4394.685,4400.015,4394.315,4398.325
1786948200000,4398.225,4398.585,4394.775,4395.215
1786948500000,4395.315,4395.625,4393.395,4394.885
1786948800000,4394.725,4396.205,4393.395,4396.075
1786949100000,4396.145,4400.725,4396.145,4400.235
1786949400000,4400.345,4404.465,4400.215,4401.935
1786949700000,4401.815,4403.255,4400.925,4402.925
1786950000000,4402.755,4403.935,4401.225,4401.405
1786950300000,4401.505,4402.755,4399.275,4400.175
1786950600000,4400.175,4401.145,4395.835,4396.235
1786950900000,4396.205,4399.125,4396.205,4397.205
1786951200000,4397.465,4397.565,4396.075,4396.915
1786951500000,4397.075,4405.115,4396.385,4404.885
1786951800000,4404.755,4407.955,4404.435,4406.865
1786952100000,4406.825,4411.245,4406.425,4407.435
1786952400000,4407.405,4410.705,4406.975,4409.155
1786952700000,4409.155,4409.775,4406.985,4407.275
1786953000000,4407.255,4408.095,4403.305,4403.985
1786953300000,4404.055,4405.785,4403.725,4405.025
1786953600000,4404.465,4404.465,4399.575,4399.975
1786953900000,4400.095,4400.525,4397.475,4399.555
1786954200000,4399.555,4402.675,4398.355,4402.585
1786954500000,4402.585,4403.595,4400.185,4401.005
1786954800000,4401.005,4402.955,4400.325,4402.005
1786955100000,4401.895,4403.015,4400.715,4401.605
1786955400000,4401.865,4401.925,4399.255,4399.765
1786955700000,4399.735,4401.935,4398.825,4401.185
1786956000000,4401.185,4401.345,4395.785,4396.085
1786956300000,4396.105,4396.725,4394.805,4395.335
1786956600000,4395.335,4395.985,4392.645,4393.375
1786956900000,4393.335,4395.745,4392.285,4394.845
1786957200000,4394.945,4396.245,4393.185,4396.055
1786957500000,4396.085,4399.535,4395.075,4399.325
1786957800000,4399.435,4400.365,4398.625,4398.945
1786958100000,4398.975,4399.695,4396.885,4398.225
1786958400000,4398.265,4398.545,4396.065,4396.625
1786958700000,4396.665,4397.965,4395.315,4396.675
1786959000000,4396.795,4397.405,4394.255,4396.225
1786959300000,4396.175,4396.975,4393.865,4394.315
1786959600000,4394.315,4396.205,4393.355,4394.125
1786959900000,4394.105,4395.125,4392.405,4394.985
1786960200000,4395.105,4395.665,4392.695,4393.235
1786960500000,4393.265,4395.425,4393.125,4395.355
1786960800000,4395.445,4395.805,4392.935,4393.985
1786961100000,4393.875,4396.005,4393.875,4393.945
1786961400000,4393.905,4396.145,4393.635,4395.755
1786961700000,4395.745,4399.825,4394.645,4395.685
1786962000000,4395.695,4397.135,4394.875,4396.355
1786962300000,4396.375,4405.485,4391.695,4405.015
1786962600000,4404.895,4405.645,4396.745,4396.985
1786962900000,4397.355,4398.155,4395.415,4395.755
1786963200000,4395.835,4398.865,4395.125,4398.065
1786963500000,4398.065,4399.055,4396.015,4396.735
1786963800000,4396.775,4398.465,4396.345,4397.455
1786964100000,4397.535,4399.375,4396.905,4398.765
1786964400000,4398.955,4402.185,4397.825,4400.215
1786964700000,4400.195,4403.755,4400.025,4401.915
1786965000000,4401.895,4402.655,4399.475,4399.625
1786965300000,4399.765,4399.985,4396.845,4398.085
1786965600000,4398.525,4403.795,4398.465,4403.445
1786965900000,4403.525,4404.585,4402.655,4403.375
1786966200000,4403.635,4404.695,4402.145,4403.825
1786966500000,4403.825,4404.725,4402.485,4402.645
1786966800000,4402.675,4403.075,4398.965,4399.365
1786967100000,4399.395,4400.475,4396.375,4396.685
1786967400000,4396.735,4398.785,4395.335,4396.705
1786967700000,4396.555,4397.385,4395.615,4396.565
1786968000000,4396.465,4397.485,4393.445,4394.375
1786968300000,4394.465,4395.015,4391.835,4392.375
1786968600000,4392.405,4394.795,4391.435,4393.775
1786968900000,4393.905,4395.465,4392.935,4394.505
1786969200000,4394.615,4398.635,4391.795,4392.635
1786969500000,4392.655,4393.465,4381.905,4385.365
1786969800000,4385.395,4390.235,4383.935,4388.705
1786970100000,4388.585,4389.155,4380.955,4381.225
1786970400000,4381.385,4383.085,4378.145,4378.145
1786970700000,4378.035,4380.095,4376.785,4377.895
1786971000000,4377.735,4384.655,4377.655,4383.985
1786971300000,4383.875,4386.255,4383.325,4384.625
1786971600000,4384.745,4388.325,4381.695,4384.585
1786971900000,4384.705,4385.955,4381.955,4385.325
1786972200000,4385.445,4389.405,4384.985,4386.075
1786972500000,4386.225,4386.775,4382.045,4385.425
1786972800000,4385.555,4388.825,4384.485,4386.215
1786973100000,4386.375,4388.155,4385.645,4386.035
1786973400000,4386.315,4390.055,4385.575,4388.415
1786973700000,4388.525,4391.735,4385.655,4388.295
1786974000000,4388.325,4389.385,4384.605,4385.535
1786974300000,4385.405,4395.425,4384.365,4394.935
1786974600000,4395.075,4407.095,4394.405,4401.325
1786974900000,4401.425,4415.815,4401.275,4408.285
1786975200000,4408.285,4409.705,4404.035,4407.755
1786975500000,4407.775,4408.205,4404.545,4404.955
1786975800000,4405.055,4412.585,4403.485,4412.025
1786976100000,4412.205,4420.475,4411.495,4418.155
1786976400000,4418.345,4427.265,4416.985,4423.775
1786976700000,4423.755,4425.885,4415.475,4417.975
1786977000000,4418.045,4424.395,4417.645,4421.835
1786977300000,4421.945,4423.245,4416.175,4417.265
1786977600000,4417.385,4421.385,4416.715,4416.895
1786977900000,4416.895,4419.425,4413.665,4416.995
1786978200000,4417.135,4420.815,4415.725,4416.305
1786978500000,4416.465,4418.205,4414.335,4417.075
1786978800000,4417.245,4418.905,4414.995,4418.255
1786979100000,4418.215,4419.705,4415.855,4416.955
1786979400000,4416.605,4422.135,4415.905,4421.135
1786979700000,4421.025,4422.965,4419.325,4421.895
1786980000000,4422.005,4423.745,4421.305,4423.045
1786980300000,4423.195,4425.845,4420.665,4425.235
1786980600000,4425.295,4426.225,4421.125,4422.595
1786980900000,4422.595,4423.585,4419.995,4421.785
1786981200000,4421.685,4423.345,4418.555,4419.045
1786981500000,4419.045,4424.245,4417.505,4423.525
1786981800000,4423.405,4426.535,4422.865,4426.045
1786982100000,4426.075,4427.635,4425.525,4427.425
1786982400000,4427.335,4427.975,4423.735,4425.235
1786982700000,4425.365,4428.115,4423.925,4427.225
1786983000000,4427.225,4428.675,4425.365,4425.765
1786983300000,4425.735,4427.175,4425.045,4425.545
1786983600000,4425.435,4427.565,4424.525,4424.825
1786983900000,4424.955,4425.055,4422.715,4424.555
1786984200000,4424.715,4425.075,4422.535,4423.785
1786984500000,4423.835,4426.805,4423.175,4426.325
1786984800000,4426.295,4426.565,4424.125,4424.365
1786985100000,4424.485,4424.685,4422.385,4424.035
1786985400000,4423.895,4425.245,4422.355,4422.995
1786985700000,4423.035,4425.215,4423.035,4423.955
1786986000000,4423.885,4425.925,4423.325,4424.255
1786986300000,4424.445,4424.545,4420.945,4422.065
1786986600000,4422.045,4423.225,4421.445,4422.655
1786986900000,4422.655,4423.025,4418.625,4419.245
1786987200000,4419.115,4420.165,4415.735,4416.495
1786987500000,4416.495,4417.335,4413.065,4416.195
1786987800000,4416.175,4418.565,4413.615,4416.965
1786988100000,4416.855,4417.375,4411.515,4411.645
1786988400000,4411.755,4417.435,4410.925,4417.145
1786988700000,4417.285,4420.305,4416.905,4418.975
1786989000000,4418.875,4420.465,4416.555,4416.875
1786989300000,4417.025,4417.815,4412.905,4413.285
1786989600000,4413.325,4414.145,4410.525,4411.055
1786989900000,4411.055,4412.785,4410.175,4411.515
1786990200000,4411.645,4413.505,4410.035,4413.425
1786990500000,4413.555,4415.795,4413.105,4414.705
1786990800000,4414.555,4415.015,4408.575,4408.965
1786991100000,4408.965,4409.665,4404.455,4405.945
1786991400000,4405.975,4406.755,4397.845,4399.825
1786991700000,4399.825,4402.185,4399.095,4402.165
1786992000000,4402.065,4404.555,4401.245,4401.265
1786992300000,4401.155,4405.975,4399.855,4405.715
1786992600000,4405.815,4407.135,4404.905,4406.155
1786992900000,4406.215,4406.825,4405.525,4406.425
1786993200000,4406.255,4406.925,4401.815,4402.795
1786993500000,4402.755,4403.505,4399.915,4403.505
1786993800000,4403.615,4408.415,4403.465,4408.375
1786994100000,4408.215,4415.925,4408.215,4414.975
1786994400000,4414.975,4416.695,4414.685,4415.765
1786994700000,4415.595,4417.225,4414.205,4414.215
1786995000000,4414.285,4416.295,4413.825,4416.255
1786995300000,4416.155,4417.065,4414.765,4416.235
1786995600000,4416.305,4420.185,4415.325,4419.185
1786995900000,4419.185,4420.955,4418.245,4420.145
1786996200000,4420.025,4420.195,4416.285,4417.745
1786996500000,4417.805,4420.815,4417.295,4419.715
1786996800000,4419.575,4421.255,4417.855,4418.585
1786997100000,4418.335,4418.345,4416.315,4416.915
1786997400000,4417.075,4417.905,4416.505,4417.645
1786997700000,4417.645,4417.895,4417.225,4417.655
1786998000000,4417.795,4417.915,4416.695,4416.695
1786998300000,4416.875,4417.025,4414.735,4415.055
1786998600000,4414.915,4415.455,4414.705,4414.955
1786998900000,4414.955,4415.285,4414.355,4414.895
1786999200000,4415.225,4415.655,4414.705,4415.195
1786999500000,4415.095,4416.375,4414.695,4415.425
1786999800000,4415.575,4415.955,4414.865,4415.425
1787000100000,4415.315,4417.135,4414.135,4414.575
1787000400000,4414.575,4414.575,4414.575,4414.575
1787000700000,4414.575,4414.575,4414.575,4414.575
1787001000000,4414.575,4414.575,4414.575,4414.575
1787001300000,4414.575,4414.575,4414.575,4414.575
1787001600000,4414.575,4414.575,4414.575,4414.575
1787001900000,4414.575,4414.575,4414.575,4414.575
1787002200000,4414.575,4414.575,4414.575,4414.575
1787002500000,4414.575,4414.575,4414.575,4414.575
1787002800000,4414.575,4414.575,4414.575,4414.575
1787003100000,4414.575,4414.575,4414.575,4414.575
1787003400000,4414.575,4414.575,4414.575,4414.575
1787003700000,4414.575,4414.575,4414.575,4414.575
1787004000000,4417.275,4418.755,4414.615,4415.545
1787004300000,4415.695,4415.855,4414.565,4415.375
1787004600000,4415.535,4416.545,4414.765,4416.415
1787004900000,4416.095,4417.115,4415.205,4415.365
1787005200000,4415.465,4416.095,4414.865,4415.315
1787005500000,4415.105,4415.395,4411.695,4412.075
1787005800000,4412.225,4413.105,4411.135,4412.485
1787006100000,4412.645,4414.665,4412.095,4413.175
1787006400000,4413.065,4415.245,4412.755,4414.425
1787006700000,4414.315,4415.805,4413.885,4414.875
1787007000000,4414.975,4415.505,4411.875,4411.875
1787007300000,4411.665,4413.135,4409.995,4410.885
1787007600000,4411.015,4412.825,4408.925,4412.675
1787007900000,4412.605,4413.595,4411.995,4413.035
1787008200000,4413.195,4414.695,4412.805,4414.515
1787008500000,4414.675,4418.195,4414.495,4417.395
1787008800000,4417.255,4417.875,4416.045,4417.625
1787009100000,4417.765,4421.575,4417.125,4420.055
1787009400000,4419.945,4422.075,4419.555,4421.805
1787009700000,4421.685,4422.125,4420.495,4420.985
1787010000000,4421.105,4422.525,4419.665,4422.035
1787010300000,4422.175,4423.595,4421.075,4423.405
1787010600000,4423.295,4423.975,4422.215,4423.105
1787010900000,4423.235,4425.705,4422.525,4425.605
1787011200000,4425.495,4429.725,4418.985,4425.055
1787011500000,4424.915,4425.895,4419.675,4420.025
1787011800000,4420.025,4422.235,4418.545,4421.435
1787012100000,4421.285,4428.015,4420.635,4426.775
1787012400000,4426.915,4431.245,4422.655,4427.645
1787012700000,4427.445,4431.405,4424.635,4431.085
1787013000000,4430.925,4431.585,4428.045,4431.015
1787013300000,4431.125,4433.285,4430.105,4432.595
1787013600000,4432.775,4432.775,4428.055,4429.225
1787013900000,4429.355,4429.945,4428.075,4428.835
1787014200000,4429.055,4430.155,4428.325,4429.005
1787014500000,4429.165,4434.785,4428.385,4434.325
1787014800000,4434.105,4435.775,4428.615,4430.945
1787015100000,4430.555,4435.905,4428.625,4430.205
1787015400000,4430.205,4431.685,4428.155,4428.765
1787015700000,4429.015,4430.655,4422.265,4424.825
1787016000000,4425.085,4426.335,4421.545,4423.345
1787016300000,4423.235,4425.605,4419.815,4424.415
1787016600000,4424.535,4426.005,4420.795,4422.095
1787016900000,4422.215,4423.635,4419.955,4420.095
1787017200000,4420.355,4421.435,4411.475,4411.475
1787017500000,4411.515,4412.015,4403.885,4407.575
1787017800000,4407.455,4408.385,4403.885,4407.945
1787018100000,4407.945,4409.305,4407.045,4407.715
1787018400000,4407.575,4407.765,4400.535,4401.735
1787018700000,4401.845,4403.635,4399.435,4399.775
1787019000000,4399.765,4402.395,4398.045,4400.705
1787019300000,4400.625,4405.325,4400.015,4403.655
1787019600000,4403.755,4404.355,4401.225,4403.855
1787019900000,4403.955,4404.975,4401.735,4401.905
1787020200000,4402.025,4402.365,4395.645,4395.775
1787020500000,4395.975,4399.665,4394.845,4395.905
1787020800000,4396.265,4396.655,4393.675,4394.905
1787021100000,4394.755,4397.975,4393.915,4396.795
1787021400000,4396.655,4398.235,4395.385,4397.665
1787021700000,4397.495,4400.315,4396.995,4399.665
1787022000000,4399.545,4403.985,4399.505,4402.875
1787022300000,4402.765,4403.375,4399.325,4401.275
1787022600000,4401.275,4402.345,4398.575,4401.245
1787022900000,4401.235,4402.015,4395.245,4396.295
1787023200000,4396.425,4397.125,4393.975,4394.875
1787023500000,4394.745,4397.585,4394.625,4396.785
1787023800000,4396.735,4396.965,4395.285,4396.185
1787024100000,4396.285,4396.725,4394.575,4394.955
1787024400000,4394.855,4395.695,4394.125,4394.585
1787024700000,4394.455,4394.915,4393.105,4393.475
1787025000000,4393.165,4393.635,4391.165,4391.805
1787025300000,4391.685,4392.425,4390.235,4391.565
1787025600000,4391.475,4392.065,4389.745,4390.505
1787025900000,4390.625,4392.075,4389.555,4390.805
1787026200000,4390.745,4392.695,4390.575,4392.005
1787026500000,4392.295,4393.405,4390.515,4391.095
1787026800000,4391.045,4392.505,4390.475,4392.175
1787027100000,4392.445,4392.875,4391.245,4392.125
1787027400000,4392.075,4393.985,4391.115,4391.685
1787027700000,4391.745,4392.945,4388.585,4391.175
1787028000000,4391.255,4394.235,4390.095,4393.215
1787028300000,4393.325,4394.705,4391.935,4394.435
1787028600000,4394.265,4395.165,4393.275,4395.055
1787028900000,4395.195,4395.325,4392.865,4393.355
1787029200000,4393.335,4393.645,4390.805,4391.135
1787029500000,4391.235,4394.035,4391.125,4393.435
1787029800000,4393.545,4393.825,4390.585,4391.095
1787030100000,4390.895,4394.415,4390.875,4394.225
1787030400000,4394.195,4395.745,4394.115,4395.295
1787030700000,4395.305,4395.745,4391.085,4391.115
1787031000000,4391.225,4391.465,4385.645,4386.425
1787031300000,4386.425,4390.595,4386.375,4389.635
1787031600000,4389.635,4393.705,4388.255,4393.215
1787031900000,4393.465,4395.655,4392.625,4395.615
1787032200000,4395.615,4397.425,4393.705,4395.405
1787032500000,4395.535,4396.625,4393.595,4394.015
1787032800000,4394.095,4394.125,4388.625,4390.395
1787033100000,4390.395,4393.535,4387.445,4392.685
1787033400000,4392.515,4395.175,4392.175,4394.995
1787033700000,4395.125,4396.105,4393.355,4395.095
1787034000000,4395.215,4397.745,4394.065,4397.515
1787034300000,4397.615,4399.595,4396.515,4399.045
1787034600000,4399.215,4399.985,4395.045,4395.065
1787034900000,4395.175,4397.355,4394.905,4396.865
1787035200000,4397.015,4398.555,4396.495,4396.945
1787035500000,4397.115,4399.215,4397.115,4397.955
1787035800000,4398.085,4398.655,4397.395,4398.075
1787036100000,4398.085,4398.855,4397.125,4398.615
1787036400000,4398.505,4400.195,4396.675,4399.675
1787036700000,4399.715,4400.535,4397.045,4397.395
1787037000000,4397.455,4399.125,4396.785,4397.395
1787037300000,4397.355,4400.525,4397.265,4399.375
1787037600000,4399.395,4401.325,4399.205,4401.255
1787037900000,4401.085,4403.175,4400.875,4403.035
1787038200000,4402.915,4403.545,4396.085,4396.765
1787038500000,4396.785,4402.465,4396.425,4401.835
1787038800000,4401.845,4403.375,4399.965,4401.265
1787039100000,4401.265,4402.485,4399.455,4399.825
1787039400000,4399.695,4400.235,4397.795,4398.205
1787039700000,4398.155,4398.565,4395.205,4395.475
1787040000000,4395.635,4396.115,4393.965,4394.225
1787040300000,4394.205,4394.315,4389.755,4390.815
1787040600000,4390.695,4394.465,4387.735,4392.465
1787040900000,4392.465,4393.395,4391.475,4391.885
1787041200000,4391.935,4392.265,4386.725,4388.425
1787041500000,4388.355,4389.455,4387.115,4389.275
1787041800000,4389.215,4393.875,4389.005,4393.445
1787042100000,4393.555,4398.435,4393.445,4398.045
1787042400000,4398.025,4398.275,4396.355,4396.365
1787042700000,4396.385,4396.745,4391.425,4392.965
1787043000000,4393.005,4393.655,4391.275,4393.555
1787043300000,4393.675,4394.455,4392.275,4393.135
1787043600000,4392.925,4393.815,4391.885,4392.125
1787043900000,4392.125,4392.825,4390.925,4391.485
1787044200000,4391.485,4393.475,4391.175,4392.535
1787044500000,4392.485,4392.705,4390.615,4391.005
1787044800000,4391.005,4391.295,4388.725,4389.935
1787045100000,4389.965,4391.385,4388.395,4389.085
1787045400000,4388.895,4393.545,4388.895,4393.455
1787045700000,4393.445,4394.755,4390.205,4390.995
1787046000000,4391.095,4391.515,4387.095,4388.275
1787046300000,4388.145,4392.165,4386.765,4391.845
1787046600000,4391.905,4394.105,4391.855,4393.795
1787046900000,4393.785,4394.695,4392.675,4393.125
1787047200000,4393.165,4395.585,4392.095,4393.815
1787047500000,4393.815,4394.495,4392.265,4393.185
1787047800000,4393.225,4394.685,4392.515,4394.495
1787048100000,4394.365,4395.945,4393.945,4395.345
1787048400000,4395.495,4395.495,4391.245,4391.465
1787048700000,4391.465,4392.115,4389.585,4391.825
1787049000000,4391.825,4394.095,4391.495,4393.415
1787049300000,4393.395,4397.595,4393.325,4397.385
1787049600000,4397.535,4398.445,4396.815,4398.425
1787049900000,4398.425,4399.355,4397.985,4398.725
1787050200000,4398.695,4399.165,4396.195,4396.675
1787050500000,4396.745,4397.565,4396.255,4397.425
1787050800000,4397.625,4398.945,4393.335,4393.725
1787051100000,4393.615,4394.435,4392.305,4393.395
1787051400000,4393.415,4393.925,4391.815,4393.355
1787051700000,4393.355,4394.465,4391.875,4392.875
1787052000000,4392.965,4393.685,4390.105,4390.155
1787052300000,4390.205,4391.615,4389.385,4389.845
1787052600000,4389.905,4391.725,4389.185,4389.315
1787052900000,4389.405,4391.485,4388.395,4390.205
1787053200000,4390.175,4392.225,4389.345,4390.715
1787053500000,4390.685,4393.605,4390.585,4392.045
1787053800000,4392.095,4392.855,4389.665,4390.615
1787054100000,4390.805,4396.615,4390.435,4395.835
1787054400000,4396.105,4396.835,4391.325,4396.415
1787054700000,4396.435,4396.925,4390.195,4390.985
1787055000000,4390.995,4393.165,4389.355,4392.965
1787055300000,4393.025,4393.545,4391.305,4392.795
1787055600000,4393.005,4400.575,4392.645,4395.475
1787055900000,4395.615,4395.815,4391.735,4395.115
1787056200000,4395.155,4397.855,4392.165,4396.445
1787056500000,4396.495,4397.685,4392.575,4394.065
1787056800000,4393.915,4393.915,4390.765,4391.985
1787057100000,4391.975,4396.325,4391.975,4395.745
1787057400000,4395.875,4396.765,4392.105,4392.915
1787057700000,4393.035,4395.685,4390.555,4393.955
1787058000000,4393.835,4397.205,4389.985,4395.565
1787058300000,4395.545,4396.455,4388.695,4388.875
1787058600000,4388.875,4395.795,4388.165,4395.355
1787058900000,4395.425,4395.675,4388.135,4390.745
1787059200000,4390.785,4393.265,4387.975,4389.525
1787059500000,4389.645,4392.195,4388.105,4388.875
1787059800000,4389.055,4398.795,4374.845,4396.735
1787060100000,4396.705,4403.235,4395.265,4402.805
1787060400000,4402.735,4406.295,4399.315,4400.805
1787060700000,4401.235,4402.055,4391.175,4395.005
1787061000000,4394.735,4398.035,4389.225,4390.735
1787061300000,4390.965,4394.855,4389.685,4394.315
1787061600000,4394.415,4406.325,4393.075,4403.995
1787061900000,4404.005,4404.365,4397.635,4397.965
1787062200000,4398.015,4398.785,4390.855,4392.995
1787062500000,4393.095,4404.935,4392.715,4401.275
1787062800000,4401.305,4402.555,4395.535,4397.595
1787063100000,4397.605,4398.715,4392.125,4393.995
1787063400000,4393.975,4396.215,4384.905,4390
1787063700000,4390,4390.035,4381.945,4382.655
1787064000000,4382.625,4384.755,4377.445,4379.395
1787064300000,4379.425,4388.315,4377.755,4386.615
1787064600000,4386.615,4388.685,4371.555,4378.615
1787064900000,4378.525,4382.815,4363.365,4366.295
1787065200000,4366.515,4376.525,4365.585,4375.445
1787065500000,4375.505,4377.395,4364.795,4365.625
1787065800000,4365.595,4368.105,4358.785,4359.845
1787066100000,4359.845,4365.135,4354.965,4355.005
1787066400000,4354.855,4356.835,4351.415,4354.095
1787066700000,4354.245,4360.805,4352.825,4354.855
1787067000000,4354.715,4361.985,4354.345,4359.585
1787067300000,4359.685,4362.225,4356.505,4361.025
1787067600000,4361.165,4361.975,4356.455,4358.425
1787067900000,4358.625,4364.975,4358.605,4363.925
1787068200000,4364.125,4366.525,4361.125,4364.415
1787068500000,4364.495,4365.855,4363.165,4364.695
1787068800000,4364.585,4369.165,4364.585,4367.975
1787069100000,4367.865,4371.505,4366.655,4371.215
1787069400000,4371.265,4371.495,4367.335,4367.525
1787069700000,4367.545,4368.155,4364.425,4366.925
1787070000000,4367.015,4369.515,4366.425,4368.165
1787070300000,4368.165,4368.945,4363.305,4363.955
1787070600000,4364.115,4366.575,4363.145,4365.675
1787070900000,4365.745,4367.025,4362.885,4365.075
1787071200000,4365.165,4368.385,4364.995,4367.235
1787071500000,4367.255,4367.595,4363.025,4363.335
1787071800000,4363.355,4368.685,4362.865,4368.425
1787072100000,4368.425,4368.425,4362.935,4363.675
1787072400000,4363.515,4365.545,4363.435,4364.395
1787072700000,4364.425,4366.085,4364.215,4365.695
1787073000000,4365.785,4367.105,4364.625,4366.785
1787073300000,4366.915,4368.255,4362.955,4364.175
1787073600000,4364.275,4367.235,4364.065,4367.235
1787073900000,4367.345,4368.245,4363.395,4365.255
1787074200000,4365.205,4366.005,4361.185,4364.295
1787074500000,4364.065,4365.155,4360.735,4362.555
1787074800000,4362.435,4364.845,4358.445,4358.445
1787075100000,4358.405,4360.265,4356.775,4357.735
1787075400000,4357.775,4359.575,4357.645,4358.505
1787075700000,4358.505,4358.895,4356.525,4357.515
1787076000000,4357.645,4357.845,4352.575,4353.355
1787076300000,4353.355,4355.675,4352.625,4355.535
1787076600000,4355.545,4358.025,4352.775,4357.675
1787076900000,4357.685,4359.045,4356.605,4358.785
1787077200000,4358.785,4359.335,4355.425,4356.885
1787077500000,4356.895,4360.845,4356.335,4360.055
1787077800000,4360.095,4360.405,4357.815,4359.565
1787078100000,4359.575,4360.245,4358.155,4359.555
1787078400000,4359.515,4359.655,4353.365,4354.115
1787078700000,4354.305,4355.425,4352.695,4353.695
1787079000000,4353.675,4355.015,4353.665,4354.455
1787079300000,4354.435,4355.905,4353.595,4354.095
1787079600000,4354.125,4357.975,4353.895,4355.245
1787079900000,4354.975,4356.795,4354.665,4355.035
1787080200000,4355.045,4358.205,4354.515,4356.835
1787080500000,4356.835,4358.515,4353.845,4354.505
1787080800000,4354.405,4356.185,4352.445,4353.125
1787081100000,4353.105,4355.845,4352.225,4354.775
1787081400000,4354.775,4356.655,4353.675,4354.135
1787081700000,4354.055,4355.565,4353.535,4354.875
1787082000000,4354.875,4357.755,4349.635,4349.835
1787082300000,4349.835,4353.285,4343.735,4345.815
1787082600000,4345.765,4346.665,4341.735,4345.135
1787082900000,4345.165,4346.235,4338.205,4345.415
1787083200000,4345.455,4346.275,4342.425,4343.455
1787083500000,4343.665,4344.005,4342.175,4342.675
1787083800000,4342.815,4343.375,4340.435,4341.595
1787084100000,4341.695,4341.925,4339.415,4341.485
1787084400000,4341.605,4341.745,4333.305,4337.455
1787084700000,4337.575,4338.245,4336.275,4337.615
1787085000000,4337.725,4339.275,4336.285,4339.075
1787085300000,4339.185,4339.265,4337.165,4337.565
1787085600000,4337.705,4338.225,4331.305,4331.945
1787085900000,4331.785,4332.975,4329.295,4332.715
1787086200000,4332.825,4334.245,4329.715,4334.105
1787086500000,4334.235,4335.205,4330.135,4330.135
1787086800000,4330.135,4330.135,4330.135,4330.135
1787087100000,4330.135,4330.135,4330.135,4330.135
1787087400000,4330.135,4330.135,4330.135,4330.135
1787087700000,4330.135,4330.135,4330.135,4330.135
1787088000000,4330.135,4330.135,4330.135,4330.135
1787088300000,4330.135,4330.135,4330.135,4330.135
1787088600000,4330.135,4330.135,4330.135,4330.135
1787088900000,4330.135,4330.135,4330.135,4330.135
1787089200000,4330.135,4330.135,4330.135,4330.135
1787089500000,4330.135,4330.135,4330.135,4330.135
1787089800000,4330.135,4330.135,4330.135,4330.135
1787090100000,4330.135,4330.135,4330.135,4330.135
1787090400000,4332.745,4341.425,4332.745,4338.745
1787090700000,4338.875,4342.53,4338.875,4340.555
1787091000000,4340.445,4341.305,4337.365,4338.315
1787091300000,4338.255,4341.325,4336.945,4337.105
1787091600000,4337.685,4339.425,4332.745,4334.805
1787091900000,4334.705,4338.165,4332.675,4335.985
1787092200000,4335.925,4336.155,4334.645,4335.305
1787092500000,4335.305,4336.035,4332.075,4333.325
1787092800000,4333.325,4334.025,4332.155,4333.085
1787093100000,4333.225,4334.415,4332.515,4334.105
1787093400000,4334.285,4335.295,4333.185,4334.635
1787093700000,4334.795,4335.095,4332.015,4332.765
1787094000000,4333.035,4334.975,4331.755,4334.725
1787094300000,4334.805,4337.135,4333.345,4333.985
1787094600000,4333.905,4335.365,4332.315,4333.845
1787094900000,4333.725,4334.805,4331.785,4331.905
1787095200000,4332.025,4337.285,4330.485,4332.385
1787095500000,4332.525,4333.325,4330,4330.115
1787095800000,4330.225,4332.605,4326.735,4330.635
1787096100000,4330.735,4331.655,4326.825,4328.465
1787096400000,4328.315,4330.265,4327.645,4329.745
1787096700000,4329.595,4331.885,4329.145,4330.535
1787097000000,4330.665,4334.075,4329.485,4333.695
1787097300000,4333.825,4333.825,4330.875,4332.785
1787097600000,4332.925,4340.435,4331.195,4336.525
1787097900000,4336.415,4341.075,4335.615,4339.725
1787098200000,4339.585,4344.885,4337.805,4342.765
1787098500000,4342.605,4345.905,4342.605,4343.295
1787098800000,4343.615,4345.845,4341.205,4342.705
1787099100000,4342.605,4343.575,4338.695,4342.795
1787099400000,4342.825,4345.445,4339.385,4340.505
1787099700000,4340.365,4346.495,4340.235,4344.625
1787100000000,4344.505,4346.975,4342.695,4343.365
1787100300000,4343.265,4344.115,4341.935,4342.395
1787100600000,4342.285,4344.455,4340.875,4341.045
1787100900000,4340.945,4342.315,4336.875,4337.555
1787101200000,4337.185,4339.515,4323.925,4332.195
1787101500000,4332.055,4342.525,4331.055,4340.245
1787101800000,4340.135,4343.795,4336.705,4343.585
1787102100000,4343.475,4346.025,4334.235,4337.405
1787102400000,4337.555,4339.895,4332.805,4337.245
1787102700000,4337.295,4342.505,4335.465,4342.265
1787103000000,4342.395,4351.195,4342.255,4350.695
1787103300000,4350.825,4356.255,4350.215,4355.255
1787103600000,4355.275,4357.415,4354.025,4355.385
1787103900000,4355.305,4356.555,4350.705,4350.935
1787104200000,4350.895,4355.125,4350.455,4353.405
1787104500000,4353.405,4356.535,4352.555,4356.315
1787104800000,4356.415,4357.085,4351.535,4354.205
1787105100000,4354.415,4356.985,4352.735,4355.755
1787105400000,4355.925,4355.985,4352.435,4353.415
1787105700000,4353.535,4360.615,4352.465,4358.655
1787106000000,4358.715,4361.845,4357.835,4359.775
1787106300000,4359.785,4361.165,4358.895,4359.485
1787106600000,4359.735,4360.015,4355.475,4356.685
1787106900000,4356.635,4358.185,4353.995,4355.105
1787107200000,4354.985,4358.095,4354.625,4355.115
1787107500000,4355.365,4357.135,4353.995,4355.425
1787107800000,4355.435,4356.305,4352.775,4353.835
1787108100000,4353.855,4354.855,4351.045,4354.845
1787108400000,4354.825,4356.105,4352.555,4355.555
1787108700000,4355.525,4355.525,4351.795,4353.575
1787109000000,4353.705,4355.205,4353.285,4354.345
1787109300000,4354.345,4355.995,4351.765,4352.615
1787109600000,4352.605,4355.735,4351.735,4355.595
1787109900000,4355.715,4357.785,4355.645,4356.815
1787110200000,4356.965,4358.385,4355.745,4356.805
1787110500000,4356.825,4360.205,4356.795,4357.985
1787110800000,4357.945,4358.745,4356.865,4358.395
1787111100000,4358.425,4358.805,4356.225,4357.705
1787111400000,4357.725,4358.395,4355.415,4355.595
1787111700000,4355.525,4356.395,4354.565,4354.765
1787112000000,4354.965,4356.035,4353.285,4353.625
1787112300000,4353.675,4354.745,4352.855,4354.245
1787112600000,4354.265,4354.795,4353.375,4354.535
1787112900000,4354.515,4354.805,4349.875,4352.215
1787113200000,4352.325,4352.695,4350.655,4351.545
1787113500000,4351.565,4351.565,4350.125,4351.005
1787113800000,4351.105,4351.915,4349.455,4349.505
1787114100000,4349.555,4350.505,4346.255,4346.495
1787114400000,4346.505,4347.415,4344.825,4346.345
1787114700000,4346.265,4346.965,4345.715,4346.505
1787115000000,4346.515,4346.515,4343.625,4344.705
1787115300000,4344.925,4348.345,4344.395,4348.325
1787115600000,4348.325,4350.565,4346.185,4347.135
1787115900000,4347.225,4347.825,4342.295,4342.315
1787116200000,4342.435,4342.605,4338.495,4338.855
1787116500000,4338.855,4339.455,4336.535,4337.555
1787116800000,4337.535,4342.545,4337.285,4341.275
1787117100000,4341.305,4345.095,4340.305,4344.995
1787117400000,4345.145,4345.205,4336.575,4338.225
1787117700000,4338.265,4342.855,4336.645,4342.785
1787118000000,4342.765,4343.435,4339.765,4342.135
1787118300000,4342.025,4342.165,4335.105,4336.955
1787118600000,4336.905,4338.165,4335.025,4335.305
1787118900000,4335.555,4338.675,4334.975,4335.465
1787119200000,4335.455,4341.225,4335.245,4337.495
1787119500000,4337.445,4340.265,4335.235,4338.865
1787119800000,4338.905,4341.725,4337.015,4337.325
1787120100000,4337.125,4346.115,4336.775,4345.265
1787120400000,4345.265,4348.225,4344.495,4345.845
1787120700000,4345.845,4346.775,4340.415,4343.195
1787121000000,4343.195,4343.225,4336.935,4338.525
1787121300000,4338.525,4345.545,4338.525,4343.835
1787121600000,4343.805,4344.195,4341.375,4341.765
1787121900000,4341.795,4344.045,4340.705,4343.695
1787122200000,4343.705,4347.725,4343.705,4347.595
1787122500000,4347.585,4349.185,4347.235,4348.905
1787122800000,4348.615,4351.085,4347.335,4347.925
1787123100000,4347.835,4353.455,4347.575,4352.835
1787123400000,4352.825,4353.465,4349.715,4350.455
1787123700000,4350.395,4351.475,4347.295,4350.795
1787124000000,4350.605,4354.815,4348.845,4354.305
1787124300000,4354.275,4356.965,4353.835,4356.695
1787124600000,4356.495,4360.635,4356.285,4359.385
1787124900000,4359.185,4363.115,4357.045,4357.455
1787125200000,4357.615,4357.685,4352.635,4354.385
1787125500000,4354.385,4357.095,4354.145,4356.405
1787125800000,4356.435,4357.695,4354.755,4355.505
1787126100000,4355.555,4356.185,4354.285,4354.735
1787126400000,4354.635,4357.645,4350.985,4356.965
1787126700000,4356.965,4360.945,4356.115,4360.775
1787127000000,4360.765,4362.665,4359.895,4361.605
1787127300000,4361.605,4362.475,4359.745,4359.765
1787127600000,4359.725,4360.145,4357.275,4359.995
1787127900000,4360.075,4360.905,4358.045,4360.905
1787128200000,4360.905,4361.165,4356.575,4356.995
1787128500000,4356.995,4360.835,4356.365,4359.925
1787128800000,4360.065,4362.875,4359.165,4362.275
1787129100000,4362.155,4362.865,4360.395,4361.255
1787129400000,4361.255,4361.545,4357.855,4358.005
1787129700000,4358.045,4358.115,4354.415,4355.385
1787130000000,4355.275,4358.985,4354.695,4358.685
1787130300000,4358.575,4359.705,4355.075,4355.605
1787130600000,4355.605,4357.545,4355.215,4356.055
1787130900000,4356.055,4356.515,4353.165,4355.045
1787131200000,4355.145,4356.935,4353.325,4355.885
1787131500000,4355.885,4357.245,4353.725,4356.385
1787131800000,4356.235,4357.485,4355.205,4356.225
1787132100000,4356.225,4357.045,4355.655,4356.645
1787132400000,4356.645,4360.855,4356.285,4358.595
1787132700000,4358.475,4360.805,4358.075,4360.135
1787133000000,4360.245,4360.685,4357.785,4359.585
1787133300000,4359.785,4361.725,4358.765,4361.635
1787133600000,4361.895,4363.085,4359.465,4359.745
1787133900000,4359.855,4362.495,4359.435,4361.175
1787134200000,4361.025,4364.105,4360.595,4363.605
1787134500000,4363.485,4368.445,4363.305,4368.025
1787134800000,4368.485,4368.985,4366.545,4368.165
1787135100000,4367.875,4368.925,4366.495,4368.615
1787135400000,4368.615,4369.235,4365.635,4366.735
1787135700000,4366.845,4367.455,4366.315,4366.755
1787136000000,4366.655,4368.245,4366.165,4367.815
1787136300000,4367.925,4369.305,4367.095,4368.295
1787136600000,4368.175,4368.605,4366.815,4367.255
1787136900000,4366.875,4367.765,4365.955,4367.045
1787137200000,4367.225,4370.815,4367.215,4370.755
1787137500000,4370.755,4373.405,4370.385,4370.895
1787137800000,4370.795,4373.815,4370.555,4373.165
1787138100000,4373.055,4373.965,4369.335,4370.115
1787138400000,4370.105,4371.035,4368.495,4370.605
1787138700000,4370.755,4373.155,4370.165,4370.545
1787139000000,4370.605,4371.505,4368.215,4369.165
1787139300000,4369.055,4369.745,4366.685,4367.825
1787139600000,4367.825,4367.935,4362.965,4363.255
1787139900000,4363.255,4367.355,4363.145,4367.005
1787140200000,4367.115,4367.125,4363.405,4365.405
1787140500000,4365.515,4366.105,4363.775,4364.325
1787140800000,4364.345,4365.105,4361.805,4363.865
1787141100000,4363.865,4368.025,4363.135,4367.575
1787141400000,4367.335,4370.575,4366.445,4367.955
1787141700000,4368.395,4369.935,4365.745,4367.845
1787142000000,4367.965,4373.395,4367.675,4370.045
1787142300000,4370.045,4371.045,4367.645,4369.345
1787142600000,4369.085,4384.805,4368.305,4384.365
1787142900000,4384.285,4416.285,4382.715,4412.135
1787143200000,4412.005,4420.255,4405.985,4417.515
1787143500000,4416.995,4421.105,4411.045,4417.115
1787143800000,4416.905,4428.495,4411.165,4428.325
1787144100000,4428.205,4442.197,4426.105,4438.515
1787144400000,4438.515,4441.755,4426.595,4427.265
1787144700000,4427.395,4441.275,4423.825,4441.275
1787145000000,4441.295,4460.455,4440.805,4455.525
1787145300000,4455.425,4463.845,4455.215,4460.025
1787145600000,4460.025,4462.335,4454.635,4458.815
1787145900000,4458.485,4460.825,4454.635,4457.825
1787146200000,4457.705,4465.925,4454.955,4461.515
1787146500000,4461.935,4461.965,4441.825,4455.465
1787146800000,4455.635,4463.835,4449.515,4460.035
1787147100000,4459.935,4461.615,4449.475,4449.905
1787147400000,4450.015,4456.125,4444.755,4453.295
1787147700000,4453.165,4463.095,4451.185,4459.285
1787148000000,4459.385,4462.365,4454.895,4460.105
1787148300000,4460.225,4471.875,4460.225,4471.725
1787148600000,4471.255,4475.385,4468.855,4473.325
1787148900000,4473.515,4477.975,4471.035,4471.035
1787149200000,4471.175,4480.235,4469.965,4478.125
1787149500000,4477.995,4487.585,4477.095,4485.715
1787149800000,4485.835,4491.385,4483.385,4487.245
1787150100000,4487.125,4491.345,4486.285,4488.845
1787150400000,4488.965,4498.235,4486.955,4489.105
1787150700000,4489.145,4489.245,4477.745,4479.015
1787151000000,4479.125,4486.685,4478.195,4485.365
1787151300000,4485.665,4489.445,4484.835,4487.975
1787151600000,4487.995,4488.165,4480.955,4484.595
1787151900000,4484.685,4487.065,4481.775,4481.865
1787152200000,4481.885,4487.605,4479.615,4484.795
1787152500000,4485.325,4487.255,4483.585,4486.075
1787152800000,4485.935,4487.755,4480.665,4480.665
1787153100000,4480.755,4484.455,4477.895,4483.595
1787153400000,4483.435,4486.045,4479.985,4484.525
1787153700000,4484.675,4488.265,4484.445,4486.985
1787154000000,4487.095,4492.325,4484.665,4490.055
1787154300000,4490.115,4494.135,4489.695,4490.425
1787154600000,4490.285,4492.585,4488.415,4490.965
1787154900000,4490.955,4493.675,4490.485,4493.625
1787155200000,4493.625,4497.245,4493.005,4493.095
1787155500000,4493.135,4497.415,4490.935,4497.195
1787155800000,4497.035,4498.835,4496.455,4497.615
1787156100000,4497.735,4499.125,4494.865,4494.905
1787156400000,4494.855,4496.635,4493.235,4494.765
1787156700000,4494.915,4495.435,4490.415,4490.945
1787157000000,4490.985,4495.615,4490.415,4495.485
1787157300000,4495.555,4496.015,4491.835,4495.215
1787157600000,4495.265,4496.275,4493.605,4494.835
1787157900000,4494.815,4496.705,4493.365,4494.495
1787158200000,4494.235,4497.605,4493.965,4494.345
1787158500000,4494.255,4495.145,4493.025,4493.025
1787158800000,4493.525,4498.975,4493.205,4496.765
1787159100000,4496.605,4497.225,4491.225,4492.885
1787159400000,4492.905,4493.745,4488.785,4492.315
1787159700000,4492.205,4492.695,4486.865,4488.995
1787160000000,4489.055,4490.315,4487.585,4489.155
1787160300000,4489.135,4489.425,4485.935,4487.765
1787160600000,4487.705,4488.895,4484.155,4487.895
1787160900000,4488.005,4489.675,4486.335,4488.225
1787161200000,4488.185,4491.435,4486.755,4488.405
1787161500000,4488.275,4489.205,4487.385,4488.035
1787161800000,4488.065,4488.825,4485.415,4486.105
1787162100000,4486.225,4486.715,4484.105,4486.605
1787162400000,4486.605,4495.575,4485.365,4495.325
1787162700000,4495.415,4496.175,4485.925,4488.695
1787163000000,4488.645,4490.145,4485.835,4487.685
1787163300000,4487.635,4487.675,4482.025,4484.485
1787163600000,4484.495,4484.865,4480.815,4481.115
1787163900000,4481.235,4481.615,4472.595,4475.085
1787164200000,4475.155,4481.155,4471.755,4480.465
1787164500000,4480.485,4484.565,4478.775,4484.035
1787164800000,4484.135,4491.665,4483.505,4490.145
1787165100000,4490.275,4491.925,4489.255,4491.335
1787165400000,4491.525,4496.585,4490.545,4494.245
1787165700000,4494.115,4495.735,4493.905,4494.875
1787166000000,4494.955,4498.275,4494.235,4496.605
1787166300000,4496.815,4505.455,4495.005,4504.765
1787166600000,4504.895,4505.205,4501.905,4502.985
1787166900000,4503.105,4505.995,4502.745,4504.245
1787167200000,4504.095,4505.055,4502.205,4505.055
1787167500000,4504.925,4507.635,4503.015,4506.695
1787167800000,4506.805,4510.665,4505.535,4509.125
1787168100000,4509.425,4510.275,4503.465,4505.535
1787168400000,4505.575,4507.535,4501.875,4506.695
1787168700000,4506.575,4511.065,4504.885,4510.995
1787169000000,4510.795,4511.785,4508.065,4511.235
1787169300000,4510.985,4512.075,4508.145,4511.075
1787169600000,4510.995,4511.715,4508.475,4509.055
1787169900000,4508.905,4510.235,4507.445,4510.235
1787170200000,4510.395,4511.715,4504.795,4506.435
1787170500000,4506.555,4510.955,4506.205,4509.875
1787170800000,4510.095,4517.845,4509.805,4517.845
1787171100000,4517.625,4521.675,4516.915,4518.015
1787171400000,4517.915,4523.255,4517.585,4521.055
1787171700000,4521.155,4521.155,4518.405,4519.395
1787172000000,4519.275,4520.405,4518.555,4519.285
1787172300000,4519.405,4521.805,4519.225,4520.695
1787172600000,4520.525,4523.935,4520.495,4523.625
1787172900000,4523.775,4524.135,4522.035,4522.295
1787173200000,4522.295,4522.295,4522.295,4522.295
1787173500000,4522.295,4522.295,4522.295,4522.295
1787173800000,4522.295,4522.295,4522.295,4522.295
1787174100000,4522.295,4522.295,4522.295,4522.295
1787174400000,4522.295,4522.295,4522.295,4522.295
1787174700000,4522.295,4522.295,4522.295,4522.295
1787175000000,4522.295,4522.295,4522.295,4522.295
1787175300000,4522.295,4522.295,4522.295,4522.295
1787175600000,4522.295,4522.295,4522.295,4522.295
1787175900000,4522.295,4522.295,4522.295,4522.295
1787176200000,4522.295,4522.295,4522.295,4522.295
1787176500000,4522.295,4522.295,4522.295,4522.295
1787176800000,4522.135,4527.475,4518.925,4520.795
1787177100000,4520.635,4523.585,4519.855,4520.495
1787177400000,4520.385,4521.455,4518.265,4519.575
1787177700000,4519.315,4520.375,4518.335,4519.505
1787178000000,4519.355,4521.035,4518.475,4520.925
1787178300000,4520.835,4521.005,4519.045,4520.675
1787178600000,4520.665,4521.875,4517.315,4518.395
1787178900000,4518.225,4519.445,4516.905,4517.325
1787179200000,4517.415,4519.135,4517.415,4518.095
1787179500000,4518.105,4521.055,4517.375,4519.125
1787179800000,4519.155,4521.655,4518.385,4519.385
1787180100000,4519.285,4519.835,4515.195,4517.545
1787180400000,4517.635,4522.515,4516.085,4519.825
1787180700000,4519.835,4522.445,4519.835,4520.625
1787181000000,4521.615,4521.615,4519.005,4519.125
1787181300000,4519.025,4519.955,4517.625,4519.765
1787181600000,4519.655,4519.955,4514.955,4518.785
1787181900000,4518.675,4518.945,4515.845,4517.305
1787182200000,4517.475,4518.045,4513.675,4513.675
1787182500000,4513.855,4516.035,4513.545,4513.625
1787182800000,4513.835,4515.215,4513.225,4513.825
1787183100000,4514.105,4517.175,4513.745,4514.525
1787183400000,4514.405,4514.805,4511.765,4512.485
1787183700000,4512.635,4512.915,4510.695,4511.055
1787184000000,4510.895,4518.505,4509.665,4514.425
1787184300000,4514.135,4517.905,4513.475,4514.675
1787184600000,4514.775,4515.955,4512.155,4515.775
1787184900000,4515.875,4520.925,4513.755,4517.685
1787185200000,4517.705,4517.835,4509.675,4511.485
1787185500000,4511.375,4512.455,4508.285,4510.075
1787185800000,4509.865,4513.145,4509.165,4511.125
1787186100000,4511.305,4511.475,4508.415,4508.895
1787186400000,4509.035,4509.135,4503.235,4505.475
1787186700000,4505.365,4507.805,4504.005,4507.115
1787187000000,4507.005,4509.835,4504.355,4505.785
1787187300000,4505.955,4510.085,4503.445,4504.215
1787187600000,4504.395,4509.785,4492.135,4492.635
1787187900000,4492.785,4499.255,4491.225,4498.355
1787188200000,4497.935,4498.035,4491.805,4492.895
1787188500000,4492.995,4499.355,4492.745,4498.685
1787188800000,4498.615,4503.415,4498.615,4501.975
1787189100000,4501.725,4503.055,4497.455,4500.025
1787189400000,4499.875,4500.925,4495.135,4498.135
1787189700000,4498.265,4499.485,4493.365,4495.205
1787190000000,4495.335,4499.085,4493.065,4493.395
1787190300000,4493.545,4495.305,4488.655,4489.325
1787190600000,4489.375,4490.145,4484.055,4484.735
1787190900000,4484.735,4490.475,4484.255,4489.225
1787191200000,4489.265,4498.245,4488.025,4497.375
1787191500000,4497.475,4498.665,4493.775,4495.295
1787191800000,4495.205,4499.565,4495.065,4497.485
1787192100000,4497.215,4497.525,4489.095,4491.005
1787192400000,4490.955,4494.045,4488.985,4493.835
1787192700000,4493.735,4494.795,4490.725,4492.435
1787193000000,4492.595,4494.465,4490.285,4491.335
1787193300000,4491.345,4493.785,4489.985,4492.435
1787193600000,4492.305,4493.795,4489.735,4490.115
1787193900000,4489.945,4491.785,4488.755,4488.755
1787194200000,4488.555,4494.435,4488.445,4493.175
1787194500000,4493.285,4493.285,4490.025,4490.425
1787194800000,4490.275,4496.275,4490.275,4495.585
1787195100000,4495.465,4496.865,4491.085,4491.905
1787195400000,4491.775,4492.435,4487.645,4492.435
1787195700000,4492.315,4493.305,4490.055,4492.475
1787196000000,4492.595,4495.885,4490.885,4495.095
1787196300000,4494.895,4496.305,4492.705,4493.065
1787196600000,4493.225,4498.185,4492.015,4497.665
1787196900000,4497.575,4497.885,4494.285,4497.175
1787197200000,4497.175,4498.485,4495.885,4497.535
1787197500000,4497.675,4498.305,4496.695,4498.165
1787197800000,4498.095,4500.085,4496.595,4499.555
1787198100000,4499.355,4500.535,4497.505,4498.405
1787198400000,4498.465,4498.815,4494.615,4495.395
1787198700000,4495.565,4497.595,4495.115,4496.645
1787199000000,4496.755,4497.355,4495.855,4496.135
1787199300000,4495.975,4497.095,4494.765,4496.455
1787199600000,4496.345,4496.825,4493.885,4495.095
1787199900000,4494.995,4495.275,4489.425,4489.495
1787200200000,4489.465,4490.695,4486.245,4487.775
1787200500000,4487.655,4488.465,4485.895,4486.935
1787200800000,4487.105,4488.265,4486.305,4486.875
1787201100000,4486.535,4490.425,4486.535,4489.985
1787201400000,4489.775,4491.465,4489.045,4489.515
1787201700000,4489.375,4491.155,4487.745,4488.415
1787202000000,4488.315,4491.615,4487.835,4491.295
1787202300000,4491.405,4493.745,4490.505,4490.505
1787202600000,4490.615,4491.295,4483.785,4485.135
1787202900000,4485.165,4486.525,4483.775,4484.065
1787203200000,4484.205,4486.815,4483.845,4486.135
1787203500000,4485.895,4486.055,4482.805,4482.805
1787203800000,4482.915,4485.965,4479.265,4480.115
1787204100000,4480.305,4481.615,4477.895,4480.005
1787204400000,4479.905,4482.045,4478.645,4480.405
1787204700000,4480.395,4481.485,4478.705,4481.045
1787205000000,4481.155,4481.825,4478.065,4478.315
1787205300000,4478.075,4482.975,4477.515,4481.265
1787205600000,4481.205,4488.555,4479.775,4488.395
1787205900000,4488.245,4491.255,4487.735,4489.955
1787206200000,4489.955,4493.175,4489.605,4492.505
1787206500000,4492.455,4495.705,4491.605,4493.285
1787206800000,4493.225,4494.125,4491.905,4493.045
1787207100000,4492.945,4495.105,4492.625,4493.915
1787207400000,4493.755,4495.195,4492.035,4495.065
1787207700000,4494.785,4495.335,4493.085,4493.365
1787208000000,4493.245,4494.255,4491.555,4492.225
1787208300000,4492.355,4495.375,4492.355,4492.995
1787208600000,4492.865,4493.205,4491.155,4491.805
1787208900000,4491.675,4494.185,4491.115,4493.525
1787209200000,4493.295,4493.575,4487.345,4488.405
1787209500000,4488.525,4490.695,4487.225,4489.025
1787209800000,4488.995,4490.165,4486.955,4487.755
1787210100000,4487.755,4490.345,4486.835,4486.975
1787210400000,4486.975,4487.925,4485.335,4485.415
1787210700000,4485.365,4486.105,4483.435,4483.805
1787211000000,4483.855,4489.565,4483.315,4489.565
1787211300000,4489.615,4491.165,4488.875,4489.985
1787211600000,4489.865,4493.395,4489.025,4490.995
1787211900000,4490.835,4494.125,4489.045,4489.125
1787212200000,4489.195,4490.805,4488.145,4490.755
1787212500000,4490.765,4492.205,4489.045,4490.805
1787212800000,4490.925,4494.785,4490.425,4492.345
1787213100000,4492.325,4494.205,4491.025,4493.775
1787213400000,4493.775,4495.255,4491.535,4494.185
1787213700000,4494.145,4498.575,4493.865,4496.105
1787214000000,4496.085,4497.905,4494.755,4495.395
1787214300000,4495.235,4496.035,4489.825,4491.155
1787214600000,4491.155,4493.105,4486.935,4492.905
1787214900000,4492.855,4495.265,4489.885,4491.505
1787215200000,4491.375,4492.885,4490.075,4490.395
1787215500000,4490.355,4491.365,4487.795,4487.815
1787215800000,4487.975,4491.745,4487.455,4491.595
1787216100000,4491.545,4491.845,4487.375,4489.165
1787216400000,4489.205,4490.945,4488.265,4490.575
1787216700000,4490.555,4493.135,4488.595,4491.495
1787217000000,4491.495,4494.065,4491.185,4492.145
1787217300000,4492.115,4493.705,4489.035,4489.135
1787217600000,4489.255,4492.785,4488.135,4489.655
1787217900000,4489.685,4490.595,4487.955,4489.745
1787218200000,4489.705,4490.445,4486.725,4487.365
1787218500000,4487.365,4488.255,4484.285,4486.025
1787218800000,4486.105,4490.175,4485.665,4489.025
1787219100000,4489.025,4489.025,4484.925,4485.305
1787219400000,4485.475,4486.045,4481.695,4483.695
1787219700000,4483.745,4484.625,4481.685,4482.485
1787220000000,4482.445,4486.015,4480.575,4485.265
1787220300000,4485.235,4489.595,4485.145,4489.435
1787220600000,4489.435,4491.235,4487.995,4490.435
1787220900000,4490.435,4491.555,4489.785,4490.375
1787221200000,4490.305,4490.655,4486.215,4488.715
1787221500000,4488.815,4493.995,4488.145,4493.635
1787221800000,4493.645,4494.805,4492.345,4492.915
1787222100000,4492.865,4494.535,4489.895,4490.255
1787222400000,4490.165,4491.035,4489.895,4490.995
1787222700000,4490.965,4491.135,4488.585,4489.985
1787223000000,4490.015,4490.585,4487.365,4487.735
1787223300000,4487.655,4490.355,4487.345,4489.925
1787223600000,4489.975,4491.125,4487.405,4488.195
1787223900000,4488.145,4488.275,4485.505,4487.185
1787224200000,4487.185,4487.455,4482.675,4485.125
1787224500000,4485.105,4485.625,4480.985,4482.195
1787224800000,4482.205,4487.505,4481.535,4487.505
1787225100000,4487.265,4489.705,4483.995,4484.075
1787225400000,4484.135,4485.685,4482.425,4484.725
1787225700000,4484.665,4486.675,4479.735,4481.585
1787226000000,4481.585,4482.425,4473.985,4474.575
1787226300000,4474.715,4475.605,4465.565,4470.995
1787226600000,4470.835,4472.755,4466.065,4466.965
1787226900000,4467.075,4471.185,4465.295,4466.865
1787227200000,4467.065,4467.145,4457.055,4458.025
1787227500000,4458.025,4459.355,4450.365,4456.785
1787227800000,4456.825,4466.175,4456.515,4462.345
1787228100000,4462.325,4467.365,4462.085,4466.895
1787228400000,4466.785,4467.725,4461.685,4463.725
1787228700000,4463.715,4463.725,4456.775,4459.205
1787229000000,4459.315,4460.845,4450.935,4453.165
1787229300000,4453.075,4463.125,4451.515,4462.965
1787229600000,4462.855,4466.915,4459.895,4466.515
1787229900000,4466.425,4471.435,4463.935,4471.335
1787230200000,4471.125,4475.245,4469.875,4471.895
1787230500000,4472.335,4476.875,4471.645,4474.605
1787230800000,4474.695,4484.235,4473.625,4478.305
1787231100000,4478.535,4480.065,4472.905,4473.545
1787231400000,4473.565,4475.705,4471.745,4472.705
1787231700000,4472.725,4476.585,4470.735,4474.655
1787232000000,4474.775,4476.415,4471.315,4474.075
1787232300000,4473.845,4474.285,4470.065,4471.565
1787232600000,4471.685,4477.125,4469.135,4475.535
1787232900000,4475.535,4486.555,4474.565,4483.635
1787233200000,4483.655,4487.715,4477.765,4486.555
1787233500000,4486.675,4489.175,4479.965,4482.085
1787233800000,4481.905,4486.405,4480.775,4485.505
1787234100000,4485.505,4486.635,4479.235,4481.555
1787234400000,4481.475,4490.485,4481.365,4483.155
1787234700000,4483.295,4486.575,4480.445,4485.125
1787235000000,4484.275,4488.875,4483.325,4484.885
1787235300000,4484.885,4489.345,4481.525,4481.835
1787235600000,4481.935,4493.705,4481.435,4490.755
1787235900000,4490.735,4493.035,4486.575,4491.405
1787236200000,4491.605,4497.015,4491.555,4494.095
1787236500000,4494.195,4500.715,4492.825,4495.795
1787236800000,4495.975,4501.045,4493.535,4499.055
1787237100000,4499.005,4508.845,4498.515,4507.865
1787237400000,4507.845,4510.305,4504.555,4509.665
1787237700000,4509.665,4516.075,4509.075,4515.735
1787238000000,4515.845,4536.325,4514.875,4535.525
1787238300000,4535.505,4536.255,4522.085,4524.315
1787238600000,4524.455,4537.235,4521.545,4534.565
1787238900000,4534.815,4540.655,4530.255,4539.545
1787239200000,4539.525,4540.795,4523.415,4527.095
1787239500000,4527.025,4534.075,4525.455,4532.275
1787239800000,4532.335,4533.705,4522.365,4523.765
1787240100000,4523.785,4526.535,4516.825,4518.365
1787240400000,4518.345,4519.475,4508.455,4511.305
1787240700000,4511.375,4521.275,4510.605,4519.925
1787241000000,4519.845,4521.465,4515.545,4518.945
1787241300000,4519.045,4523.935,4517.175,4521.435
1787241600000,4521.465,4524.615,4519.055,4519.315
1787241900000,4519.385,4521.825,4518.525,4519.745
1787242200000,4519.765,4520.145,4510.085,4510.995
1787242500000,4510.955,4512.985,4508.245,4511.825
1787242800000,4512.075,4512.765,4509.125,4511.585
1787243100000,4511.575,4511.625,4505.255,4508.995
1787243400000,4509.155,4509.785,4502.565,4509.065
1787243700000,4508.915,4512.535,4506.955,4507.115
1787244000000,4507.115,4510.105,4506.895,4509.075
1787244300000,4508.925,4512.225,4507.195,4511.765
1787244600000,4511.765,4513.535,4508.515,4509.305
1787244900000,4509.285,4510.985,4507.625,4509.805
1787245200000,4510.005,4513.735,4509.725,4511.345
1787245500000,4511.375,4511.585,4507.605,4509.775
1787245800000,4509.685,4510.505,4507.565,4509.225
1787246100000,4509.195,4511.095,4507.675,4508.585
1787246400000,4508.555,4514.155,4508.125,4510.915
1787246700000,4510.965,4516.635,4509.215,4512.725
1787247000000,4512.915,4518.315,4510.755,4518.025
1787247300000,4517.945,4518.495,4515.935,4516.665
1787247600000,4516.505,4518.155,4515.915,4518.075
1787247900000,4518.015,4520.095,4517.105,4518.945
1787248200000,4518.995,4519.985,4516.965,4518.495
1787248500000,4518.565,4520.335,4517.825,4519.775
1787248800000,4519.895,4522.195,4518.225,4521.635
1787249100000,4521.665,4522.245,4514.705,4516.405
1787249400000,4516.495,4516.495,4509.255,4510.465
1787249700000,4510.455,4516.075,4508.105,4515.725
1787250000000,4515.845,4517.995,4514.785,4516.335
1787250300000,4516.255,4519.995,4516.255,4518.845
1787250600000,4518.735,4521.345,4518.295,4519.305
1787250900000,4519.375,4523.325,4518.745,4521.005
1787251200000,4520.985,4521.835,4519.565,4519.875
1787251500000,4519.895,4521.345,4517.715,4521.235
1787251800000,4521.195,4525.125,4520.895,4524.455
1787252100000,4524.535,4524.745,4521.115,4521.855
1787252400000,4521.805,4522.435,4517.955,4521.465
1787252700000,4521.465,4526.035,4521.085,4525.885
1787253000000,4525.905,4528.035,4524.095,4527.465
1787253300000,4527.515,4529.295,4525.385,4525.695
1787253600000,4525.655,4527.995,4523.605,4526.915
1787253900000,4526.855,4527.645,4522.525,4522.615
1787254200000,4522.655,4524.475,4521.785,4523.915
1787254500000,4523.935,4529.575,4522.925,4528.795
1787254800000,4528.795,4528.845,4526.085,4526.085
1787255100000,4526.145,4530.225,4524.725,4528.645
1787255400000,4528.515,4531.885,4527.865,4530.855
1787255700000,4531.045,4531.335,4526.665,4528.405
1787256000000,4528.305,4528.925,4525.675,4526.835
1787256300000,4526.795,4527.675,4522.415,4522.625
1787256600000,4522.615,4524.695,4522.135,4522.195
1787256900000,4522.125,4522.525,4520.725,4521.755
1787257200000,4521.645,4522.075,4520.525,4521.065
1787257500000,4521.105,4521.865,4520.245,4520.605
1787257800000,4520.775,4520.875,4516.595,4517.745
1787258100000,4517.715,4518.475,4517.135,4517.685
1787258400000,4517.535,4518.695,4517.465,4518.065
1787258700000,4518.185,4518.835,4517.715,4518.465
1787259000000,4518.175,4521.115,4517.895,4519.505
1787259300000,4519.625,4519.995,4514.005,4514.005
1787259600000,4514.005,4514.005,4514.005,4514.005
1787259900000,4514.005,4514.005,4514.005,4514.005
1787260200000,4514.005,4514.005,4514.005,4514.005
1787260500000,4514.005,4514.005,4514.005,4514.005
1787260800000,4514.005,4514.005,4514.005,4514.005
1787261100000,4514.005,4514.005,4514.005,4514.005
1787261400000,4514.005,4514.005,4514.005,4514.005
1787261700000,4514.005,4514.005,4514.005,4514.005
1787262000000,4514.005,4514.005,4514.005,4514.005
1787262300000,4514.005,4514.005,4514.005,4514.005
1787262600000,4514.005,4514.005,4514.005,4514.005
1787262900000,4514.005,4514.005,4514.005,4514.005
1787263200000,4517.695,4520.545,4515.765,4518.415
1787263500000,4518.665,4519.745,4517.195,4517.195
1787263800000,4517.325,4519.275,4516.195,4518.125
1787264100000,4518.415,4519.955,4517.915,4519.305
1787264400000,4519.015,4519.665,4517.265,4518.065
1787264700000,4518.205,4520.695,4517.865,4519.075
1787265000000,4519.185,4520.145,4517.885,4519.895
1787265300000,4520.055,4522.235,4519.185,4521.325
1787265600000,4521.445,4523.305,4520.875,4522.395
1787265900000,4522.285,4523.405,4519.135,4522.025
1787266200000,4521.925,4524.365,4521.395,4523.715
1787266500000,4523.535,4524.145,4523.055,4523.705
1787266800000,4523.605,4529.555,4522.895,4528.715
1787267100000,4528.725,4529.795,4524.325,4526.645
1787267400000,4526.635,4532.645,4526.635,4531.415
1787267700000,4531.295,4532.115,4529.105,4531.145
1787268000000,4530.975,4531.055,4527.735,4528.425
1787268300000,4528.565,4529.975,4522.345,4526.865
1787268600000,4526.755,4528.415,4521.845,4523.365
1787268900000,4523.245,4524.145,4520.565,4523.395
1787269200000,4523.395,4524.655,4523.285,4524.255
1787269500000,4524.405,4527.175,4522.775,4526.925
1787269800000,4526.795,4527.945,4525.635,4527.285
1787270100000,4527.165,4527.565,4525.445,4526.195
1787270400000,4526.065,4527.455,4521.975,4522.525
1787270700000,4522.645,4522.815,4519.395,4519.845
1787271000000,4519.955,4522.925,4517.025,4518.295
1787271300000,4518.185,4519.165,4514.415,4517.535
1787271600000,4517.405,4518.755,4516.055,4517.195
1787271900000,4517.305,4520.465,4513.365,4514.435
1787272200000,4514.365,4516.815,4512.735,4514.085
1787272500000,4514.085,4515.475,4511.285,4512.575
1787272800000,4512.575,4514.065,4510.395,4513.395
1787273100000,4513.275,4513.615,4509.835,4511.215
1787273400000,4511.135,4512.505,4509.835,4510.805
1787273700000,4510.805,4511.445,4509.505,4510.045
1787274000000,4510.145,4517.215,4508.545,4512.935
1787274300000,4512.805,4516.005,4511.865,4513.475
1787274600000,4513.595,4521.015,4511.875,4520.545
1787274900000,4520.225,4526.375,4519.955,4523.885
1787275200000,4523.735,4529.575,4522.015,4526.165
1787275500000,4526.315,4530.425,4525.135,4529.225
1787275800000,4529.125,4538.515,4528.195,4536.955
1787276100000,4537.085,4543.515,4526.625,4528.395
1787276400000,4528.225,4528.655,4523.415,4525.835
1787276700000,4525.835,4533.115,4525.605,4531.025
1787277000000,4531.175,4531.925,4525.255,4525.765
1787277300000,4525.875,4530.885,4525.755,4530.545
1787277600000,4530.415,4531.115,4521.055,4522.305
1787277900000,4522.425,4525.235,4520.655,4522.955
1787278200000,4522.955,4523.335,4517.775,4520.895
1787278500000,4521.035,4522.295,4519.785,4522.115
1787278800000,4521.985,4527.155,4521.985,4526.935
1787279100000,4527.135,4529.195,4525.855,4527.225
1787279400000,4527.115,4530.575,4524.935,4525.935
1787279700000,4525.985,4531.635,4525.955,4530.935
1787280000000,4531.025,4538.005,4530.675,4537.905
1787280300000,4538.035,4539.315,4534.945,4538.825
1787280600000,4538.805,4542.675,4534.635,4540.415
1787280900000,4540.645,4540.905,4532.135,4533.365
1787281200000,4533.285,4538.185,4532.575,4533.005
1787281500000,4532.905,4535.535,4531.745,4534.085
1787281800000,4533.985,4536.135,4532.045,4532.135
1787282100000,4532.205,4534.435,4531.775,4532.715
1787282400000,4532.835,4534.685,4532.145,4533.115
1787282700000,4533.275,4534.465,4529.365,4529.455
1787283000000,4529.625,4535.465,4528.835,4535.295
1787283300000,4535.445,4535.445,4528.835,4528.885
1787283600000,4528.655,4529.395,4526.435,4528.975
1787283900000,4528.845,4533.595,4527.875,4531.385
1787284200000,4531.375,4533.145,4531.135,4532.825
1787284500000,4533.075,4535.515,4532.115,4535.165
1787284800000,4535.395,4539.205,4535.125,4538.235
1787285100000,4538.245,4539.475,4535.675,4537.905
1787285400000,4537.905,4541.275,4536.835,4539.855
1787285700000,4539.855,4541.085,4537.095,4541.085
1787286000000,4540.975,4545.225,4540.825,4542.735
1787286300000,4543.015,4547.315,4542.415,4546.695
1787286600000,4546.555,4547.875,4542.835,4543.775
1787286900000,4543.805,4544.485,4540.685,4541.565
1787287200000,4541.535,4542.855,4540.425,4541.445
1787287500000,4541.335,4541.985,4539.775,4540.795
1787287800000,4540.795,4542.245,4540.405,4541.215
1787288100000,4541.395,4542.235,4539.965,4540.305
1787288400000,4540.345,4540.635,4536.275,4537.475
1787288700000,4537.595,4539.465,4534.895,4536.385
1787289000000,4536.465,4537.625,4534.295,4536.875
1787289300000,4536.965,4538.475,4530.425,4533.565
1787289600000,4533.815,4534.265,4532.285,4533.635
1787289900000,4533.525,4534.245,4530.125,4530.125
1787290200000,4530.025,4538.055,4529.045,4537.745
1787290500000,4538.035,4540.535,4535.005,4536.215
1787290800000,4536.125,4543.345,4535.435,4542.945
1787291100000,4543.035,4546.475,4541.395,4546.005
1787291400000,4546.055,4549.045,4543.065,4547.635
1787291700000,4547.825,4556.035,4547.395,4553.335
1787292000000,4553.335,4554.965,4547.285,4549.155
1787292300000,4549.055,4551.315,4546.605,4548.075
1787292600000,4548.205,4550.015,4545.335,4548.625
1787292900000,4548.685,4556.555,4548.685,4555.465
1787293200000,4555.565,4556.415,4549.735,4550.345
1787293500000,4550.235,4558.065,4549.925,4555.315
1787293800000,4555.215,4563.385,4554.275,4561.135
1787294100000,4561.255,4565.665,4561.135,4564.635
1787294400000,4564.765,4564.765,4560.285,4562.305
1787294700000,4562.575,4567.385,4562.575,4567.235
1787295000000,4567.115,4567.335,4564.055,4564.475
1787295300000,4564.495,4567.475,4560.545,4560.725
1787295600000,4560.555,4565.855,4559.265,4565.725
1787295900000,4565.725,4565.725,4558.615,4558.615
1787296200000,4558.585,4561.555,4558.215,4561.345
1787296500000,4561.435,4566.845,4559.585,4566.165
1787296800000,4566.355,4567.765,4562.755,4563.525
1787297100000,4563.525,4564.515,4560.655,4561.515
1787297400000,4561.375,4564.535,4560.115,4561.945
1787297700000,4562.045,4564.755,4559.945,4563.995
1787298000000,4563.965,4566.105,4562.415,4564.245
1787298300000,4564.385,4568.025,4562.605,4565.845
1787298600000,4565.865,4566.955,4560.735,4561.685
1787298900000,4561.685,4564.875,4561.075,4564.305
1787299200000,4564.425,4566.625,4561.165,4561.165
1787299500000,4561.195,4562.715,4559.045,4561.535
1787299800000,4561.565,4567.915,4561.415,4565.445
1787300100000,4565.445,4573.255,4563.795,4572.595
1787300400000,4572.485,4579.125,4571.635,4577.565
1787300700000,4577.545,4581.675,4577.305,4579.235
1787301000000,4579.245,4581.385,4577.505,4580.645
1787301300000,4580.695,4582.615,4576.445,4579.365
1787301600000,4579.405,4584.125,4578.875,4582.285
1787301900000,4582.285,4583.365,4580.385,4580.855
1787302200000,4580.875,4583.145,4580.255,4581.485
1787302500000,4581.485,4584.825,4580.215,4583.975
1787302800000,4584.045,4585.855,4582.065,4585.855
1787303100000,4585.795,4596.315,4584.535,4595.475
1787303400000,4595.295,4600.425,4595.225,4599.095
1787303700000,4599.155,4601.875,4592.825,4592.925
1787304000000,4592.585,4592.935,4584.805,4586.695
1787304300000,4586.805,4587.575,4581.165,4581.995
1787304600000,4582.005,4584.305,4581.755,4582.515
1787304900000,4582.505,4585.715,4580.565,4585.395
1787305200000,4585.245,4586.665,4581.415,4582.885
1787305500000,4582.835,4583.525,4580.725,4581.255
1787305800000,4581.345,4584.065,4580.175,4583.995
1787306100000,4583.995,4585.355,4581.015,4582.535
1787306400000,4582.535,4588.695,4581.785,4585.005
1787306700000,4585.005,4585.165,4581.235,4583.105
1787307000000,4583.175,4584.045,4577.785,4578.525
1787307300000,4578.545,4586.975,4578.275,4584.265
1787307600000,4584.385,4586.615,4583.005,4585.925
1787307900000,4585.875,4589.085,4585.365,4588.335
1787308200000,4588.335,4590.725,4585.435,4590.215
1787308500000,4590.195,4593.455,4589.305,4593.415
1787308800000,4593.395,4594.055,4590.985,4592.945
1787309100000,4592.875,4593.415,4589.995,4590.515
1787309400000,4590.475,4592.425,4588.245,4590.155
1787309700000,4590.075,4590.815,4587.575,4588.255
1787310000000,4588.345,4595.035,4586.985,4593.625
1787310300000,4593.625,4595.315,4590.765,4592.085
1787310600000,4592.115,4593.075,4588.265,4590.285
1787310900000,4590.275,4597.605,4590.275,4595.935
1787311200000,4595.985,4600.915,4595.695,4597.845
1787311500000,4597.895,4599.865,4595.585,4598.265
1787311800000,4598.265,4598.715,4593.245,4594.775
1787312100000,4594.875,4604.575,4594.785,4596.975
1787312400000,4596.955,4597.605,4593.245,4596.795
1787312700000,4596.945,4600.385,4596.405,4599.595
1787313000000,4599.625,4600.165,4595.485,4597.585
1787313300000,4597.605,4598.405,4595.775,4596.835
1787313600000,4596.975,4601.415,4593.695,4595.485
1787313900000,4595.575,4600.055,4592.005,4593.595
1787314200000,4593.575,4593.815,4589.005,4592.685
1787314500000,4592.825,4595.765,4585.945,4587.795
1787314800000,4587.905,4588.995,4581.835,4585.545
1787315100000,4585.545,4586.625,4583.685,4584.625
1787315400000,4584.625,4584.625,4576.445,4577.635
1787315700000,4577.795,4578.015,4564.085,4564.335
1787316000000,4564.475,4575.705,4563.255,4573.625
1787316300000,4573.345,4579.225,4572.985,4579.215
1787316600000,4579.155,4580.765,4576.905,4579.725
1787316900000,4579.785,4580.745,4574.675,4577.755
1787317200000,4577.715,4584.345,4575.625,4580.925
1787317500000,4580.985,4583.755,4579.135,4580.875
1787317800000,4580.915,4586.805,4580.145,4584.785
1787318100000,4584.815,4587.605,4579.445,4580.645
1787318400000,4580.595,4586.635,4579.095,4582.955
1787318700000,4582.875,4585.225,4581.355,4583.915
1787319000000,4583.865,4586.595,4573.545,4573.715
1787319300000,4573.595,4590.825,4573.235,4587.135
1787319600000,4587.045,4590.445,4584.275,4587.555
1787319900000,4585.205,4592.835,4583.085,4589.675
1787320200000,4589.515,4591.025,4576.415,4581.065
1787320500000,4581.035,4585.565,4579.965,4580.745
1787320800000,4580.755,4588.695,4579.615,4588.225
1787321100000,4588.475,4590.475,4582.865,4587.265
1787321400000,4587.265,4589.775,4585.135,4589.415
1787321700000,4589.535,4590.945,4586.245,4589.995
1787322000000,4590.005,4598.245,4589.685,4597.645
1787322300000,4597.665,4603.055,4597.645,4602.975
1787322600000,4603.025,4603.535,4589.615,4589.625
1787322900000,4589.665,4592.525,4581.045,4581.865
1787323200000,4581.905,4589.535,4580.235,4582.335
1787323500000,4582.335,4591.475,4580.385,4591.105
1787323800000,4591.225,4595.035,4588.135,4589.285
1787324100000,4589.165,4592.135,4583.935,4591.315
1787324400000,4591.415,4594.115,4587.035,4593.005
1787324700000,4593.275,4597.955,4591.655,4593.455
1787325000000,4593.575,4597.555,4593.245,4594.745
1787325300000,4594.875,4598.985,4594.725,4597.115
1787325600000,4597.225,4602.515,4594.895,4602.005
1787325900000,4602.175,4607.015,4599.655,4602.645
1787326200000,4602.835,4605.865,4599.335,4605.665
1787326500000,4605.785,4608.055,4604.875,4606.655
1787326800000,4606.485,4610.425,4605.465,4609.475
1787327100000,4609.515,4610.835,4606.815,4607.415
1787327400000,4607.545,4614.845,4607.015,4613.715
1787327700000,4613.695,4615.135,4610.335,4614.435
1787328000000,4614.485,4617.705,4612.855,4616.875
1787328300000,4617.015,4617.225,4608.885,4609.995
1787328600000,4610.125,4615.555,4609.925,4614.135
1787328900000,4614.245,4615.805,4613.415,4613.805
1787329200000,4613.675,4620.375,4611.195,4612.665
1787329500000,4612.845,4614.205,4610.345,4613.755
1787329800000,4614.025,4616.085,4611.995,4615.425
1787330100000,4615.325,4620.885,4614.285,4619.085
1787330400000,4619.055,4621.725,4616.955,4621.175
1787330700000,4621.035,4624.705,4620.795,4623.705
1787331000000,4623.825,4627.225,4623.615,4627.225
1787331300000,4627.075,4629.155,4625.365,4628.495
1787331600000,4628.665,4630.685,4626.415,4627.325
1787331900000,4627.535,4631.935,4625.835,4630.495
1787332200000,4630.375,4631.355,4621.545,4623.065
1787332500000,4623.255,4625.815,4621.865,4622.895
1787332800000,4622.845,4624.295,4614.845,4617.905
1787333100000,4618.025,4623.935,4615.075,4621.665
1787333400000,4621.885,4622.225,4619.245,4620.285
1787333700000,4620.455,4624.585,4620.205,4622.415
1787334000000,4622.195,4624.425,4618.365,4619.415
1787334300000,4619.285,4619.605,4616.535,4618.495
1787334600000,4618.605,4622.385,4617.835,4619.495
1787334900000,4619.395,4621.285,4619.155,4620.395
1787335200000,4620.505,4625.945,4620.105,4625.805
1787335500000,4625.815,4627.415,4624.055,4625.545
1787335800000,4625.435,4626.085,4622.795,4624.015
1787336100000,4624.125,4626.935,4623.905,4626.625
1787336400000,4626.465,4627.565,4625.235,4626.305
1787336700000,4626.505,4627.555,4624.275,4624.995
1787337000000,4625.185,4625.185,4619.365,4622.025
1787337300000,4622.165,4622.855,4619.205,4619.585
1787337600000,4619.375,4621.265,4619.375,4620.695
1787337900000,4620.805,4625.745,4620.425,4624.515
1787338200000,4624.515,4624.895,4622.755,4624.795
1787338500000,4624.735,4624.735,4622.895,4624.145
1787338800000,4624.275,4625.465,4621.045,4621.745
1787339100000,4621.875,4622.115,4618.265,4620.995
1787339400000,4621.095,4623.305,4620.105,4622.135
1787339700000,4622.115,4622.415,4619.935,4622.215
1787340000000,4622.215,4623.065,4621.645,4622.105
1787340300000,4621.985,4622.755,4617.685,4617.875
1787340600000,4617.805,4619.525,4616.385,4616.725
1787340900000,4616.975,4618.185,4615.345,4617.555
1787341200000,4617.615,4619.385,4617.485,4618.045
1787341500000,4617.895,4622.945,4617.045,4622.585
1787341800000,4622.685,4623.395,4621.035,4622.365
1787342100000,4622.315,4622.395,4614.855,4616.675
1787342400000,4616.705,4616.955,4614.495,4616.935
1787342700000,4616.665,4617.345,4615.185,4615.975
1787343000000,4616.085,4617.355,4615.295,4616.615
1787343300000,4617.065,4617.315,4611.275,4612.545
1787343600000,4612.755,4613.275,4609.935,4610.665
1787343900000,4610.665,4611.315,4609.645,4610.335
1787344200000,4610.555,4611.555,4609.535,4610.075
1787344500000,4609.975,4610.995,4606.815,4607.605
1787344800000,4607.315,4609.275,4607.055,4607.505
1787345100000,4607.395,4608.175,4602.885,4605.865
1787345400000,4605.435,4606.635,4602.845,4604.425
1787345700000,4604.685,4604.685,4601.745,4602.055
1787443200000,4623.105,4623.105,4623.105,4623.105
1787443500000,4623.105,4623.105,4623.105,4623.105
1787443800000,4623.105,4623.105,4623.105,4623.105
1787444100000,4623.105,4623.105,4623.105,4623.105
1787444400000,4623.105,4623.105,4623.105,4623.105
1787444700000,4623.105,4623.105,4623.105,4623.105
1787445000000,4623.105,4623.105,4623.105,4623.105
1787445300000,4623.105,4623.105,4623.105,4623.105
1787445600000,4623.105,4623.105,4623.105,4623.105
1787445900000,4623.105,4623.105,4623.105,4623.105
1787446200000,4623.105,4623.105,4623.105,4623.105
1787446500000,4623.105,4623.105,4623.105,4623.105
1787446800000,4623.105,4623.105,4623.105,4623.105
1787447100000,4623.105,4623.105,4623.105,4623.105
1787447400000,4623.105,4623.105,4623.105,4623.105
1787447700000,4623.105,4623.105,4623.105,4623.105
1787448000000,4623.105,4623.105,4623.105,4623.105
1787448300000,4623.105,4623.105,4623.105,4623.105
1787448600000,4623.105,4623.105,4623.105,4623.105
1787448900000,4623.105,4623.105,4623.105,4623.105
1787449200000,4623.105,4623.105,4623.105,4623.105
1787449500000,4623.105,4623.105,4623.105,4623.105
1787449800000,4623.105,4623.105,4623.105,4623.105
1787450100000,4623.105,4623.105,4623.105,4623.105
1787450400000,4623.105,4623.105,4623.105,4623.105
1787450700000,4623.105,4623.105,4623.105,4623.105
1787451000000,4623.105,4623.105,4623.105,4623.105
1787451300000,4623.105,4623.105,4623.105,4623.105
1787451600000,4623.105,4623.105,4623.105,4623.105
1787451900000,4623.105,4623.105,4623.105,4623.105
1787452200000,4623.105,4623.105,4623.105,4623.105
1787452500000,4623.105,4623.105,4623.105,4623.105
1787452800000,4623.105,4623.105,4623.105,4623.105
1787453100000,4623.105,4623.105,4623.105,4623.105
1787453400000,4623.105,4623.105,4623.105,4623.105
1787453700000,4623.105,4623.105,4623.105,4623.105
1787454000000,4623.105,4623.105,4623.105,4623.105
1787454300000,4623.105,4623.105,4623.105,4623.105
1787454600000,4623.105,4623.105,4623.105,4623.105
1787454900000,4623.105,4623.105,4623.105,4623.105
1787455200000,4623.105,4623.105,4623.105,4623.105
1787455500000,4623.105,4623.105,4623.105,4623.105
1787455800000,4623.105,4623.105,4623.105,4623.105
1787456100000,4623.105,4623.105,4623.105,4623.105
1787456400000,4623.105,4623.105,4623.105,4623.105
1787456700000,4623.105,4623.105,4623.105,4623.105
1787457000000,4623.105,4623.105,4623.105,4623.105
1787457300000,4623.105,4623.105,4623.105,4623.105
1787457600000,4623.105,4623.105,4623.105,4623.105
1787457900000,4623.105,4623.105,4623.105,4623.105
1787458200000,4623.105,4623.105,4623.105,4623.105
1787458500000,4623.105,4623.105,4623.105,4623.105
1787458800000,4623.105,4623.105,4623.105,4623.105
1787459100000,4623.105,4623.105,4623.105,4623.105
1787459400000,4623.105,4623.105,4623.105,4623.105
1787459700000,4623.105,4623.105,4623.105,4623.105
1787460000000,4623.105,4623.105,4623.105,4623.105
1787460300000,4623.105,4623.105,4623.105,4623.105
1787460600000,4623.105,4623.105,4623.105,4623.105
1787460900000,4623.105,4623.105,4623.105,4623.105
1787461200000,4623.105,4623.105,4623.105,4623.105
1787461500000,4623.105,4623.105,4623.105,4623.105
1787461800000,4623.105,4623.105,4623.105,4623.105
1787462100000,4623.105,4623.105,4623.105,4623.105
1787462400000,4623.105,4623.105,4623.105,4623.105
1787462700000,4623.105,4623.105,4623.105,4623.105
1787463000000,4623.105,4623.105,4623.105,4623.105
1787463300000,4623.105,4623.105,4623.105,4623.105
1787463600000,4623.105,4623.105,4623.105,4623.105
1787463900000,4623.105,4623.105,4623.105,4623.105
1787464200000,4623.105,4623.105,4623.105,4623.105
1787464500000,4623.105,4623.105,4623.105,4623.105
1787464800000,4623.105,4623.105,4623.105,4623.105
1787465100000,4623.105,4623.105,4623.105,4623.105
1787465400000,4623.105,4623.105,4623.105,4623.105
1787465700000,4623.105,4623.105,4623.105,4623.105
1787466000000,4623.105,4623.105,4623.105,4623.105
1787466300000,4623.105,4623.105,4623.105,4623.105
1787466600000,4623.105,4623.105,4623.105,4623.105
1787466900000,4623.105,4623.105,4623.105,4623.105
1787467200000,4623.105,4623.105,4623.105,4623.105
1787467500000,4623.105,4623.105,4623.105,4623.105
1787467800000,4623.105,4623.105,4623.105,4623.105
1787468100000,4623.105,4623.105,4623.105,4623.105
1787468400000,4623.105,4623.105,4623.105,4623.105
1787468700000,4623.105,4623.105,4623.105,4623.105
1787469000000,4623.105,4623.105,4623.105,4623.105
1787469300000,4623.105,4623.105,4623.105,4623.105
1787469600000,4623.105,4623.105,4623.105,4623.105
1787469900000,4623.105,4623.105,4623.105,4623.105
1787470200000,4623.105,4623.105,4623.105,4623.105
1787470500000,4623.105,4623.105,4623.105,4623.105
1787470800000,4623.105,4623.105,4623.105,4623.105
1787471100000,4623.105,4623.105,4623.105,4623.105
1787471400000,4623.105,4623.105,4623.105,4623.105
1787471700000,4623.105,4623.105,4623.105,4623.105
1787472000000,4623.105,4623.105,4623.105,4623.105
1787472300000,4623.105,4623.105,4623.105,4623.105
1787472600000,4623.105,4623.105,4623.105,4623.105
1787472900000,4623.105,4623.105,4623.105,4623.105
1787473200000,4623.105,4623.105,4623.105,4623.105
1787473500000,4623.105,4623.105,4623.105,4623.105
1787473800000,4623.105,4623.105,4623.105,4623.105
1787474100000,4623.105,4623.105,4623.105,4623.105
1787474400000,4623.105,4623.105,4623.105,4623.105
1787474700000,4623.105,4623.105,4623.105,4623.105
1787475000000,4623.105,4623.105,4623.105,4623.105
1787475300000,4623.105,4623.105,4623.105,4623.105
1787475600000,4623.105,4623.105,4623.105,4623.105
1787475900000,4623.105,4623.105,4623.105,4623.105
1787476200000,4623.105,4623.105,4623.105,4623.105
1787476500000,4623.105,4623.105,4623.105,4623.105
1787476800000,4623.105,4623.105,4623.105,4623.105
1787477100000,4623.105,4623.105,4623.105,4623.105
1787477400000,4623.105,4623.105,4623.105,4623.105
1787477700000,4623.105,4623.105,4623.105,4623.105
1787478000000,4623.105,4623.105,4623.105,4623.105
1787478300000,4623.105,4623.105,4623.105,4623.105
1787478600000,4623.105,4623.105,4623.105,4623.105
1787478900000,4623.105,4623.105,4623.105,4623.105
1787479200000,4623.105,4623.105,4623.105,4623.105
1787479500000,4623.105,4623.105,4623.105,4623.105
1787479800000,4623.105,4623.105,4623.105,4623.105
1787480100000,4623.105,4623.105,4623.105,4623.105
1787480400000,4623.105,4623.105,4623.105,4623.105
1787480700000,4623.105,4623.105,4623.105,4623.105
1787481000000,4623.105,4623.105,4623.105,4623.105
1787481300000,4623.105,4623.105,4623.105,4623.105
1787481600000,4623.105,4623.105,4623.105,4623.105
1787481900000,4623.105,4623.105,4623.105,4623.105
1787482200000,4623.105,4623.105,4623.105,4623.105
1787482500000,4623.105,4623.105,4623.105,4623.105
1787482800000,4623.105,4623.105,4623.105,4623.105
1787483100000,4623.105,4623.105,4623.105,4623.105
1787483400000,4623.105,4623.105,4623.105,4623.105
1787483700000,4623.105,4623.105,4623.105,4623.105
1787484000000,4623.105,4623.105,4623.105,4623.105
1787484300000,4623.105,4623.105,4623.105,4623.105
1787484600000,4623.105,4623.105,4623.105,4623.105
1787484900000,4623.105,4623.105,4623.105,4623.105
1787485200000,4623.105,4623.105,4623.105,4623.105
1787485500000,4623.105,4623.105,4623.105,4623.105
1787485800000,4623.105,4623.105,4623.105,4623.105
1787486100000,4623.105,4623.105,4623.105,4623.105
1787486400000,4623.105,4623.105,4623.105,4623.105
1787486700000,4623.105,4623.105,4623.105,4623.105
1787487000000,4623.105,4623.105,4623.105,4623.105
1787487300000,4623.105,4623.105,4623.105,4623.105
1787487600000,4623.105,4623.105,4623.105,4623.105
1787487900000,4623.105,4623.105,4623.105,4623.105
1787488200000,4623.105,4623.105,4623.105,4623.105
1787488500000,4623.105,4623.105,4623.105,4623.105
1787488800000,4623.105,4623.105,4623.105,4623.105
1787489100000,4623.105,4623.105,4623.105,4623.105
1787489400000,4623.105,4623.105,4623.105,4623.105
1787489700000,4623.105,4623.105,4623.105,4623.105
1787490000000,4623.105,4623.105,4623.105,4623.105
1787490300000,4623.105,4623.105,4623.105,4623.105
1787490600000,4623.105,4623.105,4623.105,4623.105
1787490900000,4623.105,4623.105,4623.105,4623.105
1787491200000,4623.105,4623.105,4623.105,4623.105
1787491500000,4623.105,4623.105,4623.105,4623.105
1787491800000,4623.105,4623.105,4623.105,4623.105
1787492100000,4623.105,4623.105,4623.105,4623.105
1787492400000,4623.105,4623.105,4623.105,4623.105
1787492700000,4623.105,4623.105,4623.105,4623.105
1787493000000,4623.105,4623.105,4623.105,4623.105
1787493300000,4623.105,4623.105,4623.105,4623.105
1787493600000,4623.105,4623.105,4623.105,4623.105
1787493900000,4623.105,4623.105,4623.105,4623.105
1787494200000,4623.105,4623.105,4623.105,4623.105
1787494500000,4623.105,4623.105,4623.105,4623.105
1787494800000,4623.105,4623.105,4623.105,4623.105
1787495100000,4623.105,4623.105,4623.105,4623.105
1787495400000,4623.105,4623.105,4623.105,4623.105
1787495700000,4623.105,4623.105,4623.105,4623.105
1787496000000,4623.105,4623.105,4623.105,4623.105
1787496300000,4623.105,4623.105,4623.105,4623.105
1787496600000,4623.105,4623.105,4623.105,4623.105
1787496900000,4623.105,4623.105,4623.105,4623.105
1787497200000,4623.105,4623.105,4623.105,4623.105
1787497500000,4623.105,4623.105,4623.105,4623.105
1787497800000,4623.105,4623.105,4623.105,4623.105
1787498100000,4623.105,4623.105,4623.105,4623.105
1787498400000,4623.105,4623.105,4623.105,4623.105
1787498700000,4623.105,4623.105,4623.105,4623.105
1787499000000,4623.105,4623.105,4623.105,4623.105
1787499300000,4623.105,4623.105,4623.105,4623.105
1787499600000,4623.105,4623.105,4623.105,4623.105
1787499900000,4623.105,4623.105,4623.105,4623.105
1787500200000,4623.105,4623.105,4623.105,4623.105
1787500500000,4623.105,4623.105,4623.105,4623.105
1787500800000,4623.105,4623.105,4623.105,4623.105
1787501100000,4623.105,4623.105,4623.105,4623.105
1787501400000,4623.105,4623.105,4623.105,4623.105
1787501700000,4623.105,4623.105,4623.105,4623.105
1787502000000,4623.105,4623.105,4623.105,4623.105
1787502300000,4623.105,4623.105,4623.105,4623.105
1787502600000,4623.105,4623.105,4623.105,4623.105
1787502900000,4623.105,4623.105,4623.105,4623.105
1787503200000,4623.105,4623.105,4623.105,4623.105
1787503500000,4623.105,4623.105,4623.105,4623.105
1787503800000,4623.105,4623.105,4623.105,4623.105
1787504100000,4623.105,4623.105,4623.105,4623.105
1787504400000,4623.105,4623.105,4623.105,4623.105
1787504700000,4623.105,4623.105,4623.105,4623.105
1787505000000,4623.105,4623.105,4623.105,4623.105
1787505300000,4623.105,4623.105,4623.105,4623.105
1787505600000,4623.105,4623.105,4623.105,4623.105
1787505900000,4623.105,4623.105,4623.105,4623.105
1787506200000,4623.105,4623.105,4623.105,4623.105
1787506500000,4623.105,4623.105,4623.105,4623.105
1787506800000,4623.105,4623.105,4623.105,4623.105
1787507100000,4623.105,4623.105,4623.105,4623.105
1787507400000,4623.105,4623.105,4623.105,4623.105
1787507700000,4623.105,4623.105,4623.105,4623.105
1787508000000,4623.105,4623.105,4623.105,4623.105
1787508300000,4623.105,4623.105,4623.105,4623.105
1787508600000,4623.105,4623.105,4623.105,4623.105
1787508900000,4623.105,4623.105,4623.105,4623.105
1787509200000,4623.105,4623.105,4623.105,4623.105
1787509500000,4623.105,4623.105,4623.105,4623.105
1787509800000,4623.105,4623.105,4623.105,4623.105
1787510100000,4623.105,4623.105,4623.105,4623.105
1787510400000,4623.105,4623.105,4623.105,4623.105
1787510700000,4623.105,4623.105,4623.105,4623.105
1787511000000,4623.105,4623.105,4623.105,4623.105
1787511300000,4623.105,4623.105,4623.105,4623.105
1787511600000,4623.105,4623.105,4623.105,4623.105
1787511900000,4623.105,4623.105,4623.105,4623.105
1787512200000,4623.105,4623.105,4623.105,4623.105
1787512500000,4623.105,4623.105,4623.105,4623.105
1787512800000,4623.105,4623.105,4623.105,4623.105
1787513100000,4623.105,4623.105,4623.105,4623.105
1787513400000,4623.105,4623.105,4623.105,4623.105
1787513700000,4623.105,4623.105,4623.105,4623.105
1787514000000,4623.105,4623.105,4623.105,4623.105
1787514300000,4623.105,4623.105,4623.105,4623.105
1787514600000,4623.105,4623.105,4623.105,4623.105
1787514900000,4623.105,4623.105,4623.105,4623.105
1787515200000,4623.105,4623.105,4623.105,4623.105
1787515500000,4623.105,4623.105,4623.105,4623.105
1787515800000,4623.105,4623.105,4623.105,4623.105
1787516100000,4623.105,4623.105,4623.105,4623.105
1787516400000,4623.105,4623.105,4623.105,4623.105
1787516700000,4623.105,4623.105,4623.105,4623.105
1787517000000,4623.105,4623.105,4623.105,4623.105
1787517300000,4623.105,4623.105,4623.105,4623.105
1787517600000,4623.105,4623.105,4623.105,4623.105
1787517900000,4623.105,4623.105,4623.105,4623.105
1787518200000,4623.105,4623.105,4623.105,4623.105
1787518500000,4623.105,4623.105,4623.105,4623.105
1787518800000,4623.105,4623.105,4623.105,4623.105
1787519100000,4623.105,4623.105,4623.105,4623.105
1787519400000,4623.105,4623.105,4623.105,4623.105
1787519700000,4623.105,4623.105,4623.105,4623.105
1787520000000,4623.105,4623.105,4623.105,4623.105
1787520300000,4623.105,4623.105,4623.105,4623.105
1787520600000,4623.105,4623.105,4623.105,4623.105
1787520900000,4623.105,4623.105,4623.105,4623.105
1787521200000,4623.105,4623.105,4623.105,4623.105
1787521500000,4623.105,4623.105,4623.105,4623.105
1787521800000,4623.105,4623.105,4623.105,4623.105
1787522100000,4623.105,4623.105,4623.105,4623.105
1787522400000,4617.275,4623.785,4607.165,4610.115
1787522700000,4610.125,4617.375,4608.435,4617.035
1787523000000,4616.915,4620.295,4615.385,4617.005
1787523300000,4617.115,4618.155,4612.615,4618.155
1787523600000,4617.985,4620.685,4615.535,4617.205
1787523900000,4617.455,4617.455,4612.705,4613.905
1787524200000,4613.455,4616.965,4613.355,4614.125
1787524500000,4614.245,4616.505,4611.415,4611.495
1787524800000,4611.605,4612.075,4606.615,4610.765
1787525100000,4610.945,4610.945,4607.075,4608.145
1787525400000,4608.325,4608.895,4605.775,4607.385
1787525700000,4607.375,4607.735,4604.425,4604.555
1787526000000,4604.555,4607.475,4603.675,4605.905
1787526300000,4605.365,4606.335,4603.275,4606.205
1787526600000,4606.205,4609.225,4606.205,4607.235
1787526900000,4607.535,4608.095,4606.435,4607.425
1787527200000,4607.315,4612.935,4607.165,4612.585
1787527500000,4612.485,4616.135,4611.725,4614.865
1787527800000,4614.975,4618.345,4613.675,4617.935
1787528100000,4617.835,4619.205,4612.965,4613.275
1787528400000,4613.165,4614.375,4607.285,4608.055
1787528700000,4608.065,4614.755,4607.825,4614.735
1787529000000,4614.915,4622.195,4614.785,4622.095
1787529300000,4622.225,4624.335,4621.865,4623.755
1787529600000,4623.615,4627.535,4619.825,4626.745
1787529900000,4626.915,4638.885,4626.915,4634.745
1787530200000,4634.705,4640.505,4633.275,4636.725
1787530500000,4636.615,4640.185,4628.025,4629.015
1787530800000,4628.815,4629.855,4611.155,4611.805
1787531100000,4611.855,4612.345,4594.005,4604.395
1787531400000,4604.505,4608.525,4602.315,4602.315
1787531700000,4602.445,4608.605,4600.885,4601.105
1787532000000,4601.255,4607.605,4600.765,4606.835
1787532300000,4606.945,4615.115,4603.625,4613.845
1787532600000,4613.995,4617.265,4611.185,4616.685
1787532900000,4616.785,4623.015,4615.535,4621.575
1787533200000,4621.585,4634.915,4618.625,4622.075
1787533500000,4622.495,4629.785,4619.655,4622.715
1787533800000,4622.855,4627.505,4621.325,4621.605
1787534100000,4621.775,4625.345,4616.325,4621.145
1787534400000,4621.015,4621.725,4610.545,4614.325
1787534700000,4614.435,4617.975,4611.705,4614.405
1787535000000,4614.285,4614.915,4607.595,4614.485
1787535300000,4614.365,4620.835,4612.325,4613.865
1787535600000,4613.855,4618.285,4607.805,4618.005
1787535900000,4618.175,4618.875,4614.715,4618.725
1787536200000,4618.595,4629.875,4618.595,4628.605
1787536500000,4628.675,4637.525,4626.485,4631.845
1787536800000,4631.845,4638.205,4627.525,4636.525
1787537100000,4636.715,4642.775,4633.695,4642.385
1787537400000,4642.585,4651.935,4642.005,4650.005
1787537700000,4650.085,4655.005,4648.775,4654.105
1787538000000,4654.215,4654.955,4649.105,4653.915
1787538300000,4653.925,4655.375,4649.345,4655.225
1787538600000,4655.415,4656.765,4649.525,4651.655
1787538900000,4651.815,4653.655,4644.745,4645.005
1787539200000,4644.755,4645.445,4637.175,4637.335
1787539500000,4637.475,4637.715,4627.215,4628.285
1787539800000,4628.345,4638.175,4627.505,4637.945
1787540100000,4637.755,4644.585,4637.225,4643.325
1787540400000,4643.315,4643.645,4637.385,4639.995
1787540700000,4639.995,4639.995,4634.415,4637.265
1787541000000,4637.255,4639.315,4633.145,4636.875
1787541300000,4636.885,4641.265,4636.525,4638.455
1787541600000,4638.325,4643.485,4635.095,4641.985
1787541900000,4642.055,4648.215,4642.025,4643.675
1787542200000,4643.525,4647.985,4643.425,4647.665
1787542500000,4647.805,4649.915,4646.575,4647.265
1787542800000,4647.275,4647.835,4642.305,4642.775
1787543100000,4642.605,4644.355,4641.935,4642.355
1787543400000,4642.355,4644.415,4640.875,4641.125
1787543700000,4641.125,4643.175,4639.815,4641.225
1787544000000,4641.455,4642.425,4637.405,4639.435
1787544300000,4639.355,4639.455,4632.215,4633.435
1787544600000,4633.505,4638.765,4632.595,4638.075
1787544900000,4638.045,4640.855,4634.185,4639.915
1787545200000,4640.015,4640.315,4636.965,4637.455
1787545500000,4637.485,4641.725,4637.355,4640.075
1787545800000,4640.115,4640.475,4632.655,4635.275
1787546100000,4635.375,4637.485,4634.395,4636.325
1787546400000,4636.365,4638.245,4634.745,4637.915
1787546700000,4637.915,4638.855,4635.705,4636.325
1787547000000,4636.025,4640.165,4635.605,4639.545
1787547300000,4639.595,4639.765,4636.895,4638.565
1787547600000,4638.705,4641.495,4638.415,4639.135
1787547900000,4639.045,4642.465,4638.765,4639.625
1787548200000,4639.455,4643.535,4638.895,4643.285
1787548500000,4643.405,4646.145,4641.245,4642.915
1787548800000,4642.735,4642.925,4637.735,4638.125
1787549100000,4638.315,4641.875,4635.705,4635.705
1787549400000,4635.775,4639.355,4629.545,4632.265
1787549700000,4632.435,4638.625,4630.285,4632.775
1787550000000,4632.905,4635.375,4631.185,4633.305
1787550300000,4632.965,4638.445,4629.855,4638.355
1787550600000,4638.465,4642.965,4636.145,4638.115
1787550900000,4638.335,4641.155,4637.005,4640.505
1787551200000,4640.505,4645.645,4638.845,4644.765
1787551500000,4644.665,4651.445,4642.985,4648.825
1787551800000,4648.825,4652.355,4646.965,4651.925
1787552100000,4651.605,4659.655,4651.605,4655.995
1787552400000,4656.005,4657.985,4645.965,4649.815
1787552700000,4649.575,4649.655,4640.615,4642.425
1787553000000,4642.605,4652.085,4641.995,4650.465
1787553300000,4650.365,4653.375,4650.015,4650.815
1787553600000,4651.535,4651.535,4641.605,4642.585
1787553900000,4642.595,4650.225,4642.505,4650.035
1787554200000,4650.005,4653.575,4645.755,4651.025
1787554500000,4650.985,4651.165,4648.575,4649.565
1787554800000,4649.255,4654.305,4647.075,4648.685
1787555100000,4648.685,4650.065,4644.085,4646.495
1787555400000,4646.615,4649.325,4644.275,4648.345
1787555700000,4648.345,4650.095,4642.495,4645.735
1787556000000,4645.705,4647.695,4642.115,4643.175
1787556300000,4643.285,4647.335,4642.115,4642.555
1787556600000,4642.505,4646.445,4641.085,4646.405
1787556900000,4646.515,4647.845,4642.975,4644.245
1787557200000,4644.325,4644.855,4634.625,4634.625
1787557500000,4634.765,4635.265,4630.275,4631.295
1787557800000,4631.385,4637.025,4629.945,4635.855
1787558100000,4635.855,4643.805,4635.575,4641.405
1787558400000,4641.735,4643.605,4636.215,4640.565
1787558700000,4640.605,4645.695,4636.205,4638.245
1787559000000,4638.225,4640.485,4635.765,4637.455
1787559300000,4637.175,4637.485,4631.435,4635.805
1787559600000,4635.825,4638.635,4634.815,4635.745
1787559900000,4635.845,4639.555,4629.345,4629.395
1787560200000,4629.235,4634.405,4628.615,4633.995
1787560500000,4634.335,4637.265,4633.415,4637.165
1787560800000,4637.165,4645.975,4635.975,4645.185
1787561100000,4645.325,4645.835,4642.055,4643.545
1787561400000,4643.565,4644.405,4639.995,4641.315
1787561700000,4641.265,4642.135,4635.615,4637.735
1787562000000,4637.725,4642.925,4636.965,4642.215
1787562300000,4642.335,4644.675,4640.035,4641.935
1787562600000,4641.895,4643.435,4639.465,4641.735
1787562900000,4641.695,4641.775,4634.705,4636.435
1787563200000,4636.385,4639.115,4636.085,4636.615
1787563500000,4636.905,4638.305,4635.245,4635.505
1787563800000,4635.855,4640.545,4634.155,4635.155
1787564100000,4635.235,4637.045,4632.585,4636.855
1787564400000,4636.865,4639.615,4636.195,4639.045
1787564700000,4638.855,4644.715,4638.655,4643.745
1787565000000,4643.805,4644.995,4641.575,4644.005
1787565300000,4644.165,4645.955,4643.095,4645.665
1787565600000,4645.805,4649.555,4645.475,4648.605
1787565900000,4648.605,4650.015,4645.615,4646.775
1787566200000,4646.835,4649.815,4645.295,4647.965
1787566500000,4648.085,4648.325,4646.025,4646.525
1787566800000,4646.485,4647.225,4642.645,4644.595
1787567100000,4644.475,4645.825,4642.185,4642.915
1787567400000,4642.905,4645.295,4642.405,4645.025
1787567700000,4645.405,4648.855,4642.605,4647.765
1787568000000,4647.695,4647.925,4643.675,4644.045
1787568300000,4643.835,4645.615,4641.545,4645.555
1787568600000,4645.645,4646.865,4644.125,4645.485
1787568900000,4645.645,4646.645,4642.275,4643.105
1787569200000,4643.095,4646.705,4639.825,4645.725
1787569500000,4645.835,4646.445,4639.615,4640.305
1787569800000,4640.295,4644.535,4638.905,4642.075
1787570100000,4642.165,4645.345,4641.485,4644.425
1787570400000,4644.595,4645.735,4640.175,4641.135
1787570700000,4641.035,4647.495,4640.505,4646.175
1787571000000,4646.285,4651.725,4643.305,4651.475
1787571300000,4651.485,4670.035,4650.205,4659.655
1787571600000,4659.705,4666.175,4653.725,4658.495
1787571900000,4658.715,4661.355,4648.045,4648.795
1787572200000,4648.905,4659.585,4648.115,4659.505
1787572500000,4659.505,4659.885,4655.355,4657.655
1787572800000,4657.395,4658.375,4650.175,4651.975
1787573100000,4651.965,4656.295,4649.755,4654.685
1787573400000,4654.955,4659.985,4653.775,4657.185
1787573700000,4657.185,4657.185,4651.675,4653.055
1787574000000,4652.935,4659.305,4651.475,4657.325
1787574300000,4657.325,4662.505,4654.755,4661.665
1787574600000,4661.455,4661.485,4645.085,4654.725
1787574900000,4654.625,4663.715,4654.325,4662.705
1787575200000,4662.745,4668.485,4654.945,4657.165
1787575500000,4657.165,4661.895,4654.225,4661.795
1787575800000,4661.805,4666.695,4661.285,4666.695
1787576100000,4666.845,4667.065,4661.295,4662.465
1787576400000,4662.625,4670.995,4661.305,4666.915
1787576700000,4667.035,4673.795,4666.805,4673.205
1787577000000,4673.075,4677.755,4673.075,4676.755
1787577300000,4676.875,4677.885,4671.235,4672.005
1787577600000,4672.115,4672.315,4667.515,4670.405
1787577900000,4670.505,4674.415,4668.115,4672.135
1787578200000,4672.025,4679.805,4669.675,4679.595
1787578500000,4679.335,4680.655,4666.745,4666.905
1787578800000,4667.015,4674.345,4658.305,4658.505
1787579100000,4658.495,4677.905,4655.915,4673.305
1787579400000,4673.285,4675.515,4658.105,4666.805
1787579700000,4666.815,4668.785,4659.015,4664.565
1787580000000,4664.445,4667.435,4659.615,4662.695
1787580300000,4662.485,4670.275,4662.215,4670.255
1787580600000,4670.135,4671.785,4661.655,4665.335
1787580900000,4665.225,4665.905,4655.075,4664.925
1787581200000,4664.865,4669.705,4664.295,4665.855
1787581500000,4665.865,4674.755,4665.355,4671.295
1787581800000,4671.295,4677.205,4670.115,4676.385
1787582100000,4676.505,4678.435,4674.055,4675.145
1787582400000,4675.285,4677.505,4669.375,4671.665
1787582700000,4671.815,4672.905,4664.595,4665.465
1787583000000,4665.665,4668.305,4656.575,4668.265
1787583300000,4668.375,4675.685,4666.785,4670.125
1787583600000,4670.245,4676.315,4665.025,4675.355
1787583900000,4675.385,4676.185,4672.615,4673.155
1787584200000,4673.315,4674.735,4670.535,4672.335
1787584500000,4672.545,4673.195,4669.125,4672.805
1787584800000,4672.935,4673.075,4667.725,4669.925
1787585100000,4670.025,4679.535,4668.985,4675.605
1787585400000,4675.655,4677.455,4669.615,4672.105
1787585700000,4672.425,4674.215,4667.095,4668.045
1787586000000,4668.155,4668.305,4659.215,4660.265
1787586300000,4660.105,4662.965,4644.935,4646.425
1787586600000,4646.435,4655.455,4646.435,4653.115
1787586900000,4652.975,4653.025,4639.505,4648.895
1787587200000,4648.885,4661.195,4646.345,4658.515
1787587500000,4658.665,4661.575,4653.805,4654.045
1787587800000,4654.075,4657.585,4653.345,4657.225
1787588100000,4657.295,4660.185,4655.755,4658.515
1787588400000,4658.475,4659.015,4655.905,4656.275
1787588700000,4656.385,4658.965,4655.785,4658.595
1787589000000,4658.435,4661.085,4658.435,4660.225
1787589300000,4660.245,4661.855,4658.845,4659.265
1787589600000,4659.255,4660.995,4657.915,4659.325
1787589900000,4659.215,4659.715,4654.875,4657.195
1787590200000,4657.195,4657.545,4650.905,4652.075
1787590500000,4652.175,4652.175,4641.775,4644.565
1787590800000,4644.575,4647.445,4641.465,4645.655
1787591100000,4645.785,4655.185,4643.755,4652.125
1787591400000,4651.965,4654.475,4649.215,4651.485
1787591700000,4651.615,4653.685,4647.175,4647.825
1787592000000,4647.715,4647.715,4629.845,4636.415
1787592300000,4636.465,4644.835,4632.575,4638.265
1787592600000,4638.105,4640.815,4635.215,4637.215
1787592900000,4637.105,4642.725,4636.435,4640.955
1787593200000,4641.055,4641.925,4638.205,4638.495
1787593500000,4638.335,4638.935,4633.355,4633.455
1787593800000,4633.575,4638.455,4632.255,4633.875
1787594100000,4633.885,4637.345,4632.665,4636.355
1787594400000,4636.215,4640.605,4634.935,4639.885
1787594700000,4639.775,4639.955,4624.875,4631.845
1787595000000,4631.785,4634.625,4629.805,4631.795
1787595300000,4631.915,4634.085,4627.325,4627.985
1787595600000,4627.905,4636.485,4626.855,4636.095
1787595900000,4635.995,4641.865,4635.885,4640.015
1787596200000,4639.985,4641.505,4631.115,4631.705
1787596500000,4631.555,4632.785,4624.895,4629.865
1787596800000,4629.865,4635.425,4629.865,4634.725
1787597100000,4634.725,4635.265,4631.145,4632.925
1787597400000,4632.885,4635.115,4632.765,4633.455
1787597700000,4633.465,4637.485,4633.465,4636.255
1787598000000,4636.035,4640.545,4635.935,4638.925
1787598300000,4638.825,4640.265,4636.035,4638.425
1787598600000,4638.225,4638.805,4635.715,4636.005
1787598900000,4636.045,4642.695,4635.655,4642.625
1787599200000,4642.595,4644.625,4641.515,4642.135
1787599500000,4642.175,4642.675,4639.795,4641.105
1787599800000,4641.105,4642.125,4639.895,4640.775
1787600100000,4640.595,4646.015,4640.395,4644.455
1787600400000,4644.455,4650.505,4644.355,4649.735
1787600700000,4649.855,4654.945,4649.685,4654.775
1787601000000,4654.935,4655.675,4650.975,4652.805
1787601300000,4652.855,4653.615,4649.825,4651.465
1787601600000,4651.455,4654.605,4650.275,4654.005
1787601900000,4653.775,4654.475,4653.005,4653.445
1787602200000,4653.485,4654.805,4649.875,4650.025
1787602500000,4650.255,4653.375,4650.255,4651.265
1787602800000,4651.185,4652.035,4650.105,4650.105
1787603100000,4650.165,4650.335,4648.485,4648.815
1787603400000,4648.925,4649.735,4648.075,4648.445
1787603700000,4648.335,4648.885,4647.715,4648.275
1787604000000,4648.375,4648.375,4646.905,4647.495
1787604300000,4647.595,4650.435,4646.755,4649.915
1787604600000,4649.795,4651.055,4648.515,4650.555
1787604900000,4650.575,4652.225,4649.315,4651.415
1787605200000,4651.415,4651.415,4651.415,4651.415
1787605500000,4651.415,4651.415,4651.415,4651.415
1787605800000,4651.415,4651.415,4651.415,4651.415
1787606100000,4651.415,4651.415,4651.415,4651.415
1787606400000,4651.415,4651.415,4651.415,4651.415
1787606700000,4651.415,4651.415,4651.415,4651.415
1787607000000,4651.415,4651.415,4651.415,4651.415
1787607300000,4651.415,4651.415,4651.415,4651.415
1787607600000,4651.415,4651.415,4651.415,4651.415
1787607900000,4651.415,4651.415,4651.415,4651.415
1787608200000,4651.415,4651.415,4651.415,4651.415
1787608500000,4651.415,4651.415,4651.415,4651.415
1787608800000,4650.385,4656.215,4649.635,4655.375
1787609100000,4655.485,4660.355,4654.735,4658.545
1787609400000,4658.435,4659.645,4657.515,4658.115
1787609700000,4658.335,4659.275,4657.715,4657.885
1787610000000,4657.775,4658.665,4657.145,4657.995
1787610300000,4657.825,4658.135,4656.395,4657.405
1787610600000,4657.515,4658.915,4656.955,4658.735
1787610900000,4658.765,4660.935,4658.535,4660.195
1787611200000,4660.335,4661.245,4659.815,4661.175
1787611500000,4660.975,4662.425,4660.555,4662.015
1787611800000,4662.195,4664.665,4661.935,4664.235
1787612100000,4664.345,4667.365,4663.475,4666.555
1787612400000,4666.945,4668.545,4666.865,4667.385
1787612700000,4667.175,4668.505,4665.815,4668.435
1787613000000,4668.365,4672.045,4668.325,4671.945
1787613300000,4672.075,4676.555,4672.075,4674.615
1787613600000,4674.455,4675.305,4673.075,4674.175
1787613900000,4674.015,4674.275,4668.825,4668.985
1787614200000,4668.885,4672.795,4667.295,4672.085
1787614500000,4671.775,4676.715,4671.125,4675.025
1787614800000,4674.765,4676.665,4674.665,4676.015
1787615100000,4676.215,4677.405,4674.705,4676.845
1787615400000,4677.015,4682.795,4676.555,4678.875
1787615700000,4678.935,4680.525,4677.475,4679.545
1787616000000,4679.875,4688.965,4676.425,4676.695
1787616300000,4676.705,4687.045,4674.925,4681.275
1787616600000,4681.135,4691.175,4679.505,4690.125
1787616900000,4690.305,4691.005,4680.725,4681.125
1787617200000,4681.575,4682.735,4678.765,4679.395
1787617500000,4679.265,4683.405,4676.325,4682.015
1787617800000,4681.595,4693.015,4681.395,4688.185
1787618100000,4688.425,4696.095,4687.645,4695.045
1787618400000,4694.935,4696.635,4691.765,4693.315
1787618700000,4693.425,4694.675,4687.315,4692.315
1787619000000,4692.215,4693.785,4687.355,4687.995
1787619300000,4688.035,4689.325,4683.755,4684.215
1787619600000,4683.915,4686.645,4670.515,4676.875
1787619900000,4676.745,4680.405,4670.625,4678.365
1787620200000,4678.455,4679.945,4674.615,4678.025
1787620500000,4677.915,4680.115,4672.875,4677.605
1787620800000,4677.615,4677.905,4665.825,4666.625
1787621100000,4666.715,4672.445,4663.815,4669.355
1787621400000,4669.235,4674.265,4666.655,4667.895
1787621700000,4667.845,4674.345,4666.515,4667.885
1787622000000,4668.285,4673.175,4667.415,4670.365
1787622300000,4670.345,4675.555,4664.885,4674.475
1787622600000,4674.405,4674.605,4663.315,4664.645
1787622900000,4664.695,4665.135,4656.375,4657.885
1787623200000,4657.785,4661.275,4650.145,4651.165
1787623500000,4651.015,4651.175,4639.215,4644.425
1787623800000,4644.425,4645.765,4637.725,4641.715
1787624100000,4641.695,4649.845,4640.625,4649.385
1787624400000,4649.325,4655.595,4649.235,4654.165
1787624700000,4654.195,4656.725,4652.515,4656.165
1787625000000,4656.345,4656.535,4642.055,4645.905
1787625300000,4645.915,4647.055,4639.425,4643.065
1787625600000,4643.255,4647.135,4630.465,4630.605
1787625900000,4630.325,4637.075,4629.655,4632.415
1787626200000,4632.645,4636.415,4616.815,4626.865
1787626500000,4626.865,4629.275,4620.665,4629.275
1787626800000,4629.235,4631.155,4622.215,4623.605
1787627100000,4623.655,4637.955,4622.515,4635.125
1787627400000,4635.125,4638.005,4631.625,4633.465
1787627700000,4633.365,4636.825,4631.755,4635.265
1787628000000,4635.265,4636.865,4632.265,4634.525
1787628300000,4634.635,4638.105,4634.505,4637.545
1787628600000,4637.135,4640.865,4635.685,4640.115
1787628900000,4640.075,4641.045,4634.475,4635.305
1787629200000,4635.605,4637.145,4633.855,4634.135
1787629500000,4634.075,4634.935,4631.375,4633.435
1787629800000,4633.285,4634.445,4631.415,4633.145
1787630100000,4633.085,4635.885,4632.025,4633.485
1787630400000,4633.585,4635.385,4630.665,4634.765
1787630700000,4634.745,4636.255,4634.025,4635.755
1787631000000,4635.985,4637.515,4634.955,4636.835
1787631300000,4636.765,4637.055,4633.045,4634.195
1787631600000,4634.175,4635.415,4630.765,4632.585
1787631900000,4632.585,4632.685,4628.605,4630.665
1787632200000,4630.775,4632.495,4625.925,4629.395
1787632500000,4629.435,4631.115,4626.195,4626.925
1787632800000,4626.945,4627.195,4623.515,4625.655
1787633100000,4625.775,4626.875,4624.235,4626.075
1787633400000,4626.195,4628.635,4624.005,4626.815
1787633700000,4626.705,4627.245,4625.345,4625.665
1787634000000,4625.565,4628.915,4623.735,4628.915
1787634300000,4628.895,4638.725,4628.895,4635.545
1787634600000,4635.555,4638.955,4635.515,4637.685
1787634900000,4637.565,4644.005,4637.565,4643.845
1787635200000,4643.665,4646.045,4642.765,4644.005
1787635500000,4643.895,4647.585,4642.575,4646.135
1787635800000,4646.015,4646.885,4639.035,4642.575
1787636100000,4642.535,4646.215,4641.875,4642.665
1787636400000,4642.745,4643.205,4637.745,4638.735
1787636700000,4638.625,4642.155,4635.575,4639.455
1787637000000,4639.315,4643.605,4636.725,4643.505
1787637300000,4643.365,4645.775,4641.275,4642.795
1787637600000,4642.735,4646.125,4640.825,4644.225
1787637900000,4644.225,4648.115,4643.935,4647.735
1787638200000,4647.695,4650.205,4647.545,4649.395
1787638500000,4649.355,4649.355,4646.395,4647.315
1787638800000,4647.385,4651.795,4645.085,4651.265
1787639100000,4651.285,4653.085,4649.515,4649.745
1787639400000,4649.695,4653.095,4648.585,4651.105
1787639700000,4651.065,4652.365,4647.915,4649.325
1787640000000,4649.475,4652.305,4647.475,4647.475
1787640300000,4647.445,4648.895,4646.175,4647.495
1787640600000,4647.515,4647.865,4640.745,4640.875
1787640900000,4640.945,4641.575,4636.545,4637.795
1787641200000,4637.935,4640.665,4636.445,4639.675
1787641500000,4639.785,4641.845,4636.115,4640.835
1787641800000,4640.705,4641.675,4637.435,4639.615
1787642100000,4639.605,4642.695,4637.585,4641.125
1787642400000,4640.885,4643.575,4639.355,4640.485
1787642700000,4640.505,4640.875,4634.055,4634.335
1787643000000,4634.365,4638.725,4633.705,4634.945
1787643300000,4634.925,4636.535,4633.725,4636.385
1787643600000,4636.395,4639.905,4634.985,4639.175
1787643900000,4639.435,4640.315,4634.065,4635.555
1787644200000,4635.595,4636.765,4630.995,4631.455
1787644500000,4631.455,4631.455,4629.545,4630.045
1787644800000,4629.945,4631.055,4625.125,4625.805
1787645100000,4625.665,4628.915,4619.925,4623.065
1787645400000,4623.025,4626.555,4622.635,4626.515
1787645700000,4626.395,4630.105,4625.685,4628.135
1787646000000,4628.025,4645.255,4626.605,4643.455
1787646300000,4643.655,4643.655,4631.655,4632.685
1787646600000,4632.545,4635.155,4631.725,4634.915
1787646900000,4634.875,4634.875,4629.035,4629.815
1787647200000,4629.815,4632.025,4625.755,4631.995
1787647500000,4631.835,4633.675,4627.315,4627.855
1787647800000,4627.855,4628.245,4625.015,4626.405
1787648100000,4626.525,4630.485,4626.185,4630.185
1787648400000,4630.165,4630.165,4624.765,4626.445
1787648700000,4626.445,4633.355,4624.775,4632.785
1787649000000,4632.805,4632.855,4629.185,4630.385
1787649300000,4630.415,4633.355,4629.945,4631.435
1787649600000,4631.415,4632.215,4629.325,4629.745
1787649900000,4629.835,4629.835,4625.575,4626.395
1787650200000,4626.285,4639.165,4624.025,4636.835
1787650500000,4636.705,4636.705,4629.385,4630.325
1787650800000,4630.265,4639.105,4628.695,4637.025
1787651100000,4636.995,4640.475,4636.305,4640.365
1787651400000,4639.985,4642.315,4637.815,4637.925
1787651700000,4637.955,4639.855,4635.725,4636.215
1787652000000,4636.305,4637.035,4633.035,4634.145
1787652300000,4634.235,4636.795,4633.365,4635.205
1787652600000,4635.205,4638.315,4633.325,4635.145
1787652900000,4635.185,4638.765,4634.595,4636.815
1787653200000,4636.955,4638.235,4635.165,4635.255
1787653500000,4635.625,4637.425,4632.865,4633.525
1787653800000,4633.575,4636.785,4632.675,4635.265
1787654100000,4635.305,4638.195,4633.615,4637.425
1787654400000,4637.455,4640.755,4636.875,4637.595
1787654700000,4637.595,4640.795,4637.105,4637.965
1787655000000,4638.055,4641.975,4636.815,4641.025
1787655300000,4640.975,4642.125,4639.045,4639.045
1787655600000,4639.045,4640.585,4637.445,4640.165
1787655900000,4640.165,4643.045,4636.195,4640.305
1787656200000,4640.335,4642.695,4639.165,4642.615
1787656500000,4642.635,4644.995,4641.235,4643.835
1787656800000,4643.895,4644.455,4640.515,4642.225
1787657100000,4642.165,4642.545,4638.825,4641.435
1787657400000,4641.365,4644.385,4640.095,4642.895
1787657700000,4642.955,4644.575,4641.965,4644.425
1787658000000,4644.505,4644.985,4640.135,4640.415
1787658300000,4640.485,4645.875,4640.375,4644.415
1787658600000,4644.475,4647.205,4641.305,4643.575
1787658900000,4643.555,4644.815,4641.795,4642.185
1787659200000,4642.415,4642.415,4634.775,4636.465
1787659500000,4636.485,4638.285,4635.275,4636.785
1787659800000,4636.895,4641.855,4635.925,4639.035
1787660100000,4638.855,4639.015,4632.825,4635.485
1787660400000,4635.445,4639.245,4631.735,4633.605
1787660700000,4633.585,4637.445,4632.845,4637.135
1787661000000,4637.125,4637.515,4632.565,4632.935
1787661300000,4632.895,4634.645,4630.105,4630.475
1787661600000,4630.395,4640.615,4629.915,4638.175
1787661900000,4638.375,4642.705,4637.065,4640.145
1787662200000,4640.095,4643.975,4639.465,4640.775
1787662500000,4640.805,4641.205,4638.315,4640.645
1787662800000,4640.555,4640.865,4629.835,4634.305
1787663100000,4634.315,4636.145,4627.895,4630.955
1787663400000,4630.855,4633.705,4622.575,4622.905
1787663700000,4622.875,4627.935,4620.265,4625.805
1787664000000,4625.975,4626.165,4612.345,4613.945
1787664300000,4614.085,4618.015,4608.495,4609.485
1787664600000,4609.265,4623.335,4608.745,4621.335
1787664900000,4621.625,4621.675,4609.325,4615.505
1787665200000,4615.315,4621.155,4610.665,4612.605
1787665500000,4612.755,4615.065,4604.815,4606.915
1787665800000,4606.775,4612.115,4605.125,4607.215
1787666100000,4607.225,4617.365,4605.275,4615.955
1787666400000,4615.845,4621.195,4613.035,4618.615
1787666700000,4618.565,4624.765,4617.745,4622.885
1787667000000,4622.885,4626.385,4621.735,4622.855
1787667300000,4622.855,4624.765,4619.155,4619.185
1787667600000,4619.025,4625.835,4618.335,4625.335
1787667900000,4625.495,4628.285,4623.215,4623.625
1787668200000,4623.605,4631.345,4612.425,4629.465
1787668500000,4629.405,4637.245,4629.375,4636.495
1787668800000,4636.515,4637.925,4630.965,4637.055
1787669100000,4636.975,4639.875,4635.175,4636.185
1787669400000,4636.225,4637.965,4632.425,4634.485
1787669700000,4634.485,4637.065,4632.715,4635.435
1787670000000,4635.755,4637.055,4630.385,4632.015
1787670300000,4632.145,4633.825,4630.295,4632.295
1787670600000,4632.265,4635.245,4630.695,4632.975
1787670900000,4633.075,4639.245,4629.285,4638.645
1787671200000,4638.715,4644.585,4638.585,4640.445
1787671500000,4640.445,4643.135,4636.825,4639.595
1787671800000,4639.565,4650.915,4639.565,4648.515
1787672100000,4648.635,4658.155,4647.725,4655.695
1787672400000,4655.695,4659.145,4654.115,4655.785
1787672700000,4655.865,4656.925,4650.655,4651.305
1787673000000,4651.635,4652.335,4648.875,4650.145
1787673300000,4650.245,4653.865,4648.755,4652.555
1787673600000,4652.715,4653.325,4647.395,4647.955
1787673900000,4647.855,4648.985,4644.515,4644.895
1787674200000,4644.895,4645.855,4642.515,4644.465
1787674500000,4644.455,4647.135,4641.525,4642.955
1787674800000,4642.955,4643.385,4637.585,4639.665
1787675100000,4639.665,4642.455,4639.015,4640.325
1787675400000,4640.325,4642.255,4637.975,4637.975
1787675700000,4638.155,4645.305,4636.705,4644.165
1787676000000,4644.165,4644.925,4642.575,4643.745
1787676300000,4643.875,4645.915,4641.615,4644.965
1787676600000,4644.965,4646.375,4643.335,4643.555
1787676900000,4643.705,4645.125,4640.115,4643.365
1787677200000,4643.365,4643.635,4638.195,4640.195
1787677500000,4640.195,4640.425,4634.685,4635.875
1787677800000,4635.925,4639.795,4633.935,4637.695
1787678100000,4637.735,4642.785,4634.375,4642.625
1787678400000,4642.625,4644.925,4637.725,4639.015
1787678700000,4639.015,4640.975,4635.875,4636.855
1787679000000,4637.055,4639.415,4636.215,4638.075
1787679300000,4637.945,4643.065,4637.735,4642.625
1787679600000,4642.645,4644.485,4641.145,4642.725
1787679900000,4642.695,4646.645,4642.555,4645.775
1787680200000,4645.875,4645.945,4642.485,4644.835
1787680500000,4644.675,4648.315,4644.645,4648.245
1787680800000,4648.165,4648.275,4644.275,4644.675
1787681100000,4644.475,4647.695,4644.025,4646.185
1787681400000,4646.265,4650.015,4645.845,4646.895
1787681700000,4646.895,4648.975,4646.115,4648.865
1787682000000,4648.845,4649.375,4647.965,4648.705
1787682300000,4648.745,4650.305,4648.655,4649.825
1787682600000,4649.825,4649.855,4646.105,4647.325
1787682900000,4647.225,4648.605,4645.705,4648.025
1787683200000,4648.025,4650.315,4647.595,4649.045
1787683500000,4649.105,4651.885,4649.045,4651.055
1787683800000,4651.055,4651.225,4649.675,4650.835
1787684100000,4650.795,4654.925,4650.625,4654.485
1787684400000,4654.385,4657.865,4653.185,4653.895
1787684700000,4653.805,4660.175,4653.435,4659.205
1787685000000,4658.795,4662.945,4658.795,4662.045
1787685300000,4662.075,4667.835,4661.675,4666.285
1787685600000,4666.285,4666.795,4662.835,4664.075
1787685900000,4664.045,4664.085,4659.645,4660.715
1787686200000,4660.555,4661.535,4658.305,4658.855
1787686500000,4658.725,4660.035,4657.505,4659.245
1787686800000,4659.415,4664.325,4658.895,4661.955
1787687100000,4661.815,4664.605,4659.975,4664.035
1787687400000,4663.955,4667.305,4661.835,4664.815
1787687700000,4664.785,4667.325,4660.535,4666.565
1787688000000,4666.545,4667.445,4664.055,4665.095
1787688300000,4664.535,4668.295,4662.585,4668.175
1787688600000,4668.065,4668.805,4665.485,4665.595
1787688900000,4665.485,4666.435,4665.075,4665.855
1787689200000,4665.665,4667.505,4665.445,4666.075
1787689500000,4665.945,4665.945,4661.315,4662.345
1787689800000,4662.315,4663.905,4661.295,4661.695
1787690100000,4661.845,4662.295,4660.995,4661.265
1787690400000,4661.105,4661.685,4659.945,4661.205
1787690700000,4661.335,4662.055,4660.165,4660.925
1787691000000,4660.655,4661.295,4658.815,4659.215
1787691300000,4659.115,4659.795,4656.625,4656.625
1787691600000,4656.625,4656.625,4656.625,4656.625
1787691900000,4656.625,4656.625,4656.625,4656.625
1787692200000,4656.625,4656.625,4656.625,4656.625
1787692500000,4656.625,4656.625,4656.625,4656.625
1787692800000,4656.625,4656.625,4656.625,4656.625
1787693100000,4656.625,4656.625,4656.625,4656.625
1787693400000,4656.625,4656.625,4656.625,4656.625
1787693700000,4656.625,4656.625,4656.625,4656.625
1787694000000,4656.625,4656.625,4656.625,4656.625
1787694300000,4656.625,4656.625,4656.625,4656.625
1787694600000,4656.625,4656.625,4656.625,4656.625
1787694900000,4656.625,4656.625,4656.625,4656.625
1787695200000,4655.725,4661.265,4655.215,4661.185
1787695500000,4661.105,4661.645,4659.735,4660.915
1787695800000,4661.055,4664.415,4660.435,4664.305
1787696100000,4664.135,4666.545,4663.945,4666.115
1787696400000,4666.015,4666.615,4664.705,4666.275
1787696700000,4666.175,4666.575,4665.165,4666.485
1787697000000,4666.375,4668.595,4665.815,4668.355
1787697300000,4668.505,4670.595,4666.235,4669.745
1787697600000,4669.895,4670.015,4668.445,4669.775
1787697900000,4669.285,4672.455,4669.285,4671.785
1787698200000,4671.905,4673.565,4671.345,4672.085
1787698500000,4672.315,4673.055,4671.135,4671.225
1787698800000,4671.135,4672.145,4668.935,4670.825
1787699100000,4670.825,4671.125,4667.725,4667.745
1787699400000,4667.745,4669.255,4666.765,4667.645
1787699700000,4667.805,4667.845,4666.145,4667.165
1787700000000,4667.015,4667.075,4661.055,4661.095
1787700300000,4661.205,4661.485,4659.625,4660.675
1787700600000,4660.805,4661.105,4658.165,4659.775
1787700900000,4659.905,4660.505,4658.785,4658.785
1787701200000,4659.035,4659.445,4655.245,4655.935
1787701500000,4655.815,4658.755,4654.965,4655.705
1787701800000,4655.805,4656.875,4653.615,4654.505
1787702100000,4654.635,4655.315,4652.765,4654.625
1787702400000,4654.585,4657.535,4651.235,4652.345
1787702700000,4652.175,4654.035,4651.325,4653.365
1787703000000,4653.515,4654.475,4650.655,4650.935
1787703300000,4650.815,4654.765,4649.955,4651.055
1787703600000,4650.755,4651.185,4644.615,4644.935
1787703900000,4645.275,4647.305,4642.695,4646.415
1787704200000,4646.335,4649.895,4643.725,4644.825
1787704500000,4644.655,4645.005,4638.135,4639.385
1787704800000,4639.515,4639.725,4635.935,4636.675
1787705100000,4636.545,4638.355,4635.735,4636.365
1787705400000,4636.185,4638.735,4634.135,4635.575
1787705700000,4635.695,4638.665,4635.445,4637.285
1787706000000,4637.185,4646.085,4629.235,4645.755
1787706300000,4645.755,4647.545,4640.535,4644.375
1787706600000,4644.265,4646.355,4640.595,4643.895
1787706900000,4644.185,4650.225,4643.755,4645.065
1787707200000,4645.035,4648.925,4643.825,4643.825
1787707500000,4643.825,4647.715,4643.055,4643.165
1787707800000,4643.535,4645.055,4638.485,4638.885
1787708100000,4639.195,4646.395,4638.955,4645.065
1787708400000,4645.185,4646.735,4639.505,4644.465
1787708700000,4644.435,4650.955,4642.685,4650.815
1787709000000,4650.755,4653.265,4650.115,4651.495
1787709300000,4651.535,4660.705,4651.285,4656.765
1787709600000,4656.875,4660.195,4654.605,4659.555
1787709900000,4659.455,4661.515,4658.275,4660.445
1787710200000,4660.445,4661.205,4657.575,4659.725
1787710500000,4659.855,4661.115,4658.855,4660.925
1787710800000,4660.825,4661.545,4658.555,4658.895
1787711100000,4659.075,4659.715,4655.755,4658.675
1787711400000,4658.825,4663.665,4657.195,4663.345
1787711700000,4663.315,4665.375,4658.995,4663.195
1787712000000,4663.045,4670.585,4661.625,4666.985
1787712300000,4666.645,4668.825,4664.975,4665.725
1787712600000,4665.725,4666.655,4660.005,4660.695
1787712900000,4660.705,4660.875,4657.495,4658.075
1787713200000,4658.125,4658.555,4653.025,4656.565
1787713500000,4656.725,4657.165,4649.115,4649.785
1787713800000,4649.665,4649.835,4646.855,4647.905
1787714100000,4647.865,4648.415,4645.555,4647.155
1787714400000,4647.325,4650.585,4646.835,4648.645
1787714700000,4648.755,4650.445,4647.295,4649.965
1787715000000,4649.795,4650.995,4649.215,4649.665
1787715300000,4649.795,4651.075,4646.505,4647.995
1787715600000,4647.925,4648.835,4644.915,4644.915
1787715900000,4645.025,4645.025,4642.185,4644.485
1787716200000,4644.605,4645.215,4642.865,4643.895
1787716500000,4643.775,4644.255,4642.375,4642.375
1787716800000,4642.495,4643.965,4642.075,4642.515
1787717100000,4642.385,4643.565,4641.415,4643.305
1787717400000,4643.325,4643.755,4642.175,4642.295
1787717700000,4642.415,4643.045,4641.055,4641.775
1787718000000,4641.675,4642.715,4641.115,4642.395
1787718300000,4642.315,4642.625,4640.815,4641.885
1787718600000,4641.895,4643.235,4640.775,4641.525
1787718900000,4641.425,4641.845,4639.955,4640.135
1787719200000,4640.055,4641.845,4639.575,4640.595
1787719500000,4640.805,4640.945,4638.495,4639.765
1787719800000,4639.905,4641.605,4639.425,4640.455
1787720100000,4640.625,4641.515,4639.175,4640.435
1787720400000,4640.315,4643.665,4639.825,4641.715
1787720700000,4641.845,4645.805,4641.385,4645.435
1787721000000,4645.055,4645.545,4641.055,4643.165
1787721300000,4643.005,4644.635,4641.045,4643.125
1787721600000,4643.005,4644.405,4641.485,4643.615
1787721900000,4643.495,4645.285,4642.225,4643.095
1787722200000,4642.985,4649.295,4640.695,4645.325
1787722500000,4645.365,4645.585,4638.185,4641.265
1787722800000,4641.265,4644.355,4637.585,4637.585
1787723100000,4637.645,4640.205,4635.085,4637.345
1787723400000,4637.455,4640.095,4636.655,4638.575
1787723700000,4638.695,4639.415,4636.635,4639.295
1787724000000,4639.435,4641.245,4635.975,4640.835
1787724300000,4640.625,4640.625,4637.235,4638.955
1787724600000,4638.855,4639.015,4635.935,4637.265
1787724900000,4637.325,4637.605,4630.905,4634.025
1787725200000,4633.905,4634.345,4625.715,4626.855
1787725500000,4626.585,4628.775,4624.225,4626.565
1787725800000,4626.645,4630.765,4625.535,4630.765
1787726100000,4630.755,4630.965,4627.075,4630.475
1787726400000,4630.345,4634.025,4629.675,4633.095
1787726700000,4633.195,4636.885,4633.195,4634.985
1787727000000,4634.835,4635.485,4632.415,4633.105
1787727300000,4633.105,4634.315,4630.365,4634.045
1787727600000,4633.905,4639.105,4633.905,4638.835
1787727900000,4638.835,4639.135,4632.945,4635.215
1787728200000,4634.885,4636.885,4633.225,4636.315
1787728500000,4636.175,4637.445,4633.465,4633.745
1787728800000,4633.635,4635.195,4631.865,4634.065
1787729100000,4633.965,4635.795,4630.645,4631.175
1787729400000,4631.125,4636.215,4630.895,4633.335
1787729700000,4633.275,4634.245,4629.885,4630.225
1787730000000,4630.475,4631.575,4628.785,4631.575
1787730300000,4631.545,4634.705,4630.495,4631.625
1787730600000,4631.695,4631.695,4627.385,4628.235
1787730900000,4628.285,4629.845,4626.255,4628.825
1787731200000,4628.735,4630.205,4626.405,4628.475
1787731500000,4628.535,4629.505,4625.495,4627.525
1787731800000,4627.415,4628.275,4625.415,4625.525
1787732100000,4625.525,4628.225,4622.605,4624.915
1787732400000,4624.915,4626.255,4622.005,4626.135
1787732700000,4626.145,4629.555,4625.415,4629.555
1787733000000,4629.615,4630.615,4624.815,4628.095
1787733300000,4628.095,4630.345,4627.765,4628.995
1787733600000,4628.995,4629.465,4627.755,4629.185
1787733900000,4629.005,4629.745,4626.845,4628.045
1787734200000,4628.545,4628.745,4627.105,4627.395
1787734500000,4627.455,4628.505,4625.875,4628.145
1787734800000,4628.395,4630.845,4625.405,4625.815
1787735100000,4625.755,4627.445,4623.995,4624.125
1787735400000,4624.055,4627.605,4623.805,4624.805
1787735700000,4624.985,4625.065,4620.785,4620.865
1787736000000,4620.905,4621.185,4618.415,4619.324
1787736300000,4618.795,4619.425,4616.015,4616.575
1787736600000,4616.575,4622.095,4616.47,4620.805
1787736900000,4620.775,4621.225,4619.825,4620.195
1787737200000,4620.135,4622.225,4619.335,4621.835
1787737500000,4621.725,4625.355,4621.635,4624.005
1787737800000,4624.005,4625.025,4622.635,4624.035
1787738100000,4623.955,4624.925,4622.955,4622.995
1787738400000,4622.865,4623.875,4620.045,4623.345
1787738700000,4623.315,4623.315,4620.335,4621.765
1787739000000,4621.765,4621.795,4617.505,4618.725
1787739300000,4618.725,4620.275,4616.895,4617.035
1787739600000,4616.985,4619.785,4615.935,4618.395
1787739900000,4618.425,4618.425,4613.195,4615.045
1787740200000,4615.235,4619.295,4614.325,4619.135
1787740500000,4619.225,4624.105,4618.275,4623.825
1787740800000,4623.785,4623.805,4620.615,4622.095
1787741100000,4622.025,4623.715,4621.985,4623.405
1787741400000,4623.485,4623.825,4621.275,4622.445
1787741700000,4622.335,4622.375,4618.625,4620.025
1787742000000,4620.095,4621.645,4619.195,4620.605
1787742300000,4620.575,4620.625,4616.485,4617.535
1787742600000,4617.515,4618.955,4616.405,4618.265
1787742900000,4618.255,4622.795,4618.065,4621.865
1787743200000,4621.745,4622.795,4616.285,4616.605
1787743500000,4616.525,4621.605,4616.525,4620.475
1787743800000,4620.555,4622.685,4618.205,4618.805
1787744100000,4618.695,4619.675,4617.045,4618.075
1787744400000,4618.045,4619.425,4617.145,4618.905
1787744700000,4618.905,4619.195,4616.645,4618.315
1787745000000,4618.445,4620.065,4617.425,4619.405
1787745300000,4619.365,4625.005,4618.955,4624.415
1787745600000,4624.435,4629.045,4623.525,4627.185
1787745900000,4627.165,4629.605,4626.755,4627.055
1787746200000,4627.055,4627.865,4624.965,4625.325
1787746500000,4625.325,4629.825,4624.345,4628.875
1787746800000,4628.855,4629.565,4624.955,4625.995
1787747100000,4625.995,4630.085,4625.415,4629.755
1787747400000,4629.735,4632.665,4612.025,4623.095
1787747700000,4622.925,4625.765,4617.665,4621.845
1787748000000,4621.845,4625.345,4614.445,4622.435
1787748300000,4622.435,4624.785,4618.225,4623.735
1787748600000,4623.825,4626.165,4610.705,4615.975
1787748900000,4616.085,4618.375,4612.765,4614.405
1787749200000,4614.215,4621.205,4608.805,4612.065
1787749500000,4611.855,4617.075,4608.225,4608.945
1787749800000,4608.965,4612.895,4608.245,4611.005
1787750100000,4611.145,4613.665,4597.865,4611.195
1787750400000,4611.235,4613.955,4603.935,4608.945
1787750700000,4609.005,4612.475,4605.095,4610.955
1787751000000,4611.145,4618.805,4610.085,4615.675
1787751300000,4615.565,4616.895,4612.255,4613.195
1787751600000,4613.615,4622.825,4611.645,4619.445
1787751900000,4619.465,4625.425,4618.015,4625.345
1787752200000,4625.375,4628.715,4622.235,4623.695
1787752500000,4623.715,4631.685,4623.635,4631.395
1787752800000,4631.515,4633.265,4622.275,4623.725
1787753100000,4623.865,4625.915,4620.455,4622.565
1787753400000,4622.555,4626.815,4619.225,4620.095
1787753700000,4620.295,4623.825,4619.255,4622.685
1787754000000,4622.805,4626.475,4619.165,4620.735
1787754300000,4620.915,4620.985,4616.105,4616.375
1787754600000,4616.085,4619.155,4614.515,4618.005
1787754900000,4617.895,4618.465,4612.485,4616.745
1787755200000,4616.665,4622.645,4616.655,4621.785
1787755500000,4621.785,4622.565,4611.545,4612.515
1787755800000,4612.175,4614.175,4605.945,4607.465
1787756100000,4607.485,4612.305,4602.535,4602.665
1787756400000,4602.965,4605.205,4592.925,4598.385
1787756700000,4598.165,4598.535,4587.915,4597.595
1787757000000,4597.475,4599.745,4587.615,4588.735
1787757300000,4588.855,4593.945,4582.785,4590.865
1787757600000,4590.735,4593.895,4588.995,4591.555
1787757900000,4591.455,4597.855,4590.345,4594.555
1787758200000,4594.485,4598.075,4594.325,4598.015
1787758500000,4598.015,4601.235,4597.025,4601.235
1787758800000,4601.225,4604.635,4600.075,4604.635
1787759100000,4604.855,4608.995,4604.235,4607.995
1787759400000,4607.995,4608.385,4598.065,4600.145
1787759700000,4600.195,4603.985,4595.745,4595.825
1787760000000,4595.815,4598.985,4590.265,4597.245
1787760300000,4597.115,4601.345,4596.675,4599.275
1787760600000,4599.265,4600.205,4596.915,4599.885
1787760900000,4600.005,4600.725,4596.705,4599.045
1787761200000,4599.015,4599.535,4593.925,4595.785
1787761500000,4595.835,4597.085,4593.995,4594.825
1787761800000,4594.675,4596.295,4592.655,4593.945
1787762100000,4594.025,4595.135,4586.495,4586.885
1787762400000,4587.125,4591.195,4585.365,4588.065
1787762700000,4587.955,4594.855,4587.795,4594.855
1787763000000,4594.735,4596.595,4588.945,4589.365
1787763300000,4589.235,4591.975,4588.255,4591.445
1787763600000,4591.445,4593.575,4591.035,4593.075
1787763900000,4593.075,4595.945,4590.395,4594.155
1787764200000,4594.155,4595.145,4593.015,4594.605
1787764500000,4594.605,4595.915,4593.255,4595.745
1787764800000,4595.865,4598.835,4594.995,4596.325
1787765100000,4596.355,4598.225,4594.055,4597.725
1787765400000,4597.555,4602.115,4596.505,4600.705
1787765700000,4600.715,4601.335,4595.795,4596.435
1787766000000,4596.385,4599.165,4595.515,4596.865
1787766300000,4596.955,4598.595,4595.945,4598.005
1787766600000,4598.065,4598.965,4596.965,4597.205
1787766900000,4597.155,4597.605,4594.045,4597.555
1787767200000,4597.585,4603.155,4596.505,4602.755
1787767500000,4602.755,4604.355,4600.315,4601.985
1787767800000,4602.105,4603.585,4599.655,4599.945
1787768100000,4600.015,4600.385,4594.665,4595.555
1787768400000,4595.425,4595.725,4592.565,4593.675
1787768700000,4593.755,4595.205,4592.805,4594.585
1787769000000,4594.585,4595.655,4593.165,4593.305
1787769300000,4593.375,4596.275,4592.245,4594.105
1787769600000,4594.105,4597.335,4593.505,4596.545
1787769900000,4596.655,4597.655,4595.675,4596.685
1787770200000,4596.675,4597.635,4595.935,4596.025
1787770500000,4595.995,4596.065,4593.145,4593.635
1787770800000,4593.965,4594.765,4590.885,4591.915
1787771100000,4591.995,4593.265,4590.885,4592.875
1787771400000,4592.735,4595.455,4592.575,4594.125
1787771700000,4594.205,4595.395,4591.315,4591.485
1787772000000,4591.585,4594.245,4591.015,4594.205
1787772300000,4594.155,4598.905,4594.075,4598.295
1787772600000,4598.405,4601.525,4596.575,4597.295
1787772900000,4597.355,4598.315,4596.125,4596.635
1787773200000,4596.515,4596.885,4594.055,4595.365
1787773500000,4595.445,4596.225,4594.645,4594.855
1787773800000,4595.005,4595.155,4592.205,4593.595
1787774100000,4593.705,4594.735,4592.155,4594.305
1787774400000,4594.245,4594.695,4592.605,4593.835
1787774700000,4593.625,4596.445,4593.625,4594.155
1787775000000,4594.285,4594.905,4591.435,4591.445
1787775300000,4591.685,4591.685,4588.785,4589.205
1787775600000,4589.185,4589.355,4583.955,4589.355
1787775900000,4589.205,4591.835,4588.985,4591.175
1787776200000,4591.175,4591.675,4590.085,4591.445
1787776500000,4591.555,4593.225,4591.455,4593.155
1787776800000,4592.995,4592.995,4590.975,4591.675
1787777100000,4591.425,4593.205,4591.095,4593.135
1787777400000,4593.015,4593.455,4591.875,4592.675
1787777700000,4592.815,4594.435,4589.965,4589.965
1787778000000,4589.965,4589.965,4589.965,4589.965
1787778300000,4589.965,4589.965,4589.965,4589.965
1787778600000,4589.965,4589.965,4589.965,4589.965
1787778900000,4589.965,4589.965,4589.965,4589.965
1787779200000,4589.965,4589.965,4589.965,4589.965
1787779500000,4589.965,4589.965,4589.965,4589.965
1787779800000,4589.965,4589.965,4589.965,4589.965
1787780100000,4589.965,4589.965,4589.965,4589.965
1787780400000,4589.965,4589.965,4589.965,4589.965
1787780700000,4589.965,4589.965,4589.965,4589.965
1787781000000,4589.965,4589.965,4589.965,4589.965
1787781300000,4589.965,4589.965,4589.965,4589.965
1787781600000,4594.365,4606.575,4593.945,4602.635
1787781900000,4602.515,4604.555,4602.415,4603.705
1787782200000,4603.805,4604.875,4601.335,4602.045
1787782500000,4602.295,4611.825,4602.085,4610.335
1787782800000,4610.205,4613.065,4605.715,4606.425
1787783100000,4606.415,4610.985,4605.215,4610.455
1787783400000,4610.675,4611.235,4608.325,4609.135
1787783700000,4609.265,4611.105,4608.325,4609.835
1787784000000,4609.945,4611.305,4608.295,4610.785
1787784300000,4610.595,4611.665,4607.305,4608.625
1787784600000,4608.515,4609.005,4606.575,4607.005
1787784900000,4606.895,4609.415,4606.175,4608.585
1787785200000,4608.385,4611.325,4606.275,4607.615
1787785500000,4607.675,4611.595,4607.435,4610.335
1787785800000,4610.895,4615.585,4610.805,4615.315
1787786100000,4615.065,4620.565,4614.055,4620.505
1787786400000,4620.535,4622.055,4620.145,4621.085
1787786700000,4621.195,4622.165,4619.275,4619.845
1787787000000,4619.815,4620.775,4618.005,4620.675
1787787300000,4620.505,4624.775,4618.775,4624.655
1787787600000,4624.205,4624.445,4621.915,4622.465
1787787900000,4622.365,4624.745,4620.765,4623.105
1787788200000,4622.935,4624.575,4620.585,4620.995
1787788500000,4620.855,4624.175,4620.405,4623.205
1787788800000,4623.075,4626.785,4622.305,4624.045
1787789100000,4623.655,4623.735,4617.615,4618.485
1787789400000,4618.365,4618.905,4615.755,4617.675
1787789700000,4617.555,4619.335,4612.935,4619.005
1787790000000,4619.145,4621.055,4618.075,4619.735
1787790300000,4619.615,4621.105,4617.045,4618.465
1787790600000,4618.335,4618.415,4612.615,4613.045
1787790900000,4612.865,4614.875,4609.695,4612.195
1787791200000,4612.085,4613.315,4604.965,4605.885
1787791500000,4605.915,4610.925,4605.795,4609.195
1787791800000,4609.055,4609.495,4600.165,4602.195
1787792100000,4602.335,4605.075,4601.455,4605.015
1787792400000,4604.525,4614.635,4602.005,4614.155
1787792700000,4614.405,4619.185,4611.805,4615.985
1787793000000,4616.005,4624.695,4616.005,4624.465
1787793300000,4624.485,4624.615,4616.605,4621.685
1787793600000,4621.665,4624.675,4618.255,4624.665
1787793900000,4624.585,4624.725,4618.125,4618.315
1787794200000,4618.145,4622.365,4617.475,4621.375
1787794500000,4621.555,4630.065,4619.415,4628.215
1787794800000,4628.105,4631.055,4621.595,4623.585
1787795100000,4623.695,4631.105,4623.285,4629.585
1787795400000,4629.435,4635.005,4628.565,4634.405
1787795700000,4634.285,4640.635,4634.185,4639.665
1787796000000,4640.045,4642.535,4637.845,4638.315
1787796300000,4638.425,4642.325,4637.755,4641.955
1787796600000,4642.015,4642.125,4638.325,4640.145
1787796900000,4640.295,4640.315,4637.145,4638.485
1787797200000,4638.315,4640.345,4636.475,4636.615
1787797500000,4636.715,4637.295,4632.275,4632.565
1787797800000,4632.715,4633.465,4627.895,4629.225
1787798100000,4629.325,4630.195,4624.225,4627.735
1787798400000,4627.625,4628.345,4623.025,4626.895
1787798700000,4627.055,4630.415,4623.895,4628.795
1787799000000,4628.945,4631.075,4627.555,4628.795
1787799300000,4628.775,4630.775,4628.065,4629.195
1787799600000,4629.135,4634.335,4628.035,4634.225
1787799900000,4634.105,4634.875,4629.415,4629.745
1787800200000,4629.725,4634.415,4628.815,4633.895
1787800500000,4633.845,4635.015,4632.635,4633.275
1787800800000,4633.385,4638.365,4632.885,4637.515
1787801100000,4637.815,4637.815,4634.105,4634.915
1787801400000,4635.065,4635.285,4632.775,4633.435
1787801700000,4633.555,4634.195,4631.555,4631.845
1787802000000,4631.945,4632.065,4628.345,4628.995
1787802300000,4629.105,4629.265,4626.225,4627.255
1787802600000,4627.155,4627.515,4625.395,4626.545
1787802900000,4626.705,4626.785,4623.875,4625.075
1787803200000,4625.195,4627.105,4624.325,4626.045
1787803500000,4626.145,4626.645,4624.095,4625.125
1787803800000,4625.015,4625.905,4623.925,4624.905
1787804100000,4625.045,4626.605,4623.525,4623.795
1787804400000,4624.035,4624.735,4622.255,4622.865
1787804700000,4622.755,4624.115,4620.165,4620.335
1787805000000,4620.385,4620.735,4618.045,4618.315
1787805300000,4618.515,4620.095,4617.165,4617.675
1787805600000,4617.515,4619.985,4616.675,4618.805
1787805900000,4618.915,4620.475,4617.265,4619.865
1787806200000,4619.985,4620.455,4618.575,4619.475
1787806500000,4619.295,4619.765,4617.395,4618.405
1787806800000,4618.305,4619.805,4615.685,4619.675
1787807100000,4619.755,4621.255,4618.305,4619.615
1787807400000,4619.585,4621.365,4618.915,4619.625
1787807700000,4619.735,4621.335,4617.925,4619.625
1787808000000,4619.735,4620.925,4618.085,4620.165
1787808300000,4620.345,4621.245,4616.755,4616.755
1787808600000,4616.855,4619.675,4608.855,4610.785
1787808900000,4610.665,4612.585,4607.745,4610.635
1787809200000,4610.575,4610.725,4604.395,4605.185
1787809500000,4604.995,4609.505,4604.195,4606.095
1787809800000,4606.205,4608.625,4600.675,4602.735
1787810100000,4602.735,4607.605,4601.545,4606.615
1787810400000,4606.635,4607.195,4599.305,4603.525
1787810700000,4603.385,4605.245,4601.015,4604.725
1787811000000,4604.615,4606.595,4600.085,4605.655
1787811300000,4605.575,4607.275,4603.575,4606.265
1787811600000,4606.265,4609.585,4605.835,4609.195
1787811900000,4609.195,4610.075,4606.735,4609.945
1787812200000,4610.025,4611.485,4605.055,4607.225
1787812500000,4607.005,4607.855,4604.355,4607.405
1787812800000,4607.085,4608.695,4606.585,4607.335
1787813100000,4607.275,4609.355,4603.465,4604.225
1787813400000,4604.145,4605.855,4601.195,4601.435
1787813700000,4601.485,4602.295,4597.715,4600.065
1787814000000,4600.035,4603.475,4598.365,4603.035
1787814300000,4603.065,4605.635,4602.115,4602.895
1787814600000,4602.885,4603.655,4601.055,4603.605
1787814900000,4603.355,4603.535,4595.635,4597.305
1787815200000,4597.265,4598.565,4595.785,4596.645
1787815500000,4596.615,4599.395,4593.285,4599.155
1787815800000,4599.155,4601.185,4594.945,4596.085
1787816100000,4596.135,4598.135,4594.705,4596.265
1787816400000,4596.305,4598.135,4595.405,4597.695
1787816700000,4597.765,4599.005,4596.035,4597.245
1787817000000,4597.315,4599.685,4595.635,4597.875
1787817300000,4598.015,4602.495,4597.805,4600.025
1787817600000,4600.005,4605.875,4599.515,4605.155
1787817900000,4605.125,4606.685,4602.475,4603.015
1787818200000,4602.915,4604.655,4602.625,4603.025
1787818500000,4603.065,4605.985,4602.635,4603.565
1787818800000,4603.535,4603.615,4599.875,4603.275
1787819100000,4603.475,4603.765,4600.565,4600.565
1787819400000,4600.685,4601.625,4598.655,4598.825
1787819700000,4598.955,4599.495,4597.205,4598.145
1787820000000,4598.115,4598.795,4594.465,4595.825
1787820300000,4595.875,4598.545,4595.425,4598.185
1787820600000,4598.185,4600.005,4597.635,4599.515
1787820900000,4599.465,4602.125,4598.565,4598.925
1787821200000,4598.835,4600.525,4593.485,4594.495
1787821500000,4594.545,4597.265,4593.825,4596.115
1787821800000,4596.475,4598.655,4595.115,4595.825
1787822100000,4595.755,4596.905,4594.685,4595.195
1787822400000,4595.265,4596.895,4594.895,4596.635
1787822700000,4596.565,4599.105,4593.475,4597.595
1787823000000,4597.655,4598.965,4592.805,4593.635
1787823300000,4593.655,4593.965,4578.405,4584.285
1787823600000,4584.285,4584.345,4580.895,4582.245
1787823900000,4582.225,4584.075,4580.465,4582.515
1787824200000,4582.565,4585.695,4581.025,4582.285
1787824500000,4582.315,4582.455,4578.925,4580.215
1787824800000,4580.325,4580.875,4568.885,4572.225
1787825100000,4572.185,4576.225,4569.725,4576.195
1787825400000,4576.465,4581.825,4576.465,4581.455
1787825700000,4581.425,4583.645,4577.345,4580.635
1787826000000,4580.645,4582.325,4579.805,4582.105
1787826300000,4582.075,4582.325,4579.885,4580.145
1787826600000,4580.045,4580.685,4578.175,4578.735
1787826900000,4578.755,4579.105,4576.225,4576.685
1787827200000,4576.675,4585.735,4576.045,4585.555
1787827500000,4585.555,4587.705,4585.455,4586.625
1787827800000,4586.605,4589.315,4585.905,4588.855
1787828100000,4588.875,4590.375,4588.145,4589.855
1787828400000,4589.805,4591.045,4587.105,4588.845
1787828700000,4588.865,4591.205,4588.605,4590.485
1787829000000,4590.475,4592.355,4589.535,4592.315
1787829300000,4592.165,4592.545,4590.765,4592.075
1787829600000,4592.125,4596.405,4592.045,4596.265
1787829900000,4596.245,4596.605,4592.665,4594.165
1787830200000,4594.235,4598.685,4593.645,4595.585
1787830500000,4595.545,4597.015,4593.835,4596.785
1787830800000,4596.775,4599.505,4596.435,4597.355
1787831100000,4597.435,4597.545,4594.505,4595.045
1787831400000,4595.045,4599.795,4594.255,4599.795
1787831700000,4599.745,4600.175,4596.975,4598.075
1787832000000,4598.195,4600.865,4597.625,4598.175
1787832300000,4598.205,4598.385,4593.555,4594.905
1787832600000,4594.975,4595.315,4592.425,4592.585
1787832900000,4592.535,4595.955,4591.525,4594.565
1787833200000,4594.745,4600.585,4594.745,4596.255
1787833500000,4596.155,4596.485,4592.335,4594.965
1787833800000,4594.985,4596.345,4592.735,4593.375
1787834100000,4593.325,4595.515,4587.755,4588.855
1787834400000,4588.835,4590.175,4586.905,4587.285
1787834700000,4587.315,4587.765,4582.975,4583.315
1787835000000,4583.315,4584.795,4580.075,4584.515
1787835300000,4584.495,4587.985,4583.245,4585.625
1787835600000,4585.765,4589.825,4579.625,4588.325
1787835900000,4588.085,4590.725,4585.855,4586.595
1787836200000,4586.655,4590.465,4584.215,4585.075
1787836500000,4585.095,4588.665,4582.835,4586.465
1787836800000,4586.485,4588.645,4585.125,4587.425
1787837100000,4587.475,4593.085,4586.985,4589.775
1787837400000,4589.655,4592.875,4575.295,4575.475
1787837700000,4575.405,4581.065,4573.755,4575.245
1787838000000,4575.205,4583.485,4571.905,4578.445
1787838300000,4578.435,4579.535,4564.225,4576.815
1787838600000,4576.865,4582.665,4570.365,4572.015
1787838900000,4572.035,4575.795,4571.045,4572.205
1787839200000,4572.345,4576.005,4568.285,4575.545
1787839500000,4575.525,4579.055,4571.385,4574.525
1787839800000,4574.555,4577.605,4572.015,4573.535
1787840100000,4573.495,4582.445,4573.495,4579.195
1787840400000,4579.235,4583.995,4574.865,4578.035
1787840700000,4578.035,4581.605,4573.865,4581.135
1787841000000,4581.065,4585.955,4581.065,4585.745
1787841300000,4585.715,4591.065,4585.575,4589.155
1787841600000,4589.225,4597.225,4586.685,4595.215
1787841900000,4595.215,4597.935,4592.165,4593.005
1787842200000,4593.145,4593.845,4590.635,4591.055
1787842500000,4591.345,4593.005,4587.935,4591.045
1787842800000,4590.895,4595.215,4590.895,4593.735
1787843100000,4593.645,4594.945,4590.925,4591.845
1787843400000,4591.875,4595.015,4591.565,4592.315
1787843700000,4592.365,4597.836,4592.325,4597.005
1787844000000,4597.005,4597.125,4589.065,4590.155
1787844300000,4590.195,4595.495,4588.555,4592.855
1787844600000,4592.805,4598.685,4591.925,4597.035
1787844900000,4597.035,4599.395,4595.915,4599.395
1787845200000,4599.395,4605.725,4599.105,4600.965
1787845500000,4600.985,4604.305,4599.945,4604.045
1787845800000,4604.035,4609.665,4603.115,4609.195
1787846100000,4609.175,4611.205,4607.945,4610.295
1787846400000,4610.285,4612.765,4608.865,4611.315
1787846700000,4611.185,4611.335,4605.575,4606.655
1787847000000,4606.815,4607.515,4603.965,4604.135
1787847300000,4604.115,4605.265,4602.035,4602.815
1787847600000,4602.975,4607.675,4602.705,4606.005
1787847900000,4606.155,4608.335,4605.565,4607.405
1787848200000,4607.605,4608.695,4605.815,4608.675
1787848500000,4608.565,4612.555,4607.425,4611.555
1787848800000,4611.435,4611.615,4609.555,4611.125
1787849100000,4611.255,4614.235,4610.155,4610.635
1787849400000,4610.735,4616.345,4609.775,4615.545
1787849700000,4615.745,4616.055,4611.995,4614.545
1787850000000,4615.145,4616.245,4611.885,4613.675
1787850300000,4613.895,4613.895,4609.815,4610.195
1787850600000,4610.295,4611.325,4608.405,4610.005
1787850900000,4610.135,4610.365,4608.085,4608.745
1787851200000,4608.965,4611.765,4608.635,4611.375
1787851500000,4611.265,4611.775,4608.465,4610.115
1787851800000,4610.135,4611.285,4608.985,4609.655
1787852100000,4609.635,4611.315,4607.935,4611.085
1787852400000,4611.195,4614.275,4609.375,4610.795
1787852700000,4610.815,4611.355,4606.185,4609.525
1787853000000,4609.655,4610.145,4606.345,4607.895
1787853300000,4608.045,4608.845,4604.865,4606.185
1787853600000,4606.075,4607.035,4601.895,4602.875
1787853900000,4602.765,4607.845,4602.515,4604.315
1787854200000,4604.345,4606.315,4603.445,4605.345
1787854500000,4605.445,4607.705,4604.435,4607.585
1787854800000,4607.625,4607.675,4602.765,4603.135
1787855100000,4603.025,4603.255,4601.125,4601.215
1787855400000,4601.415,4603.485,4600.655,4601.855
1787855700000,4601.805,4604.875,4601.415,4604.045
1787856000000,4603.915,4604.535,4603.395,4604.185
1787856300000,4604.305,4606.735,4603.855,4605.495
1787856600000,4605.275,4610.995,4604.495,4608.935
1787856900000,4609.035,4610.575,4608.405,4610.115
1787857200000,4609.955,4616.365,4609.955,4613.165
1787857500000,4613.045,4617.935,4612.525,4616.645
1787857800000,4616.475,4616.825,4614.575,4615.225
1787858100000,4615.385,4615.895,4609.185,4611.025
1787858400000,4611.135,4611.305,4606.065,4607.175
1787858700000,4607.055,4608.085,4603.795,4605.475
1787859000000,4605.665,4607.795,4604.405,4606.885
1787859300000,4607.035,4608.075,4606.485,4607.385
1787859600000,4607.425,4609.845,4607.335,4609.515
1787859900000,4609.645,4612.515,4608.235,4610.125
1787860200000,4610.065,4610.325,4606.315,4607.765
1787860500000,4607.675,4609.715,4605.085,4609.095
1787860800000,4608.885,4609.615,4604.345,4604.735
1787861100000,4604.675,4604.925,4603.145,4603.835
1787861400000,4603.955,4605.825,4603.285,4604.645
1787861700000,4604.485,4605.145,4604.145,4604.955
1787862000000,4605.055,4605.305,4604.415,4604.605
1787862300000,4604.455,4604.455,4602.435,4603.495
1787862600000,4603.605,4603.865,4602.845,4603.235
1787862900000,4603.375,4603.405,4601.825,4603.055
1787863200000,4602.915,4604.225,4602.775,4603.615
1787863500000,4603.715,4604.495,4601.825,4604.385
1787863800000,4604.565,4604.565,4600.605,4600.825
1787864100000,4600.825,4602.075,4599.785,4600.155
1787864400000,4600.155,4600.155,4600.155,4600.155
1787864700000,4600.155,4600.155,4600.155,4600.155
1787865000000,4600.155,4600.155,4600.155,4600.155
1787865300000,4600.155,4600.155,4600.155,4600.155
1787865600000,4600.155,4600.155,4600.155,4600.155
1787865900000,4600.155,4600.155,4600.155,4600.155
1787866200000,4600.155,4600.155,4600.155,4600.155
1787866500000,4600.155,4600.155,4600.155,4600.155
1787866800000,4600.155,4600.155,4600.155,4600.155
1787867100000,4600.155,4600.155,4600.155,4600.155
1787867400000,4600.155,4600.155,4600.155,4600.155
1787867700000,4600.155,4600.155,4600.155,4600.155
1787868000000,4601.815,4607.895,4599.625,4601.585
1787868300000,4601.695,4605.035,4600.765,4604.715
1787868600000,4604.595,4604.845,4603.395,4604.455
1787868900000,4604.335,4606.005,4603.795,4605.665
1787869200000,4605.775,4608.265,4605.675,4607.995
1787869500000,4608.105,4608.155,4606.095,4607.335
1787869800000,4607.455,4608.955,4606.665,4608.385
1787870100000,4608.225,4609.205,4607.465,4608.875
1787870400000,4609.045,4609.875,4607.125,4607.545
1787870700000,4607.695,4607.865,4606.505,4607.325
1787871000000,4607.215,4609.825,4606.345,4608.835
1787871300000,4608.725,4610.305,4608.405,4609.115
1787871600000,4608.985,4609.685,4607.325,4607.605
1787871900000,4607.475,4607.925,4603.625,4603.625
1787872200000,4603.735,4604.975,4602.565,4602.745
1787872500000,4602.625,4603.465,4601.885,4602.475
1787872800000,4602.595,4603.055,4599.745,4602.135
1787873100000,4602.035,4602.495,4599.795,4600.675
1787873400000,4600.745,4601.355,4598.175,4599.135
1787873700000,4599.025,4601.935,4598.275,4600.905
1787874000000,4601.045,4601.355,4598.995,4599.535
1787874300000,4599.405,4599.555,4595.395,4596.415
1787874600000,4596.305,4596.405,4593.775,4594.725
1787874900000,4594.895,4595.135,4593.485,4594.135
1787875200000,4594.255,4599.835,4592.795,4596.515
1787875500000,4596.405,4599.915,4595.815,4599.565
1787875800000,4599.255,4602.405,4599.255,4600.255
1787876100000,4600.395,4600.605,4592.915,4593.165
1787876400000,4593.035,4595.535,4590.975,4592.985
1787876700000,4593.165,4593.935,4590.265,4593.835
1787877000000,4593.935,4594.295,4587.545,4589.335
1787877300000,4589.225,4590.325,4587.885,4589.455
1787877600000,4589.595,4591.155,4588.585,4590.605
1787877900000,4590.795,4591.025,4586.105,4587.055
1787878200000,4587.155,4589.025,4586.285,4587.245
1787878500000,4587.365,4588.535,4585.345,4588.375
1787878800000,4588.535,4595.595,4586.135,4594.375
1787879100000,4594.425,4600.035,4591.275,4599.715
1787879400000,4599.715,4602.135,4591.935,4593.755
1787879700000,4593.855,4597.845,4591.175,4595.635
1787880000000,4595.635,4596.955,4590.605,4591.355
1787880300000,4592.185,4593.315,4583.515,4585.575
1787880600000,4585.605,4588.845,4583.445,4587.085
1787880900000,4586.985,4588.675,4580.275,4580.595
1787881200000,4580.725,4582.755,4577.965,4582.015
1787881500000,4581.905,4582.245,4577.285,4582.025
1787881800000,4581.985,4583.035,4575.405,4576.625
1787882100000,4576.625,4578.585,4575.035,4575.605
1787882400000,4575.715,4577.715,4574.635,4576.715
1787882700000,4576.755,4581.205,4576.615,4580.345
1787883000000,4580.215,4582.665,4578.185,4581.125
1787883300000,4581.025,4581.255,4578.315,4581.205
1787883600000,4581.105,4584.255,4580.195,4583.915
1787883900000,4583.505,4584.635,4582.505,4583.125
1787884200000,4583.235,4587.015,4582.875,4585.045
1787884500000,4585.045,4589.375,4584.945,4588.025
1787884800000,4587.875,4588.305,4583.515,4584.705
1787885100000,4584.605,4586.215,4581.935,4585.915
1787885400000,4586.045,4586.975,4584.335,4585.645
1787885700000,4585.725,4586.385,4582.605,4586.025
1787886000000,4586.085,4587.815,4584.135,4587.295
1787886300000,4587.295,4588.095,4584.745,4586.255
1787886600000,4585.935,4587.715,4582.405,4583.945
1787886900000,4583.945,4588.625,4583.835,4587.075
1787887200000,4586.445,4589.685,4585.555,4589.375
1787887500000,4589.495,4590.015,4586.415,4587.505
1787887800000,4587.615,4588.175,4583.055,4584.245
1787888100000,4584.345,4584.345,4582.115,4582.605
1787888400000,4582.725,4583.345,4580.745,4581.525
1787888700000,4581.655,4581.795,4579.115,4580.215
1787889000000,4580.215,4580.775,4578.455,4578.865
1787889300000,4579.405,4579.805,4578.305,4579.495
1787889600000,4579.425,4580.215,4578.435,4578.925
1787889900000,4579.095,4579.455,4577.495,4578.905
1787890200000,4578.795,4580.285,4578.505,4579.115
1787890500000,4579.005,4583.355,4578.335,4582.915
1787890800000,4582.575,4584.415,4582.325,4584.365
1787891100000,4584.365,4585.165,4582.805,4584.595
1787891400000,4584.595,4584.595,4581.265,4581.545
1787891700000,4581.655,4581.855,4577.665,4577.955
1787892000000,4578.095,4580.185,4577.745,4579.655
1787892300000,4579.655,4582.045,4577.835,4580.525
1787892600000,4580.705,4582.525,4580.585,4581.735
1787892900000,4581.815,4585.245,4581.045,4584.085
1787893200000,4584.245,4585.115,4581.735,4582.275
1787893500000,4582.455,4582.725,4578.615,4578.875
1787893800000,4578.985,4580.635,4577.805,4579.695
1787894100000,4579.695,4581.755,4578.785,4581.575
1787894400000,4581.805,4584.395,4580.485,4584.035
1787894700000,4584.015,4586.045,4581.975,4583.615
1787895000000,4583.635,4583.745,4577.175,4578.615
1787895300000,4578.505,4579.365,4574.425,4574.615
1787895600000,4574.615,4575.985,4571.085,4572.475
1787895900000,4572.605,4575.495,4571.235,4573.785
1787896200000,4573.675,4576.805,4573.375,4576.665
1787896500000,4576.815,4577.215,4572.255,4573.005
1787896800000,4573.115,4577.485,4572.145,4576.805
1787897100000,4576.915,4580.465,4574.055,4580.465
1787897400000,4580.345,4583.485,4580.345,4581.615
1787897700000,4581.575,4584.805,4580.505,4582.605
1787898000000,4582.635,4585.265,4581.635,4583.195
1787898300000,4583.375,4585.345,4582.935,4584.735
1787898600000,4584.855,4586.205,4582.735,4583.775
1787898900000,4583.775,4587.895,4583.595,4586.015
1787899200000,4586.135,4588.295,4583.935,4587.995
1787899500000,4588.135,4599.565,4587.885,4599.195
1787899800000,4599.005,4606.615,4596.135,4603.935
1787900100000,4603.805,4612.955,4603.615,4612.435
1787900400000,4612.315,4613.085,4605.385,4606.625
1787900700000,4606.665,4607.115,4598.945,4600.785
1787901000000,4600.595,4603.255,4596.345,4600.485
1787901300000,4600.485,4606.565,4599.135,4605.875
1787901600000,4605.875,4609.985,4605.555,4607.175
1787901900000,4607.335,4609.475,4606.395,4607.215
1787902200000,4607.195,4611.695,4606.815,4611.455
1787902500000,4611.455,4614.195,4609.345,4610.125
1787902800000,4610.095,4610.385,4608.245,4608.965
1787903100000,4608.965,4611.115,4607.205,4609.935
1787903400000,4609.965,4612.745,4609.685,4611.345
1787903700000,4611.235,4613.285,4609.395,4611.595
1787904000000,4611.305,4614.375,4610.365,4612.265
1787904300000,4612.385,4612.935,4609.755,4611.555
1787904600000,4611.555,4612.715,4610.795,4611.575
1787904900000,4611.575,4612.255,4608.875,4609.135
1787905200000,4609.135,4611.225,4607.945,4610.755
1787905500000,4610.755,4611.265,4608.525,4608.945
1787905800000,4608.945,4611.195,4607.935,4609.285
1787906100000,4609.405,4611.265,4606.215,4607.325
1787906400000,4607.165,4607.545,4603.095,4603.345
1787906700000,4603.345,4603.535,4600.735,4601.795
1787907000000,4601.815,4605.975,4601.495,4604.325
1787907300000,4604.335,4604.875,4600.945,4602.585
1787907600000,4602.365,4604.135,4601.885,4603.725
1787907900000,4603.835,4604.105,4600.975,4601.455
1787908200000,4601.435,4602.645,4600.425,4601.365
1787908500000,4601.365,4602.495,4600.195,4601.895
1787908800000,4601.865,4603.935,4600.735,4602.815
1787909100000,4602.935,4603.105,4600.215,4601.645
1787909400000,4601.895,4604.125,4601.545,4602.395
1787909700000,4602.395,4604.865,4600.815,4603.425
1787910000000,4603.535,4604.945,4602.515,4603.855
1787910300000,4603.855,4605.285,4602.845,4604.495
1787910600000,4604.495,4607.045,4604.255,4606.785
1787910900000,4606.785,4607.315,4604.805,4604.915
1787911200000,4605.075,4606.465,4603.085,4605.635
1787911500000,4605.635,4607.445,4605.435,4607.295
1787911800000,4607.295,4608.895,4606.675,4608.475
1787912100000,4608.475,4609.725,4604.205,4604.205
1787912400000,4604.085,4604.445,4602.375,4603.775
1787912700000,4603.775,4605.225,4601.575,4605.045
1787913000000,4605.105,4607.845,4605.005,4606.985
1787913300000,4607.085,4607.105,4602.745,4603.515
1787913600000,4603.675,4604.085,4601.605,4602.655
1787913900000,4602.505,4603.075,4599.625,4600.705
1787914200000,4600.985,4601.015,4597.295,4598.035
1787914500000,4598.075,4600.245,4597.515,4599.975
1787914800000,4599.975,4601.115,4597.205,4598.605
1787915100000,4598.605,4598.825,4594.855,4595.685
1787915400000,4595.755,4598.685,4594.945,4598.685
1787915700000,4598.755,4601.125,4598.135,4599.935
1787916000000,4599.915,4600.445,4597.795,4600.335
1787916300000,4600.215,4600.855,4597.425,4598.845
1787916600000,4598.695,4600.725,4597.605,4598.385
1787916900000,4598.285,4598.665,4593.225,4593.235
1787917200000,4593.205,4595.005,4591.065,4594.425
1787917500000,4594.425,4595.855,4592.945,4594.315
1787917800000,4594.315,4595.765,4593.295,4594.275
1787918100000,4594.175,4594.325,4591.365,4593.165
1787918400000,4593.165,4595.715,4590.715,4594.395
1787918700000,4594.395,4595.675,4591.655,4594.105
1787919000000,4594.105,4596.845,4592.205,4594.115
1787919300000,4594.245,4595.605,4592.255,4594.245
1787919600000,4594.555,4601.605,4593.915,4601.195
1787919900000,4601.355,4603.395,4599.795,4601.065
1787920200000,4601.195,4601.855,4591.595,4592.895
1787920500000,4593.145,4593.565,4588.865,4589.365
1787920800000,4589.245,4592.445,4589.245,4591.665
1787921100000,4591.665,4595.185,4590.095,4593.945
1787921400000,4594.145,4597.055,4591.685,4595.995
1787921700000,4596.115,4602.565,4596.115,4601.335
1787922000000,4601.415,4603.385,4595.965,4599.095
1787922300000,4599.105,4605.355,4598.695,4600.015
1787922600000,4599.985,4600.935,4597.485,4598.745
1787922900000,4598.805,4599.735,4593.485,4598.275
1787923200000,4598.275,4600.995,4595.975,4600.835
1787923500000,4600.695,4604.225,4599.255,4603.695
1787923800000,4603.735,4605.375,4598.545,4604.825
1787924100000,4604.825,4607.095,4600.415,4605.855
1787924400000,4605.715,4607.725,4601.575,4604.635
1787924700000,4604.935,4612.165,4604.685,4609.725
1787925000000,4609.565,4611.955,4606.945,4609.955
1787925300000,4610.095,4627.085,4603.395,4604.275
1787925600000,4602.275,4630.835,4573.655,4576.975
1787925900000,4576.975,4581.425,4548.485,4573.605
1787926200000,4573.495,4573.875,4543.075,4545.605
1787926500000,4545.745,4566.145,4544.695,4553.555
1787926800000,4553.605,4568.305,4547.855,4557.515
1787927100000,4557.495,4559.365,4529.465,4551.715
1787927400000,4551.855,4569.745,4551.515,4569.525
1787927700000,4569.525,4576.875,4564.235,4564.435
1787928000000,4564.665,4568.445,4557.125,4560.975
1787928300000,4561.085,4562.505,4551.685,4552.885
1787928600000,4552.735,4570.915,4550.355,4570.815
1787928900000,4571.175,4580.595,4569.795,4576.665
1787929200000,4576.465,4582.825,4571.705,4579.775
1787929500000,4579.685,4581.555,4571.905,4572.675
1787929800000,4572.705,4573.775,4556.785,4558.915
1787930100000,4559.015,4564.365,4553.765,4555.235
1787930400000,4555.085,4566.055,4551.245,4565.465
1787930700000,4565.465,4569.135,4558.425,4566.315
1787931000000,4566.425,4567.225,4554.695,4557.135
1787931300000,4557.245,4562.415,4546.845,4547.335
1787931600000,4547.475,4548.085,4534.045,4538.935
1787931900000,4538.945,4545.815,4531.705,4535.655
1787932200000,4535.585,4545.415,4534.095,4539.625
1787932500000,4539.625,4540.685,4523.835,4524.135
1787932800000,4524.175,4529.255,4520.135,4520.485
1787933100000,4520.255,4520.295,4508.075,4508.405
1787933400000,4508.175,4515.445,4497.055,4497.825
1787933700000,4497.775,4503.395,4481.155,4481.155
1787934000000,4481.055,4483.335,4463.635,4468.445
1787934300000,4468.315,4481.825,4464.425,4480.695
1787934600000,4480.765,4487.155,4470.745,4473.825
1787934900000,4473.905,4485.965,4473.275,4484.655
1787935200000,4484.705,4486.155,4465.815,4468.745
1787935500000,4468.815,4481.315,4468.815,4481.185
1787935800000,4481.365,4484.815,4479.335,4480.405
1787936100000,4480.635,4482.535,4474.595,4479.025
1787936400000,4479.185,4480.585,4473.095,4475.685
1787936700000,4475.695,4482.575,4474.645,4479.955
1787937000000,4479.855,4480.685,4471.015,4480.505
1787937300000,4480.535,4481.835,4474.325,4480.605
1787937600000,4480.745,4486.565,4479.525,4484.635
1787937900000,4484.725,4485.895,4475.455,4477.555
1787938200000,4477.745,4481.065,4473.085,4478.475
1787938500000,4478.525,4481.435,4470.615,4471.505
1787938800000,4471.335,4474.805,4459.955,4466.975
1787939100000,4467.115,4475.545,4466.295,4473.755
1787939400000,4473.785,4475.335,4471.415,4472.395
1787939700000,4472.355,4472.355,4466.185,4469.145
1787940000000,4469.075,4471.375,4459.825,4460.195
1787940300000,4460.615,4466.465,4459.355,4461.345
1787940600000,4461.365,4464.625,4459.475,4461.015
1787940900000,4461.115,4462.465,4453.135,4458.565
1787941200000,4458.435,4463.125,4452.145,4453.185
1787941500000,4453.505,4462.525,4452.225,4455.915
1787941800000,4455.845,4458.425,4451.765,4456.895
1787942100000,4456.875,4457.165,4451.255,4452.755
1787942400000,4452.755,4454.995,4445.205,4450.995
1787942700000,4450.985,4454.875,4448.115,4453.045
1787943000000,4453.115,4456.635,4451.415,4454.025
1787943300000,4454.095,4458.205,4452.105,4456.665
1787943600000,4456.605,4461.835,4452.435,4457.785
1787943900000,4457.835,4462.485,4456.615,4461.735
1787944200000,4461.705,4462.015,4454.005,4456.825
1787944500000,4456.785,4460.685,4454.995,4460.035
1787944800000,4459.995,4462.015,4457.225,4459.265
1787945100000,4459.835,4463.355,4459.835,4461.795
1787945400000,4461.815,4464.735,4460.735,4462.865
1787945700000,4462.885,4466.775,4461.805,4466.285
1787946000000,4466.135,4466.655,4464.275,4464.765
1787946300000,4464.785,4464.785,4454.815,4457.175
1787946600000,4457.515,4459.545,4452.855,4456.895
1787946900000,4456.945,4461.165,4455.645,4457.965
1787947200000,4458.065,4462.505,4454.995,4460.205
1787947500000,4460.205,4461.395,4459.565,4460.245
1787947800000,4460.265,4461.275,4457.185,4457.615
1787948100000,4457.615,4460.265,4457.535,4458.105
1787948400000,4458.095,4458.095,4453.475,4454.305
1787948700000,4454.375,4458.095,4453.615,4457.845
1787949000000,4457.895,4458.065,4455.325,4455.915
1787949300000,4455.915,4457.245,4455.205,4455.425
1787949600000,4455.495,4456.925,4453.535,4456.805
1787949900000,4456.875,4459.505,4455.455,4458.825
1787950200000,4458.945,4459.675,4453.035,4453.795
1787950500000,4453.795,4456.145,4449.135,4450.065
1788048000000,4436.435,4436.435,4436.435,4436.435
1788048300000,4436.435,4436.435,4436.435,4436.435
1788048600000,4436.435,4436.435,4436.435,4436.435
1788048900000,4436.435,4436.435,4436.435,4436.435
1788049200000,4436.435,4436.435,4436.435,4436.435
1788049500000,4436.435,4436.435,4436.435,4436.435
1788049800000,4436.435,4436.435,4436.435,4436.435
1788050100000,4436.435,4436.435,4436.435,4436.435
1788050400000,4436.435,4436.435,4436.435,4436.435
1788050700000,4436.435,4436.435,4436.435,4436.435
1788051000000,4436.435,4436.435,4436.435,4436.435
1788051300000,4436.435,4436.435,4436.435,4436.435
1788051600000,4436.435,4436.435,4436.435,4436.435
1788051900000,4436.435,4436.435,4436.435,4436.435
1788052200000,4436.435,4436.435,4436.435,4436.435
1788052500000,4436.435,4436.435,4436.435,4436.435
1788052800000,4436.435,4436.435,4436.435,4436.435
1788053100000,4436.435,4436.435,4436.435,4436.435
1788053400000,4436.435,4436.435,4436.435,4436.435
1788053700000,4436.435,4436.435,4436.435,4436.435
1788054000000,4436.435,4436.435,4436.435,4436.435
1788054300000,4436.435,4436.435,4436.435,4436.435
1788054600000,4436.435,4436.435,4436.435,4436.435
1788054900000,4436.435,4436.435,4436.435,4436.435
1788055200000,4436.435,4436.435,4436.435,4436.435
1788055500000,4436.435,4436.435,4436.435,4436.435
1788055800000,4436.435,4436.435,4436.435,4436.435
1788056100000,4436.435,4436.435,4436.435,4436.435
1788056400000,4436.435,4436.435,4436.435,4436.435
1788056700000,4436.435,4436.435,4436.435,4436.435
1788057000000,4436.435,4436.435,4436.435,4436.435
1788057300000,4436.435,4436.435,4436.435,4436.435
1788057600000,4436.435,4436.435,4436.435,4436.435
1788057900000,4436.435,4436.435,4436.435,4436.435
1788058200000,4436.435,4436.435,4436.435,4436.435
1788058500000,4436.435,4436.435,4436.435,4436.435
1788058800000,4436.435,4436.435,4436.435,4436.435
1788059100000,4436.435,4436.435,4436.435,4436.435
1788059400000,4436.435,4436.435,4436.435,4436.435
1788059700000,4436.435,4436.435,4436.435,4436.435
1788060000000,4436.435,4436.435,4436.435,4436.435
1788060300000,4436.435,4436.435,4436.435,4436.435
1788060600000,4436.435,4436.435,4436.435,4436.435
1788060900000,4436.435,4436.435,4436.435,4436.435
1788061200000,4436.435,4436.435,4436.435,4436.435
1788061500000,4436.435,4436.435,4436.435,4436.435
1788061800000,4436.435,4436.435,4436.435,4436.435
1788062100000,4436.435,4436.435,4436.435,4436.435
1788062400000,4436.435,4436.435,4436.435,4436.435
1788062700000,4436.435,4436.435,4436.435,4436.435
1788063000000,4436.435,4436.435,4436.435,4436.435
1788063300000,4436.435,4436.435,4436.435,4436.435
1788063600000,4436.435,4436.435,4436.435,4436.435
1788063900000,4436.435,4436.435,4436.435,4436.435
1788064200000,4436.435,4436.435,4436.435,4436.435
1788064500000,4436.435,4436.435,4436.435,4436.435
1788064800000,4436.435,4436.435,4436.435,4436.435
1788065100000,4436.435,4436.435,4436.435,4436.435
1788065400000,4436.435,4436.435,4436.435,4436.435
1788065700000,4436.435,4436.435,4436.435,4436.435
1788066000000,4436.435,4436.435,4436.435,4436.435
1788066300000,4436.435,4436.435,4436.435,4436.435
1788066600000,4436.435,4436.435,4436.435,4436.435
1788066900000,4436.435,4436.435,4436.435,4436.435
1788067200000,4436.435,4436.435,4436.435,4436.435
1788067500000,4436.435,4436.435,4436.435,4436.435
1788067800000,4436.435,4436.435,4436.435,4436.435
1788068100000,4436.435,4436.435,4436.435,4436.435
1788068400000,4436.435,4436.435,4436.435,4436.435
1788068700000,4436.435,4436.435,4436.435,4436.435
1788069000000,4436.435,4436.435,4436.435,4436.435
1788069300000,4436.435,4436.435,4436.435,4436.435
1788069600000,4436.435,4436.435,4436.435,4436.435
1788069900000,4436.435,4436.435,4436.435,4436.435
1788070200000,4436.435,4436.435,4436.435,4436.435
1788070500000,4436.435,4436.435,4436.435,4436.435
1788070800000,4436.435,4436.435,4436.435,4436.435
1788071100000,4436.435,4436.435,4436.435,4436.435
1788071400000,4436.435,4436.435,4436.435,4436.435
1788071700000,4436.435,4436.435,4436.435,4436.435
1788072000000,4436.435,4436.435,4436.435,4436.435
1788072300000,4436.435,4436.435,4436.435,4436.435
1788072600000,4436.435,4436.435,4436.435,4436.435
1788072900000,4436.435,4436.435,4436.435,4436.435
1788073200000,4436.435,4436.435,4436.435,4436.435
1788073500000,4436.435,4436.435,4436.435,4436.435
1788073800000,4436.435,4436.435,4436.435,4436.435
1788074100000,4436.435,4436.435,4436.435,4436.435
1788074400000,4436.435,4436.435,4436.435,4436.435
1788074700000,4436.435,4436.435,4436.435,4436.435
1788075000000,4436.435,4436.435,4436.435,4436.435
1788075300000,4436.435,4436.435,4436.435,4436.435
1788075600000,4436.435,4436.435,4436.435,4436.435
1788075900000,4436.435,4436.435,4436.435,4436.435
1788076200000,4436.435,4436.435,4436.435,4436.435
1788076500000,4436.435,4436.435,4436.435,4436.435
1788076800000,4436.435,4436.435,4436.435,4436.435
1788077100000,4436.435,4436.435,4436.435,4436.435
1788077400000,4436.435,4436.435,4436.435,4436.435
1788077700000,4436.435,4436.435,4436.435,4436.435
1788078000000,4436.435,4436.435,4436.435,4436.435
1788078300000,4436.435,4436.435,4436.435,4436.435
1788078600000,4436.435,4436.435,4436.435,4436.435
1788078900000,4436.435,4436.435,4436.435,4436.435
1788079200000,4436.435,4436.435,4436.435,4436.435
1788079500000,4436.435,4436.435,4436.435,4436.435
1788079800000,4436.435,4436.435,4436.435,4436.435
1788080100000,4436.435,4436.435,4436.435,4436.435
1788080400000,4436.435,4436.435,4436.435,4436.435
1788080700000,4436.435,4436.435,4436.435,4436.435
1788081000000,4436.435,4436.435,4436.435,4436.435
1788081300000,4436.435,4436.435,4436.435,4436.435
1788081600000,4436.435,4436.435,4436.435,4436.435
1788081900000,4436.435,4436.435,4436.435,4436.435
1788082200000,4436.435,4436.435,4436.435,4436.435
1788082500000,4436.435,4436.435,4436.435,4436.435
1788082800000,4436.435,4436.435,4436.435,4436.435
1788083100000,4436.435,4436.435,4436.435,4436.435
1788083400000,4436.435,4436.435,4436.435,4436.435
1788083700000,4436.435,4436.435,4436.435,4436.435
1788084000000,4436.435,4436.435,4436.435,4436.435
1788084300000,4436.435,4436.435,4436.435,4436.435
1788084600000,4436.435,4436.435,4436.435,4436.435
1788084900000,4436.435,4436.435,4436.435,4436.435
1788085200000,4436.435,4436.435,4436.435,4436.435
1788085500000,4436.435,4436.435,4436.435,4436.435
1788085800000,4436.435,4436.435,4436.435,4436.435
1788086100000,4436.435,4436.435,4436.435,4436.435
1788086400000,4436.435,4436.435,4436.435,4436.435
1788086700000,4436.435,4436.435,4436.435,4436.435
1788087000000,4436.435,4436.435,4436.435,4436.435
1788087300000,4436.435,4436.435,4436.435,4436.435
1788087600000,4436.435,4436.435,4436.435,4436.435
1788087900000,4436.435,4436.435,4436.435,4436.435
1788088200000,4436.435,4436.435,4436.435,4436.435
1788088500000,4436.435,4436.435,4436.435,4436.435
1788088800000,4436.435,4436.435,4436.435,4436.435
1788089100000,4436.435,4436.435,4436.435,4436.435
1788089400000,4436.435,4436.435,4436.435,4436.435
1788089700000,4436.435,4436.435,4436.435,4436.435
1788090000000,4436.435,4436.435,4436.435,4436.435
1788090300000,4436.435,4436.435,4436.435,4436.435
1788090600000,4436.435,4436.435,4436.435,4436.435
1788090900000,4436.435,4436.435,4436.435,4436.435
1788091200000,4436.435,4436.435,4436.435,4436.435
1788091500000,4436.435,4436.435,4436.435,4436.435
1788091800000,4436.435,4436.435,4436.435,4436.435
1788092100000,4436.435,4436.435,4436.435,4436.435
1788092400000,4436.435,4436.435,4436.435,4436.435
1788092700000,4436.435,4436.435,4436.435,4436.435
1788093000000,4436.435,4436.435,4436.435,4436.435
1788093300000,4436.435,4436.435,4436.435,4436.435
1788093600000,4436.435,4436.435,4436.435,4436.435
1788093900000,4436.435,4436.435,4436.435,4436.435
1788094200000,4436.435,4436.435,4436.435,4436.435
1788094500000,4436.435,4436.435,4436.435,4436.435
1788094800000,4436.435,4436.435,4436.435,4436.435
1788095100000,4436.435,4436.435,4436.435,4436.435
1788095400000,4436.435,4436.435,4436.435,4436.435
1788095700000,4436.435,4436.435,4436.435,4436.435
1788096000000,4436.435,4436.435,4436.435,4436.435
1788096300000,4436.435,4436.435,4436.435,4436.435
1788096600000,4436.435,4436.435,4436.435,4436.435
1788096900000,4436.435,4436.435,4436.435,4436.435
1788097200000,4436.435,4436.435,4436.435,4436.435
1788097500000,4436.435,4436.435,4436.435,4436.435
1788097800000,4436.435,4436.435,4436.435,4436.435
1788098100000,4436.435,4436.435,4436.435,4436.435
1788098400000,4436.435,4436.435,4436.435,4436.435
1788098700000,4436.435,4436.435,4436.435,4436.435
1788099000000,4436.435,4436.435,4436.435,4436.435
1788099300000,4436.435,4436.435,4436.435,4436.435
1788099600000,4436.435,4436.435,4436.435,4436.435
1788099900000,4436.435,4436.435,4436.435,4436.435
1788100200000,4436.435,4436.435,4436.435,4436.435
1788100500000,4436.435,4436.435,4436.435,4436.435
1788100800000,4436.435,4436.435,4436.435,4436.435
1788101100000,4436.435,4436.435,4436.435,4436.435
1788101400000,4436.435,4436.435,4436.435,4436.435
1788101700000,4436.435,4436.435,4436.435,4436.435
1788102000000,4436.435,4436.435,4436.435,4436.435
1788102300000,4436.435,4436.435,4436.435,4436.435
1788102600000,4436.435,4436.435,4436.435,4436.435
1788102900000,4436.435,4436.435,4436.435,4436.435
1788103200000,4436.435,4436.435,4436.435,4436.435
1788103500000,4436.435,4436.435,4436.435,4436.435
1788103800000,4436.435,4436.435,4436.435,4436.435
1788104100000,4436.435,4436.435,4436.435,4436.435
1788104400000,4436.435,4436.435,4436.435,4436.435
1788104700000,4436.435,4436.435,4436.435,4436.435
1788105000000,4436.435,4436.435,4436.435,4436.435
1788105300000,4436.435,4436.435,4436.435,4436.435
1788105600000,4436.435,4436.435,4436.435,4436.435
1788105900000,4436.435,4436.435,4436.435,4436.435
1788106200000,4436.435,4436.435,4436.435,4436.435
1788106500000,4436.435,4436.435,4436.435,4436.435
1788106800000,4436.435,4436.435,4436.435,4436.435
1788107100000,4436.435,4436.435,4436.435,4436.435
1788107400000,4436.435,4436.435,4436.435,4436.435
1788107700000,4436.435,4436.435,4436.435,4436.435
1788108000000,4436.435,4436.435,4436.435,4436.435
1788108300000,4436.435,4436.435,4436.435,4436.435
1788108600000,4436.435,4436.435,4436.435,4436.435
1788108900000,4436.435,4436.435,4436.435,4436.435
1788109200000,4436.435,4436.435,4436.435,4436.435
1788109500000,4436.435,4436.435,4436.435,4436.435
1788109800000,4436.435,4436.435,4436.435,4436.435
1788110100000,4436.435,4436.435,4436.435,4436.435
1788110400000,4436.435,4436.435,4436.435,4436.435
1788110700000,4436.435,4436.435,4436.435,4436.435
1788111000000,4436.435,4436.435,4436.435,4436.435
1788111300000,4436.435,4436.435,4436.435,4436.435
1788111600000,4436.435,4436.435,4436.435,4436.435
1788111900000,4436.435,4436.435,4436.435,4436.435
1788112200000,4436.435,4436.435,4436.435,4436.435
1788112500000,4436.435,4436.435,4436.435,4436.435
1788112800000,4436.435,4436.435,4436.435,4436.435
1788113100000,4436.435,4436.435,4436.435,4436.435
1788113400000,4436.435,4436.435,4436.435,4436.435
1788113700000,4436.435,4436.435,4436.435,4436.435
1788114000000,4436.435,4436.435,4436.435,4436.435
1788114300000,4436.435,4436.435,4436.435,4436.435
1788114600000,4436.435,4436.435,4436.435,4436.435
1788114900000,4436.435,4436.435,4436.435,4436.435
1788115200000,4436.435,4436.435,4436.435,4436.435
1788115500000,4436.435,4436.435,4436.435,4436.435
1788115800000,4436.435,4436.435,4436.435,4436.435
1788116100000,4436.435,4436.435,4436.435,4436.435
1788116400000,4436.435,4436.435,4436.435,4436.435
1788116700000,4436.435,4436.435,4436.435,4436.435
1788117000000,4436.435,4436.435,4436.435,4436.435
1788117300000,4436.435,4436.435,4436.435,4436.435
1788117600000,4436.435,4436.435,4436.435,4436.435
1788117900000,4436.435,4436.435,4436.435,4436.435
1788118200000,4436.435,4436.435,4436.435,4436.435
1788118500000,4436.435,4436.435,4436.435,4436.435
1788118800000,4436.435,4436.435,4436.435,4436.435
1788119100000,4436.435,4436.435,4436.435,4436.435
1788119400000,4436.435,4436.435,4436.435,4436.435
1788119700000,4436.435,4436.435,4436.435,4436.435
1788120000000,4436.435,4436.435,4436.435,4436.435
1788120300000,4436.435,4436.435,4436.435,4436.435
1788120600000,4436.435,4436.435,4436.435,4436.435
1788120900000,4436.435,4436.435,4436.435,4436.435
1788121200000,4436.435,4436.435,4436.435,4436.435
1788121500000,4436.435,4436.435,4436.435,4436.435
1788121800000,4436.435,4436.435,4436.435,4436.435
1788122100000,4436.435,4436.435,4436.435,4436.435
1788122400000,4436.435,4436.435,4436.435,4436.435
1788122700000,4436.435,4436.435,4436.435,4436.435
1788123000000,4436.435,4436.435,4436.435,4436.435
1788123300000,4436.435,4436.435,4436.435,4436.435
1788123600000,4436.435,4436.435,4436.435,4436.435
1788123900000,4436.435,4436.435,4436.435,4436.435
1788124200000,4436.435,4436.435,4436.435,4436.435
1788124500000,4436.435,4436.435,4436.435,4436.435
1788124800000,4436.435,4436.435,4436.435,4436.435
1788125100000,4436.435,4436.435,4436.435,4436.435
1788125400000,4436.435,4436.435,4436.435,4436.435
1788125700000,4436.435,4436.435,4436.435,4436.435
1788126000000,4436.435,4436.435,4436.435,4436.435
1788126300000,4436.435,4436.435,4436.435,4436.435
1788126600000,4436.435,4436.435,4436.435,4436.435
1788126900000,4436.435,4436.435,4436.435,4436.435
1788127200000,4431.405,4446.315,4431.405,4445.855
1788127500000,4445.685,4456.245,4445.685,4455.745
1788127800000,4455.545,4459.405,4454.555,4458.615
1788128100000,4458.515,4463.015,4455.635,4462.165
1788128400000,4461.405,4465.935,4460.505,4462.395
1788128700000,4462.225,4465.305,4457.905,4459.355
1788129000000,4459.255,4459.505,4452.485,4452.805
1788129300000,4452.965,4461.215,4452.815,4459.885
1788129600000,4459.855,4462.165,4456.415,4457.495
1788129900000,4457.335,4460.095,4456.495,4459.455
1788130200000,4459.325,4459.675,4457.965,4458.565
1788130500000,4458.435,4461.845,4458.135,4460.845
1788130800000,4460.655,4462.405,4459.145,4461.695
1788131100000,4461.525,4466.215,4461.415,4464.735
1788131400000,4464.635,4465.395,4459.485,4460.245
1788131700000,4460.125,4463.635,4459.635,4462.815
1788132000000,4463.025,4464.895,4458.705,4459.465
1788132300000,4459.535,4459.595,4454.675,4457.385
1788132600000,4457.245,4457.675,4450.925,4454.435
1788132900000,4454.535,4454.535,4449.765,4449.895
1788133200000,4450.025,4451.015,4446.125,4447.105
1788133500000,4446.945,4447.045,4435.395,4438.885
1788133800000,4439.055,4447.805,4439.045,4447.495
1788134100000,4447.745,4460.095,4447.345,4458.155
1788134400000,4458.295,4461.745,4452.995,4458.175
1788134700000,4457.875,4459.505,4454.175,4456.595
1788135000000,4456.495,4463.195,4454.715,4461.705
1788135300000,4461.515,4465.055,4459.025,4459.465
1788135600000,4459.535,4460.695,4456.485,4458.365
1788135900000,4458.365,4458.365,4451.765,4456.715
1788136200000,4456.455,4465.825,4456.455,4462.255
1788136500000,4462.095,4470.315,4462.075,4469.815
1788136800000,4469.875,4471.775,4463.705,4464.955
1788137100000,4464.985,4468.815,4463.665,4465.555
1788137400000,4465.905,4466.385,4462.405,4466.205
1788137700000,4466.205,4467.095,4455.695,4455.885
1788138000000,4456.005,4462.955,4437.535,4462.175
1788138300000,4462.055,4462.845,4438.585,4439.285
1788138600000,4439.295,4444.515,4435.635,4443.395
1788138900000,4443.165,4452.245,4441.935,4452.145
1788139200000,4452.145,4454.165,4444.135,4449.415
1788139500000,4449.635,4449.635,4442.875,4443.635
1788139800000,4443.635,4450.325,4436.185,4440.995
1788140100000,4440.965,4450.485,4439.175,4448.935
1788140400000,4448.825,4453.585,4443.165,4450.555
1788140700000,4450.715,4452.265,4437.075,4437.125
1788141000000,4437.015,4444.365,4435.755,4444.335
1788141300000,4444.175,4446.475,4439.295,4439.705
1788141600000,4439.755,4441.375,4417.465,4426.475
1788141900000,4426.605,4434.025,4424.895,4428.435
1788142200000,4428.475,4432.345,4422.325,4424.045
1788142500000,4424.055,4425.145,4418.125,4421.505
1788142800000,4421.375,4426.815,4420.605,4426.755
1788143100000,4426.805,4427.795,4422.655,4422.945
1788143400000,4422.945,4426.115,4410.535,4410.935
1788143700000,4411.075,4411.905,4405.015,4407.985
1788144000000,4407.835,4407.835,4401.535,4402.815
1788144300000,4402.645,4406.805,4396.145,4401.235
1788144600000,4401.145,4417.135,4399.195,4416.445
1788144900000,4416.315,4422.705,4415.985,4422.485
1788145200000,4422.535,4426.675,4421.425,4422.265
1788145500000,4422.265,4426.355,4421.635,4425.135
1788145800000,4425.105,4428.005,4423.975,4427.765
1788146100000,4427.835,4432.285,4427.395,4427.485
1788146400000,4427.655,4433.655,4427.145,4430.515
1788146700000,4430.605,4431.825,4426.005,4427.285
1788147000000,4427.405,4427.505,4422.985,4423.265
1788147300000,4423.395,4425.045,4419.495,4420.405
1788147600000,4420.505,4423.685,4420.025,4422.525
1788147900000,4422.635,4424.765,4422.315,4423.555
1788148200000,4423.665,4426.905,4423.575,4423.945
1788148500000,4423.935,4424.355,4421.175,4422.495
1788148800000,4422.355,4422.765,4418.305,4418.475
1788149100000,4418.425,4418.755,4416.565,4418.125
1788149400000,4418.255,4422.305,4416.785,4420.925
1788149700000,4420.685,4421.225,4417.725,4418.185
1788150000000,4417.945,4419.135,4415.525,4417.845
1788150300000,4417.845,4420.355,4415.485,4415.585
1788150600000,4415.575,4416.395,4412.615,4416.345
1788150900000,4416.345,4421.655,4415.605,4420.165
1788151200000,4419.905,4420.245,4416.705,4419.935
1788151500000,4420.045,4421.225,4418.705,4418.885
1788151800000,4418.875,4420.875,4418.435,4420.205
1788152100000,4420.305,4424.725,4418.895,4424.225
1788152400000,4424.325,4427.015,4421.965,4423.465
1788152700000,4423.365,4423.805,4418.885,4420.065
1788153000000,4420.065,4425.205,4419.175,4422.595
1788153300000,4422.495,4427.835,4421.755,4427.835
1788153600000,4427.715,4434.295,4427.715,4433.705
1788153900000,4433.725,4440.685,4432.195,4440.165
1788154200000,4440.065,4441.905,4430.335,4433.065
1788154500000,4432.955,4436.685,4431.715,4434.125
1788154800000,4434.015,4439.035,4432.535,4437.245
1788155100000,4437.265,4441.395,4434.935,4435.355
1788155400000,4435.225,4439.275,4434.105,4437.095
1788155700000,4436.985,4443.525,4435.015,4442.535
1788156000000,4442.695,4442.985,4432.535,4433.015
1788156300000,4432.895,4432.965,4429.075,4432.135
1788156600000,4432.025,4435.085,4431.735,4431.925
1788156900000,4431.935,4438.045,4431.055,4437.695
1788157200000,4437.815,4438.645,4434.365,4437.325
1788157500000,4437.435,4437.685,4434.025,4435.565
1788157800000,4435.685,4436.735,4430.945,4433.745
1788158100000,4433.855,4440.705,4433.545,4440.135
1788158400000,4439.995,4440.995,4438.755,4439.265
1788158700000,4439.385,4442.485,4438.845,4441.615
1788159000000,4441.485,4441.595,4436.975,4439.815
1788159300000,4439.705,4439.705,4436.375,4439.025
1788159600000,4438.885,4440.255,4436.725,4439.335
1788159900000,4439.355,4441.615,4436.625,4437.545
1788160200000,4437.425,4439.735,4435.375,4435.845
1788160500000,4435.805,4440.975,4434.885,4438.835
1788160800000,4439.015,4445.495,4438.325,4444.925
1788161100000,4445.085,4448.095,4443.345,4443.745
1788161400000,4443.795,4446.425,4441.045,4444.055
1788161700000,4443.675,4444.715,4441.605,4443.175
1788162000000,4443.175,4446.945,4441.235,4446.295
1788162300000,4446.275,4447.575,4442.985,4444.355
1788162600000,4444.325,4444.415,4441.765,4443.915
1788162900000,4443.895,4444.925,4440.625,4443.045
1788163200000,4442.955,4449.345,4442.635,4448.275
1788163500000,4448.275,4448.535,4441.795,4442.645
1788163800000,4442.535,4442.695,4436.855,4438.605
1788164100000,4438.605,4440.245,4435.585,4439.565
1788164400000,4439.515,4440.005,4437.215,4437.285
1788164700000,4437.675,4441.145,4437.465,4439.935
1788165000000,4439.845,4440.175,4435.375,4435.695
1788165300000,4435.735,4438.145,4435.095,4436.465
1788165600000,4436.465,4437.145,4434.235,4435.255
1788165900000,4435.225,4436.695,4434.185,4436.195
1788166200000,4436.155,4436.735,4433.635,4433.895
1788166500000,4433.925,4436.005,4433.885,4435.375
1788166800000,4435.745,4438.755,4435.355,4438.635
1788167100000,4438.585,4441.185,4436.165,4436.555
1788167400000,4436.415,4442.925,4435.535,4442.715
1788167700000,4442.795,4444.005,4440.525,4440.925
1788168000000,4440.925,4441.205,4438.505,4439.225
1788168300000,4439.305,4439.615,4437.755,4438.925
1788168600000,4438.965,4444.175,4438.785,4444.045
1788168900000,4444.075,4444.535,4441.265,4441.435
1788169200000,4441.395,4443.185,4440.615,4442.795
1788169500000,4442.815,4444.675,4442.325,4442.705
1788169800000,4442.675,4444.265,4440.655,4443.485
1788170100000,4443.485,4445.335,4442.435,4445.335
1788170400000,4445.215,4447.465,4444.625,4447.425
1788170700000,4447.425,4453.465,4446.985,4447.975
1788171000000,4447.985,4451.495,4445.955,4451.415
1788171300000,4451.305,4451.935,4446.155,4447.885
1788171600000,4447.975,4449.555,4447.105,4447.125
1788171900000,4447.205,4448.645,4446.465,4448.145
1788172200000,4448.265,4450.125,4447.375,4448.355
1788172500000,4448.355,4451.025,4447.465,4449.755
1788172800000,4449.765,4451.385,4448.415,4450.655
1788173100000,4450.575,4451.055,4449.135,4450.595
1788173400000,4450.445,4455.265,4450.315,4453.505
1788173700000,4453.405,4455.445,4453.395,4453.665
1788174000000,4453.655,4456.675,4453.345,4455.865
1788174300000,4455.865,4456.955,4452.985,4456.485
1788174600000,4456.505,4457.445,4453.385,4453.545
1788174900000,4453.645,4456.965,4452.425,4456.185
1788175200000,4456.175,4458.255,4455.865,4457.905
1788175500000,4457.905,4463.855,4457.685,4463.095
1788175800000,4462.955,4463.805,4458.285,4458.295
1788176100000,4458.345,4459.635,4454.565,4455.455
1788176400000,4455.595,4459.175,4453.355,4454.445
1788176700000,4454.505,4455.625,4452.635,4452.925
1788177000000,4452.925,4454.495,4452.255,4452.655
1788177300000,4452.785,4456.055,4452.785,4455.095
1788177600000,4455.205,4459.045,4454.695,4458.205
1788177900000,4458.205,4460.795,4450.645,4456.665
1788178200000,4456.765,4459.555,4454.695,4457.205
1788178500000,4457.205,4458.545,4454.685,4456.635
1788178800000,4456.445,4457.305,4450.015,4452.485
1788179100000,4452.555,4454.215,4447.055,4447.445
1788179400000,4447.305,4449.765,4445.345,4446.455
1788179700000,4446.315,4447.295,4441.605,4441.905
1788180000000,4441.905,4442.245,4438.745,4440.305
1788180300000,4440.215,4440.295,4435.605,4437.775
1788180600000,4437.815,4441.625,4436.675,4436.835
1788180900000,4436.835,4439.295,4435.165,4435.525
1788181200000,4435.545,4439.775,4433.615,4437.275
1788181500000,4437.275,4445.575,4436.105,4444.675
1788181800000,4444.675,4446.475,4442.525,4445.805
1788182100000,4445.805,4448.145,4441.125,4442.835
1788182400000,4442.835,4443.675,4439.075,4440.755
1788182700000,4440.695,4447.005,4440.245,4445.805
1788183000000,4445.915,4447.165,4437.585,4438.265
1788183300000,4438.155,4442.905,4435.425,4436.485
1788183600000,4436.465,4437.645,4431.685,4433.505
1788183900000,4433.525,4433.525,4424.495,4425.235
1788184200000,4425.245,4429.015,4418.955,4424.315
1788184500000,4424.315,4424.585,4415.575,4418.245
1788184800000,4418.475,4423.405,4415.925,4420.635
1788185100000,4420.715,4427.775,4419.695,4427.045
1788185400000,4426.835,4427.735,4421.035,4427.315
1788185700000,4427.175,4431.045,4424.695,4427.195
1788186000000,4427.095,4427.095,4416.215,4418.745
1788186300000,4418.835,4423.085,4417.335,4420.035
1788186600000,4419.915,4428.345,4419.095,4424.895
1788186900000,4425.035,4436.275,4424.535,4433.245
1788187200000,4433.355,4435.615,4431.255,4432.705
1788187500000,4432.665,4435.665,4428.115,4428.415
1788187800000,4428.395,4433.415,4425.915,4432.665
1788188100000,4432.585,4436.135,4430.835,4431.495
1788188400000,4431.515,4436.325,4428.265,4428.435
1788188700000,4428.435,4434.085,4427.965,4433.685
1788189000000,4433.625,4437.435,4431.795,4435.025
1788189300000,4435.125,4437.615,4428.825,4432.045
1788189600000,4432.125,4435.435,4429.005,4432.905
1788189900000,4432.845,4434.385,4430.455,4432.785
1788190200000,4432.775,4434.035,4428.535,4430.065
1788190500000,4430.085,4432.205,4427.015,4429.765
1788190800000,4429.735,4431.305,4426.045,4427.255
1788191100000,4427.285,4433.535,4426.795,4431.225
1788191400000,4431.155,4432.535,4426.745,4428.065
1788191700000,4427.755,4428.785,4424.535,4426.035
1788192000000,4426.035,4432.455,4423.575,4430.165
1788192300000,4430.265,4436.065,4429.765,4434.125
1788192600000,4434.175,4437.065,4432.585,4434.655
1788192900000,4434.645,4436.715,4434.255,4434.745
1788193200000,4434.675,4436.335,4433.095,4435.875
1788193500000,4435.845,4438.485,4434.985,4438.255
1788193800000,4438.215,4440.125,4435.145,4436.245
1788194100000,4436.275,4436.275,4430.945,4432.085
1788194400000,4432.075,4437.545,4431.245,4435.635
1788194700000,4435.635,4436.785,4432.255,4433.805
1788195000000,4433.875,4437.435,4433.565,4434.045
1788195300000,4434.045,4434.215,4432.045,4433.225
1788195600000,4433.105,4434.365,4431.095,4432.505
1788195900000,4432.475,4432.905,4430.615,4431.475
1788196200000,4431.475,4435.185,4431.355,4433.725
1788196500000,4433.345,4436.205,4432.675,4435.785
1788196800000,4435.775,4436.975,4432.585,4432.665
1788197100000,4432.705,4434.887,4428.535,4430.365
1788197400000,4430.535,4434.545,4429.685,4432.605
1788197700000,4432.555,4435.315,4432.525,4433.315
1788198000000,4433.235,4436.775,4432.495,4436.445
1788198300000,4436.455,4439.955,4435.635,4438.785
1788198600000,4438.665,4439.875,4437.095,4437.405
1788198900000,4437.455,4437.905,4435.595,4436.415
1788199200000,4436.465,4436.655,4430.355,4432.145
1788199500000,4432.185,4432.685,4431.035,4431.235
1788199800000,4431.235,4433.595,4430.225,4433.575
1788200100000,4433.505,4434.335,4431.475,4431.815
1788200400000,4431.775,4433.065,4431.675,4432.855
1788200700000,4432.855,4433.045,4429.375,4429.635
1788201000000,4429.535,4429.555,4426.135,4427.455
1788201300000,4427.455,4428.635,4426.555,4428.095
1788201600000,4428.115,4430.165,4427.195,4429.105
1788201900000,4429.105,4432.955,4429.025,4432.715
1788202200000,4432.755,4434.575,4432.325,4433.355
1788202500000,4433.365,4433.745,4430.225,4430.725
1788202800000,4430.795,4433.115,4428.925,4430.685
1788203100000,4430.855,4434.555,4430.605,4434.505
1788203400000,4434.665,4435.305,4432.575,4433.565
1788203700000,4433.555,4434.055,4433.115,4433.565
1788204000000,4433.625,4439.545,4432.835,4439.045
1788204300000,4439.195,4442.225,4438.035,4440.335
1788204600000,4440.335,4441.095,4439.375,4440.515
1788204900000,4440.485,4445.205,4439.775,4442.785
1788205200000,4442.785,4443.245,4438.945,4442.805
1788205500000,4442.805,4448.995,4441.355,4448.725
1788205800000,4448.855,4452.655,4447.315,4450.205
1788206100000,4449.975,4453.565,4447.655,4453.305
1788206400000,4453.195,4455.595,4452.445,4452.665
1788206700000,4452.685,4453.185,4451.245,4452.055
1788207000000,4452.095,4452.675,4449.605,4449.895
1788207300000,4449.865,4450.175,4448.525,4448.835
1788207600000,4448.835,4448.835,4446.575,4447.615
1788207900000,4447.615,4448.005,4446.605,4446.945
1788208200000,4446.805,4448.395,4446.295,4447.775
1788208500000,4447.895,4449.085,4447.375,4448.085
1788208800000,4448.085,4448.535,4447.135,4447.965
1788209100000,4447.965,4448.205,4445.205,4445.655
1788209400000,4447.215,4448.115,4444.845,4447.965
1788209700000,4448.205,4448.945,4446.845,4447.385
1788210000000,4447.385,4447.385,4447.385,4447.385
1788210300000,4447.385,4447.385,4447.385,4447.385
1788210600000,4447.385,4447.385,4447.385,4447.385
1788210900000,4447.385,4447.385,4447.385,4447.385
1788211200000,4447.385,4447.385,4447.385,4447.385
1788211500000,4447.385,4447.385,4447.385,4447.385
1788211800000,4447.385,4447.385,4447.385,4447.385
1788212100000,4447.385,4447.385,4447.385,4447.385
1788212400000,4447.385,4447.385,4447.385,4447.385
1788212700000,4447.385,4447.385,4447.385,4447.385
1788213000000,4447.385,4447.385,4447.385,4447.385
1788213300000,4447.385,4447.385,4447.385,4447.385
1788213600000,4449.055,4454.275,4446.965,4454.145
1788213900000,4453.535,4455.475,4451.695,4455.305
1788214200000,4455.415,4455.555,4451.265,4451.475
1788214500000,4451.295,4452.045,4449.695,4449.965
1788214800000,4450.075,4450.075,4447.735,4447.865
1788215100000,4447.975,4450.375,4447.635,4449.555
1788215400000,4449.425,4450.895,4448.525,4449.965
1788215700000,4450.115,4450.115,4447.835,4448.285
1788216000000,4448.145,4448.765,4446.825,4447.825
1788216300000,4447.585,4448.205,4445.515,4446.725
1788216600000,4446.955,4447.305,4445.135,4445.685
1788216900000,4445.645,4447.315,4445.505,4446.435
1788217200000,4446.555,4446.675,4445.405,4445.445
1788217500000,4445.515,4446.215,4445.045,4445.615
1788217800000,4445.575,4446.625,4443.465,4443.805
1788218100000,4443.695,4443.815,4442.705,4442.935
1788218400000,4443.215,4443.325,4441.355,4442.815
1788218700000,4443.075,4444.035,4442.545,4442.895
1788219000000,4443.045,4447.645,4442.695,4445.325
1788219300000,4445.155,4446.275,4444.055,4444.665
1788219600000,4444.415,4446.285,4442.765,4445.265
1788219900000,4445.385,4449.085,4445.195,4446.125
1788220200000,4445.825,4451.565,4445.785,4450.545
1788220500000,4450.545,4452.185,4448.275,4451.865
1788220800000,4452.165,4454.095,4446.115,4453.835
1788221100000,4453.835,4455.885,4450.555,4454.965
1788221400000,4454.965,4457.775,4452.365,4454.935
1788221700000,4455.195,4457.985,4452.275,4457.255
1788222000000,4457.365,4461.275,4457.175,4457.645
1788222300000,4457.395,4460.935,4456.585,4459.975
1788222600000,4459.865,4460.655,4455.945,4457.065
1788222900000,4457.195,4457.195,4452.775,4454.855
1788223200000,4454.955,4456.315,4451.675,4452.895
1788223500000,4452.775,4456.645,4451.885,4455.775
1788223800000,4455.655,4461.015,4455.165,4456.645
1788224100000,4456.565,4457.185,4450.745,4453.265
1788224400000,4453.425,4456.555,4447.655,4449.525
1788224700000,4449.645,4450.395,4446.155,4446.715
1788225000000,4446.785,4449.065,4444.915,4446.285
1788225300000,4446.385,4447.745,4442.835,4443.115
1788225600000,4442.825,4444.415,4438.235,4440.055
1788225900000,4439.865,4440.595,4437.445,4439.745
1788226200000,4439.615,4442.855,4436.085,4442.855
1788226500000,4442.575,4445.635,4440.725,4443.835
1788226800000,4443.655,4445.525,4440.395,4445.305
1788227100000,4445.225,4446.415,4440.305,4440.775
1788227400000,4440.655,4443.295,4439.065,4441.175
1788227700000,4441.335,4444.225,4440.525,4444.155
1788228000000,4443.975,4446.725,4442.355,4446.695
1788228300000,4446.535,4448.425,4441.605,4441.705
1788228600000,4441.815,4448.895,4441.815,4444.595
1788228900000,4444.485,4446.615,4444.415,4446.415
1788229200000,4446.295,4448.365,4441.975,4442.395
1788229500000,4442.395,4442.865,4439.825,4440.385
1788229800000,4440.205,4440.895,4434.955,4437.665
1788230100000,4437.545,4437.545,4431.925,4432.995
1788230400000,4433.115,4436.705,4430.695,4431.265
1788230700000,4431.155,4436.005,4427.385,4434.815
1788231000000,4435.055,4440.205,4434.025,4439.045
1788231300000,4439.145,4442.965,4438.225,4442.835
1788231600000,4442.595,4443.845,4439.365,4440.615
1788231900000,4440.735,4442.215,4439.045,4440.685
1788232200000,4440.485,4441.925,4438.135,4439.685
1788232500000,4439.815,4440.075,4436.185,4436.405
1788232800000,4436.175,4436.755,4431.965,4432.495
1788233100000,4432.285,4436.085,4431.465,4433.665
1788233400000,4433.805,4436.565,4433.045,4436.275
1788233700000,4435.625,4437.615,4432.945,4437.345
1788234000000,4437.455,4438.675,4436.845,4438.295
1788234300000,4438.125,4442.725,4438.115,4441.125
1788234600000,4440.885,4443.125,4440.435,4441.605
1788234900000,4441.785,4441.785,4436.425,4436.585
1788235200000,4436.565,4437.695,4435.365,4436.785
1788235500000,4436.475,4437.205,4431.265,4431.725
1788235800000,4431.285,4432.085,4429.645,4430.765
1788236100000,4430.695,4433.585,4429.285,4430.075
1788236400000,4429.915,4432.275,4429.335,4431.825
1788236700000,4431.515,4433.115,4429.215,4429.445
1788237000000,4429.585,4430.215,4428.065,4429.835
1788237300000,4429.695,4430.505,4428.545,4429.385
1788237600000,4429.235,4429.805,4426.265,4427.715
1788237900000,4427.675,4429.315,4425.235,4426.825
1788238200000,4426.945,4429.605,4425.265,4429.235
1788238500000,4429.135,4429.235,4425.355,4426.365
1788238800000,4426.255,4431.375,4425.745,4430.765
1788239100000,4430.665,4432.505,4429.825,4430.595
1788239400000,4430.945,4431.275,4428.495,4429.165
1788239700000,4429.055,4430.645,4425.115,4425.645
1788240000000,4425.875,4427.925,4425.825,4426.765
1788240300000,4426.755,4428.245,4425.525,4426.555
1788240600000,4426.415,4435.165,4423.495,4434.805
1788240900000,4434.635,4442.495,4432.925,4439.205
1788241200000,4439.175,4443.445,4437.985,4442.285
1788241500000,4442.425,4445.735,4440.715,4444.915
1788241800000,4444.945,4445.085,4440.705,4442.815
1788242100000,4442.835,4445.825,4439.755,4439.825
1788242400000,4439.745,4440.415,4435.035,4436.095
1788242700000,4435.985,4438.495,4435.075,4435.555
1788243000000,4435.475,4436.365,4431.575,4432.675
1788243300000,4432.685,4434.795,4432.295,4433.645
1788243600000,4433.785,4434.445,4430.745,4432.735
1788243900000,4432.605,4433.245,4427.495,4428.855
1788244200000,4428.855,4430.215,4428.075,4429.285
1788244500000,4429.285,4433.875,4429.285,4433.185
1788244800000,4433.185,4435.145,4432.535,4434.755
1788245100000,4434.755,4435.165,4429.115,4429.875
1788245400000,4429.975,4430.125,4427.885,4429.815
1788245700000,4429.965,4430.905,4429.165,4429.375
1788246000000,4429.265,4434.735,4429.175,4433.945
1788246300000,4433.945,4434.135,4429.445,4430.365
1788246600000,4430.245,4433.035,4429.235,4432.905
1788246900000,4432.905,4433.425,4428.445,4429.305
1788247200000,4429.305,4432.455,4426.265,4426.745
1788247500000,4426.715,4429.495,4425.705,4426.015
1788247800000,4425.835,4428.185,4418.775,4425.155
1788248100000,4425.455,4425.625,4413.155,4413.155
1788248400000,4412.895,4421.685,4411.815,4418.045
1788248700000,4418.045,4422.375,4416.675,4422.025
1788249000000,4422.025,4423.085,4418.405,4419.105
1788249300000,4419.105,4422.125,4416.705,4419.825
1788249600000,4419.945,4419.945,4410.105,4411.145
1788249900000,4411.035,4418.585,4392.795,4395.725
1788250200000,4395.835,4406.555,4389.195,4405.385
1788250500000,4405.285,4405.775,4394.625,4395.035
1788250800000,4394.915,4398.125,4383.985,4384.875
1788251100000,4385.005,4387.435,4381.585,4382.785
1788251400000,4382.805,4383.565,4372.495,4374.425
1788251700000,4374.615,4376.985,4369.745,4374.415
1788252000000,4374.485,4380.895,4370.205,4375.505
1788252300000,4375.365,4378.465,4369.085,4376.895
1788252600000,4376.845,4377.865,4372.475,4376.655
1788252900000,4376.655,4378.035,4369.915,4370.625
1788253200000,4370.515,4375.355,4366.145,4374.035
1788253500000,4374.175,4375.055,4367.465,4369.625
1788253800000,4369.625,4375.925,4368.955,4375.845
1788254100000,4375.775,4377.955,4374.505,4376.235
1788254400000,4376.065,4377.695,4374.185,4375.085
1788254700000,4375.025,4375.205,4370.395,4372.675
1788255000000,4372.675,4372.825,4366.415,4370.645
1788255300000,4370.835,4371.035,4365.305,4367.845
1788255600000,4367.945,4371.555,4365.795,4371.465
1788255900000,4371.255,4373.575,4369.435,4369.435
1788256200000,4369.255,4371.585,4368.515,4370.235
1788256500000,4370.445,4373.015,4364.405,4364.435
1788256800000,4364.415,4370.725,4364.005,4368.385
1788257100000,4368.515,4374.445,4367.455,4372.765
1788257400000,4372.895,4381.655,4372.815,4377.985
1788257700000,4378.135,4383.145,4377.895,4380.775
1788258000000,4380.895,4385.225,4380.115,4384.275
1788258300000,4384.275,4385.515,4382.995,4384.815
1788258600000,4384.815,4385.625,4381.455,4383.395
1788258900000,4383.505,4385.495,4382.895,4384.035
1788259200000,4383.935,4385.615,4381.255,4381.255
1788259500000,4381.395,4381.555,4376.765,4378.075
1788259800000,4378.075,4378.605,4374.935,4375.525
1788260100000,4375.665,4379.965,4375.395,4377.885
1788260400000,4378.005,4380.355,4375.735,4380.065
1788260700000,4379.965,4382.545,4376.575,4382.005
1788261000000,4381.905,4383.035,4376.135,4376.905
1788261300000,4376.905,4377.135,4374.695,4375.955
1788261600000,4376.025,4381.315,4375.595,4377.785
1788261900000,4377.565,4381.705,4376.305,4380.335
1788262200000,4380.205,4381.935,4378.065,4380.315
1788262500000,4380.165,4384.015,4378.715,4383.575
1788262800000,4383.575,4384.615,4382.435,4383.805
1788263100000,4383.935,4387.145,4383.315,4384.965
1788263400000,4384.835,4386.565,4378.635,4378.815
1788263700000,4378.775,4378.825,4371.745,4374.225
1788264000000,4374.235,4374.515,4369.545,4371.775
1788264300000,4371.775,4372.785,4369.895,4370.475
1788264600000,4370.615,4372.425,4366.735,4370.755
1788264900000,4370.605,4375.445,4369.675,4370.825
1788265200000,4370.945,4371.645,4365.745,4367.875
1788265500000,4367.725,4375.895,4367.305,4368.255
1788265800000,4368.225,4368.595,4358.955,4359.025
1788266100000,4358.775,4360.635,4351.705,4357.415
1788266400000,4357.335,4364.805,4355.115,4364.665
1788266700000,4364.665,4369.815,4362.805,4364.345
1788267000000,4364.305,4365.185,4361.605,4362.735
1788267300000,4362.815,4362.965,4355.905,4356.025
1788267600000,4355.995,4357.415,4336.865,4339.305
1788267900000,4339.315,4342.985,4329.825,4331.475
1788268200000,4331.585,4335.285,4325.975,4329.285
1788268500000,4329.315,4333.925,4326.185,4333.585
1788268800000,4333.675,4337.165,4331.325,4335.785
1788269100000,4335.605,4344.515,4335.005,4342.995
1788269400000,4342.975,4354.535,4341.155,4352.765
1788269700000,4352.665,4356.485,4346.505,4352.875
1788270000000,4352.975,4361.785,4351.105,4361.195
1788270300000,4361.235,4362.105,4353.885,4360.965
1788270600000,4360.805,4364.735,4356.395,4357.825
1788270900000,4357.825,4367.185,4357.735,4364.645
1788271200000,4364.695,4370.077,4352.815,4353.285
1788271500000,4353.115,4369.265,4353.045,4366.065
1788271800000,4365.965,4370.135,4362.005,4369.975
1788272100000,4369.975,4374.115,4368.675,4371.085
1788272400000,4371.185,4375.355,4370.785,4373.265
1788272700000,4373.265,4374.055,4365.445,4365.445
1788273000000,4365.345,4372.085,4365.325,4372.085
1788273300000,4371.965,4373.045,4365.045,4365.675
1788273600000,4365.605,4367.555,4363.955,4366.795
1788273900000,4366.655,4370.125,4360.235,4361.385
1788274200000,4361.535,4367.905,4358.615,4359.705
1788274500000,4359.785,4360.335,4356.585,4360.115
1788274800000,4360.375,4362.745,4354.935,4357.425
1788275100000,4357.325,4360.335,4356.165,4360.035
1788275400000,4359.885,4362.705,4356.435,4357.065
1788275700000,4357.155,4363.595,4356.085,4363.055
1788276000000,4363.055,4365.285,4361.755,4362.095
1788276300000,4361.915,4365.705,4358.245,4365.585
1788276600000,4365.515,4366.665,4362.535,4362.855
1788276900000,4362.835,4366.475,4361.405,4363.915
1788277200000,4363.955,4370.735,4363.905,4370.525
1788277500000,4370.475,4371.325,4368.395,4370.835
1788277800000,4370.945,4372.965,4369.265,4372.615
1788278100000,4372.525,4373.725,4370.235,4372.595
1788278400000,4372.635,4374.465,4371.185,4371.755
1788278700000,4371.705,4372.985,4367.535,4367.605
1788279000000,4367.625,4368.425,4362.125,4362.145
1788279300000,4362.155,4365.385,4358.355,4358.775
1788279600000,4358.775,4358.775,4355.385,4357.605
1788279900000,4357.605,4358.815,4352.315,4352.585
1788280200000,4352.485,4353.075,4346.995,4348.435
1788280500000,4348.485,4355.425,4346.795,4354.955
1788280800000,4354.925,4357.565,4351.885,4354.795
1788281100000,4354.675,4358.905,4354.515,4357.015
1788281400000,4356.995,4358.325,4353.565,4354.925
1788281700000,4354.905,4356.055,4350.785,4351.175
1788282000000,4351.335,4351.785,4346.705,4346.705
1788282300000,4346.675,4347.695,4344.295,4345.785
1788282600000,4345.945,4347.445,4344.105,4346.155
1788282900000,4346.155,4348.575,4343.835,4346.335
1788283200000,4346.335,4347.965,4344.595,4347.145
1788283500000,4346.965,4349.965,4342.275,4349.875
1788283800000,4349.745,4351.665,4347.095,4347.255
1788284100000,4347.265,4350.485,4345.515,4345.685
1788284400000,4345.885,4346.975,4342.595,4343.745
1788284700000,4343.665,4344.205,4340.725,4342.645
1788285000000,4342.645,4344.435,4340.955,4343.025
1788285300000,4343.145,4343.915,4341.585,4342.775
1788285600000,4342.845,4344.405,4337.965,4338.615
1788285900000,4338.685,4340.025,4336.235,4336.235
1788286200000,4336.225,4337.385,4334.235,4336.155
1788286500000,4336.125,4340.945,4335.355,4340.715
1788286800000,4340.605,4341.655,4339.535,4341.125
1788287100000,4341.045,4341.075,4336.835,4337.295
1788287400000,4337.285,4337.425,4332.825,4333.715
1788287700000,4333.745,4334.105,4328.705,4329.495
1788288000000,4329.535,4330.695,4328.225,4329.425
1788288300000,4329.365,4331.565,4328.045,4331.495
1788288600000,4331.535,4334.145,4329.025,4329.255
1788288900000,4329.355,4333.455,4328.005,4331.545
1788289200000,4331.555,4332.385,4328.935,4331.695
1788289500000,4331.635,4333.815,4329.555,4331.285
1788289800000,4331.285,4337.235,4330.835,4337.135
1788290100000,4337.305,4337.615,4334.375,4335.065
1788290400000,4335.215,4335.595,4333.245,4334.015
1788290700000,4333.865,4335.355,4333.815,4334.385
1788291000000,4334.285,4334.665,4328.335,4329.735
1788291300000,4329.725,4330.455,4322.525,4322.815
1788291600000,4323.105,4327.755,4322.665,4326.215
1788291900000,4326.255,4329.405,4323.355,4327.205
1788292200000,4327.035,4330.225,4326.105,4327.995
1788292500000,4327.825,4329.455,4324.235,4327.065
1788292800000,4327.005,4329.485,4323.525,4327.815
1788293100000,4327.885,4330.545,4327.515,4328.895
1788293400000,4328.795,4329.295,4325.375,4325.395
1788293700000,4325.765,4328.265,4324.595,4327.535
1788294000000,4327.635,4328.395,4326.745,4327.615
1788294300000,4327.635,4328.895,4325.005,4325.925
1788294600000,4325.795,4327.105,4325.765,4325.855
1788294900000,4325.855,4327.775,4324.945,4327.305
1788295200000,4327.425,4330.365,4326.895,4327.435
1788295500000,4327.385,4329.545,4326.565,4328.115
1788295800000,4328.015,4329.105,4327.035,4328.565
1788296100000,4328.665,4329.055,4325.665,4327.425
1788296400000,4327.425,4327.425,4327.425,4327.425
1788296700000,4327.425,4327.425,4327.425,4327.425
1788297000000,4327.425,4327.425,4327.425,4327.425
1788297300000,4327.425,4327.425,4327.425,4327.425
1788297600000,4327.425,4327.425,4327.425,4327.425
1788297900000,4327.425,4327.425,4327.425,4327.425
1788298200000,4327.425,4327.425,4327.425,4327.425
1788298500000,4327.425,4327.425,4327.425,4327.425
1788298800000,4327.425,4327.425,4327.425,4327.425
1788299100000,4327.425,4327.425,4327.425,4327.425
1788299400000,4327.425,4327.425,4327.425,4327.425
1788299700000,4327.425,4327.425,4327.425,4327.425
1788300000000,4327.585,4334.085,4327.585,4330.825
1788300300000,4330.925,4330.925,4328.465,4329.815
1788300600000,4329.515,4330.005,4328.015,4328.855
1788300900000,4329.025,4329.025,4326.975,4327.205
1788301200000,4327.085,4328.505,4327.085,4327.975
1788301500000,4327.695,4328.075,4326.775,4327.565
1788301800000,4327.705,4328.455,4326.305,4327.035
1788302100000,4326.915,4329.365,4326.875,4327.465
1788302400000,4327.235,4328.545,4325.775,4327.885
1788302700000,4327.785,4328.805,4326.975,4328.145
1788303000000,4327.975,4331.075,4327.325,4328.835
1788303300000,4329.035,4330.075,4328.465,4328.705
1788303600000,4328.625,4329.045,4326.405,4328.865
1788303900000,4328.805,4329.975,4327.645,4329.965
1788304200000,4330.435,4332.425,4329.945,4330.325
1788304500000,4330.195,4331.265,4329.095,4329.585
1788304800000,4329.715,4330.575,4326.315,4327.095
1788305100000,4327.225,4330.585,4325.615,4330.585
1788305400000,4330.695,4332.785,4330.355,4332.615
1788305700000,4332.515,4335.655,4331.035,4334.475
1788306000000,4334.565,4335.265,4332.995,4333.415
1788306300000,4333.615,4333.805,4330.805,4331.635
1788306600000,4331.735,4332.295,4328.565,4328.785
1788306900000,4328.605,4328.955,4326.095,4328.465
1788307200000,4324.195,4330.005,4315.445,4329.285
1788307500000,4329.285,4330.115,4318.105,4322.815
1788307800000,4322.645,4327.835,4318.415,4327.665
1788308100000,4327.975,4334.285,4327.165,4327.385
1788308400000,4327.535,4333.395,4323.895,4329.535
1788308700000,4329.515,4330.275,4322.265,4325.605
1788309000000,4325.575,4325.645,4320.165,4322.425
1788309300000,4322.325,4329.675,4321.795,4326.785
1788309600000,4326.485,4331.435,4323.415,4329.805
1788309900000,4329.705,4331.125,4322.755,4323.465
1788310200000,4323.355,4323.355,4314.355,4314.765
1788310500000,4314.645,4319.765,4314.325,4315.405
1788310800000,4315.515,4322.405,4305.615,4311.515
1788311100000,4311.385,4312.415,4304.365,4308.265
1788311400000,4308.495,4320.555,4307.835,4317.225
1788311700000,4316.985,4326.645,4315.615,4320.075
1788312000000,4320.175,4323.065,4317.575,4321.355
1788312300000,4321.375,4324.055,4314.925,4316.865
1788312600000,4316.875,4318.085,4304.755,4309.365
1788312900000,4309.465,4309.935,4304.825,4307.425
1788313200000,4307.355,4310.455,4306.315,4308.665
1788313500000,4308.805,4309.835,4303.715,4305.855
1788313800000,4305.735,4306.095,4290.255,4297.205
1788314100000,4296.995,4299.715,4287.715,4290.485
1788314400000,4290.765,4296.495,4286.925,4295.515
1788314700000,4295.515,4301.825,4291.385,4292.195
1788315000000,4292.325,4296.405,4288.765,4295.895
1788315300000,4296.065,4300.905,4295.695,4300.325
1788315600000,4300.195,4306.355,4299.985,4303.505
1788315900000,4303.295,4305.665,4300.975,4304.275
1788316200000,4304.285,4308.965,4299.135,4307.825
1788316500000,4307.975,4314.655,4306.015,4311.985
1788316800000,4312.095,4313.595,4308.695,4309.145
1788317100000,4309.035,4310.895,4308.665,4310.535
1788317400000,4310.185,4310.545,4305.155,4305.165
1788317700000,4305.265,4306.125,4299.885,4302.715
1788318000000,4302.675,4304.205,4299.065,4301.035
1788318300000,4301.035,4301.035,4296.605,4299.045
1788318600000,4299.165,4301.525,4297.885,4300.605
1788318900000,4300.455,4302.355,4296.315,4297.705
1788319200000,4297.555,4297.865,4289.095,4293.405
1788319500000,4293.515,4298.865,4292.725,4293.485
1788319800000,4293.655,4293.905,4284.325,4284.835
1788320100000,4284.655,4291.625,4282.035,4291.205
1788320400000,4291.205,4291.485,4284.905,4288.515
1788320700000,4288.395,4299.335,4288.205,4298.825
1788321000000,4298.815,4300.785,4296.365,4300.725
1788321300000,4300.855,4303.355,4299.955,4302.915
1788321600000,4303.135,4305.405,4301.955,4303.405
1788321900000,4303.845,4306.475,4303.315,4304.685
1788322200000,4304.875,4306.585,4303.285,4303.935
1788322500000,4304.075,4305.775,4302.635,4302.815
1788322800000,4303.015,4304.545,4301.065,4304.165
1788323100000,4304.165,4304.485,4301.495,4302.645
1788323400000,4302.535,4307.635,4302.285,4305.105
1788323700000,4305.105,4306.335,4303.415,4304.265
1788324000000,4304.455,4305.855,4302.515,4304.385
1788324300000,4304.555,4306.345,4303.375,4305.355
1788324600000,4305.555,4306.815,4304.755,4305.945
1788324900000,4305.665,4307.305,4305.235,4306.845
1788325200000,4307.005,4307.935,4305.305,4306.015
1788325500000,4305.895,4306.315,4303.115,4304.475
1788325800000,4304.285,4309.955,4304.135,4309.855
1788326100000,4310.045,4313.595,4309.735,4310.535
1788326400000,4310.395,4310.685,4306.465,4308.205
1788326700000,4308.595,4313.815,4308.365,4312.835
1788327000000,4312.675,4324.515,4312.675,4324.175
1788327300000,4324.015,4324.355,4317.575,4317.855
1788327600000,4317.865,4323.075,4317.075,4323.075
1788327900000,4323.175,4326.055,4322.155,4325.515
1788328200000,4325.695,4326.485,4319.005,4319.945
1788328500000,4319.765,4322.455,4318.975,4319.735
1788328800000,4319.755,4322.185,4317.425,4317.905
1788329100000,4318.015,4324.145,4317.385,4324.005
1788329400000,4324.165,4329.235,4320.605,4326.215
1788329700000,4326.095,4328.305,4321.585,4325.915
1788330000000,4326.035,4326.705,4320.575,4326.565
1788330300000,4326.445,4327.505,4322.085,4322.575
1788330600000,4322.605,4323.865,4318.185,4319.815
1788330900000,4319.695,4324.315,4316.575,4324.315
1788331200000,4324.415,4326.155,4322.525,4323.875
1788331500000,4324.105,4324.735,4316.175,4316.325
1788331800000,4316.545,4317.025,4314.375,4315.945
1788332100000,4315.835,4321.715,4315.535,4321.535
1788332400000,4321.375,4324.175,4319.055,4321.275
1788332700000,4321.125,4326.925,4319.035,4326.005
1788333000000,4325.985,4330.915,4325.895,4326.595
1788333300000,4326.475,4328.425,4325.245,4327.905
1788333600000,4327.845,4329.155,4324.675,4328.215
1788333900000,4328.325,4328.705,4324.765,4326.635
1788334200000,4326.535,4330.015,4324.975,4327.165
1788334500000,4327.165,4331.175,4326.105,4326.285
1788334800000,4326.525,4327.115,4321.695,4322.415
1788335100000,4322.525,4325.015,4321.585,4322.125
1788335400000,4321.945,4323.145,4320.055,4321.975
1788335700000,4321.805,4323.665,4320.475,4322.905
1788336000000,4323.045,4327.525,4321.725,4327.085
1788336300000,4327.085,4329.925,4322.615,4329.655
1788336600000,4329.805,4331.565,4324.315,4325.245
1788336900000,4325.355,4327.735,4324.475,4325.145
1788337200000,4325.145,4326.955,4323.665,4325.735
1788337500000,4325.945,4326.195,4322.325,4322.755
1788337800000,4322.915,4325.615,4320.475,4321.595
1788338100000,4321.465,4326.745,4319.245,4324.665
1788338400000,4324.665,4326.175,4320.125,4321.705
1788338700000,4321.705,4322.395,4319.525,4321.575
1788339000000,4321.685,4321.915,4312.765,4314.325
1788339300000,4314.155,4317.205,4312.325,4312.705
1788339600000,4312.705,4316.425,4312.025,4315.665
1788339900000,4315.795,4322.225,4315.665,4318.275
1788340200000,4318.245,4318.395,4313.175,4313.595
1788340500000,4313.595,4315.035,4312.965,4314.155
1788340800000,4314.045,4314.385,4308.515,4308.625
1788341100000,4308.625,4309.045,4304.555,4308.795
1788341400000,4308.795,4310.525,4307.095,4309.615
1788341700000,4309.615,4310.815,4307.285,4308.695
1788342000000,4308.905,4311.615,4308.585,4309.875
1788342300000,4309.685,4311.255,4309.425,4310.005
1788342600000,4310.005,4310.815,4307.685,4308.375
1788342900000,4308.375,4310.185,4307.615,4308.395
1788343200000,4308.555,4309.515,4303.845,4303.845
1788343500000,4303.995,4305.525,4301.395,4302.685
1788343800000,4302.785,4308.165,4301.975,4306.695
1788344100000,4306.535,4309.605,4305.775,4308.305
1788344400000,4308.305,4312.155,4308.305,4310.485
1788344700000,4310.485,4312.015,4309.305,4309.805
1788345000000,4310.025,4310.675,4307.335,4308.765
1788345300000,4308.665,4309.485,4306.955,4308.275
1788345600000,4308.275,4309.995,4307.345,4309.195
1788345900000,4309.195,4310.335,4307.855,4310.215
1788346200000,4310.135,4310.135,4304.905,4308.245
1788346500000,4308.075,4309.495,4306.315,4309.155
1788346800000,4309.025,4312.975,4307.325,4312.605
1788347100000,4312.545,4314.675,4307.805,4312.505
1788347400000,4312.625,4324.305,4311.015,4322.405
1788347700000,4322.645,4322.855,4315.265,4318.815
1788348000000,4318.815,4319.795,4315.955,4318.795
1788348300000,4318.795,4322.905,4316.595,4321.585
1788348600000,4321.585,4330.115,4321.435,4329.905
1788348900000,4329.905,4332.765,4328.715,4332.175
1788349200000,4332.015,4332.845,4323.815,4324.355
1788349500000,4324.475,4327.135,4323.155,4325.565
1788349800000,4325.715,4331.055,4323.135,4330.395
1788350100000,4330.185,4332.785,4329.185,4332.105
1788350400000,4332.195,4335.605,4328.735,4334.455
1788350700000,4334.555,4336.165,4330.175,4333.615
1788351000000,4333.745,4334.535,4329.255,4332.645
1788351300000,4332.755,4334.765,4330.215,4331.245
1788351600000,4331.095,4344.125,4329.585,4338.775
1788351900000,4338.775,4342.405,4333.865,4336.165
1788352200000,4336.065,4337.495,4329.435,4329.775
1788352500000,4329.755,4333.525,4327.145,4333.195
1788352800000,4333.095,4334.705,4331.675,4334.135
1788353100000,4334.275,4338.915,4331.415,4338.915
1788353400000,4338.835,4339.035,4332.415,4334.225
1788353700000,4334.335,4334.705,4330.355,4331.135
1788354000000,4331.275,4341.475,4330.495,4338.225
1788354300000,4338.125,4344.135,4337.955,4341.685
1788354600000,4341.795,4344.475,4337.265,4339.245
1788354900000,4339.415,4344.275,4336.395,4342.215
1788355200000,4342.355,4348.155,4341.785,4347.845
1788355500000,4347.735,4358.175,4347.125,4358.165
1788355800000,4358.055,4367.095,4356.745,4364.825
1788356100000,4364.825,4368.415,4362.135,4366.745
1788356400000,4367.055,4379.135,4364.385,4377.925
1788356700000,4378.045,4379.185,4368.085,4368.205
1788357000000,4368.405,4378.025,4367.495,4376.485
1788357300000,4376.315,4385.285,4371.485,4384.945
1788357600000,4384.845,4385.525,4378.605,4384.205
1788357900000,4384.345,4396.495,4383.705,4390.885
1788358200000,4390.655,4397.475,4386.735,4387.575
1788358500000,4387.475,4392.365,4384.535,4391.885
1788358800000,4391.855,4397.055,4386.385,4386.905
1788359100000,4386.975,4390.125,4385.095,4387.255
1788359400000,4387.395,4387.765,4382.535,4386.095
1788359700000,4386.215,4387.565,4381.925,4382.565
1788360000000,4382.395,4385.975,4380.965,4385.175
1788360300000,4385.065,4386.515,4378.475,4380.685
1788360600000,4380.705,4381.795,4375.725,4376.585
1788360900000,4376.685,4378.275,4374.025,4376.735
1788361200000,4376.785,4380.585,4373.805,4377.395
1788361500000,4377.425,4380.465,4373.445,4376.175
1788361800000,4376.165,4378.055,4372.255,4372.595
1788362100000,4372.535,4372.645,4368.505,4369.595
1788362400000,4369.575,4371.475,4365.225,4369.855
1788362700000,4369.955,4372.785,4366.965,4372.405
1788363000000,4372.485,4374.955,4370.745,4371.165
1788363300000,4371.065,4372.555,4367.245,4370.105
1788363600000,4370.045,4371.935,4365.775,4365.985
1788363900000,4365.875,4369.445,4364.205,4367.525
1788364200000,4367.215,4369.615,4367.075,4368.305
1788364500000,4368.405,4373.635,4367.615,4372.895
1788364800000,4372.665,4374.605,4371.175,4372.765
1788365100000,4372.765,4373.215,4368.505,4370.315
1788365400000,4370.315,4373.095,4370.015,4372.305
1788365700000,4372.305,4372.385,4367.645,4369.665
1788366000000,4369.545,4370.855,4368.335,4369.405
1788366300000,4369.195,4370.065,4367.365,4368.325
1788366600000,4368.205,4370.345,4366.885,4367.045
1788366900000,4367.165,4368.705,4365.875,4368.375
1788367200000,4368.205,4368.325,4364.265,4364.765
1788367500000,4364.755,4366.645,4364.165,4365.755
1788367800000,4365.905,4370.395,4364.555,4369.665
1788368100000,4369.535,4370.175,4367.655,4368.115
1788368400000,4368.115,4370.705,4367.495,4370.705
1788368700000,4370.515,4370.945,4368.555,4369.695
1788369000000,4369.595,4370.115,4367.185,4368.605
1788369300000,4368.715,4368.815,4364.365,4365.045
1788369600000,4364.995,4367.235,4364.475,4366.835
1788369900000,4366.915,4369.725,4366.835,4369.695
1788370200000,4369.535,4371.395,4367.815,4367.815
1788370500000,4367.515,4369.315,4366.305,4366.365
1788370800000,4366.335,4377.485,4366.305,4376.235
1788371100000,4376.185,4380.495,4375.195,4375.775
1788371400000,4375.765,4377.195,4375.115,4375.865
1788371700000,4375.825,4378.185,4375.445,4376.785
1788372000000,4376.735,4377.325,4371.965,4374.935
1788372300000,4374.805,4375.575,4372.975,4373.355
1788372600000,4373.315,4373.785,4369.885,4369.995
1788372900000,4369.995,4379.385,4368.985,4377.375
1788373200000,4377.205,4379.465,4371.945,4372.985
1788373500000,4372.945,4373.675,4371.575,4372.905
1788373800000,4372.915,4377.995,4372.555,4376.305
1788374100000,4376.405,4377.905,4375.005,4375.995
1788374400000,4376.045,4376.445,4372.265,4372.695
1788374700000,4372.675,4374.415,4372.375,4373.805
1788375000000,4373.705,4375.645,4373.595,4374.515
1788375300000,4374.465,4375.155,4372.365,4373.965
1788375600000,4373.965,4374.995,4371.595,4374.835
1788375900000,4374.735,4377.155,4374.535,4376.825
1788376200000,4376.895,4380.175,4376.235,4378.965
1788376500000,4378.945,4380.045,4378.075,4379.415
1788376800000,4379.335,4380.685,4378.125,4379.695
1788377100000,4379.675,4382.955,4379.595,4380.845
1788377400000,4381.155,4383.865,4380.875,4383.645
1788377700000,4383.545,4384.025,4381.035,4383.925
1788378000000,4383.925,4388.585,4383.325,4387.815
1788378300000,4387.795,4388.875,4384.675,4386.345
1788378600000,4386.555,4389.585,4385.615,4387.085
1788378900000,4387.055,4391.155,4385.805,4390.805
1788379200000,4390.725,4391.365,4388.335,4390.075
1788379500000,4390.155,4390.695,4387.285,4387.695
1788379800000,4387.695,4388.34,4385.415,4385.755
1788380100000,4385.815,4386.055,4383.675,4384.195
1788380400000,4384.145,4385.535,4383.745,4384.645
1788380700000,4385.145,4387.555,4384.365,4385.465
1788381000000,4386.065,4387.625,4384.805,4387.245
1788381300000,4387.035,4387.525,4386.085,4387.275
1788381600000,4386.645,4389.475,4386.645,4386.955
1788381900000,4387.635,4389.405,4386.955,4388.675
1788382200000,4388.805,4390.475,4388.645,4388.965
1788382500000,4388.865,4389.075,4387.055,4387.055
1788382800000,4387.055,4387.055,4387.055,4387.055
1788383100000,4387.055,4387.055,4387.055,4387.055
1788383400000,4387.055,4387.055,4387.055,4387.055
1788383700000,4387.055,4387.055,4387.055,4387.055
1788384000000,4387.055,4387.055,4387.055,4387.055
1788384300000,4387.055,4387.055,4387.055,4387.055
1788384600000,4387.055,4387.055,4387.055,4387.055
1788384900000,4387.055,4387.055,4387.055,4387.055
1788385200000,4387.055,4387.055,4387.055,4387.055
1788385500000,4387.055,4387.055,4387.055,4387.055
1788385800000,4387.055,4387.055,4387.055,4387.055
1788386100000,4387.055,4387.055,4387.055,4387.055
1788386400000,4386.845,4392.785,4386.845,4390.825
1788386700000,4390.515,4391.365,4389.745,4390.195
1788387000000,4390.065,4391.135,4389.515,4389.705
1788387300000,4389.645,4389.835,4387.395,4388.175
1788387600000,4388.275,4389.435,4387.665,4389.355
1788387900000,4389.095,4390.715,4388.545,4389.595
1788388200000,4389.705,4389.705,4386.955,4387.835
1788388500000,4388.065,4388.235,4386.805,4387.125
1788388800000,4387.255,4387.665,4384.485,4384.955
1788389100000,4384.845,4385.155,4383.045,4383.815
1788389400000,4384.005,4385.105,4383.325,4384.485
1788389700000,4384.585,4384.635,4383.835,4384.025
1788390000000,4384.165,4385.865,4383.615,4385.855
1788390300000,4385.555,4386.135,4384.435,4386.135
1788390600000,4386.055,4386.525,4383.485,4383.645
1788390900000,4383.795,4383.875,4381.995,4382.175
1788391200000,4382.305,4382.955,4381.905,4382.805
1788391500000,4382.685,4382.795,4381.515,4381.885
1788391800000,4381.715,4383.425,4381.225,4382.745
1788392100000,4382.635,4383.345,4380.745,4383.155
1788392400000,4383.005,4385.135,4382.975,4384.915
1788392700000,4385.025,4388.625,4384.165,4386.595
1788393000000,4386.635,4387.355,4384.165,4384.495
1788393300000,4384.505,4386.685,4384.135,4384.635
1788393600000,4385.265,4389.315,4384.355,4389.005
1788393900000,4388.885,4390.735,4384.725,4386.905
1788394200000,4387.085,4392.415,4386.765,4390.065
1788394500000,4389.905,4390.145,4384.925,4386.835
1788394800000,4386.685,4387.815,4385.015,4387.565
1788395100000,4387.705,4389.975,4386.575,4386.965
1788395400000,4386.865,4387.045,4382.205,4382.695
1788395700000,4382.585,4389.465,4382.145,4388.715
1788396000000,4388.905,4389.805,4386.585,4387.445
1788396300000,4387.695,4389.825,4385.395,4389.815
1788396600000,4389.665,4393.865,4389.045,4391.375
1788396900000,4391.595,4397.465,4390.285,4395.175
1788397200000,4395.175,4396.745,4386.865,4395.185
1788397500000,4395.155,4402.895,4392.295,4402.135
1788397800000,4402.345,4408.995,4400.525,4400.955
1788398100000,4400.915,4403.665,4396.345,4398.285
1788398400000,4398.285,4402.805,4394.945,4395.885
1788398700000,4395.525,4402.005,4393.695,4401.495
1788399000000,4401.315,4409.045,4401.095,4408.795
1788399300000,4408.955,4409.125,4404.565,4407.745
1788399600000,4407.365,4407.905,4400.155,4400.575
1788399900000,4400.445,4408.185,4399.805,4407.315
1788400200000,4407.315,4407.615,4404.235,4407.235
1788400500000,4407.415,4412.545,4406.895,4410.055
1788400800000,4410.075,4415.155,4409.305,4410.595
1788401100000,4410.595,4412.655,4408.915,4409.845
1788401400000,4409.845,4413.305,4409.265,4410.855
1788401700000,4411.055,4413.285,4408.855,4409.905
1788402000000,4409.835,4412.345,4406.495,4409.215
1788402300000,4409.425,4411.715,4407.445,4411.455
1788402600000,4411.315,4417.075,4409.225,4415.275
1788402900000,4415.155,4417.935,4413.705,4415.975
1788403200000,4415.865,4416.645,4412.465,4413.405
1788403500000,4413.515,4417.275,4411.225,4417.005
1788403800000,4416.895,4420.125,4415.515,4419.385
1788404100000,4419.505,4420.485,4418.565,4420.095
1788404400000,4420.265,4425.065,4419.105,4424.095
1788404700000,4423.975,4426.035,4423.665,4424.775
1788405000000,4424.895,4429.745,4423.685,4428.685
1788405300000,4428.785,4430.315,4425.275,4426.125
1788405600000,4426.135,4426.985,4424.285,4426.395
1788405900000,4426.385,4431.015,4425.045,4428.855
1788406200000,4429.045,4432.115,4428.905,4431.415
1788406500000,4431.295,4431.845,4428.795,4430.105
1788406800000,4430.075,4430.325,4426.405,4426.405
1788407100000,4426.285,4428.465,4425.055,4426.895
1788407400000,4426.805,4430.565,4425.815,4430.145
1788407700000,4429.955,4432.375,4429.335,4431.335
1788408000000,4431.125,4431.575,4426.665,4427.045
1788408300000,4427.045,4433.725,4425.315,4433.385
1788408600000,4433.385,4435.675,4430.375,4430.875
1788408900000,4430.915,4431.385,4429.705,4430.545
1788409200000,4430.425,4434.075,4430.355,4433.405
1788409500000,4433.525,4436.815,4433.525,4436.585
1788409800000,4436.475,4437.005,4435.225,4436.695
1788410100000,4436.575,4438.625,4435.775,4438.335
1788410400000,4438.165,4438.595,4436.495,4437.885
1788410700000,4437.675,4438.655,4435.405,4435.985
1788411000000,4435.925,4436.145,4434.535,4435.265
1788411300000,4435.265,4437.535,4433.715,4437.145
1788411600000,4437.005,4440.145,4435.755,4435.935
1788411900000,4436.155,4436.175,4430.165,4430.355
1788412200000,4430.385,4432.385,4428.575,4429.225
1788412500000,4429.335,4430.455,4426.645,4428.245
1788412800000,4428.265,4428.265,4422.445,4425.465
1788413100000,4425.415,4427.265,4422.525,4424.915
1788413400000,4425.075,4432.425,4422.415,4430.395
1788413700000,4430.585,4432.275,4425.125,4427.985
1788414000000,4427.935,4432.155,4425.295,4431.885
1788414300000,4432.115,4436.135,4428.065,4435.135
1788414600000,4435.135,4439.215,4432.325,4433.025
1788414900000,4433.095,4436.195,4430.145,4430.955
1788415200000,4430.935,4433.735,4428.295,4430.465
1788415500000,4430.355,4436.135,4429.505,4431.105
1788415800000,4431.045,4431.315,4425.485,4426.825
1788416100000,4426.795,4430.565,4424.895,4425.695
1788416400000,4425.585,4426.865,4418.045,4418.805
1788416700000,4418.945,4423.735,4418.505,4421.285
1788417000000,4421.445,4422.975,4420.035,4422.965
1788417300000,4422.825,4425.505,4422.275,4422.515
1788417600000,4422.385,4425.965,4422.385,4425.355
1788417900000,4425.245,4428.545,4424.865,4425.925
1788418200000,4425.665,4425.665,4422.565,4422.695
1788418500000,4422.585,4423.865,4420.315,4420.455
1788418800000,4420.385,4431.275,4418.665,4431.255
1788419100000,4431.345,4431.485,4423.435,4424.945
1788419400000,4424.935,4425.165,4421.445,4421.905
1788419700000,4422.015,4426.565,4421.405,4425.035
1788420000000,4425.035,4429.925,4424.285,4429.285
1788420300000,4429.355,4429.965,4425.105,4426.315
1788420600000,4426.125,4428.335,4426.125,4427.625
1788420900000,4427.685,4430.405,4423.485,4427.295
1788421200000,4427.295,4430.535,4426.345,4426.545
1788421500000,4426.475,4428.415,4423.945,4426.075
1788421800000,4425.915,4430.795,4424.495,4430.285
1788422100000,4429.955,4429.955,4427.935,4428.535
1788422400000,4428.395,4440.895,4427.725,4436.575
1788422700000,4436.595,4443.465,4434.815,4435.075
1788423000000,4435.105,4435.375,4430.555,4431.145
1788423300000,4431.145,4438.575,4430.465,4437.755
1788423600000,4437.775,4439.315,4434.845,4437.215
1788423900000,4437.085,4438.695,4434.805,4438.125
1788424200000,4438.105,4439.305,4435.605,4438.805
1788424500000,4438.865,4439.465,4433.965,4433.965
1788424800000,4433.925,4435.025,4431.195,4433.895
1788425100000,4434.295,4439.835,4434.235,4438.095
1788425400000,4438.075,4438.095,4433.985,4435.285
1788425700000,4435.165,4437.335,4433.755,4434.775
1788426000000,4434.855,4437.525,4433.885,4437.135
1788426300000,4437.135,4441.825,4434.965,4439.765
1788426600000,4439.575,4439.845,4437.595,4437.805
1788426900000,4437.995,4438.115,4434.305,4434.385
1788427200000,4434.395,4435.115,4431.925,4432.375
1788427500000,4432.365,4435.635,4431.815,4435.005
1788427800000,4434.945,4437.685,4433.335,4436.785
1788428100000,4436.745,4437.745,4430.385,4432.595
1788428400000,4432.665,4434.075,4429.345,4429.725
1788428700000,4429.675,4429.855,4426.875,4428.795
1788429000000,4428.675,4430.295,4426.285,4426.935
1788429300000,4426.805,4429.105,4425.335,4427.295
1788429600000,4427.315,4428.325,4425.215,4427.145
1788429900000,4427.145,4429.785,4424.955,4424.955
1788430200000,4425.085,4425.525,4422.795,4424.275
1788430500000,4424.195,4425.435,4421.645,4421.875
1788430800000,4421.875,4422.855,4418.915,4419.595
1788431100000,4419.685,4423.995,4419.685,4422.375
1788431400000,4422.335,4424.085,4419.805,4422.375
1788431700000,4422.485,4424.795,4421.835,4424.265
1788432000000,4424.265,4426.175,4423.855,4425.355
1788432300000,4425.275,4426.455,4423.885,4424.295
1788432600000,4424.245,4427.905,4423.815,4427.725
1788432900000,4427.655,4428.455,4426.675,4427.075
1788433200000,4426.935,4428.995,4424.715,4426.115
1788433500000,4426.065,4430.925,4425.565,4430.655
1788433800000,4430.655,4432.635,4429.815,4432.445
1788434100000,4432.375,4437.655,4432.155,4433.945
1788434400000,4433.995,4434.435,4430.455,4431.095
1788434700000,4431.255,4435.025,4430.115,4434.105
1788435000000,4434.245,4435.305,4426.335,4434.115
1788435300000,4434.115,4436.745,4434.005,4435.535
1788435600000,4435.475,4439.065,4435.295,4438.495
1788435900000,4438.495,4440.575,4436.415,4438.955
1788436200000,4438.955,4441.605,4437.795,4439.895
1788436500000,4439.895,4445.785,4439.605,4443.965
1788436800000,4443.925,4448.405,4440.835,4448.235
1788437100000,4447.885,4448.925,4444.695,4448.495
1788437400000,4448.485,4449.965,4443.005,4443.625
1788437700000,4443.435,4444.325,4440.475,4441.145
1788438000000,4441.145,4448.955,4437.535,4446.375
1788438300000,4446.255,4448.935,4445.655,4445.995
1788438600000,4445.935,4469.945,4445.935,4466.785
1788438900000,4466.665,4478.505,4459.135,4475.455
1788439200000,4475.455,4477.225,4464.715,4467.635
1788439500000,4467.505,4480.045,4465.365,4479.745
1788439800000,4479.865,4492.045,4479.255,4491.085
1788440100000,4490.835,4495.035,4489.695,4493.405
1788440400000,4493.395,4495.885,4488.015,4489.945
1788440700000,4489.915,4493.705,4485.575,4487.845
1788441000000,4487.825,4490.005,4484.615,4485.555
1788441300000,4485.605,4487.535,4478.955,4479.555
1788441600000,4479.565,4484.415,4478.265,4483.385
1788441900000,4483.265,4483.795,4476.805,4479.615
1788442200000,4479.655,4482.335,4474.085,4477.555
1788442500000,4477.555,4479.845,4472.355,4475.455
1788442800000,4475.595,4475.765,4467.785,4469.895
1788443100000,4469.565,4469.995,4456.355,4458.135
1788443400000,4458.225,4464.645,4457.665,4463.515
1788443700000,4463.625,4470.645,4462.185,4470.065
1788444000000,4466.255,4469.525,4458.285,4465.055
1788444300000,4464.955,4472.675,4461.855,4464.115
1788444600000,4464.075,4469.635,4461.215,4468.885
1788444900000,4469.045,4477.245,4469.005,4476.305
1788445200000,4476.435,4480.715,4471.945,4475.485
1788445500000,4475.605,4477.995,4470.505,4477.405
1788445800000,4477.205,4479.535,4470.075,4470.575
1788446100000,4470.495,4473.975,4468.255,4469.245
1788446400000,4469.275,4474.845,4465.925,4472.535
1788446700000,4472.705,4480.045,4472.695,4474.085
1788447000000,4474.105,4479.255,4473.895,4476.765
1788447300000,4476.675,4485.205,4470.165,4485.155
1788447600000,4485.145,4500.145,4484.015,4497.785
1788447900000,4497.775,4503.805,4496.255,4497.825
1788448200000,4497.745,4504.085,4495.065,4503.665
1788448500000,4503.645,4510.635,4501.485,4509.955
1788448800000,4509.825,4510.595,4503.525,4504.355
1788449100000,4504.485,4507.855,4503.825,4506.205
1788449400000,4506.205,4509.535,4499.745,4502.855
1788449700000,4502.965,4504.695,4495.025,4496.375
1788450000000,4496.455,4498.285,4494.595,4494.805
1788450300000,4494.805,4495.345,4487.205,4488.185
1788450600000,4488.185,4491.825,4487.115,4490.245
1788450900000,4490.245,4493.185,4485.855,4493.015
1788451200000,4493.045,4493.415,4490.065,4490.515
1788451500000,4490.515,4492.915,4487.425,4491.985
1788451800000,4491.995,4495.295,4491.885,4493.795
1788452100000,4493.795,4494.625,4491.095,4493.545
1788452400000,4493.555,4494.045,4490.765,4492.835
1788452700000,4492.765,4494.345,4490.495,4493.265
1788453000000,4493.445,4495.465,4489.185,4490.705
1788453300000,4490.705,4491.725,4489.755,4491.045
1788453600000,4491.035,4491.225,4486.655,4487.755
1788453900000,4487.755,4490.965,4487.005,4488.715
1788454200000,4488.715,4490.125,4485.345,4487.045
1788454500000,4487.005,4488.535,4485.625,4486.115
1788454800000,4486.205,4487.505,4482.985,4487.035
1788455100000,4487.055,4488.685,4485.635,4485.865
1788455400000,4486.005,4488.265,4485.575,4487.785
1788455700000,4487.795,4488.135,4485.045,4487.425
1788456000000,4487.225,4491.235,4486.975,4490.655
1788456300000,4490.605,4493.585,4489.625,4492.695
1788456600000,4492.735,4493.925,4490.705,4491.635
1788456900000,4491.675,4493.935,4491.335,4492.835
1788457200000,4492.875,4493.365,4491.505,4491.705
1788457500000,4491.765,4494.575,4490.715,4491.225
1788457800000,4491.235,4491.305,4488.195,4489.895
1788458100000,4489.825,4490.555,4486.405,4486.405
1788458400000,4486.505,4489.635,4486.395,4489.105
1788458700000,4488.995,4489.025,4484.365,4488.205
1788459000000,4488.545,4489.055,4483.765,4483.775
1788459300000,4483.815,4486.475,4483.765,4486.155
1788459600000,4486.225,4487.935,4481.815,4483.425
1788459900000,4483.305,4484.505,4479.515,4479.565
1788460200000,4479.655,4480.495,4475.715,4479.065
1788460500000,4478.705,4482.735,4478.515,4482.425
1788460800000,4482.425,4482.625,4480.545,4481.235
1788461100000,4481.215,4482.645,4477.585,4478.725
1788461400000,4478.575,4479.035,4475.285,4475.395
1788461700000,4475.295,4476.275,4473.725,4475.075
1788462000000,4474.845,4476.265,4473.765,4474.325
1788462300000,4474.435,4476.115,4473.755,4475.935
1788462600000,4476.055,4476.935,4472.625,4474.285
1788462900000,4474.165,4476.425,4473.775,4476.015
1788463200000,4476.125,4476.145,4473.825,4474.055
1788463500000,4473.945,4475.635,4472.395,4475.555
1788463800000,4475.535,4477.465,4473.765,4473.765
1788464100000,4473.785,4476.045,4473.785,4475.095
1788464400000,4474.995,4478.715,4474.995,4477.335
1788464700000,4477.325,4480.725,4477.315,4479.135
1788465000000,4479.115,4479.195,4476.295,4477.545
1788465300000,4477.485,4478.575,4472.895,4474.815
1788465600000,4474.965,4475.365,4471.535,4472.185
1788465900000,4472.095,4473.755,4471.475,4473.215
1788466200000,4473.125,4473.465,4471.305,4472.035
1788466500000,4471.965,4472.065,4470.175,4471.105
1788466800000,4471.205,4471.485,4470.355,4470.955
1788467100000,4470.945,4472.565,4470.845,4471.885
1788467400000,4471.785,4472.605,4471.375,4472.365
1788467700000,4472.365,4472.845,4470.755,4471.315
1788468000000,4471.205,4472.605,4470.935,4472.165
1788468300000,4471.975,4472.925,4471.455,4472.545
1788468600000,4472.865,4473.825,4472.415,4473.355
1788468900000,4473.245,4473.695,4472.255,4473.275
1788469200000,4473.275,4473.275,4473.275,4473.275
1788469500000,4473.275,4473.275,4473.275,4473.275
1788469800000,4473.275,4473.275,4473.275,4473.275
1788470100000,4473.275,4473.275,4473.275,4473.275
1788470400000,4473.275,4473.275,4473.275,4473.275
1788470700000,4473.275,4473.275,4473.275,4473.275
1788471000000,4473.275,4473.275,4473.275,4473.275
1788471300000,4473.275,4473.275,4473.275,4473.275
1788471600000,4473.275,4473.275,4473.275,4473.275
1788471900000,4473.275,4473.275,4473.275,4473.275
1788472200000,4473.275,4473.275,4473.275,4473.275
1788472500000,4473.275,4473.275,4473.275,4473.275
1788472800000,4472.615,4476.945,4472.565,4476.185
1788473100000,4476.065,4476.835,4474.995,4475.365
1788473400000,4475.495,4478.095,4473.805,4477.655
1788473700000,4477.815,4478.485,4476.045,4476.135
1788474000000,4476.245,4476.625,4474.565,4474.715
1788474300000,4474.605,4475.645,4473.915,4474.875
1788474600000,4474.695,4476.505,4473.975,4474.445
1788474900000,4474.335,4474.815,4472.455,4472.775
1788475200000,4472.575,4476.305,4472.395,4473.705
1788475500000,4473.535,4474.805,4471.095,4474.245
1788475800000,4474.465,4475.715,4471.485,4474.425
1788476100000,4474.545,4475.235,4473.235,4473.235
1788476400000,4473.235,4475.485,4473.195,4475.395
1788476700000,4475.395,4476.505,4471.355,4474.735
1788477000000,4474.815,4475.935,4473.425,4473.915
1788477300000,4473.795,4474.755,4471.235,4473.115
1788477600000,4472.735,4472.915,4471.675,4471.965
1788477900000,4472.115,4474.465,4471.845,4473.495
1788478200000,4473.385,4476.005,4473.245,4474.725
1788478500000,4474.895,4478.085,4474.395,4477.535
1788478800000,4477.415,4478.035,4476.225,4477.085
1788479100000,4476.995,4477.165,4474.585,4474.645
1788479400000,4475.015,4479.305,4474.675,4476.805
1788479700000,4476.845,4479.995,4476.805,4479.805
1788480000000,4479.895,4480.835,4477.885,4480.815
1788480300000,4480.665,4482.715,4479.405,4479.775
1788480600000,4479.645,4482.925,4479.025,4480.615
1788480900000,4480.465,4480.895,4476.045,4476.735
1788481200000,4476.915,4479.545,4475.925,4477.425
1788481500000,4477.165,4477.325,4474.105,4474.195
1788481800000,4474.335,4479.405,4472.415,4479.125
1788482100000,4479.195,4479.305,4475.735,4475.775
1788482400000,4475.875,4481.975,4475.555,4481.865
1788482700000,4482.145,4484.725,4481.065,4481.065
1788483000000,4480.955,4483.955,4480.215,4481.655
1788483300000,4482.185,4486.935,4481.365,4485.955
1788483600000,4486.205,4487.015,4477.735,4477.875
1788483900000,4477.745,4480.015,4474.585,4477.535
1788484200000,4477.575,4482.805,4474.045,4474.615
1788484500000,4474.645,4478.655,4474.035,4475.805
1788484800000,4475.655,4478.635,4474.215,4474.625
1788485100000,4474.585,4475.685,4467.525,4470.645
1788485400000,4470.645,4472.755,4468.785,4469.435
1788485700000,4469.445,4476.505,4467.845,4473.165
1788486000000,4473.115,4476.605,4470.685,4473.665
1788486300000,4473.465,4473.465,4466.855,4468.405
1788486600000,4468.275,4473.505,4467.785,4473.375
1788486900000,4473.235,4480.205,4473.215,4478.515
1788487200000,4478.365,4482.305,4478.045,4480.625
1788487500000,4480.455,4480.775,4477.285,4478.415
1788487800000,4478.315,4480.075,4476.875,4479.095
1788488100000,4479.115,4480.015,4476.735,4478.345
1788488400000,4478.215,4478.225,4473.535,4476.865
1788488700000,4476.755,4477.335,4471.345,4473.465
1788489000000,4473.545,4475.935,4470.745,4470.745
1788489300000,4470.865,4477.145,4470.025,4476.265
1788489600000,4476.365,4477.065,4470.555,4470.565
1788489900000,4470.595,4475.695,4469.895,4475.605
1788490200000,4475.585,4479.155,4475.025,4479.135
1788490500000,4479.155,4480.625,4475.575,4477.245
1788490800000,4477.145,4478.635,4475.295,4475.735
1788491100000,4475.635,4475.775,4471.355,4471.585
1788491400000,4471.405,4473.315,4470.015,4473.145
1788491700000,4473.105,4474.055,4471.355,4472.625
1788492000000,4472.505,4474.505,4471.715,4473.525
1788492300000,4473.415,4474.205,4471.445,4472.165
1788492600000,4472.045,4474.875,4471.835,4474.425
1788492900000,4474.555,4474.785,4472.225,4472.595
1788493200000,4472.545,4472.945,4468.795,4468.975
1788493500000,4468.855,4469.815,4468.665,4469.025
1788493800000,4468.985,4469.785,4467.225,4469.165
1788494100000,4468.985,4469.625,4466.705,4466.785
1788494400000,4466.735,4468.975,4465.145,4468.595
1788494700000,4468.705,4469.565,4466.965,4467.865
1788495000000,4467.815,4469.905,4467.195,4468.945
1788495300000,4469.035,4469.565,4468.095,4469.225
1788495600000,4468.685,4470.175,4468.415,4469.835
1788495900000,4469.865,4472.095,4468.675,4471.365
1788496200000,4471.565,4474.645,4471.385,4471.965
1788496500000,4471.935,4474.735,4471.475,4474.175
1788496800000,4473.915,4474.735,4473.085,4473.425
1788497100000,4473.255,4474.115,4472.395,4473.205
1788497400000,4473.275,4474.545,4473.175,4474.035
1788497700000,4474.125,4474.445,4473.315,4473.425
1788498000000,4473.395,4474.455,4470.555,4470.555
1788498300000,4470.715,4471.915,4468.125,4468.855
1788498600000,4468.895,4469.415,4467.115,4469.225
1788498900000,4469.115,4475.035,4468.425,4473.575
1788499200000,4473.465,4474.015,4469.965,4470.775
1788499500000,4470.605,4471.025,4466.975,4466.995
1788499800000,4467.145,4474.775,4466.305,4472.745
1788500100000,4472.625,4476.795,4468.845,4476.285
1788500400000,4476.375,4477.365,4470.045,4470.725
1788500700000,4470.655,4472.585,4470.235,4470.435
1788501000000,4470.235,4470.345,4467.035,4467.335
1788501300000,4467.345,4472.165,4466.965,4471.935
1788501600000,4471.965,4473.085,4468.795,4470.555
1788501900000,4470.555,4471.805,4467.695,4469.355
1788502200000,4469.305,4471.455,4466.475,4468.665
1788502500000,4468.655,4469.055,4466.975,4468.495
1788502800000,4468.385,4471.385,4466.425,4467.855
1788503100000,4467.675,4471.645,4467.615,4468.525
1788503400000,4468.415,4469.635,4464.325,4464.715
1788503700000,4464.825,4466.415,4462.905,4465.945
1788504000000,4466.105,4468.375,4463.585,4463.905
1788504300000,4463.795,4463.845,4461.105,4461.355
1788504600000,4461.355,4464.105,4460.995,4462.205
1788504900000,4462.175,4463.065,4459.925,4462.555
1788505200000,4462.445,4467.535,4461.045,4466.245
1788505500000,4466.305,4469.035,4464.775,4468.415
1788505800000,4468.485,4471.245,4467.675,4467.675
1788506100000,4467.655,4468.865,4466.465,4468.635
1788506400000,4468.775,4469.725,4466.625,4469.415
1788506700000,4469.365,4472.665,4467.905,4472.425
1788507000000,4472.515,4475.295,4472.455,4474.665
1788507300000,4474.635,4476.205,4473.985,4474.895
1788507600000,4474.805,4486.225,4474.535,4485.445
1788507900000,4485.515,4490.625,4484.395,4487.905
1788508200000,4487.815,4487.845,4482.405,4484.455
1788508500000,4484.455,4486.485,4481.215,4483.235
1788508800000,4483.125,4486.335,4482.975,4483.555
1788509100000,4483.505,4483.745,4480.255,4480.635
1788509400000,4480.765,4483.765,4479.145,4481.865
1788509700000,4481.745,4483.915,4480.975,4482.465
1788510000000,4482.565,4483.865,4479.985,4480.105
1788510300000,4480.005,4482.335,4479.305,4480.895
1788510600000,4480.895,4482.535,4477.945,4480.535
1788510900000,4480.625,4481.465,4477.605,4478.355
1788511200000,4478.305,4478.925,4477.235,4477.335
1788511500000,4477.275,4478.335,4474.535,4474.635
1788511800000,4474.675,4477.195,4474.245,4476.585
1788512100000,4476.605,4479.795,4476.605,4477.555
1788512400000,4477.535,4479.065,4476.295,4478.055
1788512700000,4477.995,4478.065,4473.605,4474.875
1788513000000,4474.875,4474.905,4468.855,4469.905
1788513300000,4469.765,4470.505,4466.615,4466.795
1788513600000,4466.705,4467.285,4463.845,4464.415
1788513900000,4464.415,4466.695,4463.665,4466.695
1788514200000,4466.665,4470.005,4464.315,4466.895
1788514500000,4466.945,4469.485,4466.195,4467.665
1788514800000,4467.735,4468.345,4465.635,4467.095
1788515100000,4467.175,4469.625,4467.175,4468.995
1788515400000,4469.055,4469.395,4466.985,4466.995
1788515700000,4466.995,4469.545,4465.315,4465.375
1788516000000,4465.225,4469.985,4465.225,4469.285
1788516300000,4469.225,4470.685,4468.495,4470.395
1788516600000,4470.445,4473.045,4468.685,4472.625
1788516900000,4472.275,4473.295,4470.885,4471.615
1788517200000,4471.715,4471.745,4467.865,4468.145
1788517500000,4468.295,4473.405,4468.075,4471.065
1788517800000,4471.085,4475.075,4470.665,4473.125
1788518100000,4473.155,4473.365,4469.885,4473.225
1788518400000,4473.375,4473.935,4472.395,4473.345
1788518700000,4473.365,4476.215,4473.315,4474.605
1788519000000,4474.675,4475.715,4473.235,4474.425
1788519300000,4474.305,4474.805,4472.465,4472.545
1788519600000,4472.685,4473.105,4470.255,4471.675
1788519900000,4471.775,4471.965,4469.235,4470.565
1788520200000,4470.635,4471.145,4469.355,4469.995
1788520500000,4470.065,4470.405,4466.105,4466.565
1788520800000,4466.665,4470.515,4466.475,4468.635
1788521100000,4468.435,4468.435,4465.085,4465.365
1788521400000,4465.375,4468.025,4464.975,4465.685
1788521700000,4465.745,4469.285,4465.745,4467.985
1788522000000,4468.005,4470.075,4465.715,4467.915
1788522300000,4467.855,4470.365,4466.995,4467.225
1788522600000,4467.145,4470.315,4466.655,4468.675
1788522900000,4468.715,4469.625,4464.775,4466.885
1788523200000,4466.895,4469.115,4464.635,4468.695
1788523500000,4468.605,4470.155,4466.585,4467.055
1788523800000,4467.215,4468.855,4464.175,4464.495
1788524100000,4464.485,4468.035,4464.245,4467.605
1788524400000,4467.725,4469.995,4464.095,4467.895
1788524700000,4467.685,4475.625,4467.175,4471.755
1788525000000,4470.485,4471.305,4374.145,4394.345
1788525300000,4394.595,4398.685,4382.195,4391.485
1788525600000,4391.375,4406.155,4386.715,4393.525
1788525900000,4393.405,4397.335,4379.835,4396.755
1788526200000,4396.865,4409.645,4395.135,4405.565
1788526500000,4405.465,4408.615,4392.195,4393.435
1788526800000,4393.365,4394.595,4365.305,4379.215
1788527100000,4379.215,4389.785,4375.865,4387.855
1788527400000,4387.935,4393.945,4381.755,4393.805
1788527700000,4393.715,4399.605,4391.005,4398.395
1788528000000,4398.535,4406.875,4396.725,4404.845
1788528300000,4404.625,4414.285,4403.895,4412.255
1788528600000,4412.225,4420.295,4411.725,4413.585
1788528900000,4413.485,4417.475,4404.835,4407.005
1788529200000,4406.825,4423.875,4406.825,4423.565
1788529500000,4423.395,4434.485,4418.105,4429.455
1788529800000,4429.525,4431.085,4420.685,4422.075
1788530100000,4422.215,4426.485,4412.855,4412.955
1788530400000,4413.275,4420.365,4411.795,4420.365
1788530700000,4420.405,4426.975,4415.715,4423.635
1788531000000,4423.365,4434.845,4418.885,4433.755
1788531300000,4433.645,4436.785,4428.655,4432.015
1788531600000,4431.495,4435.265,4426.245,4430.285
1788531900000,4430.405,4436.995,4428.675,4428.875
1788532200000,4428.895,4439.755,4428.875,4439.195
1788532500000,4439.335,4442.035,4428.195,4429.255
1788532800000,4429.105,4432.275,4425.155,4428.505
1788533100000,4428.515,4431.845,4422.405,4427.765
1788533400000,4427.595,4428.605,4417.195,4417.495
1788533700000,4417.645,4429.755,4416.955,4427.375
1788534000000,4427.475,4430.535,4422.395,4429.655
1788534300000,4429.825,4438.985,4429.525,4436.425
1788534600000,4436.425,4443.305,4434.415,4443.105
1788534900000,4443.085,4448.195,4440.795,4447.675
1788535200000,4447.515,4448.545,4439.915,4442.615
1788535500000,4442.505,4445.755,4439.295,4439.535
1788535800000,4439.725,4443.915,4438.085,4439.415
1788536100000,4439.245,4440.805,4436.965,4437.605
1788536400000,4437.665,4446.245,4436.215,4442.545
1788536700000,4442.455,4444.675,4441.425,4443.445
1788537000000,4443.385,4445.695,4438.815,4438.975
1788537300000,4439.025,4440.835,4435.295,4436.455
1788537600000,4436.325,4439.915,4436.015,4439.125
1788537900000,4439.225,4440.125,4433.185,4433.505
1788538200000,4433.385,4439.045,4431.915,4438.485
1788538500000,4438.335,4443.285,4437.125,4441.215
1788538800000,4441.325,4442.135,4435.445,4437.625
1788539100000,4437.525,4438.025,4432.905,4433.855
1788539400000,4433.795,4438.755,4432.945,4437.085
1788539700000,4437.115,4438.105,4435.985,4437.285
1788540000000,4437.385,4439.575,4435.225,4437.885
1788540300000,4438.145,4440.395,4437.085,4439.605
1788540600000,4439.845,4440.175,4435.625,4435.735
1788540900000,4435.485,4437.865,4434.455,4435.975
1788541200000,4436.235,4436.365,4429.855,4431.075
1788541500000,4430.965,4433.715,4430.015,4431.835
1788541800000,4432.025,4434.595,4431.575,4433.575
1788542100000,4433.675,4438.675,4432.575,4438.105
1788542400000,4438.015,4440.405,4430.845,4432.995
1788542700000,4432.865,4433.095,4427.165,4428.395
1788543000000,4428.295,4429.455,4422.725,4423.865
1788543300000,4423.765,4425.095,4421.575,4422.065
1788543600000,4421.875,4422.095,4415.505,4416.965
1788543900000,4416.985,4420.245,4415.245,4419.315
1788544200000,4419.225,4421.475,4418.555,4419.305
1788544500000,4419.375,4419.625,4415.835,4416.615
1788544800000,4416.715,4417.535,4411.955,4412.685
1788545100000,4412.275,4418.105,4412.085,4417.735
1788545400000,4417.765,4419.725,4416.095,4419.625
1788545700000,4419.755,4422.495,4418.705,4419.055
1788546000000,4418.925,4424.455,4418.915,4424.375
1788546300000,4424.505,4426.535,4423.055,4424.635
1788546600000,4424.495,4424.935,4422.765,4424.685
1788546900000,4424.505,4425.095,4421.095,4422.355
1788547200000,4422.495,4425.805,4421.805,4422.655
1788547500000,4422.775,4424.385,4421.685,4423.535
1788547800000,4423.555,4425.235,4423.065,4424.645
1788548100000,4424.755,4425.525,4422.775,4423.735
1788548400000,4423.895,4425.285,4422.275,4423.275
1788548700000,4423.155,4425.41,4422.555,4425.055
1788549000000,4424.935,4429.765,4424.525,4428.795
1788549300000,4428.935,4431.815,4428.125,4428.655
1788549600000,4428.535,4431.105,4426.605,4430.695
1788549900000,4430.805,4435.565,4429.805,4435.315
1788550200000,4435.435,4438.225,4433.855,4437.485
1788550500000,4437.355,4437.665,4434.845,4436.105
1788550800000,4435.985,4437.285,4434.745,4436.685
1788551100000,4436.815,4437.105,4433.345,4435.055
1788551400000,4435.575,4436.135,4433.795,4435.965
1788551700000,4435.855,4436.125,4432.455,4434.625
1788552000000,4434.485,4435.075,4431.945,4432.425
1788552300000,4432.295,4432.645,4430.845,4431.535
1788552600000,4431.665,4432.365,4430.625,4431.405
1788552900000,4431.295,4431.625,4429.855,4430.605
1788553200000,4430.765,4431.195,4429.825,4429.965
1788553500000,4429.815,4430.725,4429.165,4429.655
1788553800000,4429.395,4429.415,4428.575,4429.275
1788554100000,4429.375,4430.695,4429.245,4430.275
1788554400000,4430.245,4430.565,4429.025,4430.315
1788554700000,4430.385,4430.385,4428.295,4428.615
1788555000000,4428.485,4431.395,4428.485,4431.005
1788555300000,4430.855,4431.475,4428.995,4430.455
1788652800000,4422.555,4422.555,4422.555,4422.555
1788653100000,4422.555,4422.555,4422.555,4422.555
1788653400000,4422.555,4422.555,4422.555,4422.555
1788653700000,4422.555,4422.555,4422.555,4422.555
1788654000000,4422.555,4422.555,4422.555,4422.555
1788654300000,4422.555,4422.555,4422.555,4422.555
1788654600000,4422.555,4422.555,4422.555,4422.555
1788654900000,4422.555,4422.555,4422.555,4422.555
1788655200000,4422.555,4422.555,4422.555,4422.555
1788655500000,4422.555,4422.555,4422.555,4422.555
1788655800000,4422.555,4422.555,4422.555,4422.555
1788656100000,4422.555,4422.555,4422.555,4422.555
1788656400000,4422.555,4422.555,4422.555,4422.555
1788656700000,4422.555,4422.555,4422.555,4422.555
1788657000000,4422.555,4422.555,4422.555,4422.555
1788657300000,4422.555,4422.555,4422.555,4422.555
1788657600000,4422.555,4422.555,4422.555,4422.555
1788657900000,4422.555,4422.555,4422.555,4422.555
1788658200000,4422.555,4422.555,4422.555,4422.555
1788658500000,4422.555,4422.555,4422.555,4422.555
1788658800000,4422.555,4422.555,4422.555,4422.555
1788659100000,4422.555,4422.555,4422.555,4422.555
1788659400000,4422.555,4422.555,4422.555,4422.555
1788659700000,4422.555,4422.555,4422.555,4422.555
1788660000000,4422.555,4422.555,4422.555,4422.555
1788660300000,4422.555,4422.555,4422.555,4422.555
1788660600000,4422.555,4422.555,4422.555,4422.555
1788660900000,4422.555,4422.555,4422.555,4422.555
1788661200000,4422.555,4422.555,4422.555,4422.555
1788661500000,4422.555,4422.555,4422.555,4422.555
1788661800000,4422.555,4422.555,4422.555,4422.555
1788662100000,4422.555,4422.555,4422.555,4422.555
1788662400000,4422.555,4422.555,4422.555,4422.555
1788662700000,4422.555,4422.555,4422.555,4422.555
1788663000000,4422.555,4422.555,4422.555,4422.555
1788663300000,4422.555,4422.555,4422.555,4422.555
1788663600000,4422.555,4422.555,4422.555,4422.555
1788663900000,4422.555,4422.555,4422.555,4422.555
1788664200000,4422.555,4422.555,4422.555,4422.555
1788664500000,4422.555,4422.555,4422.555,4422.555
1788664800000,4422.555,4422.555,4422.555,4422.555
1788665100000,4422.555,4422.555,4422.555,4422.555
1788665400000,4422.555,4422.555,4422.555,4422.555
1788665700000,4422.555,4422.555,4422.555,4422.555
1788666000000,4422.555,4422.555,4422.555,4422.555
1788666300000,4422.555,4422.555,4422.555,4422.555
1788666600000,4422.555,4422.555,4422.555,4422.555
1788666900000,4422.555,4422.555,4422.555,4422.555
1788667200000,4422.555,4422.555,4422.555,4422.555
1788667500000,4422.555,4422.555,4422.555,4422.555
1788667800000,4422.555,4422.555,4422.555,4422.555
1788668100000,4422.555,4422.555,4422.555,4422.555
1788668400000,4422.555,4422.555,4422.555,4422.555
1788668700000,4422.555,4422.555,4422.555,4422.555
1788669000000,4422.555,4422.555,4422.555,4422.555
1788669300000,4422.555,4422.555,4422.555,4422.555
1788669600000,4422.555,4422.555,4422.555,4422.555
1788669900000,4422.555,4422.555,4422.555,4422.555
1788670200000,4422.555,4422.555,4422.555,4422.555
1788670500000,4422.555,4422.555,4422.555,4422.555
1788670800000,4422.555,4422.555,4422.555,4422.555
1788671100000,4422.555,4422.555,4422.555,4422.555
1788671400000,4422.555,4422.555,4422.555,4422.555
1788671700000,4422.555,4422.555,4422.555,4422.555
1788672000000,4422.555,4422.555,4422.555,4422.555
1788672300000,4422.555,4422.555,4422.555,4422.555
1788672600000,4422.555,4422.555,4422.555,4422.555
1788672900000,4422.555,4422.555,4422.555,4422.555
1788673200000,4422.555,4422.555,4422.555,4422.555
1788673500000,4422.555,4422.555,4422.555,4422.555
1788673800000,4422.555,4422.555,4422.555,4422.555
1788674100000,4422.555,4422.555,4422.555,4422.555
1788674400000,4422.555,4422.555,4422.555,4422.555
1788674700000,4422.555,4422.555,4422.555,4422.555
1788675000000,4422.555,4422.555,4422.555,4422.555
1788675300000,4422.555,4422.555,4422.555,4422.555
1788675600000,4422.555,4422.555,4422.555,4422.555
1788675900000,4422.555,4422.555,4422.555,4422.555
1788676200000,4422.555,4422.555,4422.555,4422.555
1788676500000,4422.555,4422.555,4422.555,4422.555
1788676800000,4422.555,4422.555,4422.555,4422.555
1788677100000,4422.555,4422.555,4422.555,4422.555
1788677400000,4422.555,4422.555,4422.555,4422.555
1788677700000,4422.555,4422.555,4422.555,4422.555
1788678000000,4422.555,4422.555,4422.555,4422.555
1788678300000,4422.555,4422.555,4422.555,4422.555
1788678600000,4422.555,4422.555,4422.555,4422.555
1788678900000,4422.555,4422.555,4422.555,4422.555
1788679200000,4422.555,4422.555,4422.555,4422.555
1788679500000,4422.555,4422.555,4422.555,4422.555
1788679800000,4422.555,4422.555,4422.555,4422.555
1788680100000,4422.555,4422.555,4422.555,4422.555
1788680400000,4422.555,4422.555,4422.555,4422.555
1788680700000,4422.555,4422.555,4422.555,4422.555
1788681000000,4422.555,4422.555,4422.555,4422.555
1788681300000,4422.555,4422.555,4422.555,4422.555
1788681600000,4422.555,4422.555,4422.555,4422.555
1788681900000,4422.555,4422.555,4422.555,4422.555
1788682200000,4422.555,4422.555,4422.555,4422.555
1788682500000,4422.555,4422.555,4422.555,4422.555
1788682800000,4422.555,4422.555,4422.555,4422.555
1788683100000,4422.555,4422.555,4422.555,4422.555
1788683400000,4422.555,4422.555,4422.555,4422.555
1788683700000,4422.555,4422.555,4422.555,4422.555
1788684000000,4422.555,4422.555,4422.555,4422.555
1788684300000,4422.555,4422.555,4422.555,4422.555
1788684600000,4422.555,4422.555,4422.555,4422.555
1788684900000,4422.555,4422.555,4422.555,4422.555
1788685200000,4422.555,4422.555,4422.555,4422.555
1788685500000,4422.555,4422.555,4422.555,4422.555
1788685800000,4422.555,4422.555,4422.555,4422.555
1788686100000,4422.555,4422.555,4422.555,4422.555
1788686400000,4422.555,4422.555,4422.555,4422.555
1788686700000,4422.555,4422.555,4422.555,4422.555
1788687000000,4422.555,4422.555,4422.555,4422.555
1788687300000,4422.555,4422.555,4422.555,4422.555
1788687600000,4422.555,4422.555,4422.555,4422.555
1788687900000,4422.555,4422.555,4422.555,4422.555
1788688200000,4422.555,4422.555,4422.555,4422.555
1788688500000,4422.555,4422.555,4422.555,4422.555
1788688800000,4422.555,4422.555,4422.555,4422.555
1788689100000,4422.555,4422.555,4422.555,4422.555
1788689400000,4422.555,4422.555,4422.555,4422.555
1788689700000,4422.555,4422.555,4422.555,4422.555
1788690000000,4422.555,4422.555,4422.555,4422.555
1788690300000,4422.555,4422.555,4422.555,4422.555
1788690600000,4422.555,4422.555,4422.555,4422.555
1788690900000,4422.555,4422.555,4422.555,4422.555
1788691200000,4422.555,4422.555,4422.555,4422.555
1788691500000,4422.555,4422.555,4422.555,4422.555
1788691800000,4422.555,4422.555,4422.555,4422.555
1788692100000,4422.555,4422.555,4422.555,4422.555
1788692400000,4422.555,4422.555,4422.555,4422.555
1788692700000,4422.555,4422.555,4422.555,4422.555
1788693000000,4422.555,4422.555,4422.555,4422.555
1788693300000,4422.555,4422.555,4422.555,4422.555
1788693600000,4422.555,4422.555,4422.555,4422.555
1788693900000,4422.555,4422.555,4422.555,4422.555
1788694200000,4422.555,4422.555,4422.555,4422.555
1788694500000,4422.555,4422.555,4422.555,4422.555
1788694800000,4422.555,4422.555,4422.555,4422.555
1788695100000,4422.555,4422.555,4422.555,4422.555
1788695400000,4422.555,4422.555,4422.555,4422.555
1788695700000,4422.555,4422.555,4422.555,4422.555
1788696000000,4422.555,4422.555,4422.555,4422.555
1788696300000,4422.555,4422.555,4422.555,4422.555
1788696600000,4422.555,4422.555,4422.555,4422.555
1788696900000,4422.555,4422.555,4422.555,4422.555
1788697200000,4422.555,4422.555,4422.555,4422.555
1788697500000,4422.555,4422.555,4422.555,4422.555
1788697800000,4422.555,4422.555,4422.555,4422.555
1788698100000,4422.555,4422.555,4422.555,4422.555
1788698400000,4422.555,4422.555,4422.555,4422.555
1788698700000,4422.555,4422.555,4422.555,4422.555
1788699000000,4422.555,4422.555,4422.555,4422.555
1788699300000,4422.555,4422.555,4422.555,4422.555
1788699600000,4422.555,4422.555,4422.555,4422.555
1788699900000,4422.555,4422.555,4422.555,4422.555
1788700200000,4422.555,4422.555,4422.555,4422.555
1788700500000,4422.555,4422.555,4422.555,4422.555
1788700800000,4422.555,4422.555,4422.555,4422.555
1788701100000,4422.555,4422.555,4422.555,4422.555
1788701400000,4422.555,4422.555,4422.555,4422.555
1788701700000,4422.555,4422.555,4422.555,4422.555
1788702000000,4422.555,4422.555,4422.555,4422.555
1788702300000,4422.555,4422.555,4422.555,4422.555
1788702600000,4422.555,4422.555,4422.555,4422.555
1788702900000,4422.555,4422.555,4422.555,4422.555
1788703200000,4422.555,4422.555,4422.555,4422.555
1788703500000,4422.555,4422.555,4422.555,4422.555
1788703800000,4422.555,4422.555,4422.555,4422.555
1788704100000,4422.555,4422.555,4422.555,4422.555
1788704400000,4422.555,4422.555,4422.555,4422.555
1788704700000,4422.555,4422.555,4422.555,4422.555
1788705000000,4422.555,4422.555,4422.555,4422.555
1788705300000,4422.555,4422.555,4422.555,4422.555
1788705600000,4422.555,4422.555,4422.555,4422.555
1788705900000,4422.555,4422.555,4422.555,4422.555
1788706200000,4422.555,4422.555,4422.555,4422.555
1788706500000,4422.555,4422.555,4422.555,4422.555
1788706800000,4422.555,4422.555,4422.555,4422.555
1788707100000,4422.555,4422.555,4422.555,4422.555
1788707400000,4422.555,4422.555,4422.555,4422.555
1788707700000,4422.555,4422.555,4422.555,4422.555
1788708000000,4422.555,4422.555,4422.555,4422.555
1788708300000,4422.555,4422.555,4422.555,4422.555
1788708600000,4422.555,4422.555,4422.555,4422.555
1788708900000,4422.555,4422.555,4422.555,4422.555
1788709200000,4422.555,4422.555,4422.555,4422.555
1788709500000,4422.555,4422.555,4422.555,4422.555
1788709800000,4422.555,4422.555,4422.555,4422.555
1788710100000,4422.555,4422.555,4422.555,4422.555
1788710400000,4422.555,4422.555,4422.555,4422.555
1788710700000,4422.555,4422.555,4422.555,4422.555
1788711000000,4422.555,4422.555,4422.555,4422.555
1788711300000,4422.555,4422.555,4422.555,4422.555
1788711600000,4422.555,4422.555,4422.555,4422.555
1788711900000,4422.555,4422.555,4422.555,4422.555
1788712200000,4422.555,4422.555,4422.555,4422.555
1788712500000,4422.555,4422.555,4422.555,4422.555
1788712800000,4422.555,4422.555,4422.555,4422.555
1788713100000,4422.555,4422.555,4422.555,4422.555
1788713400000,4422.555,4422.555,4422.555,4422.555
1788713700000,4422.555,4422.555,4422.555,4422.555
1788714000000,4422.555,4422.555,4422.555,4422.555
1788714300000,4422.555,4422.555,4422.555,4422.555
1788714600000,4422.555,4422.555,4422.555,4422.555
1788714900000,4422.555,4422.555,4422.555,4422.555
1788715200000,4422.555,4422.555,4422.555,4422.555
1788715500000,4422.555,4422.555,4422.555,4422.555
1788715800000,4422.555,4422.555,4422.555,4422.555
1788716100000,4422.555,4422.555,4422.555,4422.555
1788716400000,4422.555,4422.555,4422.555,4422.555
1788716700000,4422.555,4422.555,4422.555,4422.555
1788717000000,4422.555,4422.555,4422.555,4422.555
1788717300000,4422.555,4422.555,4422.555,4422.555
1788717600000,4422.555,4422.555,4422.555,4422.555
1788717900000,4422.555,4422.555,4422.555,4422.555
1788718200000,4422.555,4422.555,4422.555,4422.555
1788718500000,4422.555,4422.555,4422.555,4422.555
1788718800000,4422.555,4422.555,4422.555,4422.555
1788719100000,4422.555,4422.555,4422.555,4422.555
1788719400000,4422.555,4422.555,4422.555,4422.555
1788719700000,4422.555,4422.555,4422.555,4422.555
1788720000000,4422.555,4422.555,4422.555,4422.555
1788720300000,4422.555,4422.555,4422.555,4422.555
1788720600000,4422.555,4422.555,4422.555,4422.555
1788720900000,4422.555,4422.555,4422.555,4422.555
1788721200000,4422.555,4422.555,4422.555,4422.555
1788721500000,4422.555,4422.555,4422.555,4422.555
1788721800000,4422.555,4422.555,4422.555,4422.555
1788722100000,4422.555,4422.555,4422.555,4422.555
1788722400000,4422.555,4422.555,4422.555,4422.555
1788722700000,4422.555,4422.555,4422.555,4422.555
1788723000000,4422.555,4422.555,4422.555,4422.555
1788723300000,4422.555,4422.555,4422.555,4422.555
1788723600000,4422.555,4422.555,4422.555,4422.555
1788723900000,4422.555,4422.555,4422.555,4422.555
1788724200000,4422.555,4422.555,4422.555,4422.555
1788724500000,4422.555,4422.555,4422.555,4422.555
1788724800000,4422.555,4422.555,4422.555,4422.555
1788725100000,4422.555,4422.555,4422.555,4422.555
1788725400000,4422.555,4422.555,4422.555,4422.555
1788725700000,4422.555,4422.555,4422.555,4422.555
1788726000000,4422.555,4422.555,4422.555,4422.555
1788726300000,4422.555,4422.555,4422.555,4422.555
1788726600000,4422.555,4422.555,4422.555,4422.555
1788726900000,4422.555,4422.555,4422.555,4422.555
1788727200000,4422.555,4422.555,4422.555,4422.555
1788727500000,4422.555,4422.555,4422.555,4422.555
1788727800000,4422.555,4422.555,4422.555,4422.555
1788728100000,4422.555,4422.555,4422.555,4422.555
1788728400000,4422.555,4422.555,4422.555,4422.555
1788728700000,4422.555,4422.555,4422.555,4422.555
1788729000000,4422.555,4422.555,4422.555,4422.555
1788729300000,4422.555,4422.555,4422.555,4422.555
1788729600000,4422.555,4422.555,4422.555,4422.555
1788729900000,4422.555,4422.555,4422.555,4422.555
1788730200000,4422.555,4422.555,4422.555,4422.555
1788730500000,4422.555,4422.555,4422.555,4422.555
1788730800000,4422.555,4422.555,4422.555,4422.555
1788731100000,4422.555,4422.555,4422.555,4422.555
1788731400000,4422.555,4422.555,4422.555,4422.555
1788731700000,4422.555,4422.555,4422.555,4422.555
1788732000000,4425.865,4427.785,4417.125,4421.915
1788732300000,4421.805,4425.105,4421.695,4424.265
1788732600000,4424.145,4428.845,4423.465,4428.765
1788732900000,4428.525,4429.825,4427.465,4427.765
1788733200000,4427.565,4429.565,4427.115,4428.225
1788733500000,4428.075,4429.765,4426.465,4428.435
1788733800000,4428.255,4430.545,4427.675,4427.915
1788734100000,4428.065,4429.515,4427.195,4429.205
1788734400000,4429.325,4431.005,4429.135,4430.275
1788734700000,4430.485,4434.925,4430.275,4433.705
1788735000000,4433.875,4434.195,4431.005,4432.145
1788735300000,4432.215,4432.845,4428.035,4428.195
1788735600000,4428.095,4429.915,4427.995,4428.785
1788735900000,4428.765,4429.985,4428.765,4428.995
1788736200000,4429.175,4430.265,4429.025,4429.615
1788736500000,4429.755,4429.755,4428.115,4428.255
1788736800000,4428.455,4428.945,4424.805,4424.995
1788737100000,4424.975,4427.035,4424.915,4426.575
1788737400000,4426.405,4428.185,4424.795,4427.555
1788737700000,4427.705,4430.185,4426.475,4427.495
1788738000000,4427.395,4428.885,4424.855,4428.625
1788738300000,4428.725,4433.835,4426.595,4426.885
1788738600000,4426.735,4427.475,4422.215,4423.925
1788738900000,4424.155,4424.665,4420.855,4422.675
1788739200000,4422.915,4426.305,4421.775,4422.965
1788739500000,4422.985,4425.175,4420.645,4421.575
1788739800000,4421.375,4427.195,4420.715,4424.595
1788740100000,4424.705,4428.415,4423.455,4425.435
1788740400000,4425.855,4427.175,4424.185,4425.735
1788740700000,4425.465,4426.605,4421.975,4422.085
1788741000000,4421.985,4422.435,4418.205,4418.815
1788741300000,4418.605,4423.515,4418.125,4422.095
1788741600000,4421.815,4424.985,4420.775,4423.525
1788741900000,4423.665,4429.225,4423.665,4426.855
1788742200000,4426.865,4427.005,4420.925,4422.265
1788742500000,4422.375,4422.375,4409.465,4412.155
1788742800000,4412.225,4415.745,4406.765,4411.775
1788743100000,4411.955,4413.005,4401.135,4402.635
1788743400000,4402.795,4406.805,4395.225,4399.455
1788743700000,4399.565,4400.005,4390.775,4393.565
1788744000000,4393.445,4396.205,4389.315,4395.745
1788744300000,4395.845,4403.395,4393.425,4403.065
1788744600000,4403.235,4411.025,4402.685,4408.315
1788744900000,4408.505,4413.005,4406.485,4412.215
1788745200000,4412.105,4412.885,4408.165,4410.085
1788745500000,4409.825,4413.205,4408.595,4409.045
1788745800000,4409.155,4416.485,4408.835,4413.435
1788746100000,4413.435,4414.625,4408.825,4409.135
1788746400000,4409.075,4410.385,4404.935,4407.085
1788746700000,4407.025,4407.245,4402.565,4404.565
1788747000000,4404.265,4405.885,4402.805,4403.605
1788747300000,4403.335,4406.595,4403.045,4406.525
1788747600000,4406.375,4408.905,4406.115,4408.895
1788747900000,4408.905,4409.085,4406.865,4407.385
1788748200000,4408.355,4414.355,4406.565,4414.175
1788748500000,4414.175,4418.115,4412.515,4417.755
1788748800000,4417.685,4418.185,4413.395,4414.685
1788749100000,4414.475,4418.785,4413.295,4416.915
1788749400000,4417.035,4417.225,4413.245,4413.555
1788749700000,4413.645,4414.115,4407.005,4408.505
1788750000000,4408.615,4410.245,4406.935,4409.875
1788750300000,4409.815,4409.835,4405.185,4406.095
1788750600000,4405.975,4408.355,4405.275,4407.565
1788750900000,4407.415,4408.415,4404.345,4406.715
1788751200000,4406.575,4409.955,4405.905,4408.825
1788751500000,4408.935,4409.475,4407.735,4408.505
1788751800000,4408.585,4408.765,4406.105,4407.975
1788752100000,4407.975,4408.595,4404.645,4405.185
1788752400000,4405.345,4405.715,4401.445,4401.625
1788752700000,4401.445,4404.775,4401.405,4403.015
1788753000000,4402.985,4403.395,4401.005,4401.915
1788753300000,4402.035,4404.045,4401.365,4403.825
1788753600000,4403.735,4404.935,4401.195,4401.345
1788753900000,4401.505,4404.925,4401.055,4404.655
1788754200000,4404.645,4406.995,4404.575,4406.375
1788754500000,4406.535,4406.535,4402.445,4402.785
1788754800000,4402.665,4402.945,4400.285,4400.545
1788755100000,4400.665,4402.135,4399.895,4401.935
1788755400000,4402.035,4402.445,4396.895,4397.725
1788755700000,4397.685,4398.145,4394.125,4394.755
1788756000000,4394.805,4397.075,4394.545,4396.405
1788756300000,4396.275,4397.515,4395.205,4396.285
1788756600000,4396.095,4397.655,4395.295,4395.785
1788756900000,4395.695,4398.735,4395.335,4397.795
1788757200000,4397.685,4402.045,4397.225,4401.745
1788757500000,4401.775,4404.055,4399.985,4400.745
1788757800000,4400.645,4402.395,4398.015,4402.295
1788758100000,4402.395,4405.395,4401.545,4404.595
1788758400000,4404.595,4405.095,4402.035,4404.685
1788758700000,4404.685,4411.395,4404.095,4410.785
1788759000000,4410.885,4413.025,4404.665,4408.115
1788759300000,4408.015,4410.405,4404.605,4405.245
1788759600000,4405.145,4405.145,4401.185,4404.035
1788759900000,4404.015,4406.405,4401.925,4402.915
1788760200000,4402.765,4402.765,4395.035,4395.955
1788760500000,4396.065,4397.795,4392.925,4393.695
1788760800000,4393.765,4394.415,4384.935,4387.445
1788761100000,4387.375,4390.215,4385.105,4389.305
1788761400000,4388.845,4393.615,4387.245,4391.785
1788761700000,4391.755,4395.755,4391.595,4395.005
1788762000000,4394.885,4397.755,4389.765,4397.195
1788762300000,4397.085,4397.935,4393.465,4394.265
1788762600000,4394.405,4397.965,4393.575,4397.725
1788762900000,4397.615,4398.425,4393.655,4396.825
1788763200000,4396.945,4399.635,4395.985,4395.985
1788763500000,4396.135,4398.975,4395.875,4396.465
1788763800000,4396.615,4397.765,4394.365,4394.735
1788764100000,4394.945,4395.635,4391.155,4392.435
1788764400000,4392.575,4401.085,4391.625,4399.955
1788764700000,4400.115,4401.635,4397.765,4400.185
1788765000000,4400.185,4401.345,4395.485,4401.345
1788765300000,4401.365,4402.105,4396.885,4397.385
1788765600000,4397.595,4400.665,4395.705,4397.995
1788765900000,4398.025,4399.765,4394.385,4394.975
1788766200000,4395.025,4397.075,4393.335,4395.515
1788766500000,4395.375,4398.895,4394.745,4394.805
1788766800000,4395.165,4396.625,4392.115,4395.835
1788767100000,4395.805,4399.395,4394.785,4399.085
1788767400000,4399.145,4402.165,4397.565,4401.035
1788767700000,4400.895,4406.505,4400.445,4406.135
1788768000000,4406.185,4416.585,4405.045,4412.205
1788768300000,4412.355,4414.445,4409.605,4413.755
1788768600000,4413.775,4417.605,4412.205,4416.955
1788768900000,4416.995,4423.405,4416.915,4421.615
1788769200000,4421.755,4422.925,4417.785,4417.785
1788769500000,4417.755,4420.215,4416.175,4419.605
1788769800000,4419.625,4423.755,4418.215,4421.045
1788770100000,4420.875,4421.715,4415.205,4415.205
1788770400000,4415.225,4416.275,4413.305,4414.545
1788770700000,4414.545,4414.965,4413.045,4414.145
1788771000000,4413.895,4413.895,4410.325,4411.365
1788771300000,4411.325,4411.515,4409.505,4410.775
1788771600000,4410.775,4413.735,4410.775,4412.115
1788771900000,4412.065,4412.675,4411.065,4412.515
1788772200000,4412.495,4413.285,4410.585,4410.935
1788772500000,4410.905,4411.685,4406.595,4407.935
1788772800000,4407.935,4408.965,4407.465,4408.445
1788773100000,4408.415,4409.415,4405.285,4405.415
1788773400000,4405.565,4406.345,4403.355,4405.685
1788773700000,4405.735,4408.775,4404.335,4408.555
1788774000000,4408.585,4409.995,4408.345,4409.535
1788774300000,4409.535,4410.235,4408.835,4409.615
1788774600000,4409.715,4410.085,4406.905,4408.195
1788774900000,4408.295,4408.295,4404.555,4405.565
1788775200000,4405.525,4406.075,4404.385,4404.545
1788775500000,4404.515,4405.475,4402.525,4404.685
1788775800000,4404.685,4404.685,4402.215,4403.005
1788776100000,4402.845,4404.285,4402.365,4404.075
1788776400000,4404.005,4404.405,4397.745,4398.065
1788776700000,4397.985,4398.785,4395.575,4395.765
1788777000000,4395.615,4396.905,4393.455,4394.345
1788777300000,4394.245,4394.375,4391.675,4393.455
1788777600000,4393.285,4399.105,4393.285,4398.365
1788777900000,4398.455,4398.615,4394.015,4394.535
1788778200000,4394.085,4396.165,4391.575,4391.625
1788778500000,4391.755,4392.575,4387.905,4391.515
1788778800000,4391.265,4392.365,4388.815,4390.825
1788779100000,4390.925,4393.655,4390.465,4391.015
1788779400000,4391.125,4394.205,4390.035,4393.495
1788779700000,4393.445,4393.935,4391.675,4392.245
1788780000000,4392.315,4394.735,4388.565,4389.715
1788780300000,4389.655,4390.675,4387.405,4389.375
1788780600000,4389.205,4389.665,4380.935,4382.275
1788780900000,4382.285,4388.995,4381.825,4388.395
1788781200000,4388.415,4388.465,4386.045,4386.505
1788781500000,4386.555,4391.915,4385.725,4390.785
1788781800000,4390.815,4391.615,4386.135,4387.035
1788782100000,4387.055,4387.935,4384.805,4384.985
1788782400000,4385.075,4389.085,4385.075,4386.145
1788782700000,4386.175,4391.315,4386.175,4390.415
1788783000000,4390.385,4392.795,4389.805,4390.625
1788783300000,4390.615,4392.685,4390.515,4391.995
1788783600000,4391.955,4393.705,4390.215,4393.495
1788783900000,4393.535,4395.265,4392.995,4395.265
1788784200000,4395.265,4396.925,4393.975,4394.415
1788784500000,4394.455,4395.605,4392.495,4395.095
1788784800000,4395.125,4397.435,4395.125,4396.835
1788785100000,4396.805,4397.485,4395.785,4396.785
1788785400000,4396.795,4397.885,4394.145,4394.505
1788785700000,4394.585,4396.895,4394.095,4396.565
1788786000000,4396.655,4400.265,4395.175,4400.265
1788786300000,4400.225,4402.455,4399.085,4402.305
1788786600000,4402.325,4404.465,4400.845,4403.955
1788786900000,4403.845,4403.925,4401.245,4401.815
1788787200000,4401.865,4404.575,4401.835,4403.355
1788787500000,4403.485,4404.855,4402.525,4403.635
1788787800000,4403.645,4407.365,4403.045,4405.985
1788788100000,4405.995,4406.475,4402.275,4403.005
1788788400000,4402.925,4403.725,4401.505,4403.205
1788788700000,4403.245,4407.655,4403.175,4403.395
1788789000000,4403.445,4404.565,4402.275,4404.165
1788789300000,4404.205,4404.415,4400.995,4402.455
1788789600000,4402.425,4407.755,4400.725,4406.065
1788789900000,4406.095,4408.495,4405.495,4407.805
1788790200000,4407.695,4408.695,4406.565,4406.915
1788790500000,4406.975,4408.965,4406.615,4407.585
1788790800000,4407.625,4407.785,4404.815,4405.725
1788791100000,4405.775,4408.695,4405.645,4406.815
1788791400000,4406.775,4407.355,4405.305,4405.735
1788791700000,4405.735,4407.655,4404.425,4405.485
1788792000000,4405.605,4412.025,4405.135,4411.805
1788792300000,4411.745,4419.185,4410.645,4413.765
1788792600000,4413.815,4419.485,4411.975,4416.735
1788792900000,4416.895,4417.245,4415.375,4415.835
1788793200000,4415.865,4416.505,4411.875,4412.795
1788793500000,4412.885,4413.185,4408.985,4412.795
1788793800000,4412.765,4414.725,4411.225,4414.715
1788794100000,4414.645,4414.825,4413.165,4414.305
1788794400000,4414.275,4414.975,4412.975,4414.035
1788794700000,4414.125,4414.355,4411.035,4412.695
1788795000000,4412.725,4413.465,4410.925,4412.735
1788795300000,4412.815,4413.795,4410.645,4410.755
1788795600000,4410.765,4411.595,4408.605,4411.585
1788795900000,4411.605,4412.795,4411.055,4412.015
1788796200000,4412.265,4413.135,4411.755,4413.065
1788796500000,4412.845,4414.835,4412.135,4414.275
1788796800000,4414.305,4414.725,4412.575,4413.755
1788797100000,4413.825,4415.575,4413.545,4415.505
1788797400000,4415.485,4417.065,4415.095,4415.115
1788797700000,4415.245,4415.665,4412.385,4413.125
1788798000000,4413.145,4413.835,4412.885,4413.105
1788798300000,4413.125,4414.145,4412.895,4413.385
1788798600000,4413.445,4413.775,4412.355,4412.445
1788798900000,4412.575,4413.275,4411.555,4412.055
1788799200000,4412.095,4413.965,4411.935,4413.905
1788799500000,4413.895,4414.275,4412.735,4413.255
1788799800000,4413.225,4414.245,4412.775,4413.095
1788800100000,4413.035,4414.205,4412.825,4414.205
1788800400000,4414.305,4414.755,4413.275,4413.475
1788800700000,4413.455,4414.355,4412.305,4412.785
1788801000000,4412.695,4412.705,4411.735,4411.885
1788801300000,4411.935,4413.545,4411.935,4413.135
1788801600000,4413.105,4413.105,4411.815,4412.225
1788801900000,4412.485,4412.565,4411.635,4412.045
1788802200000,4412.145,4412.335,4409.575,4409.835
1788802500000,4409.625,4410.545,4409.625,4410.005
1788802800000,4409.845,4410.675,4409.755,4410.675
1788803100000,4410.395,4410.625,4409.335,4410.215
1788803400000,4410.285,4410.595,4408.395,4409.015
1788803700000,4408.865,4408.985,4406.595,4406.755
1788804000000,4406.695,4408.285,4405.295,4406.525
1788804300000,4406.385,4408.785,4406.285,4407.725
1788804600000,4407.715,4408.655,4404.015,4404.075
1788804900000,4404.065,4404.435,4402.665,4403.945
1788805200000,4403.605,4404.745,4402.945,4403.855
1788805500000,4404.095,4404.915,4401.405,4404.775
1788805800000,4404.775,4404.775,4404.775,4404.775
1788806100000,4404.775,4404.775,4404.775,4404.775
1788806400000,4404.775,4404.775,4404.775,4404.775
1788806700000,4404.775,4404.775,4404.775,4404.775
1788807000000,4404.775,4404.775,4404.775,4404.775
1788807300000,4404.775,4404.775,4404.775,4404.775
1788807600000,4404.775,4404.775,4404.775,4404.775
1788807900000,4404.775,4404.775,4404.775,4404.775
1788808200000,4404.775,4404.775,4404.775,4404.775
1788808500000,4404.775,4404.775,4404.775,4404.775
1788808800000,4404.775,4404.775,4404.775,4404.775
1788809100000,4404.775,4404.775,4404.775,4404.775
1788809400000,4404.775,4404.775,4404.775,4404.775
1788809700000,4404.775,4404.775,4404.775,4404.775
1788810000000,4404.775,4404.775,4404.775,4404.775
1788810300000,4404.775,4404.775,4404.775,4404.775
1788810600000,4404.775,4404.775,4404.775,4404.775
1788810900000,4404.775,4404.775,4404.775,4404.775
1788811200000,4404.775,4404.775,4404.775,4404.775
1788811500000,4404.775,4404.775,4404.775,4404.775
1788811800000,4404.775,4404.775,4404.775,4404.775
1788812100000,4404.775,4404.775,4404.775,4404.775
1788812400000,4404.775,4404.775,4404.775,4404.775
1788812700000,4404.775,4404.775,4404.775,4404.775
1788813000000,4404.775,4404.775,4404.775,4404.775
1788813300000,4404.775,4404.775,4404.775,4404.775
1788813600000,4404.775,4404.775,4404.775,4404.775
1788813900000,4404.775,4404.775,4404.775,4404.775
1788814200000,4404.775,4404.775,4404.775,4404.775
1788814500000,4404.775,4404.775,4404.775,4404.775
1788814800000,4404.775,4404.775,4404.775,4404.775
1788815100000,4404.775,4404.775,4404.775,4404.775
1788815400000,4404.775,4404.775,4404.775,4404.775
1788815700000,4404.775,4404.775,4404.775,4404.775
1788816000000,4404.775,4404.775,4404.775,4404.775
1788816300000,4404.775,4404.775,4404.775,4404.775
1788816600000,4404.775,4404.775,4404.775,4404.775
1788816900000,4404.775,4404.775,4404.775,4404.775
1788817200000,4404.775,4404.775,4404.775,4404.775
1788817500000,4404.775,4404.775,4404.775,4404.775
1788817800000,4404.775,4404.775,4404.775,4404.775
1788818100000,4404.775,4404.775,4404.775,4404.775
1788818400000,4407.265,4413.505,4407.265,4411.695
1788818700000,4411.875,4412.415,4410.715,4411.425
1788819000000,4411.525,4412.395,4411.175,4412.185
1788819300000,4412.305,4412.965,4411.675,4412.705
1788819600000,4412.865,4412.885,4410.625,4411.045
1788819900000,4411.155,4411.155,4408.945,4409.285
1788820200000,4409.095,4409.285,4408.175,4408.655
1788820500000,4408.575,4409.725,4408.035,4408.645
1788820800000,4408.365,4409.345,4407.235,4407.885
1788821100000,4407.985,4408.385,4405.605,4406.255
1788821400000,4406.105,4407.385,4406.105,4407.275
1788821700000,4407.165,4407.785,4405.795,4406.095
1788822000000,4405.685,4410.575,4405.685,4410.575
1788822300000,4410.685,4410.975,4409.095,4409.095
1788822600000,4410.285,4411.185,4409.775,4410.805
1788822900000,4410.585,4411.295,4408.355,4410.075
1788823200000,4409.935,4412.475,4409.265,4409.805
1788823500000,4409.755,4412.485,4409.015,4410.435
1788823800000,4410.575,4417.595,4410.565,4417.345
1788824100000,4417.795,4422.575,4417.045,4419.905
1788824400000,4419.775,4427.715,4418.725,4427.005
1788824700000,4427.045,4427.645,4422.785,4426.345
1788825000000,4426.175,4426.725,4420.915,4421.095
1788825300000,4420.955,4423.735,4419.815,4421.455
